
o part_0
v -0.00245758 -0.00552296 -0.01102870
v -0.00250103 -0.00575465 -0.01096608
v -0.00056455 -0.00124611 -0.01142633
v -0.00287869 -0.00221983 -0.01143885
v -0.00305285 -0.00210398 -0.01142320
v -0.00278320 -0.00212903 -0.01145138
v -0.00258478 -0.00226366 -0.01143885
v -0.00273389 -0.00223861 -0.01144824
v -0.00699469 0.00007827 -0.01050897
v -0.00516232 -0.00397315 -0.01095043
v -0.00527973 -0.00377277 -0.01095356
v -0.00514588 -0.00375712 -0.01100365
v -0.00502534 -0.00382287 -0.01102244
v -0.00508717 -0.00356613 -0.01105375
v -0.00519402 -0.00360057 -0.01101931
v -0.00490675 -0.00366319 -0.01107566
v -0.00473260 -0.00368824 -0.01109445
v -0.00446999 -0.00344715 -0.01115707
v -0.00515018 -0.00339706 -0.01106001
v -0.00528716 -0.00400759 -0.01089720
v -0.00548676 -0.00364127 -0.01089407
v -0.00539674 -0.00336575 -0.01097861
v -0.00539322 -0.00314032 -0.01100678
v -0.00524294 -0.00340958 -0.01103183
v 0.00000215 -0.00917362 -0.00987652
v 0.00009960 -0.00925816 -0.00981703
v -0.00617869 -0.00216347 -0.01077509
v -0.00635403 -0.00216347 -0.01070308
v -0.00479756 -0.00309336 -0.01114768
v -0.00489854 -0.00329374 -0.01111637
v -0.00503395 -0.00322173 -0.01109758
v -0.00131793 -0.00811850 -0.01043695
v -0.00116490 -0.00816860 -0.01041504
v -0.00663072 -0.00187856 -0.01060289
v -0.00358354 -0.01439602 -0.00453202
v -0.00367160 -0.01424573 -0.00477623
v -0.00346574 -0.01435844 -0.00473553
v -0.00334755 -0.01435218 -0.00485138
v -0.00358041 -0.01420816 -0.00494530
v -0.00378706 -0.01408918 -0.00498914
v -0.00385633 -0.01415493 -0.00477936
v -0.00376475 -0.01429269 -0.00456646
v -0.00422930 -0.01398273 -0.00472927
v -0.00424221 -0.01381366 -0.00507367
v -0.00443046 -0.01376357 -0.00495783
v -0.00441598 -0.01389194 -0.00470735
v -0.00448721 -0.01363833 -0.00514255
v -0.00471694 -0.01354440 -0.00505489
v -0.00467428 -0.01350683 -0.00517073
v -0.00441402 -0.01360389 -0.00528657
v -0.00361681 -0.01452438 -0.00418762
v -0.00380232 -0.01380740 -0.00548382
v -0.00383676 -0.01371973 -0.00558088
v -0.00467507 -0.01272723 -0.00631665
v -0.00508052 -0.01258321 -0.00621646
v -0.00512201 -0.01247362 -0.00631352
v -0.00502221 -0.01244231 -0.00642310
v -0.00513727 -0.01236717 -0.00641371
v -0.00521906 -0.01242979 -0.00626656
v -0.00448330 -0.01259260 -0.00662661
v -0.00460071 -0.01248928 -0.00667045
v -0.00473964 -0.01233899 -0.00674559
v -0.00486488 -0.01226072 -0.00674559
v -0.00480461 -0.01218871 -0.00685517
v -0.00493102 -0.01212609 -0.00683325
v -0.00599319 -0.01229829 -0.00558088
v -0.00633759 -0.01194137 -0.00564663
v -0.00682719 -0.01124630 -0.00595346
v -0.00694695 -0.01114298 -0.00594720
v -0.00705927 -0.01114298 -0.00579379
v -0.00642839 -0.01178169 -0.00574682
v -0.00667769 -0.01226072 -0.00484198
v -0.00682680 -0.01219810 -0.00471361
v -0.00708079 -0.01204156 -0.00455707
v -0.00718959 -0.01203529 -0.00439113
v -0.00704400 -0.01222002 -0.00435982
v -0.00690742 -0.01226385 -0.00450697
v -0.00685067 -0.01241101 -0.00435982
v -0.00666399 -0.01325009 -0.00278183
v -0.00682758 -0.01314991 -0.00267851
v -0.00728939 -0.01262078 -0.00300413
v -0.00733440 -0.01262704 -0.00285697
v -0.00722990 -0.01271157 -0.00291959
v -0.00715280 -0.01294326 -0.00242491
v -0.00696691 -0.01313425 -0.00237481
v -0.00706083 -0.01310294 -0.00219948
v -0.00693599 -0.01320939 -0.00219948
v -0.00668904 -0.01334715 -0.00242177
v -0.00679079 -0.01323444 -0.00253136
v -0.00655480 -0.01340351 -0.00259711
v -0.00632820 -0.01351935 -0.00276305
v -0.00628945 -0.01359450 -0.00260650
v -0.00642252 -0.01354127 -0.00245308
v -0.00614621 -0.01360076 -0.00289141
v -0.00585151 -0.01374791 -0.00304170
v -0.00569066 -0.01389194 -0.00293212
v -0.00590943 -0.01376357 -0.00290081
v -0.00582686 -0.01385123 -0.00280688
v -0.00577989 -0.01396708 -0.00255327
v -0.00655832 -0.01366651 -0.00154824
v -0.00648435 -0.01372913 -0.00151694
v -0.00640569 -0.01378861 -0.00142301
v -0.00654032 -0.01368529 -0.00142927
v -0.00722482 -0.01304972 -0.00177367
v -0.00731953 -0.01296205 -0.00169227
v -0.00771324 -0.01252372 -0.00167348
v -0.00755396 -0.01268653 -0.00183316
v -0.00781304 -0.01238596 -0.00182064
v -0.00772107 -0.01246423 -0.00203980
v -0.00785570 -0.01230769 -0.00197405
v -0.00793593 -0.01216679 -0.00215251
v -0.00774338 -0.01236404 -0.00229967
v -0.00764123 -0.01252998 -0.00213373
v -0.00753791 -0.01268340 -0.00196466
v -0.00739232 -0.01283681 -0.00195840
v -0.00740954 -0.01285873 -0.00176115
v -0.00730505 -0.01295579 -0.00185194
v -0.00793867 -0.01185683 -0.00325147
v -0.00785492 -0.01192571 -0.00335792
v -0.00793319 -0.01182865 -0.00336731
v -0.00786940 -0.01185370 -0.00348003
v -0.00776373 -0.01196641 -0.00348316
v -0.00764984 -0.01207600 -0.00348942
v -0.00766354 -0.01200398 -0.00360527
v -0.00787409 -0.01169402 -0.00374616
v -0.00753634 -0.01150930 -0.00458525
v -0.00743968 -0.01133710 -0.00498601
v -0.00732618 -0.01126822 -0.00524900
v -0.00741385 -0.01116803 -0.00524900
v -0.00749486 -0.01104279 -0.00528031
v -0.00755004 -0.01107723 -0.00514881
v -0.00737901 -0.01044478 -0.00613819
v -0.00693168 -0.01102400 -0.00609122
v -0.00706592 -0.01100209 -0.00596599
v -0.00718568 -0.01096765 -0.00584075
v -0.00727843 -0.01096452 -0.00570612
v -0.00687454 -0.01110854 -0.00606618
v -0.00751717 -0.01121499 -0.00502045
v -0.00793593 -0.01224194 -0.00171105
v -0.00797507 -0.01216992 -0.00188639
v -0.00802829 -0.01207600 -0.00205232
v -0.00811087 -0.01196641 -0.00207111
v -0.00818132 -0.01189753 -0.00191143
v -0.00806860 -0.01187249 -0.00264720
v -0.00804786 -0.01149677 -0.00373990
v -0.00797976 -0.01149677 -0.00387766
v -0.00872297 -0.01046983 -0.00395280
v -0.00877776 -0.01037277 -0.00399037
v -0.00354715 -0.01450560 -0.00431912
v -0.00377336 -0.01437410 -0.00436295
v -0.00347044 -0.01458387 -0.00421267
v -0.00335186 -0.01465275 -0.00413439
v -0.00539166 -0.01425825 -0.00245621
v -0.00540888 -0.01430522 -0.00228401
v -0.00533687 -0.01437410 -0.00219009
v -0.00523589 -0.01443672 -0.00216191
v -0.00568127 -0.01428017 -0.00146058
v -0.00568205 -0.01427704 -0.00136665
v -0.00502690 -0.01449934 -0.00239673
v -0.00504334 -0.01446176 -0.00250318
v -0.00517327 -0.01440541 -0.00244369
v -0.00515175 -0.01444924 -0.00234350
v -0.00528364 -0.01437723 -0.00231219
v -0.00387042 -0.01483748 -0.00302604
v -0.00668317 -0.01263330 -0.00425337
v -0.00651801 -0.01276793 -0.00427842
v -0.00659472 -0.01279924 -0.00411874
v -0.00644169 -0.01290882 -0.00415944
v -0.00646204 -0.01292448 -0.00407804
v -0.00631802 -0.01301841 -0.00412500
v -0.00633250 -0.01293387 -0.00427215
v -0.00619944 -0.01304345 -0.00426589
v -0.00616695 -0.01312486 -0.00412187
v -0.00605346 -0.01314677 -0.00425650
v -0.00670234 -0.01273349 -0.00406551
v -0.00668669 -0.01231708 -0.00474492
v -0.00839030 -0.01015674 -0.00493904
v -0.00810539 -0.01177856 -0.00281940
v -0.00511731 -0.01271471 -0.00598477
v -0.00509852 -0.01265522 -0.00610062
v -0.00517797 -0.01257381 -0.00614445
v -0.00607616 -0.01304032 -0.00441305
v -0.00356319 -0.01392324 -0.00545565
v -0.00358315 -0.01399213 -0.00533980
v -0.00371817 -0.01390759 -0.00538676
v -0.00349470 -0.01408605 -0.00524587
v -0.00401366 -0.01375417 -0.00543060
v -0.00401600 -0.01383245 -0.00528657
v -0.00411032 -0.01374478 -0.00537111
v -0.00412754 -0.01367590 -0.00546504
v -0.00399331 -0.01368843 -0.00553705
v -0.00378745 -0.01400152 -0.00516760
v -0.00364029 -0.01406727 -0.00517699
v -0.00336321 -0.01424573 -0.00505489
v -0.00334129 -0.01430522 -0.00496722
v -0.00328063 -0.01428956 -0.00502671
v 0.00146077 -0.01648748 0.00026769
v 0.00140520 -0.01648748 0.00027709
v 0.00138250 -0.01650000 0.00019255
v 0.00148230 -0.01648435 0.00019881
v 0.00139385 -0.01649687 0.00012054
v 0.00122165 -0.01648748 -0.00002974
v 0.00122400 -0.01649374 0.00002974
v 0.00132223 -0.01650000 0.00009862
v 0.00127331 -0.01649687 0.00013933
v 0.00132106 -0.01648121 0.00024891
v 0.00116177 -0.01648121 0.00008610
v 0.00111598 -0.01648435 -0.00001409
v 0.00113711 -0.01648121 -0.00007358
v 0.00094848 -0.01645617 -0.00022073
v 0.00095669 -0.01644677 -0.00025204
v -0.00085572 -0.01601471 -0.00202728
v -0.00164667 -0.01590512 -0.00149189
v -0.00177543 -0.01588947 -0.00138544
v -0.00210770 -0.01572353 -0.00198344
v -0.00231630 -0.01562021 -0.00216817
v -0.00225564 -0.01567343 -0.00203041
v -0.00244663 -0.01556385 -0.00224644
v -0.00324580 -0.01522884 -0.00255014
v -0.00304581 -0.01529146 -0.00260963
v -0.00318122 -0.01521319 -0.00269730
v -0.00299376 -0.01526015 -0.00275365
v -0.00301176 -0.01499402 -0.00352073
v -0.00395613 -0.01483121 -0.00291020
v -0.00381954 -0.01489070 -0.00291020
v -0.00373383 -0.01489696 -0.00302604
v -0.00204822 -0.01482182 0.00346750
v -0.00206778 -0.01474981 0.00358961
v -0.00217971 -0.01477799 0.00349568
v -0.00216641 -0.01483121 0.00337671
v -0.00197933 -0.01489696 0.00332348
v -0.00165059 -0.01502846 0.00314189
v -0.00271863 -0.01456195 0.00349568
v -0.00279259 -0.01442106 0.00382756
v -0.00288300 -0.01432713 0.00398098
v -0.00314639 -0.01422694 0.00393088
v -0.00281060 -0.01432713 0.00404046
v -0.00313073 -0.01395769 0.00459777
v -0.00325715 -0.01388254 0.00467604
v -0.00339178 -0.01387941 0.00457898
v -0.00351271 -0.01387315 0.00446627
v -0.00369039 -0.01413302 0.00349568
v -0.00351975 -0.01380427 0.00462908
v -0.00338356 -0.01380427 0.00473866
v -0.00350997 -0.01371660 0.00479189
v -0.00330215 -0.01375104 0.00486703
v -0.00311351 -0.01387315 0.00476371
v -0.00297967 -0.01394829 0.00467917
v -0.00362973 -0.01361954 0.00484511
v -0.00087216 -0.01560769 0.00206172
v -0.00094691 -0.01561395 0.00197092
v -0.00077941 -0.01556385 0.00219948
v -0.00116373 -0.01594583 -0.00010489
v -0.00109876 -0.01598653 -0.00023952
v -0.00111442 -0.01601471 -0.00046181
v -0.00097626 -0.01606480 -0.00053695
v -0.00095082 -0.01604915 -0.00036788
v -0.00085768 -0.01608359 -0.00045555
v -0.00094887 -0.01608046 -0.00067472
v -0.00103653 -0.01608672 -0.00105669
v -0.00089603 -0.01610863 -0.00113809
v -0.00105610 -0.01606793 -0.00124454
v 0.00327945 -0.01619630 0.00168287
v 0.00231082 -0.01522571 0.00380251
v 0.00243997 -0.01520066 0.00389018
v 0.00252294 -0.01512239 0.00407177
v -0.00280238 -0.01562021 -0.00136352
v -0.00269162 -0.01564526 -0.00129151
v -0.00256599 -0.01568909 -0.00150754
v -0.00269514 -0.01566404 -0.00143240
v -0.00269084 -0.01564526 -0.00157016
v -0.00289357 -0.01557951 -0.00151694
v -0.00309825 -0.01547932 -0.00165157
v -0.00320940 -0.01541357 -0.00177054
v -0.00312017 -0.01540104 -0.00201475
v -0.00302311 -0.01546679 -0.00190204
v -0.00287752 -0.01556072 -0.00167661
v -0.00289552 -0.01552002 -0.00187386
v -0.00210144 -0.01576110 -0.00177367
v -0.00222590 -0.01571414 -0.00188639
v -0.00283917 -0.01550750 -0.00202102
v -0.00293779 -0.01544801 -0.00213373
v -0.00435375 -0.01471537 0.00086883
v -0.00431462 -0.01469658 0.00102538
v -0.00428918 -0.01476233 0.00078430
v -0.00334755 -0.01516935 0.00046494
v -0.00339569 -0.01513805 0.00056513
v -0.00353462 -0.01510987 0.00043050
v -0.00412872 -0.01486565 0.00052443
v -0.00181222 -0.01588947 -0.00125707
v -0.00196838 -0.01584877 -0.00123828
v -0.00422891 -0.01468719 0.00116627
v -0.00441637 -0.01466528 0.00095650
v -0.00286265 -0.01444924 0.00365536
v -0.00289435 -0.01532277 -0.00265659
v 0.00092891 -0.01645930 -0.00019255
v -0.00861338 -0.01117742 0.00235289
v -0.00856290 -0.01123691 0.00234976
v -0.00849363 -0.01131831 0.00233411
v -0.00767019 -0.01207600 0.00234976
v -0.00760405 -0.01222002 0.00220887
v -0.00639551 -0.01335655 0.00194900
v -0.00726826 -0.01140285 0.00387139
v -0.00726160 -0.01146233 0.00379625
v 0.00188658 -0.01549184 -0.00271295
v 0.00203882 -0.01539165 -0.00287576
v 0.00205683 -0.01550436 -0.00264720
v 0.00191946 -0.01559516 -0.00249065
v 0.00206583 -0.01558264 -0.00247500
v 0.00222042 -0.01552002 -0.00252509
v 0.00221024 -0.01541670 -0.00275678
v 0.00220515 -0.01533216 -0.00293212
v 0.00234526 -0.01532590 -0.00286637
v 0.00243175 -0.01515057 -0.00317946
v 0.00227873 -0.01516309 -0.00323895
v 0.00214371 -0.01515057 -0.00329530
v 0.00226777 -0.01505351 -0.00343933
v 0.00240710 -0.01506290 -0.00337045
v 0.00254877 -0.01505351 -0.00330157
v 0.00247794 -0.01482808 -0.00372111
v 0.00246267 -0.01469658 -0.00394028
v 0.00239575 -0.01453065 -0.00418762
v 0.00269945 -0.01443672 -0.00422206
v 0.00263174 -0.01434905 -0.00435982
v 0.00278281 -0.01433966 -0.00432538
v 0.00287048 -0.01433340 -0.00428155
v 0.00282821 -0.01439915 -0.00422206
v 0.00282547 -0.01450873 -0.00406238
v 0.00262157 -0.01460892 -0.00400289
v 0.00278790 -0.01458074 -0.00397158
v 0.00286539 -0.01455256 -0.00397158
v 0.00292801 -0.01441167 -0.00413439
v 0.00289357 -0.01393890 -0.00477936
v 0.00349157 -0.01473102 -0.00309806
v 0.00344774 -0.01481869 -0.00297908
v 0.00359685 -0.01474355 -0.00297282
v 0.00375849 -0.01463397 -0.00300100
v 0.00377610 -0.01452751 -0.00316694
v 0.00393421 -0.01438036 -0.00323895
v 0.00412050 -0.01417998 -0.00336105
v 0.00356045 -0.01484061 -0.00281940
v 0.00350488 -0.01495645 -0.00263781
v 0.00363129 -0.01486565 -0.00268164
v 0.00267518 -0.01570787 -0.00168601
v 0.00277576 -0.01565778 -0.00177367
v 0.00278124 -0.01568909 -0.00165470
v 0.00288104 -0.01563273 -0.00172671
v 0.00330724 -0.01524763 -0.00216817
v 0.00346809 -0.01505351 -0.00244995
v 0.00318396 -0.01531025 -0.00217756
v 0.00246345 -0.01531025 -0.00281627
v 0.00240084 -0.01540417 -0.00266286
v 0.00237501 -0.01549497 -0.00247500
v 0.00280238 -0.01560455 -0.00189578
v 0.00201417 -0.01570161 -0.00218695
v 0.00212884 -0.01562647 -0.00232472
v 0.00200399 -0.01564526 -0.00235602
v 0.00189284 -0.01568596 -0.00227462
v 0.00294953 -0.01556072 -0.00185821
v 0.00288065 -0.01557951 -0.00189265
v 0.00286030 -0.01561395 -0.00183003
v 0.00338317 -0.01222002 -0.00649824
v 0.00341213 -0.01232647 -0.00639492
v 0.00357963 -0.01231395 -0.00631978
v 0.00352797 -0.01251120 -0.00616010
v 0.00342308 -0.01243918 -0.00629160
v 0.00333229 -0.01255816 -0.00620394
v 0.00343091 -0.01260512 -0.00611627
v 0.00326928 -0.01245797 -0.00632604
v 0.00328141 -0.01237343 -0.00640119
v 0.00333816 -0.01272097 -0.00602234
v 0.00350919 -0.01269905 -0.00597538
v 0.00340391 -0.01279924 -0.00590337
v 0.00356985 -0.01276793 -0.00583449
v 0.00367982 -0.01265209 -0.00590024
v 0.00361055 -0.01258947 -0.00603487
v 0.00268810 -0.01408605 -0.00468544
v 0.00274720 -0.01399213 -0.00478563
v 0.00392247 -0.01187875 -0.00652016
v 0.00407706 -0.01182552 -0.00647633
v -0.01123671 -0.00392306 0.00312623
v -0.01120618 -0.00402324 0.00316380
v -0.01118583 -0.00388861 0.00326399
v -0.01236463 -0.00260180 -0.00007358
v -0.01238302 -0.00267381 -0.00018942
v -0.01238107 -0.00250474 -0.00016750
v -0.01240377 -0.00253292 -0.00031779
v -0.01239202 -0.00239829 -0.00026456
v -0.01240964 -0.00240455 -0.00045242
v -0.01241707 -0.00247970 -0.00058079
v -0.01240611 -0.00270512 -0.00040232
v -0.01220613 -0.00346907 0.00064967
v -0.01118936 -0.00422676 0.00306988
v -0.01115570 -0.00415161 0.00321390
v -0.01114709 -0.00401698 0.00331409
v -0.01108877 -0.00399820 0.00344246
v -0.01108995 -0.00412970 0.00338297
v -0.01099406 -0.00425806 0.00349255
v -0.01100933 -0.00440522 0.00337984
v -0.01099406 -0.00454924 0.00330157
v -0.01107116 -0.00455237 0.00313563
v -0.01108408 -0.00435199 0.00325147
v -0.01113222 -0.00447097 0.00305422
v -0.01160929 -0.00630569 -0.00032718
v -0.01158033 -0.00639962 -0.00037415
v -0.01152750 -0.00654051 -0.00042737
v -0.01150636 -0.00652486 -0.00022699
v -0.01144296 -0.00658121 -0.00009549
v -0.01146292 -0.00662818 -0.00025204
v -0.01147388 -0.00666262 -0.00052756
v -0.01162769 -0.00630256 -0.00044616
v -0.01163473 -0.00627125 -0.00061210
v -0.01022307 -0.00535389 0.00427528
v -0.00976165 -0.00619298 0.00462595
v -0.00962193 -0.00701641 0.00429407
v -0.00960785 -0.00694127 0.00439113
v -0.00866465 -0.01070778 0.00275365
v -0.00884977 -0.01072970 0.00240299
v -0.00876093 -0.01067960 0.00261902
v -0.00914525 -0.01073596 0.00168287
v -0.00911433 -0.01070152 0.00184255
v -0.00904389 -0.01069839 0.00202728
v -0.00894370 -0.01081110 0.00214625
v -0.00884625 -0.01092068 0.00222453
v -0.00903528 -0.01087059 0.00183629
v -0.00916834 -0.01074222 0.00156390
v -0.00911120 -0.01087372 0.00152320
v -0.00970882 -0.00945541 0.00176741
v -0.00972212 -0.00938340 0.00183316
v -0.00978279 -0.00926755 0.00179559
v -0.01014245 -0.00714165 0.00302604
v -0.01016789 -0.00703833 0.00306048
v -0.01129189 -0.00692249 -0.00007671
v -0.01235719 0.00008140 -0.00127272
v -0.01241316 -0.00276774 -0.00055574
v -0.01241629 -0.00267068 -0.00058079
v -0.01241512 -0.00226053 -0.00066845
v -0.01241198 -0.00208520 -0.00074046
v -0.01241159 -0.00199127 -0.00070602
v -0.01111226 -0.00455550 0.00303857
v -0.01221356 -0.00334696 0.00070602
v -0.01041758 -0.00762694 0.00174549
v -0.01121949 -0.00712287 -0.00048060
v -0.01130011 -0.00698824 -0.00035223
v -0.01128015 -0.00699763 -0.00018942
v -0.01124571 -0.00708843 -0.00031153
v -0.00929593 -0.01057628 0.00110678
v -0.00925444 -0.01064203 0.00099094
v -0.00937537 -0.01031641 -0.00097842
v -0.00966616 -0.00984051 -0.00084065
v -0.00952253 -0.00995636 -0.00182690
v -0.00925405 -0.01032894 -0.00214938
v -0.00918634 -0.01042600 -0.00219009
v -0.00998199 -0.00871025 -0.00387139
v -0.00878480 -0.01044791 -0.00385887
v -0.00884272 -0.01042287 -0.00372424
v -0.00909163 -0.01057315 -0.00212747
v -0.00959415 -0.00939592 -0.00355204
v -0.00948496 -0.00952742 -0.00364910
v -0.00951705 -0.00951490 -0.00354265
v -0.00936128 -0.00972780 -0.00358022
v -0.00645069 -0.01339412 0.00172358
v -0.00638690 -0.01346300 0.00162965
v -0.00635324 -0.01346300 0.00172358
v -0.00708549 -0.01304972 0.00084379
v -0.00725652 -0.01291509 0.00081248
v -0.00718059 -0.01293074 0.00106295
v -0.00710545 -0.01293700 0.00133221
v -0.00724595 -0.01282429 0.00131343
v -0.00737471 -0.01278672 0.00096589
v -0.00745807 -0.01266774 0.00115375
v -0.00746042 -0.01260512 0.00141675
v -0.00761736 -0.01245484 0.00142927
v -0.00771128 -0.01239535 0.00131029
v -0.00787409 -0.01222628 0.00136352
v -0.00854450 -0.01158757 0.00120697
v -0.00867600 -0.01147799 0.00102225
v -0.00868892 -0.01144355 0.00116001
v -0.00862669 -0.01149364 0.00128212
v -0.00902119 -0.01102713 0.00133847
v -0.00904232 -0.01098643 0.00148563
v -0.00910924 -0.01089564 0.00133534
v -0.00906267 -0.01097391 0.00125081
v -0.00918008 -0.01076101 0.00141988
v -0.00905367 -0.01094573 0.00161713
v -0.00897696 -0.01103653 0.00162339
v -0.00877384 -0.01125256 0.00167974
v -0.00878793 -0.01120247 0.00182064
v -0.00864626 -0.01137780 0.00175176
v -0.00856838 -0.01151243 0.00149502
v -0.00850067 -0.01152182 0.00175176
v -0.00773124 -0.01214175 0.00215251
v -0.00768232 -0.01222315 0.00207111
v -0.00767724 -0.01227951 0.00191143
v -0.00779973 -0.01214801 0.00197092
v -0.00778956 -0.01222002 0.00172358
v -0.00758526 -0.01233899 0.00197405
v -0.00653092 -0.01328140 0.00186134
v -0.00644443 -0.01330019 0.00198971
v -0.00638651 -0.01340664 0.00183942
v -0.00632859 -0.01341917 0.00191143
v -0.00622331 -0.01345361 0.00198344
v -0.00603232 -0.01376357 0.00121637
v -0.00669804 -0.01337533 0.00078430
v -0.00611294 -0.01400152 -0.00143553
v -0.00626206 -0.01389507 -0.00135100
v -0.00570945 -0.01414241 0.00024578
v -0.00587852 -0.01401717 0.00042737
v -0.00556190 -0.01418311 0.00045242
v -0.00558734 -0.01421129 0.00018942
v -0.00550046 -0.01424573 0.00027083
v -0.00572275 -0.01407979 0.00054948
v -0.00585660 -0.01397021 0.00072168
v -0.00627340 -0.01376983 0.00043050
v -0.00618965 -0.01386063 0.00026456
v -0.00608242 -0.01392638 0.00029587
v -0.00608437 -0.01393890 0.00016750
v -0.00619357 -0.01387628 0.00010489
v -0.00625501 -0.01382619 0.00019255
v -0.00646165 -0.01359763 0.00058079
v -0.00523902 -0.01423008 0.00103790
v -0.00501634 -0.01436471 0.00096589
v -0.00485901 -0.01442419 0.00105043
v -0.00501555 -0.01432713 0.00112870
v -0.00487662 -0.01436784 0.00121010
v -0.00474629 -0.01444298 0.00117253
v -0.00462967 -0.01482495 -0.00140109
v -0.00480030 -0.01474981 -0.00143553
v -0.00490793 -0.01469032 -0.00133534
v -0.00505978 -0.01461518 -0.00136978
v -0.00495450 -0.01467154 -0.00150754
v -0.00479052 -0.01474981 -0.00157955
v -0.00460971 -0.01483435 -0.00152320
v -0.00441050 -0.01492201 -0.00145432
v -0.00463084 -0.01480617 -0.00169853
v -0.00457370 -0.01480304 -0.00188952
v -0.00469307 -0.01475294 -0.00185508
v -0.00474473 -0.01474981 -0.00172358
v -0.00489110 -0.01468406 -0.00167661
v -0.00755983 -0.01264583 0.00076238
v -0.00740837 -0.01280550 0.00069976
v -0.00749408 -0.01272410 0.00059018
v -0.00759309 -0.01262391 0.00064341
v -0.00873745 -0.01140911 0.00082500
v -0.00873118 -0.01142163 0.00094084
v -0.00963328 -0.00992818 -0.00051817
v -0.00876562 -0.01118681 0.00196779
v -0.00863726 -0.01134336 0.00191143
v -0.00867600 -0.01124004 0.00210555
v -0.00853628 -0.01141537 0.00201475
v -0.00857894 -0.01129326 0.00222766
v -0.00865369 -0.01119620 0.00225897
v -0.00877267 -0.01108975 0.00215878
v -0.00886112 -0.01107097 0.00194587
v -0.00890299 -0.01095199 0.00206172
v -0.00900553 -0.01082362 0.00198031
v -0.00900984 -0.01095512 0.00174549
v -0.00909868 -0.01083302 0.00169227
v -0.00870340 -0.01104905 0.00233724
v -0.01045985 -0.00819991 -0.00225270
v -0.01053969 -0.00801518 -0.00247500
v -0.01077333 -0.00747666 -0.00285384
v -0.01083243 -0.00732951 -0.00293838
v -0.01087509 -0.00721366 -0.00300413
v -0.01079447 -0.00737647 -0.00303231
v -0.01084574 -0.00722619 -0.00311684
v -0.00965246 -0.00988748 -0.00067158
v -0.00947948 -0.01003150 -0.00183942
v 0.00235387 -0.01477173 -0.00386826
v -0.00066708 -0.01022562 -0.00930043
v -0.00057081 -0.01009725 -0.00938496
v -0.00073283 -0.01011917 -0.00938496
v -0.00145843 -0.00908283 -0.01006750
v -0.00131362 -0.00917989 -0.01002680
v -0.00134884 -0.00901082 -0.01012386
v -0.00151478 -0.00893567 -0.01013639
v -0.00135628 -0.00890123 -0.01017709
v -0.00134493 -0.00875408 -0.01023344
v -0.00156096 -0.00877600 -0.01019900
v -0.00165881 -0.00886053 -0.01014891
v -0.00170499 -0.00876347 -0.01017396
v -0.00170068 -0.00806528 -0.01040565
v -0.00159697 -0.00812789 -0.01040251
v -0.00117155 -0.00870398 -0.01025849
v -0.00127879 -0.00881357 -0.01021779
v -0.00116373 -0.00894820 -0.01016143
v -0.00112850 -0.00906091 -0.01010194
v -0.00117077 -0.00917049 -0.01004246
v -0.00090660 -0.00908909 -0.01008316
v -0.00086277 -0.00950237 -0.00984834
v -0.00105767 -0.00950863 -0.00983895
v -0.00090503 -0.00962135 -0.00976694
v -0.00077080 -0.00956499 -0.00980451
v -0.00073283 -0.00966205 -0.00972936
v -0.00059820 -0.00979042 -0.00961665
v -0.00117273 -0.00964013 -0.00973876
v -0.00124396 -0.00956186 -0.00979198
v -0.00127527 -0.00945228 -0.00986086
v -0.00135706 -0.00952742 -0.00980138
v -0.00051484 -0.00994696 -0.00948828
v -0.00063186 -0.00954934 -0.00978885
v -0.00022875 -0.01237970 -0.00758155
v -0.00036417 -0.01387628 -0.00581570
v -0.00044048 -0.01368529 -0.00609122
v -0.00048901 -0.01351935 -0.00632291
v -0.00152848 -0.01214175 -0.00784454
v -0.00150813 -0.01226072 -0.00774122
v -0.00134219 -0.01217932 -0.00782263
v -0.00137937 -0.01229203 -0.00772557
v -0.00078136 -0.01260512 -0.00739369
v -0.00073596 -0.01269592 -0.00729976
v -0.00064673 -0.01268027 -0.00730916
v -0.00037004 -0.01228890 -0.00768487
v -0.00032190 -0.01239535 -0.00759720
v -0.00051054 -0.01215740 -0.00779758
v -0.00127488 -0.01227638 -0.00774122
v -0.00118016 -0.01277732 -0.00721523
v -0.00042757 -0.01343795 -0.00641684
v -0.00028942 -0.01246423 -0.00750954
v -0.00113359 -0.00884801 -0.01021153
v -0.00105101 -0.00877287 -0.01023657
v -0.00097587 -0.00886679 -0.01019274
v -0.00094848 -0.00899203 -0.01013639
v -0.00081698 -0.00901082 -0.01010508
v -0.00209870 -0.01404222 -0.00581883
v -0.00250924 -0.01360076 -0.00630413
v -0.00210457 -0.01374478 -0.00619141
v -0.00202630 -0.01373226 -0.00621020
v -0.00205604 -0.01378548 -0.00614758
v -0.00191241 -0.01381679 -0.00610375
v -0.00277224 -0.01302154 -0.00690213
v -0.00265053 -0.01322505 -0.00671741
v -0.00255112 -0.01335342 -0.00660157
v -0.00247167 -0.01337533 -0.00658904
v -0.00249398 -0.01345361 -0.00649198
v -0.00264818 -0.01343169 -0.00649198
v -0.00266970 -0.01361641 -0.00625403
v -0.00283877 -0.01352249 -0.00631978
v -0.00282429 -0.01366964 -0.00613193
v -0.00270688 -0.01373539 -0.00607870
v -0.00221337 -0.01411736 -0.00569673
v -0.00230025 -0.01416746 -0.00559341
v -0.00306146 -0.01293700 -0.00692092
v -0.00304424 -0.01286186 -0.00699919
v -0.00291822 -0.01300588 -0.00688961
v -0.00287478 -0.01287751 -0.00703050
v -0.00297106 -0.01278046 -0.00709625
v -0.00304463 -0.01189127 -0.00788525
v 0.00320353 -0.01622761 0.00162026
v 0.00309708 -0.01624953 0.00152946
v -0.00107958 -0.01565778 -0.00294464
v -0.00113359 -0.01570161 -0.00285697
v -0.00108898 -0.01575484 -0.00273800
v -0.00119934 -0.01573918 -0.00275365
v -0.00130814 -0.01544488 -0.00340176
v -0.00124631 -0.01541670 -0.00344872
v -0.00143964 -0.01543548 -0.00340489
v -0.00197816 -0.01467154 -0.00489521
v -0.00182905 -0.01467154 -0.00490460
v -0.00188815 -0.01460579 -0.00500792
v -0.00173982 -0.01461518 -0.00498287
v -0.00173708 -0.01423947 -0.00556523
v -0.00162632 -0.01429583 -0.00547756
v -0.00193315 -0.01423634 -0.00557462
v -0.00213353 -0.01463397 -0.00492965
v -0.00224820 -0.01459326 -0.00495470
v -0.00217071 -0.01457135 -0.00503297
v -0.00204234 -0.01458700 -0.00502984
v -0.00183531 -0.01414867 -0.00569986
v -0.00201651 -0.01413928 -0.00570612
v -0.00066200 -0.01591452 -0.00232158
v -0.00065965 -0.01597400 -0.00216817
v -0.00064947 -0.01601784 -0.00203667
v -0.00073322 -0.01602410 -0.00204293
v -0.00082480 -0.01598340 -0.00216504
v -0.00077080 -0.01603975 -0.00195840
v -0.00078215 -0.01592704 -0.00231532
v -0.00163845 -0.01561082 -0.00284132
v -0.00180048 -0.01547619 -0.00314815
v -0.00169990 -0.01546366 -0.00324834
v -0.00155001 -0.01546992 -0.00330157
v -0.00137115 -0.01568596 -0.00281627
v -0.00163337 -0.01542296 -0.00338297
v -0.00193159 -0.01526015 -0.00362405
v -0.00210496 -0.01525076 -0.00355830
v -0.00282273 -0.01335968 -0.00653895
v -0.00296245 -0.01332211 -0.00652642
v -0.00287126 -0.01326262 -0.00663601
v -0.00270258 -0.01330958 -0.00662035
v -0.00298984 -0.01349118 -0.00629473
v 0.00287869 0.00644658 -0.01084398
v 0.00301528 0.00637144 -0.01084398
v 0.00313895 0.00634326 -0.01081893
v 0.00338747 0.00632135 -0.01072813
v 0.00344735 0.00670019 -0.01059037
v 0.00369117 0.00615854 -0.01062168
v 0.00367121 0.00598947 -0.01069369
v 0.00357650 0.00594877 -0.01075318
v 0.00323249 0.00627438 -0.01080954
v 0.00324580 0.00609905 -0.01084398
v 0.00306968 0.00619924 -0.01088155
v 0.00295775 0.00617419 -0.01090659
v 0.00306146 0.00608340 -0.01090346
v 0.00291979 0.00601765 -0.01093477
v 0.00305598 0.00594564 -0.01092225
v 0.00288613 0.00627125 -0.01089094
v 0.00387316 0.00507524 -0.01082832
v 0.00373970 0.00631509 -0.01052775
v 0.00343991 0.00686613 -0.01054028
v 0.00355341 0.00689744 -0.01044635
v 0.00330372 0.00696319 -0.01057158
v 0.00309747 0.00722306 -0.01055906
v 0.00316870 0.00689744 -0.01064673
v 0.00301372 0.00703833 -0.01064673
v 0.00302898 0.00681917 -0.01071248
v 0.00291548 0.00688805 -0.01071561
v 0.00275581 0.00757685 -0.01052462
v 0.00294718 0.00759564 -0.01047766
v 0.00224429 0.00935835 -0.00995166
v 0.00220085 0.00952116 -0.00989217
v 0.00229595 0.00948672 -0.00989530
v 0.00236053 0.00954934 -0.00985147
v 0.00300511 0.00781480 -0.01037747
v 0.00289083 0.00779288 -0.01042130
v 0.00267244 0.00771461 -0.01049331
v 0.00279846 0.00771774 -0.01047453
v 0.00308299 0.00763008 -0.01042130
v 0.00316517 0.00773340 -0.01034929
v 0.00327711 0.00772087 -0.01028980
v 0.00328376 0.00787116 -0.01022405
v 0.00323914 0.00781480 -0.01027415
v 0.00311469 0.00784611 -0.01032424
v 0.00319648 0.00793378 -0.01024284
v 0.00261452 0.00980294 -0.00957282
v 0.00223020 0.01021935 -0.00949141
v 0.00216758 0.01010977 -0.00957908
v 0.00219380 0.00992505 -0.00968553
v 0.00226660 0.00995009 -0.00965422
v 0.00235309 0.00988748 -0.00966988
v 0.00232217 0.00978729 -0.00974189
v 0.00246698 0.00980294 -0.00967927
v 0.00242980 0.00969962 -0.00975441
v 0.00257304 0.00969962 -0.00968240
v 0.00252216 0.00957438 -0.00977633
v 0.00239927 0.00962761 -0.00980451
v 0.00227325 0.00966518 -0.00981390
v 0.00218558 0.00976850 -0.00977633
v 0.00213353 0.00966205 -0.00983269
v 0.00208383 0.01011290 -0.00958847
v 0.00228617 0.01029763 -0.00941627
v 0.00236366 0.01045417 -0.00925972
v 0.00226699 0.01049175 -0.00928790
v 0.00210927 0.01050740 -0.00933174
v 0.00202904 0.01061698 -0.00927538
v 0.00194685 0.01071717 -0.00921276
v 0.00217110 0.01061072 -0.00924720
v 0.00193511 0.01091442 -0.00908126
v 0.00193707 0.01100209 -0.00902177
v 0.00186271 0.01110228 -0.00894663
v 0.00190341 0.01118055 -0.00886210
v 0.00200164 0.01110228 -0.00892158
v 0.00210144 0.01106471 -0.00891219
v 0.00211396 0.01115863 -0.00879948
v 0.00207287 0.01125569 -0.00871807
v 0.00412050 0.00053226 -0.01125726
v 0.00371700 0.00489677 -0.01092225
v 0.00386063 0.00492808 -0.01086902
v 0.00367434 0.00468700 -0.01096608
v 0.00395534 0.00372581 -0.01104435
v 0.00407627 0.00371641 -0.01100365
v 0.00404731 0.00360683 -0.01102557
v 0.00210222 0.00986243 -0.00973250
v -0.00035790 0.00211964 -0.01171750
v 0.00305755 0.00796822 -0.01029293
v 0.00331233 0.00682230 -0.01061542
v 0.00378979 0.00587989 -0.01064986
v 0.00379214 0.00571395 -0.01069682
v 0.00368021 0.00583292 -0.01073126
v 0.00265053 0.00961509 -0.00967927
v 0.00244232 0.00951176 -0.00984521
v 0.00228030 0.01059507 -0.00920650
v 0.00399291 0.00026300 -0.01126039
v 0.00416042 0.00029118 -0.01124787
v 0.00199929 0.01118055 -0.00884331
v 0.00410680 0.00384165 -0.01097234
v -0.00989315 0.00152476 -0.00815138
v -0.00998904 0.00152476 -0.00802927
v -0.01008101 0.00149658 -0.00790403
v -0.01004422 0.00132751 -0.00798544
v -0.01010801 0.00140892 -0.00788838
v -0.00968416 0.00049469 -0.00841437
v -0.00975265 0.00027552 -0.00833923
v -0.00984854 0.00035380 -0.00821399
v -0.00979687 0.00042581 -0.00828914
v -0.00949905 0.00076395 -0.00860223
v -0.00954288 0.00083909 -0.00855840
v -0.00936207 0.00102068 -0.00871494
v -0.00930571 0.00091736 -0.00877130
v -0.00916638 0.00116471 -0.00888088
v -0.00918674 0.00133691 -0.00884331
v -0.00943016 0.00469953 -0.00771618
v -0.00935620 0.00468700 -0.00783828
v -0.00925327 0.00408273 -0.00820773
v -0.00948143 0.00507837 -0.00748449
v -0.01050994 0.00182533 -0.00697728
v -0.01043441 0.00184412 -0.00710878
v -0.01003287 0.00117097 -0.00799483
v -0.00996555 0.00117410 -0.00809815
v -0.00993346 0.00128368 -0.00813885
v -0.00994012 0.00140579 -0.00812007
v -0.00986576 0.00134630 -0.00821399
v -0.00988415 0.00143397 -0.00818582
v -0.00077432 0.00904839 -0.01033363
v -0.00057120 0.00870398 -0.01050270
v 0.00124591 0.01305598 -0.00705242
v 0.00119347 0.01324383 -0.00685830
v 0.00121891 0.01331898 -0.00677690
v 0.00128192 0.01326262 -0.00683952
v 0.00136489 0.01303719 -0.00707120
v 0.00140090 0.01296518 -0.00714009
v 0.00117351 0.01348178 -0.00658904
v 0.00076140 0.01410171 -0.00579065
v 0.00069448 0.01423634 -0.00560593
v 0.00060955 0.01431774 -0.00548695
v 0.00069096 0.01436157 -0.00543373
v 0.00032268 0.01558577 -0.00372111
v 0.00036612 0.01566717 -0.00359274
v -0.00307203 0.01558577 0.00064028
v -0.00315226 0.01562021 0.00049312
v -0.00320705 0.01566404 0.00034597
v -0.00335655 0.01566717 0.00015498
v -0.00325049 0.01568909 0.00023012
v -0.00309942 0.01574858 0.00023012
v -0.00304463 0.01571414 0.00038667
v -0.00297614 0.01567970 0.00052443
v -0.00289865 0.01575484 0.00042111
v -0.00292253 0.01579241 0.00029587
v -0.00273428 0.01582998 0.00037415
v -0.00267401 0.01591139 0.00021760
v -0.00254525 0.01585816 0.00046181
v -0.00237070 0.01593643 0.00040859
v -0.00239810 0.01599279 0.00024891
v -0.00253507 0.01597400 0.00018003
v -0.00242941 0.01602723 0.00013306
v -0.00252294 0.01602097 0.00006418
v -0.00264113 0.01596774 0.00009549
v -0.00261139 0.01600844 -0.00000157
v -0.00251590 0.01605854 -0.00005166
v -0.00265131 0.01602723 -0.00011741
v -0.00251355 0.01609611 -0.00017690
v -0.00239105 0.01611803 -0.00010489
v -0.00250298 0.01612116 -0.00026456
v -0.00247911 0.01614620 -0.00035536
v -0.00238088 0.01618065 -0.00033344
v -0.00234174 0.01620882 -0.00042111
v -0.00247598 0.01616812 -0.00050565
v -0.00263057 0.01609611 -0.00044303
v -0.00261491 0.01607732 -0.00027709
v -0.00278751 0.01599592 -0.00023012
v -0.00286304 0.01591139 -0.00000157
v -0.00313269 0.01584250 -0.00025830
v -0.00308103 0.01588008 -0.00039293
v -0.00330098 0.01575797 -0.00021760
v -0.00327397 0.01575171 -0.00007984
v -0.00318435 0.01577676 0.00000157
v -0.00331898 0.01571101 0.00002661
v -0.00339804 0.01569222 -0.00008923
v -0.00346692 0.01563273 0.00004227
v -0.00321957 0.01573292 0.00012367
v -0.00277655 0.01591139 0.00011115
v -0.00272254 0.01596774 -0.00000157
v -0.00355967 0.01561082 -0.00010802
v -0.00354480 0.01563273 -0.00021760
v -0.00363247 0.01557951 -0.00023325
v -0.00499755 0.01375104 0.00282253
v -0.00254212 0.01560142 0.00097842
v -0.00238166 0.01574231 0.00081248
v -0.00255151 0.01573292 0.00073107
v -0.00271784 0.01564526 0.00079056
v -0.00269514 0.01572979 0.00064028
v -0.00287361 0.01564839 0.00067158
v -0.00285326 0.01559829 0.00078430
v -0.00280864 0.01574231 0.00052756
v -0.00266697 0.01579241 0.00052130
v -0.00254799 0.01579867 0.00059644
v -0.00240632 0.01586129 0.00055261
v -0.00231200 0.01585190 0.00063714
v -0.00230730 0.01581433 0.00072168
v -0.00223685 0.01579554 0.00079369
v -0.00224155 0.01591765 0.00053695
v -0.00223490 0.01596774 0.00042737
v -0.00222316 0.01602097 0.00031153
v -0.00228538 0.01607106 0.00013933
v -0.00240240 0.01607419 0.00002661
v -0.00226660 0.01613055 -0.00001722
v -0.00224351 0.01618691 -0.00017377
v -0.00213549 0.01618378 -0.00005792
v -0.00213823 0.01613994 0.00007358
v -0.00198794 0.01620569 0.00000783
v -0.00201260 0.01614307 0.00015811
v -0.00187641 0.01619317 0.00012367
v -0.00186232 0.01623074 0.00002661
v -0.00184901 0.01627144 -0.00008610
v -0.00203961 0.01624639 -0.00017690
v -0.00216915 0.01624326 -0.00031466
v -0.00229791 0.01620569 -0.00031153
v -0.00224625 0.01623387 -0.00038041
v -0.00217384 0.01626831 -0.00047434
v -0.00233274 0.01622761 -0.00059018
v -0.00219185 0.01627770 -0.00063088
v -0.00205095 0.01631841 -0.00060583
v -0.00204234 0.01631214 -0.00048999
v -0.00201064 0.01629962 -0.00037102
v -0.00176330 0.01632467 -0.00018629
v -0.00176134 0.01634972 -0.00028335
v -0.00165020 0.01635911 -0.00022699
v -0.00167642 0.01631214 -0.00009236
v -0.00151909 0.01635598 -0.00013620
v -0.00154140 0.01629962 0.00002348
v -0.00173395 0.01624953 0.00006105
v -0.00157662 0.01623387 0.00018942
v -0.00175312 0.01617438 0.00024265
v -0.00160245 0.01616812 0.00033971
v -0.00172025 0.01613055 0.00037102
v -0.00185566 0.01610237 0.00036162
v -0.00190576 0.01613994 0.00023952
v -0.00202904 0.01608046 0.00030527
v -0.00196251 0.01604602 0.00042424
v -0.00210379 0.01599592 0.00044929
v -0.00213784 0.01609298 0.00019881
v -0.00195703 0.01599905 0.00053382
v -0.00186623 0.01604915 0.00047434
v -0.00175156 0.01608046 0.00046807
v -0.00163806 0.01611490 0.00044616
v -0.00148895 0.01613368 0.00047120
v -0.00147369 0.01607419 0.00060897
v -0.00134336 0.01611176 0.00058079
v -0.00130384 0.01618065 0.00044303
v -0.00143651 0.01620882 0.00031466
v -0.00125570 0.01624953 0.00028961
v -0.00113124 0.01621509 0.00041798
v -0.00116647 0.01614307 0.00057766
v -0.00125139 0.01608359 0.00067785
v -0.00153513 0.01600844 0.00072168
v -0.00139502 0.01598340 0.00082813
v -0.00125178 0.01603036 0.00079056
v -0.00111833 0.01601471 0.00087509
v -0.00114259 0.01596148 0.00097215
v -0.00139385 0.01591139 0.00096589
v -0.00141381 0.01583311 0.00110052
v -0.00153787 0.01585816 0.00100346
v -0.00158210 0.01578928 0.00110991
v -0.00173590 0.01582998 0.00097215
v -0.00189832 0.01588008 0.00080621
v -0.00171986 0.01592391 0.00080308
v -0.00156331 0.01592704 0.00086570
v -0.00168659 0.01598653 0.00069350
v -0.00193002 0.01594583 0.00065906
v -0.00203647 0.01588947 0.00071542
v -0.00209087 0.01581746 0.00082813
v -0.00209127 0.01576423 0.00092832
v -0.00221768 0.01573605 0.00091580
v -0.00094456 0.01606167 0.00083126
v -0.00077197 0.01601784 0.00097528
v -0.00084555 0.01594583 0.00110991
v -0.00071640 0.01594896 0.00112870
v -0.00057785 0.01602723 0.00097528
v -0.00066982 0.01608672 0.00082813
v -0.00048275 0.01607419 0.00086883
v -0.00043344 0.01602097 0.00099720
v -0.00030898 0.01604915 0.00093145
v -0.00035125 0.01611490 0.00076864
v -0.00025537 0.01608359 0.00084379
v -0.00025576 0.01615247 0.00066532
v -0.00009686 0.01614307 0.00066532
v -0.00023228 0.01620256 0.00052443
v -0.00008121 0.01619630 0.00051191
v -0.00016535 0.01622761 0.00044303
v -0.00026006 0.01625892 0.00036475
v -0.00036534 0.01623700 0.00044929
v -0.00042992 0.01628083 0.00032718
v -0.00035047 0.01632154 0.00018942
v -0.00019118 0.01629023 0.00024891
v -0.00019627 0.01633093 0.00011115
v -0.00006086 0.01628710 0.00021134
v -0.00008982 0.01624326 0.00036788
v 0.00005577 0.01619630 0.00046807
v 0.00003268 0.01615560 0.00059644
v 0.00009256 0.01609924 0.00073733
v -0.00005029 0.01608046 0.00082500
v 0.00009569 0.01603975 0.00090014
v 0.00023893 0.01600218 0.00096589
v 0.00011526 0.01597713 0.00105982
v -0.00016692 0.01605854 0.00090014
v -0.00016340 0.01600218 0.00103790
v -0.00002955 0.01597087 0.00110052
v -0.00013326 0.01592391 0.00121950
v 0.00004442 0.01585816 0.00135413
v -0.00012622 0.01583311 0.00142614
v -0.00027767 0.01592704 0.00121637
v -0.00031290 0.01597713 0.00110365
v -0.00039234 0.01592391 0.00121950
v -0.00043187 0.01585190 0.00136978
v -0.00060877 0.01584564 0.00135726
v -0.00073166 0.01579554 0.00142614
v -0.00071796 0.01570787 0.00159521
v -0.00089134 0.01567970 0.00157955
v -0.00078684 0.01553880 0.00187386
v -0.00038491 0.01552002 0.00202102
v 0.00021466 0.01580806 0.00144806
v -0.00027767 0.01582685 0.00143866
v -0.00041661 0.01572979 0.00162026
v -0.00052384 0.01568596 0.00167974
v 0.00019823 0.01587694 0.00129151
v 0.00029294 0.01589886 0.00121950
v 0.00041700 0.01590199 0.00117253
v 0.00059351 0.01583937 0.00127272
v 0.00055163 0.01576736 0.00146058
v 0.00072735 0.01575797 0.00141675
v 0.00067569 0.01569222 0.00159208
v 0.00086551 0.01568596 0.00152633
v 0.00100875 0.01568596 0.00145745
v 0.00092617 0.01581746 0.00118819
v 0.00112459 0.01578928 0.00115375
v 0.00126392 0.01570474 0.00126646
v 0.00126979 0.01577049 0.00110991
v 0.00119112 0.01583311 0.00100659
v 0.00102323 0.01586129 0.00102851
v 0.00109798 0.01590199 0.00088449
v 0.00093791 0.01593017 0.00090014
v 0.00099779 0.01596774 0.00076238
v 0.00084085 0.01598653 0.00079056
v 0.00069526 0.01599279 0.00083439
v 0.00072422 0.01603975 0.00069037
v 0.00087686 0.01602723 0.00064967
v 0.00057159 0.01604602 0.00073107
v 0.00045809 0.01609924 0.00062149
v 0.00069761 0.01593956 0.00098155
v 0.00085533 0.01589573 0.00102538
v 0.00073596 0.01587068 0.00113809
v 0.00077667 0.01580806 0.00127585
v 0.00056141 0.01592078 0.00107861
v 0.00039430 0.01596774 0.00101599
v 0.00034225 0.01602723 0.00086883
v 0.00026437 0.01608046 0.00074046
v 0.00008630 0.01628397 0.00016750
v -0.00004951 0.01632780 0.00006105
v 0.00009843 0.01632154 0.00001096
v -0.00003894 0.01636537 -0.00009549
v -0.00018805 0.01637163 -0.00004540
v -0.00034029 0.01637163 0.00000783
v -0.00032660 0.01640920 -0.00015185
v -0.00017788 0.01640294 -0.00020194
v -0.00046201 0.01644364 -0.00025830
v -0.00047805 0.01641233 -0.00010489
v -0.00060329 0.01644364 -0.00021134
v -0.00063264 0.01640920 -0.00007045
v -0.00050506 0.01636850 0.00005166
v -0.00053402 0.01632467 0.00020194
v -0.00069722 0.01636224 0.00009549
v -0.00079232 0.01641233 -0.00007671
v -0.00088390 0.01637789 0.00003601
v -0.00083341 0.01634032 0.00015811
v -0.00074614 0.01632467 0.00021760
v -0.00064986 0.01631841 0.00023012
v -0.00057276 0.01628710 0.00032092
v -0.00062482 0.01625266 0.00041172
v -0.00075905 0.01623700 0.00044616
v -0.00085063 0.01629649 0.00028022
v -0.00095591 0.01624326 0.00039919
v -0.00096961 0.01629023 0.00027709
v -0.00108193 0.01627770 0.00027709
v -0.00102401 0.01618378 0.00052443
v -0.00099035 0.01613055 0.00065906
v -0.00079937 0.01607419 0.00084065
v -0.00068822 0.01613055 0.00071855
v -0.00055789 0.01613994 0.00070289
v -0.00040761 0.01618691 0.00058392
v -0.00059351 0.01620569 0.00053382
v -0.00071444 0.01617125 0.00061523
v -0.00087568 0.01618378 0.00056200
v -0.00049880 0.01624326 0.00043676
v -0.00139150 0.01628083 0.00015185
v -0.00134963 0.01635285 -0.00002974
v -0.00115551 0.01638102 -0.00003287
v -0.00108976 0.01635911 0.00006418
v -0.00099035 0.01633406 0.00015185
v -0.00102518 0.01638102 0.00000470
v -0.00106471 0.01640294 -0.00007671
v -0.00111246 0.01642173 -0.00016124
v -0.00125726 0.01640607 -0.00016437
v -0.00119934 0.01644051 -0.00028648
v -0.00133280 0.01642486 -0.00028961
v -0.00139229 0.01639355 -0.00018316
v -0.00150109 0.01639981 -0.00030527
v -0.00167720 0.01638102 -0.00036788
v -0.00156096 0.01641546 -0.00048373
v -0.00137154 0.01644364 -0.00043990
v -0.00127370 0.01644677 -0.00036162
v -0.00118877 0.01646556 -0.00043363
v -0.00128896 0.01646869 -0.00058705
v -0.00113829 0.01648435 -0.00059331
v -0.00110620 0.01649374 -0.00070602
v -0.00100405 0.01649687 -0.00063088
v -0.00101775 0.01648121 -0.00048060
v -0.00102988 0.01645304 -0.00029900
v -0.00087255 0.01647495 -0.00038354
v -0.00087216 0.01649374 -0.00054009
v -0.00087333 0.01650000 -0.00069663
v -0.00073244 0.01649687 -0.00060583
v -0.00073244 0.01648435 -0.00044929
v -0.00072970 0.01646243 -0.00030213
v -0.00085220 0.01644677 -0.00022386
v -0.00096570 0.01641860 -0.00011428
v -0.00072187 0.01644051 -0.00017690
v -0.00059546 0.01646869 -0.00035849
v -0.00045379 0.01646556 -0.00041172
v -0.00059194 0.01648435 -0.00050878
v -0.00058998 0.01649374 -0.00066532
v -0.00073362 0.01650000 -0.00076238
v -0.00058764 0.01649687 -0.00082187
v -0.00044440 0.01648748 -0.00072168
v -0.00044870 0.01648121 -0.00056513
v -0.00030859 0.01645930 -0.00046494
v -0.00016887 0.01643112 -0.00035849
v -0.00016183 0.01644991 -0.00051504
v -0.00015596 0.01646243 -0.00067472
v 0.00011800 0.01638416 -0.00029900
v 0.00024637 0.01631214 -0.00003287
v 0.00025654 0.01634345 -0.00018942
v 0.00033403 0.01610550 0.00064654
v 0.00048079 0.01613994 0.00048060
v 0.00049958 0.01618065 0.00033344
v 0.00077510 0.01612429 0.00039606
v 0.00090190 0.01607106 0.00049938
v 0.00066239 0.01621195 0.00013933
v 0.00054185 0.01629023 -0.00012367
v 0.00055163 0.01631841 -0.00027709
v 0.00068783 0.01627770 -0.00016437
v 0.00067569 0.01624639 -0.00001096
v 0.00080524 0.01619943 0.00009549
v 0.00081815 0.01623387 -0.00005479
v 0.00094574 0.01618691 0.00005166
v 0.00093243 0.01615247 0.00019881
v 0.00105767 0.01610237 0.00029587
v 0.00104827 0.01605854 0.00044616
v 0.00118212 0.01605228 0.00038041
v 0.00118760 0.01608985 0.00024578
v 0.00106980 0.01613994 0.00015185
v 0.00108467 0.01617438 0.00000470
v 0.00095943 0.01622135 -0.00009862
v 0.00109954 0.01620569 -0.00014246
v 0.00122204 0.01615560 -0.00003914
v 0.00120482 0.01612429 0.00010489
v 0.00133945 0.01610550 0.00006418
v 0.00145138 0.01604915 0.00016124
v 0.00142359 0.01600844 0.00032092
v 0.00128662 0.01604602 0.00032092
v 0.00131597 0.01600218 0.00043990
v 0.00136293 0.01593017 0.00060583
v 0.00144238 0.01595835 0.00046494
v 0.00158679 0.01593017 0.00040232
v 0.00155588 0.01599279 0.00024578
v 0.00171908 0.01593956 0.00022699
v 0.00158953 0.01602097 0.00011115
v 0.00172338 0.01599279 0.00003914
v 0.00160362 0.01605541 -0.00003601
v 0.00147408 0.01608046 0.00001722
v 0.00135863 0.01613368 -0.00008297
v 0.00123848 0.01618378 -0.00018629
v 0.00137663 0.01616186 -0.00023012
v 0.00149287 0.01610863 -0.00012680
v 0.00162202 0.01608046 -0.00017064
v 0.00151361 0.01613368 -0.00027396
v 0.00165098 0.01609924 -0.00031466
v 0.00175195 0.01603975 -0.00020508
v 0.00170929 0.01603349 -0.00008610
v 0.00183101 0.01597400 -0.00007671
v 0.00178874 0.01604602 -0.00035536
v 0.00182161 0.01605541 -0.00051504
v 0.00170381 0.01612116 -0.00063714
v 0.00185331 0.01605541 -0.00068411
v 0.00173160 0.01613055 -0.00082813
v 0.00181966 0.01609611 -0.00097528
v 0.00168307 0.01616812 -0.00100659
v 0.00176330 0.01613368 -0.00109113
v 0.00164354 0.01619317 -0.00116940
v 0.00156057 0.01622135 -0.00105982
v 0.00157310 0.01618691 -0.00075299
v 0.00155666 0.01617125 -0.00058705
v 0.00142633 0.01622448 -0.00070289
v 0.00141185 0.01620569 -0.00054009
v 0.00128231 0.01625579 -0.00065280
v 0.00129405 0.01627457 -0.00081561
v 0.00143612 0.01624326 -0.00086257
v 0.00144277 0.01625892 -0.00102225
v 0.00145843 0.01626831 -0.00118819
v 0.00132067 0.01630275 -0.00112870
v 0.00133397 0.01630901 -0.00123202
v 0.00120639 0.01634345 -0.00126333
v 0.00117625 0.01633406 -0.00109426
v 0.00103771 0.01637789 -0.00121324
v 0.00104319 0.01639042 -0.00138231
v 0.00118408 0.01636537 -0.00143866
v 0.00104358 0.01640294 -0.00153885
v 0.00116842 0.01637789 -0.00158269
v 0.00116725 0.01637476 -0.00171105
v 0.00126274 0.01634972 -0.00162965
v 0.00130227 0.01633093 -0.00173297
v 0.00118956 0.01635598 -0.00184881
v 0.00135276 0.01629962 -0.00186447
v 0.00146117 0.01627457 -0.00172984
v 0.00152183 0.01623074 -0.00187699
v 0.00164550 0.01618691 -0.00172358
v 0.00155666 0.01623700 -0.00156077
v 0.00138407 0.01630901 -0.00160773
v 0.00129601 0.01633719 -0.00151694
v 0.00135158 0.01631214 -0.00135413
v 0.00155431 0.01623700 -0.00135413
v 0.00170694 0.01616499 -0.00129151
v 0.00183336 0.01609924 -0.00129151
v 0.00176956 0.01613368 -0.00119132
v 0.00168777 0.01617438 -0.00158895
v 0.00142829 0.01629336 -0.00147936
v 0.00156997 0.01617438 -0.00202728
v 0.00140637 0.01625579 -0.00200849
v 0.00146117 0.01619630 -0.00215251
v 0.00129092 0.01626518 -0.00214312
v 0.00123456 0.01631841 -0.00199597
v 0.00102362 0.01639981 -0.00180498
v 0.00087294 0.01641233 -0.00181750
v 0.00135315 0.01619630 -0.00227775
v 0.00089290 0.01641233 -0.00133221
v 0.00088547 0.01639668 -0.00116627
v 0.00087686 0.01638102 -0.00100346
v 0.00102518 0.01636224 -0.00105043
v 0.00116099 0.01631841 -0.00093145
v 0.00101462 0.01634345 -0.00088762
v 0.00114964 0.01629962 -0.00076864
v 0.00130540 0.01629023 -0.00097528
v 0.00113829 0.01628083 -0.00060897
v 0.00126861 0.01623387 -0.00049625
v 0.00112655 0.01625579 -0.00045242
v 0.00099466 0.01629962 -0.00056513
v 0.00100483 0.01632154 -0.00072481
v 0.00086864 0.01636224 -0.00084379
v 0.00086003 0.01634032 -0.00068098
v 0.00071444 0.01635598 -0.00063714
v 0.00085063 0.01631841 -0.00052130
v 0.00084085 0.01629336 -0.00036475
v 0.00111324 0.01623074 -0.00029587
v 0.00097196 0.01624953 -0.00025204
v 0.00125413 0.01621195 -0.00033971
v 0.00139463 0.01618691 -0.00038354
v 0.00153592 0.01615247 -0.00042737
v 0.00082989 0.01626518 -0.00020821
v 0.00069761 0.01630588 -0.00032092
v -0.00005734 0.01523197 0.00262842
v -0.00018336 0.01521945 0.00261902
v 0.00001155 0.01530712 0.00250318
v 0.00004481 0.01515996 0.00278496
v 0.00010117 0.01505038 0.00299787
v 0.00003738 0.01473729 0.00354265
v 0.00025419 0.01474668 0.00355830
v 0.00015674 0.01466528 0.00368041
v -0.00131088 0.01381366 0.00474492
v -0.00591335 0.01252998 0.00396532
v -0.00602802 0.01251120 0.00391210
v -0.00657319 0.01169402 0.00445375
v -0.00662055 0.01157505 0.00454454
v -0.00665146 0.01163454 0.00446001
v -0.00671761 0.01158444 0.00444749
v -0.00673913 0.01133083 0.00471048
v -0.00577285 0.01297770 0.00355517
v -0.00555251 0.01327827 0.00329530
v 0.00072735 0.01522884 0.00261902
v 0.00195898 0.01570787 0.00062775
v 0.00201064 0.01563273 0.00074986
v 0.00186114 0.01570474 0.00074673
v 0.00189637 0.01562647 0.00089388
v 0.00176017 0.01569535 0.00086570
v 0.00174217 0.01556072 0.00120071
v 0.00162711 0.01559829 0.00121950
v 0.00153005 0.01568909 0.00109113
v 0.00158758 0.01574858 0.00089701
v 0.00170420 0.01577049 0.00073420
v 0.00152339 0.01584250 0.00071542
v 0.00165763 0.01584877 0.00057139
v 0.00182475 0.01577676 0.00059331
v 0.00178091 0.01585190 0.00042111
v 0.00197542 0.01576110 0.00045555
v 0.00191045 0.01585190 0.00026769
v 0.00187484 0.01591765 0.00008610
v 0.00201965 0.01587381 -0.00008610
v 0.00201025 0.01583624 0.00012367
v 0.00151596 0.01590512 0.00055261
v 0.00136098 0.01586442 0.00079056
v 0.00137937 0.01578928 0.00097215
v 0.00138054 0.01572040 0.00114122
v 0.00145569 0.01564526 0.00125707
v 0.00155666 0.01555133 0.00138857
v 0.00104280 0.01560142 0.00162339
v 0.00053558 0.01572040 0.00157955
v 0.00039274 0.01574858 0.00155138
v 0.00032112 0.01568283 0.00171731
v -0.00022132 0.01537287 0.00233098
v 0.00047492 0.01520380 0.00279435
v 0.00048158 0.01513178 0.00291959
v 0.00050036 0.01505664 0.00304483
v 0.00045770 0.01495958 0.00320764
v 0.00031133 0.01491262 0.00329530
v 0.00031407 0.01464023 0.00372111
v -0.00180361 0.01601157 0.00058705
v -0.00573645 0.01399839 0.00164843
v -0.00025615 0.01517562 0.00267851
v 0.00027533 0.01594583 0.00110365
v -0.00284230 0.01598966 -0.00034910
v -0.00273389 0.01603975 -0.00034910
v -0.00272097 0.01606480 -0.00055887
v -0.00226777 0.01625579 -0.00072481
v -0.00212884 0.01629649 -0.00075925
v -0.00231434 0.01624013 -0.00080935
v -0.00199029 0.01633719 -0.00073420
v -0.00189167 0.01636224 -0.00064654
v -0.00193120 0.01634032 -0.00050565
v -0.00175156 0.01638416 -0.00053382
v -0.00183531 0.01634972 -0.00038354
v -0.00160988 0.01642173 -0.00064341
v -0.00145060 0.01644677 -0.00060583
v -0.00150891 0.01644051 -0.00075612
v -0.00163532 0.01641860 -0.00076864
v 0.00103379 0.01601157 0.00060270
v -0.00333268 0.01575171 -0.00032092
v -0.00130736 0.01579554 0.00121010
v 0.00211318 0.01564839 0.00058079
v 0.00213549 0.01568909 0.00040232
v 0.00207522 0.01576423 0.00026456
v 0.00195546 0.01598027 -0.00056200
v 0.00192572 0.01598340 -0.00039919
v 0.00202121 0.01590512 -0.00029274
v 0.00189441 0.01597713 -0.00023325
v 0.00199186 0.01597087 -0.00072168
v 0.00189676 0.01604288 -0.00084379
v 0.00181261 0.01609298 -0.00162652
v 0.00193394 0.01602723 -0.00096902
v -0.00510205 0.01290882 -0.00571551
v -0.00529851 0.01245484 -0.00631039
v -0.00538383 0.01250493 -0.00618828
v -0.00516232 0.01300588 -0.00554331
v -0.00182435 0.01197894 -0.00795726
v -0.00183022 0.01170968 -0.00828601
v -0.00177974 0.01140598 -0.00860536
v -0.00176761 0.01129639 -0.00869616
v -0.00946030 0.01009725 -0.00367415
v -0.00939103 0.01029137 -0.00354891
v -0.00957340 0.01000332 -0.00357709
v -0.00956949 0.00989374 -0.00369919
v -0.00966929 0.00981860 -0.00358961
v -0.00968142 0.00991252 -0.00346750
v -0.00964737 0.01002837 -0.00338297
v -0.00955618 0.01011603 -0.00346750
v -0.00903606 0.01091442 -0.00338297
v -0.00971782 0.01004089 -0.00313876
v -0.00972173 0.00995636 -0.00328904
v -0.00980079 0.00985617 -0.00315441
v -0.00974874 0.01001898 -0.00303231
v -0.00994325 0.00962135 -0.00296029
v -0.00996829 0.00962135 -0.00278183
v -0.01005126 0.00943349 -0.00279122
v -0.01004735 0.00940218 -0.00292272
v -0.00981762 0.00976850 -0.00325147
v -0.00974991 0.00980294 -0.00342680
v -0.01072480 0.00738899 -0.00347690
v -0.01077842 0.00737334 -0.00323895
v -0.01077059 0.00730133 -0.00341428
v -0.01072794 0.00753928 -0.00316067
v -0.01009197 0.00940844 -0.00232158
v -0.00999608 0.00961195 -0.00236229
v -0.01006261 0.00948359 -0.00223392
v -0.00999373 0.00962135 -0.00216504
v -0.00992837 0.00975598 -0.00225270
v -0.00840009 0.01209791 -0.00215565
v -0.00859264 0.01186309 -0.00219948
v -0.00849128 0.01199146 -0.00247187
v -0.00862904 0.01181926 -0.00239986
v -0.00877032 0.01162827 -0.00221513
v -0.00936637 0.01080484 -0.00276931
v -0.00947243 0.01063890 -0.00271608
v -0.00943173 0.01071717 -0.00274426
v -0.00943408 0.01068273 -0.00283506
v -0.00935620 0.01078605 -0.00288828
v -0.00950296 0.01056689 -0.00280062
v -0.00964463 0.01028510 -0.00275991
v -0.00972095 0.01011290 -0.00286637
v -0.00928614 0.01088937 -0.00286950
v -0.00921804 0.01093008 -0.00296029
v -0.00865252 0.01178795 -0.00257832
v -0.00864078 0.01179108 -0.00272861
v -0.00857346 0.01188814 -0.00269103
v -0.00857738 0.01186622 -0.00276618
v -0.00842240 0.01192884 -0.00293838
v -0.00825020 0.01211670 -0.00292898
v -0.00835430 0.01206973 -0.00283193
v -0.00838013 0.01207913 -0.00275991
v -0.00840479 0.01208852 -0.00253762
v -0.00822163 0.01229829 -0.00210242
v -0.00952840 0.01024440 0.00069350
v -0.00930219 0.01054810 0.00082813
v -0.00930806 0.01050740 0.00099407
v -0.00900201 0.01093947 0.00092519
v -0.00958828 0.01009412 0.00101599
v -0.00962272 0.01008159 0.00086883
v -0.00966616 0.01002524 0.00077804
v -0.00979531 0.00979668 0.00069976
v -0.00973660 0.00989374 0.00087509
v -0.00969551 0.00993757 0.00097528
v -0.00963720 0.00999393 0.00111305
v -0.00970373 0.00987495 0.00112244
v -0.00896600 0.01017239 0.00311371
v -0.00891513 0.01015047 0.00325773
v -0.00899340 0.00997514 0.00333287
v -0.01064301 0.00816546 -0.00016750
v -0.01115492 0.00704459 -0.00152946
v -0.01114357 0.00710408 -0.00137604
v -0.01109425 0.00721053 -0.00113183
v -0.01109856 0.00723558 -0.00136978
v -0.01101755 0.00741404 -0.00141988
v -0.01106647 0.00730446 -0.00151694
v -0.01111774 0.00717922 -0.00148876
v -0.01110326 0.00717922 -0.00165470
v -0.01105786 0.00730759 -0.00165157
v -0.01104142 0.00729507 -0.00180185
v -0.01111852 0.00706338 -0.00063088
v -0.01116000 0.00693188 -0.00058392
v -0.01091540 0.00759564 -0.00045868
v -0.01086961 0.00772400 -0.00050565
v -0.01079603 0.00788368 -0.00039919
v -0.01079916 0.00788681 -0.00056826
v -0.01074476 0.00799639 -0.00049625
v -0.01108956 0.00716670 -0.00179872
v -0.01162025 0.00449602 -0.00340802
v -0.01195135 0.00443653 -0.00120697
v -0.01193060 0.00454298 -0.00112870
v -0.01196661 0.00443966 -0.00105356
v -0.01168326 0.00534137 -0.00090327
v -0.01197170 0.00442087 -0.00090014
v -0.01199596 0.00432381 -0.00091893
v -0.01200457 0.00428624 -0.00104103
v -0.01198931 0.00430503 -0.00115688
v -0.01052521 0.00732011 -0.00421580
v -0.01050251 0.00729820 -0.00428155
v -0.01047746 0.00742343 -0.00423145
v -0.01052521 0.00743283 -0.00412500
v -0.01048568 0.00755180 -0.00409369
v -0.01053577 0.00750484 -0.00402168
v -0.01054791 0.00757372 -0.00386826
v -0.01058587 0.00738899 -0.00400602
v -0.01127037 0.00594564 -0.00342680
v -0.01125745 0.00587362 -0.00356143
v -0.01129855 0.00570455 -0.00361153
v -0.01133338 0.00573273 -0.00345811
v -0.01137604 0.00552296 -0.00353012
v -0.01133729 0.00550731 -0.00368041
v -0.01109895 0.00575152 -0.00419075
v -0.01106529 0.00585484 -0.00420640
v -0.01103711 0.00576404 -0.00434103
v -0.01100776 0.00592685 -0.00429720
v -0.01094710 0.00590806 -0.00443496
v -0.00854255 0.01135588 -0.00363031
v -0.00858442 0.01141224 -0.00347377
v -0.00875819 0.01124004 -0.00345185
v -0.00886973 0.01112106 -0.00342680
v -0.00889830 0.01101774 -0.00351760
v -0.00814922 0.01224820 -0.00286950
v -0.00825294 0.01218871 -0.00280688
v -0.00787762 0.01268966 -0.00239046
v -0.00778643 0.01278672 -0.00242177
v -0.00785452 0.01271784 -0.00249379
v -0.00694225 0.01356319 -0.00205859
v -0.00683854 0.01364772 -0.00208050
v -0.00690781 0.01356945 -0.00219322
v -0.00700839 0.01350996 -0.00213686
v -0.00700917 0.01348178 -0.00223705
v -0.00896874 0.01108662 0.00043050
v -0.00888108 0.01118368 0.00055574
v -0.00899418 0.01103027 0.00056200
v -0.00850576 0.01137780 0.00198031
v -0.00850850 0.01134023 0.00211181
v -0.00848815 0.01126822 0.00230280
v -0.00840009 0.01139658 0.00227775
v -0.00839735 0.01150304 0.00205232
v -0.00827720 0.01158444 0.00218382
v -0.00809991 0.01166271 0.00244369
v -0.00795119 0.01183178 0.00242491
v -0.00802947 0.01195702 0.00197405
v -0.00786509 0.01216366 0.00185821
v -0.00751756 0.01246110 0.00203354
v -0.00752147 0.01249554 0.00192396
v -0.00766236 0.01238596 0.00179872
v -0.00747803 0.01256442 0.00177367
v -0.00738175 0.01263330 0.00185508
v -0.00734888 0.01269592 0.00165783
v -0.00722090 0.01279611 0.00174549
v -0.00809013 0.01192258 0.00187699
v -0.00820167 0.01176917 0.00196466
v -0.00815040 0.01178482 0.00206798
v -0.00707805 0.01290256 0.00183003
v -0.00703031 0.01289004 0.00199910
v -0.00689959 0.01296831 0.00205232
v -0.00588360 0.01389507 0.00162652
v -0.00707766 0.01274915 0.00220887
v -0.00731013 0.01253624 0.00223079
v -0.00744633 0.01248615 0.00212120
v -0.00744007 0.01254250 0.00200536
v -0.00900005 0.01031954 0.00273174
v -0.00911433 0.01020996 0.00261902
v -0.00844744 0.01115863 0.00260337
v -0.00829833 0.01131205 0.00266912
v -0.00833434 0.01134649 0.00253762
v -0.00819501 0.01150304 0.00254388
v -0.00802359 0.01161575 0.00269103
v -0.00796058 0.01175038 0.00257832
v -0.00792145 0.01163767 0.00281627
v -0.00803025 0.01149051 0.00286950
v -0.00813787 0.01144042 0.00276618
v -0.00876367 0.01040095 0.00318885
v -0.00885760 0.01029450 0.00317320
v -0.00919378 0.01013795 0.00250005
v -0.00914368 0.01025066 0.00241551
v -0.01197600 0.00422362 -0.00063401
v -0.01120423 0.00586423 0.00341741
v -0.01117801 0.00591433 0.00349881
v -0.01100150 0.00623994 0.00382130
v -0.01110913 0.00609592 0.00359274
v -0.01091462 0.00669080 0.00372111
v -0.01091149 0.00678159 0.00363031
v -0.01090248 0.00685674 0.00352386
v -0.01086570 0.00697884 0.00345185
v -0.01082186 0.00705712 0.00356769
v -0.01095454 0.00628378 0.00392462
v -0.01085591 0.00633074 0.00410308
v -0.01122067 0.00578283 0.00338297
v -0.00846388 0.01173786 0.00045555
v -0.00833904 0.01186622 0.00065280
v -0.00848306 0.01168776 0.00065280
v -0.00819854 0.01203529 0.00064028
v -0.00809717 0.01213548 0.00070289
v -0.00819188 0.01206034 0.00049938
v -0.01096510 0.00496879 0.00476058
v -0.01103829 0.00486546 0.00464473
v -0.01110952 0.00484355 0.00446001
v -0.01129229 0.00465569 0.00399976
v -0.01132007 0.00461186 0.00389644
v -0.01130911 0.00452419 0.00401542
v -0.01124062 0.00465882 0.00417509
v -0.01133416 0.00442087 0.00395906
v -0.01116274 0.00472144 0.00438800
v -0.01108212 0.00476841 0.00458525
v -0.01134238 0.00513786 -0.00388705
v -0.01139287 0.00532258 -0.00363971
v -0.01126919 0.00543843 -0.00391836
v -0.01125589 0.00529127 -0.00404046
v -0.01106060 0.00536328 -0.00447253
v -0.01109308 0.00551357 -0.00434417
v -0.01112635 0.00559184 -0.00421893
v -0.01142496 0.00534137 -0.00348942
v -0.01137878 0.00562315 -0.00337358
v -0.01135060 0.00578909 -0.00326399
v -0.01131577 0.00589241 -0.00332348
v -0.01169618 0.00528188 -0.00080621
v -0.01160068 0.00461812 -0.00338610
v -0.00800598 0.01254250 -0.00256580
v -0.00582412 0.01309668 0.00333601
v -0.00557325 0.01335028 0.00316380
v -0.00568401 0.01325636 0.00321390
v -0.00563900 0.01319374 0.00336105
v -0.00573997 0.01316869 0.00331722
v -0.00572314 0.01309042 0.00344246
v -0.00584642 0.01302154 0.00344559
v -0.00593096 0.01296518 0.00342054
v -0.00589221 0.01292761 0.00352699
v -0.00664559 0.01171281 0.00435982
v -0.00704870 0.01114298 0.00463221
v -0.00710428 0.01101461 0.00472927
v -0.00698726 0.01110854 0.00475119
v -0.00703070 0.01099583 0.00483572
v -0.00691172 0.01128074 0.00461969
v -0.00686750 0.01120873 0.00474492
v -0.00673796 0.01146860 0.00457272
v -0.00885212 0.00994070 0.00358022
v -0.00883764 0.01012230 0.00341115
v -0.00867326 0.01039469 0.00332348
v -0.00879263 0.01028824 0.00328904
v -0.00895779 0.00984051 0.00353639
v -0.00937694 0.00852552 0.00423145
v -0.00952018 0.00840342 0.00415631
v -0.00938633 0.00834080 0.00439426
v -0.01063088 0.00705398 0.00394341
v -0.01067667 0.00689744 0.00400916
v -0.01072324 0.00676594 0.00404046
v -0.00561004 0.01399213 0.00178620
v -0.00578263 0.01400778 0.00151380
v -0.00547932 0.01340977 0.00312936
v -0.00545349 0.01335028 0.00324208
v -0.00696691 0.01288378 0.00213686
v -0.01077529 0.00708216 0.00368354
v -0.01068449 0.00712913 0.00379312
v -0.01075885 0.00701015 0.00380251
v -0.01073537 0.00693814 0.00389644
v -0.01080895 0.00690370 0.00381191
v -0.01085474 0.00693814 0.00365849
v -0.01086961 0.00680351 0.00377434
v -0.01078781 0.00681917 0.00391210
v -0.01079447 0.00673776 0.00396219
v -0.01060465 0.00717609 0.00387139
v -0.00787644 0.01174725 0.00271921
v -0.00776529 0.01276793 -0.00254388
v -0.00789405 0.01263017 -0.00260650
v -0.00793789 0.01262704 -0.00250631
v -0.00800990 0.01250493 -0.00264094
v -0.00499403 0.01338472 -0.00493591
v -0.00258400 0.01600218 -0.00133847
v -0.00240084 0.01607106 -0.00137291
v -0.00225094 0.01613055 -0.00137917
v -0.00212140 0.01619943 -0.00130403
v -0.00200830 0.01620569 -0.00142301
v -0.00194529 0.01625579 -0.00131656
v -0.00202082 0.01625892 -0.00119445
v -0.00217737 0.01622761 -0.00111618
v -0.00231239 0.01614934 -0.00123828
v -0.00231513 0.01618065 -0.00111618
v -0.00232139 0.01620569 -0.00099720
v -0.00216210 0.01627144 -0.00092519
v -0.00228303 0.01624013 -0.00088449
v -0.00238205 0.01620569 -0.00086883
v -0.00240162 0.01620882 -0.00074360
v -0.00248772 0.01616812 -0.00083126
v -0.00247872 0.01615247 -0.00095024
v -0.00244663 0.01613055 -0.00110991
v -0.00247206 0.01608046 -0.00125081
v -0.00261335 0.01603975 -0.00118506
v -0.00260826 0.01608046 -0.00102538
v -0.00274211 0.01600844 -0.00108487
v -0.00275698 0.01596461 -0.00120697
v -0.00284308 0.01597400 -0.00100972
v -0.00286147 0.01590199 -0.00124141
v -0.00275854 0.01592078 -0.00133221
v -0.00313191 0.01584877 -0.00078117
v -0.00299336 0.01592078 -0.00083752
v -0.00301646 0.01591765 -0.00069037
v -0.00287204 0.01598966 -0.00075925
v -0.00286617 0.01598027 -0.00089701
v -0.00274172 0.01603349 -0.00095337
v -0.00276402 0.01603975 -0.00083752
v -0.00262157 0.01610237 -0.00086257
v -0.00271432 0.01606793 -0.00070602
v -0.00254956 0.01614620 -0.00072794
v -0.00247206 0.01617751 -0.00063401
v -0.00259495 0.01612429 -0.00059644
v -0.00287087 0.01599279 -0.00059018
v -0.00278946 0.01602723 -0.00045555
v -0.00318044 0.01583311 -0.00062149
v -0.00316713 0.01584250 -0.00048373
v -0.00328298 0.01577989 -0.00050251
v -0.00331820 0.01575484 -0.00061210
v -0.00340195 0.01571101 -0.00053069
v -0.00338199 0.01572666 -0.00039919
v -0.00348296 0.01566717 -0.00045555
v -0.00373657 0.01550750 -0.00011741
v -0.00809169 0.01216053 0.00056513
v -0.00793867 0.01229829 0.00066845
v -0.00790775 0.01234213 0.00054635
v -0.00774025 0.01248302 0.00070602
v -0.00568949 0.01410484 0.00139170
v -0.00160441 0.01640607 -0.00098155
v -0.00150069 0.01641233 -0.00106921
v -0.00162593 0.01638102 -0.00112870
v -0.00135785 0.01643112 -0.00110678
v -0.00130305 0.01645304 -0.00100346
v -0.00123574 0.01646869 -0.00092519
v -0.00127762 0.01647182 -0.00082187
v -0.00115277 0.01648748 -0.00081248
v -0.00106080 0.01648121 -0.00094084
v -0.00120326 0.01645930 -0.00105356
v -0.00121187 0.01643425 -0.00121324
v -0.00104827 0.01646243 -0.00112557
v -0.00088664 0.01648121 -0.00102538
v -0.00088390 0.01649687 -0.00085318
v -0.00073322 0.01649374 -0.00092206
v -0.00101383 0.01649687 -0.00077491
v -0.00122126 0.01648121 -0.00070916
v -0.00136098 0.01646243 -0.00073420
v -0.00157897 0.01642486 -0.00085944
v -0.00172769 0.01639042 -0.00086883
v -0.00174882 0.01639355 -0.00070916
v -0.00187327 0.01636224 -0.00079056
v -0.00200282 0.01632467 -0.00086257
v -0.00198442 0.01630275 -0.00103790
v -0.00187327 0.01634972 -0.00092206
v -0.00177582 0.01635598 -0.00104730
v -0.00187445 0.01630588 -0.00118506
v -0.00178013 0.01630275 -0.00132595
v -0.00186584 0.01624639 -0.00145432
v -0.00175782 0.01628397 -0.00143553
v -0.00164472 0.01631841 -0.00141988
v -0.00163337 0.01635285 -0.00126959
v -0.00173825 0.01634032 -0.00119132
v -0.00149991 0.01639355 -0.00120071
v -0.00136919 0.01639981 -0.00128212
v -0.00151048 0.01636537 -0.00134473
v -0.00140011 0.01636850 -0.00142614
v -0.00123261 0.01639981 -0.00139796
v -0.00105806 0.01643425 -0.00130716
v -0.00107293 0.01640607 -0.00146684
v -0.00119191 0.01637789 -0.00153885
v -0.00132458 0.01635911 -0.00153572
v -0.00144786 0.01634032 -0.00152633
v -0.00151557 0.01634032 -0.00145745
v -0.00157388 0.01629962 -0.00156703
v -0.00139502 0.01628397 -0.00178306
v -0.00124826 0.01633719 -0.00167661
v -0.00123652 0.01629336 -0.00185194
v -0.00139307 0.01623700 -0.00193961
v -0.00150343 0.01624013 -0.00185508
v -0.00153670 0.01619943 -0.00195213
v -0.00146469 0.01619630 -0.00201162
v -0.00138368 0.01618065 -0.00208676
v -0.00122713 0.01624326 -0.00201162
v -0.00121304 0.01618378 -0.00216191
v -0.00105845 0.01624326 -0.00208676
v -0.00107137 0.01629649 -0.00192709
v -0.00108154 0.01634032 -0.00176428
v -0.00091717 0.01634345 -0.00183316
v -0.00093165 0.01638102 -0.00167035
v -0.00108076 0.01637789 -0.00161086
v -0.00095748 0.01640294 -0.00153885
v -0.00078723 0.01641546 -0.00153885
v -0.00091443 0.01643112 -0.00140422
v -0.00074144 0.01644991 -0.00135100
v -0.00059820 0.01644051 -0.00144492
v -0.00058098 0.01646243 -0.00128212
v -0.00043696 0.01645617 -0.00135100
v -0.00043853 0.01643425 -0.00151694
v -0.00060212 0.01641233 -0.00162026
v -0.00076336 0.01638102 -0.00172671
v -0.00074849 0.01634032 -0.00189891
v -0.00042131 0.01637476 -0.00185821
v -0.00056259 0.01629023 -0.00212747
v -0.00040878 0.01633406 -0.00202728
v -0.00039665 0.01628397 -0.00219009
v -0.00054302 0.01623387 -0.00227775
v -0.00019079 0.01621509 -0.00239986
v -0.00052697 0.01619317 -0.00237794
v -0.00001272 0.01621822 -0.00242804
v -0.00006438 0.01627457 -0.00229028
v 0.00011956 0.01628083 -0.00230280
v 0.00015674 0.01620882 -0.00247187
v 0.00029803 0.01626205 -0.00236855
v 0.00029685 0.01632467 -0.00220887
v 0.00014187 0.01633719 -0.00214625
v 0.00039391 0.01636224 -0.00209929
v 0.00044322 0.01633719 -0.00218695
v 0.00041348 0.01630275 -0.00228714
v 0.00046396 0.01624953 -0.00240925
v 0.00054693 0.01636850 -0.00208050
v 0.00041426 0.01638729 -0.00196779
v 0.00060720 0.01642486 -0.00170166
v 0.00075318 0.01641860 -0.00176428
v 0.00089956 0.01641860 -0.00149502
v 0.00091482 0.01641860 -0.00167035
v 0.00077001 0.01640607 -0.00190830
v 0.00068822 0.01638729 -0.00200849
v 0.00072501 0.01635285 -0.00214625
v 0.00080132 0.01638416 -0.00202102
v 0.00091795 0.01635285 -0.00210555
v 0.00033873 0.01618378 -0.00253762
v -0.00121656 0.01609611 -0.00231532
v -0.00101579 0.01609611 -0.00239360
v -0.00083850 0.01608985 -0.00246248
v -0.00086159 0.01617125 -0.00231219
v -0.00070974 0.01623700 -0.00222453
v -0.00088586 0.01624013 -0.00215565
v -0.00104358 0.01617751 -0.00224018
v -0.00134062 0.01612742 -0.00221200
v -0.00138524 0.01606793 -0.00229028
v -0.00176095 0.01608359 -0.00203667
v -0.00168150 0.01613994 -0.00197718
v -0.00154179 0.01614934 -0.00205859
v -0.00163063 0.01620256 -0.00185508
v -0.00178561 0.01615247 -0.00184881
v -0.00182748 0.01608985 -0.00196466
v -0.00206426 0.01604288 -0.00183316
v -0.00191359 0.01609298 -0.00187386
v -0.00180831 0.01618065 -0.00175176
v -0.00181300 0.01620882 -0.00165157
v -0.00197699 0.01617438 -0.00157016
v -0.00214136 0.01610863 -0.00157955
v -0.00184901 0.01622448 -0.00155451
v -0.00174060 0.01626205 -0.00153572
v -0.00168033 0.01624953 -0.00164843
v -0.00171321 0.01621195 -0.00174862
v -0.00222472 0.01604602 -0.00165157
v -0.00236874 0.01598653 -0.00163904
v 0.00008356 0.01639668 -0.00185821
v 0.00011800 0.01636850 -0.00200849
v 0.00002524 0.01634345 -0.00210242
v -0.00026398 0.01640294 -0.00175176
v 0.00002524 0.01631528 -0.00219948
v -0.00057668 0.01647808 -0.00113183
v -0.00069839 0.01646869 -0.00121324
v -0.00086746 0.01646243 -0.00121637
v -0.00072422 0.01648121 -0.00108174
v -0.00058333 0.01649061 -0.00098155
v -0.00149756 0.01609298 -0.00219009
v -0.00679627 0.01365085 -0.00218069
v -0.00223216 0.01626518 -0.00082187
v -0.00090308 0.01629649 -0.00199597
v -0.00817975 0.01012543 -0.00604426
v -0.00826585 0.01193197 0.00076238
v -0.00267910 0.01598340 -0.00126646
v 0.00106119 0.01640607 -0.00166409
v 0.00095161 0.01422068 -0.00559341
v 0.00081933 0.01429269 -0.00552453
v 0.00085063 0.01417998 -0.00568420
v 0.00097039 0.01412989 -0.00572491
v 0.00095396 0.01377609 -0.00621333
v 0.00106315 0.01364459 -0.00638240
v 0.00124004 0.01359450 -0.00643563
v 0.00122048 0.01354440 -0.00651390
v 0.00127644 0.01354440 -0.00649824
v 0.00127605 0.01350057 -0.00655773
v 0.00133906 0.01345674 -0.00659217
v 0.00141068 0.01342230 -0.00660157
v 0.00135745 0.01340038 -0.00666105
v 0.00143534 0.01334089 -0.00669549
v 0.00127996 0.01343169 -0.00664540
v 0.00121500 0.01338786 -0.00669862
v 0.00135941 0.01324383 -0.00684891
v 0.00142320 0.01326575 -0.00679881
v 0.00131597 0.01315930 -0.00694597
v 0.00144160 0.01308729 -0.00700232
v 0.00150148 0.01310607 -0.00696162
v 0.00156214 0.01311546 -0.00691779
v 0.00154688 0.01303406 -0.00702111
v 0.00146391 0.01299023 -0.00709938
v 0.00157036 0.01293074 -0.00712443
v 0.00171634 0.01288378 -0.00709312
v 0.00162358 0.01296831 -0.00705555
v 0.00165607 0.01301841 -0.00697415
v 0.00166350 0.01310920 -0.00685204
v 0.00155079 0.01336907 -0.00657339
v 0.00151478 0.01349431 -0.00641371
v 0.00143220 0.01358197 -0.00634170
v 0.00136137 0.01359763 -0.00636988
v 0.00195507 0.01275228 -0.00708686
v 0.00194294 0.01259260 -0.00728411
v 0.00209127 0.01255503 -0.00722462
v 0.00215114 0.01263956 -0.00708060
v 0.00221885 0.01238909 -0.00732794
v 0.00203921 0.01244231 -0.00739369
v 0.00185058 0.01251120 -0.00743752
v 0.00196290 0.01233899 -0.00756276
v 0.00216210 0.01226072 -0.00751580
v 0.00205409 0.01218558 -0.00767547
v 0.00193628 0.01225133 -0.00767861
v 0.00182592 0.01240161 -0.00757528
v 0.00140677 0.01610237 -0.00239360
v 0.00152965 0.01609924 -0.00229028
v 0.00160088 0.01612116 -0.00215565
v 0.00108585 0.01620256 -0.00242177
v 0.00117977 0.01624639 -0.00228088
v 0.00111128 0.01631214 -0.00213060
v 0.00098566 0.01629023 -0.00228714
v 0.00106315 0.01636537 -0.00197405
v 0.00090738 0.01639355 -0.00193961
v 0.00083498 0.01631841 -0.00224018
v 0.00072148 0.01630588 -0.00229028
v 0.00094417 0.01624013 -0.00243743
v 0.00023267 0.01549497 -0.00384322
v 0.00168424 0.01614307 -0.00190204
v 0.00130618 0.01361328 -0.00637927
v -0.01157681 0.00239829 0.00338297
v -0.01158581 0.00257049 0.00332348
v -0.01160146 0.00277713 0.00316694
v -0.00525429 0.01303719 -0.00541494
v -0.00513375 0.01314364 -0.00531788
v -0.00513414 0.01331271 -0.00494217
v -0.00527855 0.01295892 -0.00552766
v -0.00524646 0.01288378 -0.00568107
v -0.00552746 0.01259573 -0.00591902
v -0.00569183 0.01254250 -0.00581257
v -0.00585386 0.01239848 -0.00586267
v -0.00588439 0.01224507 -0.00606931
v -0.00573958 0.01242979 -0.00596599
v -0.00575837 0.01222002 -0.00626029
v -0.00560691 0.01244858 -0.00609435
v -0.00549811 0.01248615 -0.00613819
v -0.00558499 0.01238596 -0.00621020
v -0.00545623 0.01242353 -0.00626656
v -0.00554272 0.01227638 -0.00640432
v -0.00562335 0.01219497 -0.00644189
v -0.00573410 0.01204156 -0.00654521
v -0.00560221 0.01208852 -0.00659843
v -0.00566131 0.01197894 -0.00669236
v -0.00554625 0.01200085 -0.00674246
v -0.00563939 0.01190380 -0.00679568
v -0.00574193 0.01190693 -0.00671115
v -0.00603037 0.01183491 -0.00648259
v -0.00604328 0.01196954 -0.00627282
v -0.00581277 0.01201338 -0.00649511
v -0.00703931 0.01161575 -0.00551513
v -0.00715163 0.01147486 -0.00558714
v -0.00628319 0.01144042 -0.00673620
v -0.00620178 0.01135275 -0.00693971
v -0.00609964 0.01022249 -0.00832045
v -0.00621392 0.01018491 -0.00829227
v -0.00621705 0.01012856 -0.00835489
v -0.00612038 0.01010038 -0.00843003
v -0.00622057 0.01004089 -0.00843003
v -0.00600532 0.01014108 -0.00844255
v -0.00589495 0.01006907 -0.00853335
v -0.00198951 0.01188188 -0.00802927
v -0.00201104 0.01159070 -0.00837054
v -0.00188697 0.01165019 -0.00834862
v -0.00185958 0.01157192 -0.00843316
v -0.00197581 0.01146860 -0.00850204
v -0.00193354 0.01134336 -0.00863667
v -0.00190654 0.01123378 -0.00872747
v -0.00206035 0.01069839 -0.00907813
v -0.00226738 0.00940844 -0.00987026
v -0.00663620 0.00766765 -0.00956343
v -0.00632467 0.00859440 -0.00926599
v -0.00638534 0.00856935 -0.00925972
v -0.00642095 0.00864763 -0.00920650
v -0.00596540 0.00956499 -0.00888714
v -0.00599436 0.00944915 -0.00894350
v -0.00621313 0.00948985 -0.00884331
v -0.00629023 0.00954934 -0.00875565
v -0.00617322 0.00960569 -0.00879322
v -0.00609025 0.00953055 -0.00887775
v -0.00603506 0.00964326 -0.00881826
v -0.00612703 0.00971214 -0.00873060
v -0.00625305 0.00966518 -0.00870242
v -0.00621666 0.00980294 -0.00861788
v -0.00628671 0.00992192 -0.00848325
v -0.00632585 0.01004089 -0.00835176
v -0.00644052 0.00999080 -0.00827974
v -0.00640177 0.00993757 -0.00837680
v -0.00698021 0.00978416 -0.00788838
v -0.00804434 0.01006594 -0.00631039
v -0.00802868 0.00994696 -0.00645754
v -0.00811596 0.00991879 -0.00637614
v -0.00812535 0.01000019 -0.00627282
v -0.00822554 0.00988121 -0.00622585
v -0.00819814 0.00971841 -0.00643250
v -0.00711054 0.00934583 -0.00820147
v -0.00702287 0.00945541 -0.00820460
v -0.00699978 0.00936461 -0.00830792
v -0.00709762 0.00924564 -0.00829853
v -0.00693834 0.00930825 -0.00840498
v -0.00687846 0.00951803 -0.00829853
v -0.00676144 0.00952429 -0.00839559
v -0.00634620 0.00979668 -0.00854274
v -0.00634268 0.00969962 -0.00861475
v -0.00767371 0.00813102 -0.00853022
v -0.00837348 0.00941784 -0.00640432
v -0.00827837 0.00948985 -0.00650451
v -0.00818875 0.00960256 -0.00654521
v -0.00826507 0.00995949 -0.00607870
v -0.00817701 0.01005028 -0.00613506
v -0.00809248 0.01018805 -0.00610375
v -0.00804081 0.01031641 -0.00599730
v -0.00719781 0.01138093 -0.00567481
v -0.00747803 0.01109602 -0.00574369
v -0.00748390 0.01104279 -0.00582196
v -0.00758174 0.01097078 -0.00577187
v -0.00660607 0.01086120 -0.00706807
v -0.00644365 0.01114298 -0.00692718
v -0.00633015 0.01129953 -0.00687396
v -0.00620805 0.01142789 -0.00683952
v -0.00767450 0.00665636 -0.00935991
v -0.00757509 0.00667201 -0.00945071
v -0.00752421 0.00652799 -0.00954151
v -0.00744281 0.00669080 -0.00955090
v -0.00739976 0.00655617 -0.00962604
v -0.00728900 0.00661879 -0.00967614
v -0.00712032 0.00667201 -0.00974502
v -0.00707923 0.00695693 -0.00967301
v -0.00726474 0.00676594 -0.00964170
v -0.00717472 0.00705085 -0.00958534
v -0.00737197 0.00685047 -0.00953838
v -0.00747881 0.00688805 -0.00943819
v -0.00763419 0.00678786 -0.00934426
v -0.00758566 0.00692875 -0.00932234
v -0.00745416 0.00713852 -0.00933174
v -0.00719938 0.00724184 -0.00949141
v -0.00729878 0.00731072 -0.00938183
v -0.00739115 0.00736082 -0.00926912
v -0.00727804 0.00745787 -0.00931608
v -0.00718020 0.00738899 -0.00943506
v -0.00716611 0.00749545 -0.00938183
v -0.00708940 0.00727941 -0.00953838
v -0.00643621 0.00677846 -0.01003306
v -0.00644874 0.00691935 -0.00997984
v -0.00636851 0.00698510 -0.00999236
v -0.00622840 0.00712287 -0.00998610
v -0.00614738 0.00701328 -0.01006437
v -0.00609846 0.00688178 -0.01013012
v -0.00624210 0.00689744 -0.01008003
v -0.00617674 0.00680038 -0.01013325
v -0.00606520 0.00672837 -0.01018335
v -0.00619944 0.00670645 -0.01015204
v -0.00631606 0.00681917 -0.01007690
v -0.00615991 0.00658435 -0.01018335
v -0.00637164 0.00654991 -0.01011447
v -0.00628828 0.00701015 -0.01001741
v -0.00678609 0.00971528 -0.00819521
v -0.00695869 0.00956186 -0.00817016
v -0.00550828 0.01191319 -0.00686143
v -0.00543353 0.01200398 -0.00680194
v -0.00546523 0.01227011 -0.00646380
v -0.00533882 0.01232647 -0.00645754
v -0.00521789 0.01239535 -0.00641684
v -0.00541827 0.01237030 -0.00636988
v -0.00711915 0.00739526 -0.00947263
v -0.00803416 0.00694753 -0.00882139
v -0.00777508 0.00737647 -0.00889341
v -0.00786392 0.00732011 -0.00883392
v -0.00793241 0.00711034 -0.00886523
v -0.00807799 0.00709156 -0.00868990
v -0.00797467 0.00721992 -0.00875565
v -0.00794689 0.00740778 -0.00867737
v -0.00773985 0.00794317 -0.00860223
v -0.00780091 0.00767078 -0.00869929
v -0.00787292 0.00747353 -0.00873686
v -0.00771363 0.00770209 -0.00877443
v -0.00766236 0.00797135 -0.00866485
v -0.00757391 0.00807154 -0.00867424
v -0.00647887 0.00875408 -0.00911883
v -0.00814100 0.00716357 -0.00855840
v -0.00817584 0.00707903 -0.00855527
v -0.00180596 0.01166898 -0.00833923
v -0.00379488 0.01278359 -0.00631352
v -0.00802125 0.01026632 -0.00610062
v -0.00868344 0.00825939 -0.00692092
v -0.00873432 0.00808719 -0.00697415
v -0.00881259 0.00812476 -0.00680821
v -0.00890965 0.00791186 -0.00680508
v -0.00883803 0.00783985 -0.00699293
v -0.00885877 0.00741091 -0.00729350
v -0.00889712 0.00712287 -0.00741874
v -0.00894331 0.00721053 -0.00728724
v -0.00887834 0.00724810 -0.00737804
v -0.01097567 0.00577030 -0.00446001
v -0.00952918 0.00499070 -0.00743752
v -0.01158659 0.00447410 -0.00355204
v -0.01164491 0.00436452 -0.00337358
v -0.01176897 0.00336262 -0.00350508
v -0.01185507 0.00281784 -0.00338923
v -0.01186290 0.00270199 -0.00339549
v -0.01186877 0.00286480 -0.00325773
v -0.01185350 0.00306518 -0.00324521
v -0.01201083 0.00382287 -0.00053695
v -0.01198579 0.00402951 -0.00052130
v -0.01199988 0.00421423 -0.00080935
v -0.01201201 0.00418918 -0.00096589
v -0.01220808 0.00083909 0.00014559
v -0.01222922 0.00093928 -0.00001409
v -0.01221043 0.00109269 0.00004540
v -0.01218812 0.00162495 -0.00018942
v -0.01217403 0.00171888 -0.00011428
v -0.01216347 0.00165939 0.00003601
v -0.01233606 0.00006575 -0.00144806
v -0.01235093 -0.00005009 -0.00134160
v -0.01235524 0.00019725 -0.00119445
v -0.01234389 0.00031622 -0.00114749
v -0.01234819 0.00025674 -0.00124454
v -0.01232236 0.00048529 -0.00088762
v -0.01224683 0.00083909 -0.00014246
v -0.01225818 0.00089231 -0.00030213
v -0.01223196 0.00078273 0.00001409
v -0.01150871 0.00112713 -0.00507054
v -0.01156585 0.00112087 -0.00494217
v -0.01159364 0.00116784 -0.00485138
v -0.01147075 0.00180655 -0.00511437
v -0.01147505 0.00195057 -0.00508933
v -0.01144883 0.00209772 -0.00509246
v -0.01149932 0.00206015 -0.00500166
v -0.01152084 0.00197875 -0.00496096
v -0.01181985 0.00202571 -0.00376181
v -0.01161321 0.00263311 -0.00441618
v -0.01163473 0.00282097 -0.00427528
v -0.01169304 0.00276461 -0.00409369
v -0.01170205 0.00294620 -0.00400289
v -0.01164804 0.00301822 -0.00413439
v -0.01158033 0.00291490 -0.00438174
v -0.01174118 0.00300256 -0.00383382
v -0.01173805 0.00288046 -0.00388705
v -0.01173101 0.00336575 -0.00369606
v -0.01170557 0.00347846 -0.00372737
v -0.01172944 0.00351917 -0.00361153
v -0.01154863 0.00258615 -0.00463221
v -0.01157916 0.00245778 -0.00459464
v -0.01161986 0.00112400 -0.00475432
v -0.01153767 0.00091423 -0.00500792
v -0.01148914 0.00084535 -0.00511437
v -0.01152906 0.00070133 -0.00502671
v -0.01185037 0.00193178 -0.00364597
v -0.01205232 0.00245152 0.00025830
v -0.00506839 0.00435512 -0.01085024
v -0.00511066 0.00449915 -0.01081893
v -0.00491419 0.00428624 -0.01089720
v -0.00512983 0.00417353 -0.01085963
v -0.00518267 0.00402638 -0.01086589
v -0.00522846 0.00115218 -0.01116959
v -0.00519754 0.00103008 -0.01118525
v -0.00523159 0.00091736 -0.01117585
v -0.00534156 0.00101442 -0.01115081
v -0.00533921 0.00115844 -0.01114141
v -0.00548558 0.00108956 -0.01110384
v -0.00550789 0.00093928 -0.01110071
v -0.00563861 0.00102068 -0.01105062
v -0.00561160 0.00117410 -0.01105062
v -0.00538109 0.00087040 -0.01113828
v -0.00339765 0.00491243 -0.01113202
v -0.00350253 0.00495000 -0.01110697
v -0.00345674 0.00502827 -0.01110384
v -0.00344226 0.00170949 -0.01152026
v -0.00354832 0.00163748 -0.01151399
v -0.00358394 0.00172514 -0.01150460
v -0.00060720 0.00860380 -0.01054967
v -0.00068587 0.00852239 -0.01058098
v -0.00082128 0.00854744 -0.01056532
v -0.00076806 0.00868833 -0.01051210
v -0.00091717 0.00857875 -0.01053714
v -0.00089799 0.00845977 -0.01058098
v -0.00093869 0.00871338 -0.01048079
v -0.00093047 0.00883861 -0.01042130
v -0.00101305 0.00898577 -0.01033363
v -0.00086903 0.00897011 -0.01036807
v -0.00081541 0.00885427 -0.01043069
v -0.00072892 0.00894507 -0.01039312
v -0.00066317 0.00882296 -0.01044948
v -0.00078723 0.00914545 -0.01026788
v -0.00091599 0.00907970 -0.01029606
v -0.00212688 0.00984364 -0.00964170
v -0.00209205 0.00974972 -0.00971371
v -0.00211984 0.00959943 -0.00979824
v -0.00211553 0.00941157 -0.00990470
v -0.00225407 0.00924564 -0.00996418
v -0.00599906 0.00698510 -0.01011447
v -0.00596697 0.00685047 -0.01016769
v -0.00329433 0.00560436 -0.01100678
v -0.00319179 0.00554488 -0.01103809
v 0.00024637 0.00286167 -0.01173003
v 0.00039039 0.00314658 -0.01170185
v -0.00011213 0.00744222 -0.01094417
v -0.00029607 0.00747979 -0.01094103
v -0.00015126 0.00735455 -0.01097861
v -0.00007377 0.00737334 -0.01096608
v -0.00033677 0.00620550 -0.01135119
v -0.00042952 0.00633387 -0.01131048
v -0.00049371 0.00623368 -0.01134179
v -0.00060173 0.00618672 -0.01134179
v -0.00065808 0.00670332 -0.01117585
v -0.00049488 0.00700702 -0.01109758
v -0.00046944 0.00590180 -0.01142633
v -0.00032699 0.00585797 -0.01143259
v -0.00034616 0.00602391 -0.01140441
v -0.00051876 0.00600512 -0.01140128
v -0.00023541 0.00612410 -0.01136684
v -0.00017592 0.00576717 -0.01142633
v -0.00022562 0.00592685 -0.01141067
v 0.00018218 0.00304013 -0.01173629
v 0.00039782 0.00323112 -0.01169246
v -0.00682327 0.00149972 -0.01053401
v -0.00827094 0.00483729 -0.00925659
v -0.00831947 0.00472457 -0.00922842
v -0.00818993 0.00480598 -0.00933174
v -0.00782087 0.00496879 -0.00962917
v -0.00760405 0.00508776 -0.00976067
v -0.00765728 0.00519734 -0.00971684
v -0.00757078 0.00532258 -0.00975441
v -0.00755787 0.00545721 -0.00974502
v -0.00778212 0.00559810 -0.00956029
v -0.00789640 0.00562002 -0.00946010
v -0.00806625 0.00562628 -0.00930356
v -0.00798876 0.00543216 -0.00941627
v -0.00782791 0.00548852 -0.00954777
v -0.00767058 0.00553548 -0.00965735
v -0.00771637 0.00530693 -0.00966675
v -0.00792458 0.00511907 -0.00952585
v -0.00822241 0.00562315 -0.00915327
v -0.00815666 0.00576404 -0.00917832
v -0.00824824 0.00571708 -0.00910318
v -0.00825724 0.00579535 -0.00905935
v -0.00829012 0.00570142 -0.00905621
v -0.00831360 0.00584231 -0.00895916
v -0.00833356 0.00575778 -0.00896542
v -0.00803964 0.00574526 -0.00929730
v -0.00718920 0.00653738 -0.00974502
v -0.00742950 0.00646224 -0.00962604
v -0.00765375 0.00653425 -0.00942566
v -0.00678140 0.00133378 -0.01056845
v -0.00701387 0.00131812 -0.01047766
v -0.00694108 0.00116471 -0.01051836
v -0.00796254 0.00161556 -0.00987965
v -0.00778408 0.00060740 -0.01012073
v -0.00769406 0.00062619 -0.01018961
v -0.00772733 0.00052913 -0.01017396
v -0.00771050 0.00041328 -0.01018335
v -0.00757861 0.00034127 -0.01026475
v -0.00761188 0.00054165 -0.01024597
v -0.00760914 0.00070446 -0.01023344
v -0.00749838 0.00065750 -0.01029919
v -0.00741972 0.00107078 -0.01030546
v -0.00721738 0.00109269 -0.01040565
v -0.00740915 0.00063245 -0.01034616
v -0.00745220 0.00051660 -0.01033050
v -0.00735397 0.00046338 -0.01037434
v -0.00746746 0.00117097 -0.01026788
v -0.00741619 0.00035380 -0.01034929
v -0.00748351 0.00023795 -0.01031485
v -0.00763419 0.00022856 -0.01022718
v -0.00751521 0.00042894 -0.01029919
v -0.00050975 0.00208520 -0.01170811
v -0.00782400 0.00516917 -0.00960100
v -0.00774964 0.00507524 -0.00967301
v -0.00057433 0.00677533 -0.01116646
v 0.00264113 -0.01419250 0.00612566
v 0.00307203 -0.01415180 0.00619768
v 0.00327671 -0.01393264 0.00658904
v 0.00319179 -0.01393890 0.00660783
v 0.00311234 -0.01389194 0.00672993
v 0.00298515 -0.01387002 0.00676124
v 0.00311664 -0.01380740 0.00687396
v 0.00296401 -0.01378235 0.00690840
v 0.00271080 -0.01383871 0.00677690
v 0.00276755 -0.01370095 0.00699293
v 0.00248498 -0.01380740 0.00678003
v 0.00235974 -0.01365085 0.00698354
v 0.00223842 -0.01368843 0.00688961
v 0.00258595 -0.01394516 0.00657652
v 0.00266383 -0.01413302 0.00626029
v 0.00278516 -0.01417685 0.00619768
v 0.00291783 -0.01416746 0.00621020
v 0.00299650 -0.01421755 0.00607870
v 0.00282195 -0.01412049 0.00630726
v 0.00216758 -0.01324070 0.00740935
v 0.00224625 -0.01334715 0.00732168
v 0.00214136 -0.01342230 0.00721210
v 0.00245328 -0.01348805 0.00720270
v 0.00293662 -0.01355380 0.00722775
v 0.00297223 -0.01346300 0.00734046
v 0.00303289 -0.01338159 0.00741561
v 0.00312134 -0.01349431 0.00731542
v 0.00309395 -0.01359450 0.00719331
v 0.00302780 -0.01367277 0.00708060
v 0.00317535 -0.01367590 0.00706181
v 0.00320196 -0.01357258 0.00720270
v 0.00328415 -0.01350370 0.00727472
v 0.00342465 -0.01348491 0.00723714
v 0.00336673 -0.01339412 0.00737804
v 0.00324697 -0.01343482 0.00737177
v 0.00327202 -0.01337846 0.00742813
v 0.00317848 -0.01337846 0.00743126
v 0.00316831 -0.01315617 0.00761286
v 0.00323601 -0.01303406 0.00771618
v 0.00261687 -0.01266774 0.00797291
v 0.00333894 -0.01314364 0.00762225
v 0.00342935 -0.01325636 0.00749701
v 0.00392325 -0.01204469 0.00843316
v 0.00377179 -0.01206347 0.00846447
v 0.00375222 -0.01198833 0.00853335
v 0.00396904 -0.01191319 0.00853022
v 0.00378392 -0.01189753 0.00859910
v 0.00404223 -0.01176917 0.00861162
v 0.00361681 -0.01190380 0.00861475
v 0.00361368 -0.01166584 0.00878382
v 0.00338199 -0.01191319 0.00860849
v 0.00331468 -0.01182552 0.00867424
v 0.00345439 -0.01131831 0.00904369
v 0.00359763 -0.01124943 0.00907813
v 0.00341330 -0.01120247 0.00912196
v 0.00359215 -0.01113672 0.00915014
v 0.00370722 -0.01114611 0.00912196
v 0.00374988 -0.01097078 0.00921902
v 0.00359137 -0.01099269 0.00922528
v 0.00330998 -0.01105218 0.00921276
v 0.00318513 -0.01114924 0.00915640
v 0.00278907 -0.01023501 0.00967927
v 0.00282586 -0.01045104 0.00956029
v 0.00269945 -0.01093008 0.00926599
v 0.00257421 -0.01077353 0.00935678
v 0.00268692 -0.01054810 0.00950707
v 0.00248733 -0.01051992 0.00950707
v 0.00263292 -0.01040721 0.00958847
v 0.00260239 -0.01017239 0.00971058
v 0.00276246 -0.01000958 0.00979511
v 0.00260591 -0.00996575 0.00981703
v 0.00294836 -0.00927694 0.01013952
v 0.00279690 -0.00932078 0.01012386
v 0.00140872 -0.01186309 0.00851456
v 0.00136959 -0.01173472 0.00860849
v 0.00150735 -0.01178482 0.00859597
v 0.00147565 -0.01165332 0.00868363
v 0.00134376 -0.01161888 0.00868676
v 0.00142790 -0.01150930 0.00877130
v 0.00184470 -0.01163454 0.00874625
v 0.00194803 -0.01154374 0.00882139
v 0.00195898 -0.01166584 0.00873999
v 0.00208774 -0.01162827 0.00877443
v 0.00210418 -0.01153121 0.00884331
v 0.00210183 -0.01139032 0.00893098
v 0.00319374 -0.01126822 0.00908126
v 0.00119856 -0.01049801 0.00938183
v 0.00136685 -0.01056063 0.00936305
v 0.00149013 -0.01036025 0.00949768
v 0.00364890 -0.01199146 0.00854900
v 0.00293740 -0.00911414 0.01020840
v 0.00300471 -0.00902334 0.01023657
v 0.00325362 -0.00847543 0.01039312
v 0.00323366 -0.01386063 0.00674246
v 0.00322584 -0.01376044 0.00692405
v 0.00307947 -0.01374478 0.00698354
v 0.00230887 -0.01355066 0.00709938
v 0.00209087 -0.01358824 0.00698980
v 0.00421325 -0.01179421 0.00853961
v 0.00391934 -0.01169089 0.00870242
v -0.01074750 -0.00149345 0.00513003
v -0.01067158 -0.00152789 0.00527092
v -0.01066923 -0.00107391 0.00541807
v -0.01072637 -0.00096746 0.00535232
v -0.01077920 -0.00090797 0.00526466
v -0.01083634 -0.00081404 0.00515821
v -0.01105081 0.00169383 0.00540242
v -0.01107782 0.00180655 0.00537737
v -0.01109308 0.00171575 0.00533667
v -0.01119210 0.00190674 0.00509872
v -0.01115100 0.00198188 0.00523022
v -0.01108877 0.00191926 0.00537111
v -0.01113222 0.00221670 0.00529284
v -0.01105160 0.00222296 0.00546191
v -0.01108956 0.00238577 0.00537737
v -0.01116940 0.00232002 0.00520830
v -0.01111891 0.00251101 0.00528344
v -0.01103203 0.00253605 0.00544625
v -0.01101324 0.00237638 0.00551826
v -0.01098741 0.00225740 0.00555897
v -0.00870496 0.00309336 0.00847073
v -0.00863178 0.00311214 0.00854900
v -0.00867444 0.00298691 0.00853648
v -0.00853041 0.00299630 0.00866798
v -0.00854450 0.00324991 0.00858031
v -0.00842592 0.00473397 0.00817016
v -0.00843179 0.00491556 0.00807310
v -0.00851359 0.00471831 0.00810754
v -0.00863530 0.00470579 0.00799170
v -0.00867796 0.00459620 0.00799483
v -0.00860086 0.00454924 0.00809189
v -0.00851163 0.00445218 0.00821086
v -0.00856133 0.00433008 0.00821399
v -0.00860516 0.00440522 0.00814824
v -0.00892765 0.00394184 0.00794787
v -0.00896522 0.00387922 0.00791656
v -0.01096745 0.00487486 0.00479815
v -0.01084182 0.00485920 0.00497661
v -0.00824980 -0.00051973 0.00955716
v -0.00827055 -0.00037884 0.00954151
v -0.00817349 -0.00043520 0.00963857
v -0.00815979 -0.00057296 0.00965422
v -0.00818171 -0.00029431 0.00961665
v -0.00722951 0.00089858 0.01025536
v -0.00726317 0.00062932 0.01028354
v -0.00718842 0.00070759 0.01033050
v -0.00716611 0.00052600 0.01037120
v -0.00700174 0.00045712 0.01049018
v -0.00691838 0.00035380 0.01054341
v -0.00670078 0.00052287 0.01061542
v -0.00686554 0.00047590 0.01056532
v -0.00692816 0.00057922 0.01052462
v -0.00678492 0.00065436 0.01057785
v -0.00705066 0.00065436 0.01043382
v -0.00710154 0.00080778 0.01037120
v -0.00708432 0.00102068 0.01032424
v -0.00694929 0.00124611 0.01035242
v -0.00681897 0.00123985 0.01043695
v -0.00677044 0.00102068 0.01051523
v -0.00665538 0.00089545 0.01059350
v -0.00653484 0.00105825 0.01060289
v -0.00651644 0.00089545 0.01064046
v -0.00643543 0.00103008 0.01064046
v -0.00652701 0.00059488 0.01065925
v -0.00637164 -0.00208833 0.01071874
v -0.00640021 -0.00189108 0.01072187
v -0.00663816 -0.00198188 0.01067177
v -0.00660137 -0.00171262 0.01069056
v -0.00645735 -0.00158112 0.01071874
v -0.00661781 -0.00145588 0.01068743
v -0.00659980 -0.00118975 0.01068743
v -0.00672935 -0.00113653 0.01065299
v -0.00672387 -0.00137448 0.01065925
v -0.00681780 -0.00128994 0.01062481
v -0.00686319 -0.00107704 0.01060289
v -0.00693521 -0.00131186 0.01057158
v -0.00683541 -0.00149658 0.01062168
v -0.00676066 -0.00165313 0.01064673
v -0.00675752 -0.00187856 0.01064046
v -0.00680605 -0.00210398 0.01060916
v -0.00689685 -0.00205076 0.01057158
v -0.00695125 -0.00193491 0.01054967
v -0.00685615 -0.00171888 0.01060602
v -0.00704909 -0.00179089 0.01049957
v -0.00691525 -0.00158425 0.01058098
v -0.00705692 -0.00137135 0.01049957
v -0.00724869 -0.00074516 0.01038060
v -0.00738019 -0.00072951 0.01028980
v -0.00720329 -0.00055104 0.01041191
v -0.00727804 -0.00049156 0.01036181
v -0.00711210 0.00009393 0.01044009
v -0.00696808 -0.00008454 0.01053088
v -0.00710858 -0.00044146 0.01046826
v -0.00702405 -0.00065123 0.01051523
v -0.00712893 -0.00067941 0.01045887
v -0.00813474 -0.00068567 0.00967301
v -0.00807330 -0.00118036 0.00970745
v -0.00800481 -0.00167818 0.00973563
v -0.00804669 -0.00177524 0.00969179
v -0.00796841 -0.00185664 0.00975441
v -0.00794297 -0.00208520 0.00975128
v -0.00804121 -0.00198188 0.00967301
v -0.00805960 -0.00212903 0.00961352
v -0.00804121 -0.00232315 0.00958221
v -0.00802281 -0.00248596 0.00955716
v -0.00800598 -0.00221357 0.00967927
v -0.00729996 -0.00169383 0.01032111
v -0.00718959 -0.00176271 0.01040878
v -0.00716963 -0.00190047 0.01041817
v -0.00647965 -0.00244213 0.01067804
v -0.00635794 -0.00247030 0.01069995
v -0.00660333 -0.00260180 0.01063420
v -0.00701465 -0.00279905 0.01044635
v -0.00692542 -0.00289611 0.01048705
v -0.00682367 -0.00293368 0.01053088
v -0.00698726 -0.00296499 0.01044322
v -0.00688198 -0.00314032 0.01048392
v -0.00700369 -0.00314032 0.01040565
v -0.00706866 -0.00331879 0.01031485
v -0.00676457 -0.00313093 0.01054028
v -0.00670078 -0.00425493 0.01043695
v -0.00680723 -0.00438643 0.01033363
v -0.00665186 -0.00455863 0.01041817
v -0.00640647 -0.00466509 0.01052149
v -0.00629845 -0.00473397 0.01053714
v -0.00638651 -0.00479032 0.01051210
v -0.00601354 -0.00565446 0.01039938
v -0.00738136 -0.00483729 0.00966988
v -0.00738449 -0.00469639 0.00971684
v -0.00732931 -0.00477780 0.00977007
v -0.00728509 -0.00489677 0.00977633
v -0.00722873 -0.00604269 0.00939122
v -0.00723147 -0.00592685 0.00946637
v -0.00720094 -0.00628691 0.00925972
v -0.00718568 -0.00650294 0.00912509
v -0.00687102 -0.00693188 0.00934113
v -0.01105707 0.00267694 0.00535546
v -0.01108799 0.00278027 0.00526153
v -0.01113926 0.00263624 0.00519891
v -0.01118466 0.00245465 0.00515194
v -0.01120932 0.00257989 0.00504549
v -0.01123554 0.00240142 0.00502045
v -0.01126019 0.00255171 0.00488895
v -0.01128602 0.00241395 0.00479815
v -0.01125354 0.00222296 0.00493904
v -0.01086061 0.00043833 0.00545251
v -0.01077412 0.00030370 0.00557775
v -0.01070289 0.00020664 0.00567794
v -0.00701739 -0.00237324 0.01048079
v -0.00711367 -0.00232941 0.01042756
v -0.00710623 -0.00285541 0.01037434
v -0.00726434 -0.00187543 0.01034303
v -0.00872766 0.00195057 0.00873999
v -0.00867131 0.00209146 0.00876191
v -0.00881807 0.00175332 0.00866172
v -0.00890769 0.00169383 0.00855213
v -0.00867913 0.00119915 0.00896229
v -0.00867052 0.00106452 0.00899986
v -0.00865643 0.00091423 0.00903430
v -0.00859499 0.00234194 0.00877443
v -0.00851163 0.00271765 0.00875251
v -0.00864939 0.00249848 0.00868363
v -0.00878011 0.00064810 0.00885897
v -0.00852298 0.00019725 0.00923155
v -0.00849715 0.00004696 0.00925659
v -0.00840361 0.00009080 0.00938496
v -0.00841809 -0.00000313 0.00937244
v -0.00845175 0.00085787 0.00924407
v -0.00842827 0.00042268 0.00932861
v -0.00875819 0.00518795 0.00765356
v -0.00887286 0.00515977 0.00753145
v -0.00882746 0.00529753 0.00751893
v -0.00872571 0.00538207 0.00757215
v -0.00864039 0.00531632 0.00770052
v -0.00865017 0.00516917 0.00776627
v -0.00852728 0.00526622 0.00782263
v -0.00841927 0.00536954 0.00784768
v -0.00850811 0.00539146 0.00776001
v -0.00883020 0.00268321 0.00843003
v -0.00873666 0.00262998 0.00856153
v -0.00648787 0.00074203 0.01066551
v -0.00660802 0.00072011 0.01063420
v -0.00872257 0.00078899 0.00894663
v -0.01121284 0.00219165 0.00509559
v -0.00807408 -0.00185977 0.00964170
v -0.00887051 0.00188795 0.00856153
v -0.00835430 -0.00032249 0.00942880
v -0.00944621 -0.00646224 0.00502045
v -0.00801851 0.00862258 0.00591902
v -0.00803455 0.00845664 0.00603487
v -0.00790423 0.00853178 0.00611627
v -0.00768976 0.00876660 0.00613819
v -0.00757509 0.00901708 0.00604426
v -0.00561474 0.00934896 0.00717453
v -0.00577637 0.00859127 0.00763164
v -0.00587539 0.00846917 0.00765043
v -0.00572627 0.00845038 0.00776314
v -0.00564096 0.00841907 0.00782263
v -0.00557951 0.00825000 0.00793847
v -0.00748390 0.00922059 0.00595972
v -0.00762284 0.00919241 0.00586893
v -0.00777508 0.00883235 0.00601921
v -0.00787605 0.00873843 0.00599730
v -0.00749995 0.00934583 0.00585014
v -0.00763340 0.00931765 0.00576248
v -0.00758448 0.00943975 0.00570612
v -0.00764593 0.00947732 0.00561219
v -0.00759544 0.00951803 0.00563098
v -0.00712267 0.01079545 0.00494217
v -0.00715633 0.01056689 0.00510498
v -0.00701974 0.01092381 0.00491399
v -0.00532865 0.01051992 0.00641684
v -0.00534822 0.01041347 0.00650138
v -0.00535839 0.01020996 0.00666731
v -0.00521632 0.01029137 0.00667358
v -0.00526133 0.01045731 0.00651703
v -0.00526094 0.01006907 0.00682699
v -0.00537835 0.00992818 0.00687709
v -0.00542531 0.00954620 0.00714635
v -0.00535956 0.00946480 0.00722775
v -0.00549850 0.00936774 0.00723714
v -0.00551259 0.00945541 0.00716513
v -0.00558225 0.00998454 0.00670489
v -0.00543862 0.01002524 0.00677064
v -0.00479052 0.01181926 0.00542434
v -0.00495254 0.01179421 0.00536172
v -0.00480069 0.01166584 0.00559028
v -0.00501790 0.01135275 0.00581257
v -0.00503356 0.01122438 0.00593468
v -0.00497524 0.01111167 0.00606931
v -0.00512279 0.01109288 0.00601295
v -0.00524489 0.01101461 0.00600982
v -0.00515410 0.01122751 0.00586580
v -0.00526094 0.01083615 0.00616950
v -0.00516427 0.01067021 0.00638866
v -0.00699548 0.00431755 0.00942880
v -0.00699313 0.00417666 0.00948202
v -0.00698217 0.00226366 0.01004559
v -0.00652114 0.00189421 0.01039938
v -0.00668943 0.00122732 0.01050583
v -0.00665929 0.00109896 0.01054967
v -0.00662329 0.00194744 0.01034929
v -0.00662720 0.00203824 0.01032111
v -0.00670195 0.00200066 0.01029606
v -0.00570358 0.00807780 0.00798857
v -0.00575015 0.00825000 0.00787272
v -0.00580572 0.00838150 0.00776314
v -0.00564057 0.00335636 0.01026162
v -0.00595953 0.00376025 0.01005498
v -0.00604172 0.00367571 0.01005498
v -0.00655949 0.00456490 0.00955090
v -0.00658493 0.00439269 0.00963231
v -0.00671447 0.00443340 0.00955716
v -0.00669647 0.00461499 0.00947576
v -0.00680840 0.00452106 0.00947263
v -0.00683306 0.00474336 0.00933174
v -0.00689842 0.00453046 0.00941001
v -0.00687963 0.00440522 0.00947576
v -0.00686554 0.00428624 0.00952898
v -0.00673600 0.00431442 0.00960100
v -0.00675205 0.00416414 0.00963857
v -0.00666164 0.00429877 0.00964170
v -0.00664677 0.00416727 0.00968866
v -0.00653366 0.00426433 0.00970119
v -0.00589417 0.00363501 0.01011134
v -0.00672230 0.00479345 0.00936305
v 0.01016124 0.00683795 -0.00172984
v 0.01005713 0.00772087 0.00038041
v 0.01006026 0.00773653 0.00051191
v 0.01059174 0.00338767 -0.00440678
v 0.01058156 0.00330626 -0.00450384
v 0.01054556 0.00341898 -0.00456020
v 0.01049233 0.00339393 -0.00473866
v 0.01053343 0.00326243 -0.00466665
v 0.01048294 0.00329374 -0.00480754
v 0.01041249 0.00347220 -0.00490147
v 0.01040428 0.00365693 -0.00484198
v 0.01034909 0.00373520 -0.00493591
v 0.01027708 0.00393558 -0.00501418
v 0.01028139 0.00374772 -0.00507680
v 0.01021916 0.00389801 -0.00514255
v 0.01021799 0.00377277 -0.00518325
v 0.01015811 0.00396376 -0.00522083
v 0.01007514 0.00398567 -0.00532728
v 0.01012367 0.00414848 -0.00519578
v 0.01020429 0.00405769 -0.00510811
v 0.00734771 0.01117742 -0.00462908
v 0.00746903 0.01101461 -0.00466352
v 0.00738175 0.01106471 -0.00474492
v 0.00704322 0.01153121 -0.00460090
v 0.00694342 0.01160949 -0.00463534
v 0.00704596 0.01200398 -0.00380878
v 0.00714733 0.01194137 -0.00367415
v 0.00735436 0.01172220 -0.00355830
v 0.00732070 0.01181926 -0.00340489
v 0.00725104 0.01185996 -0.00355830
v 0.00724047 0.01196328 -0.00327339
v 0.00713950 0.01210731 -0.00322016
v 0.00701426 0.01225133 -0.00328591
v 0.00687963 0.01243292 -0.00318259
v 0.00690076 0.01268340 -0.00139170
v 0.00683071 0.01277732 -0.00142614
v 0.00676692 0.01283994 -0.00151694
v 0.00651957 0.01282116 -0.00308866
v 0.00635755 0.01296518 -0.00307614
v 0.00646165 0.01284620 -0.00322955
v 0.00657632 0.01274602 -0.00322329
v 0.00654266 0.01275228 -0.00332661
v 0.00619826 0.01308416 -0.00313563
v 0.00621705 0.01310294 -0.00295403
v 0.00608477 0.01320313 -0.00300413
v 0.00594427 0.01330645 -0.00303231
v 0.00589848 0.01329706 -0.00320764
v 0.00579163 0.01340977 -0.00306675
v 0.00554194 0.01355693 -0.00314189
v 0.00583781 0.01340664 -0.00286010
v 0.00665460 0.01264583 -0.00333914
v 0.00665773 0.01261765 -0.00344872
v 0.00674030 0.01252998 -0.00345811
v 0.00678414 0.01252059 -0.00332035
v 0.00689333 0.01238283 -0.00337045
v 0.00682249 0.01245484 -0.00342367
v 0.00685732 0.01237030 -0.00352699
v 0.00682406 0.01231708 -0.00371172
v 0.00698843 0.01215740 -0.00364284
v 0.00698100 0.01224820 -0.00345811
v 0.00675048 0.01229516 -0.00387453
v 0.00889517 0.00732324 -0.00549948
v 0.00894683 0.00736395 -0.00539929
v 0.00887873 0.00743909 -0.00545251
v 0.00999843 0.00411717 -0.00537737
v 0.00837269 0.01062324 -0.00229967
v 0.00828229 0.01079231 -0.00224331
v 0.00784278 0.01142163 -0.00127585
v 0.00793789 0.01128700 -0.00134160
v 0.00791519 0.01134649 -0.00219322
v 0.00785061 0.01143102 -0.00222453
v 0.00800481 0.01122125 -0.00224331
v 0.00805882 0.01112106 -0.00234350
v 0.00813866 0.01099269 -0.00239986
v 0.00815666 0.01100209 -0.00227462
v 0.00823258 0.01087059 -0.00234350
v 0.00811400 0.01107097 -0.00223705
v 0.00834256 0.01065769 -0.00242491
v 0.00814609 0.01069839 -0.00334227
v 0.00814022 0.01063264 -0.00358335
v 0.00806664 0.01081423 -0.00334227
v 0.00796646 0.01087998 -0.00360213
v 0.00824589 0.01081736 -0.00245935
v 0.00764397 0.01136214 -0.00346437
v 0.00758252 0.01139032 -0.00363344
v 0.00752656 0.01128387 -0.00404673
v 0.00761579 0.01122125 -0.00394967
v 0.00768037 0.01119620 -0.00381191
v 0.00778330 0.01100209 -0.00395593
v 0.00784944 0.01096139 -0.00383069
v 0.00755748 0.01088937 -0.00469796
v 0.00751443 0.01089250 -0.00478250
v 0.00748938 0.01084241 -0.00487016
v 0.00758761 0.01078292 -0.00478250
v 0.00753360 0.01077353 -0.00488895
v 0.00745846 0.01074848 -0.00497661
v 0.00769524 0.00999080 -0.00533980
v 0.00777586 0.00989061 -0.00533667
v 0.00770111 0.00988748 -0.00540868
v 0.00778643 0.00977789 -0.00540242
v 0.00786079 0.00979668 -0.00531475
v 0.00820871 0.00995636 -0.00462595
v 0.00850028 0.00952116 -0.00459151
v 0.00830851 0.00973406 -0.00469483
v 0.00847758 0.00938966 -0.00477310
v 0.00828307 0.00953994 -0.00493591
v 0.00839852 0.00935522 -0.00492652
v 0.00848502 0.00923624 -0.00489521
v 0.00856799 0.00921433 -0.00478250
v 0.00853315 0.00907657 -0.00492965
v 0.00864939 0.00916736 -0.00466352
v 0.00857503 0.00932078 -0.00466352
v 0.00864039 0.00929886 -0.00453515
v 0.00871592 0.00912666 -0.00456020
v 0.00829559 0.00897011 -0.00533667
v 0.00818601 0.00932704 -0.00525840
v 0.00819227 0.00948985 -0.00512690
v 0.00809130 0.00952742 -0.00523961
v 0.00801968 0.00948985 -0.00535546
v 0.00798289 0.00942723 -0.00543373
v 0.00791206 0.00963700 -0.00537111
v 0.00923409 0.00907030 -0.00168601
v 0.00918400 0.00918928 -0.00165157
v 0.00928340 0.00899829 -0.00154824
v 0.01144766 0.00353169 0.00129777
v 0.01090288 0.00540398 0.00061523
v 0.01087587 0.00549791 0.00068724
v 0.00998904 0.00617419 -0.00438174
v 0.00984266 0.00641841 -0.00447253
v 0.00989198 0.00616167 -0.00456333
v 0.00991233 0.00601452 -0.00461343
v 0.01017767 0.00571395 -0.00435669
v 0.01015889 0.00556679 -0.00446627
v 0.01023364 0.00552296 -0.00436921
v 0.01035222 0.00558558 -0.00400916
v 0.01036123 0.00545095 -0.00405612
v 0.01032131 0.00560123 -0.00411874
v 0.01030996 0.00569516 -0.00402481
v 0.01026417 0.00572960 -0.00414692
v 0.01021525 0.00577343 -0.00423771
v 0.01020350 0.00599886 -0.00391210
v 0.01010488 0.00591746 -0.00435043
v 0.01000782 0.00598634 -0.00447880
v 0.01026534 0.00563567 -0.00424398
v 0.01031270 0.00549791 -0.00421580
v 0.01029313 0.00540398 -0.00430659
v 0.00875271 0.00915484 -0.00441305
v 0.00871396 0.00925503 -0.00438174
v 0.00883998 0.00913605 -0.00413752
v 0.00890456 0.00905465 -0.00400602
v 0.00883451 0.00923624 -0.00395280
v 0.00855390 0.00983112 -0.00392149
v 0.00857933 0.00971214 -0.00406238
v 0.00877463 0.00931452 -0.00407177
v 0.00884390 0.00918928 -0.00403107
v 0.00854489 0.00954934 -0.00443496
v 0.00848267 0.00987495 -0.00412187
v 0.00846192 0.01000332 -0.00392462
v 0.00851437 0.00993757 -0.00382756
v 0.00837426 0.01020370 -0.00374929
v 0.00825372 0.01040721 -0.00372111
v 0.00834765 0.01020370 -0.00387766
v 0.00800833 0.01054810 -0.00427528
v 0.00799150 0.01062011 -0.00417509
v 0.00793436 0.01063890 -0.00430346
v 0.00800951 0.01040721 -0.00446314
v 0.00797193 0.01053245 -0.00438487
v 0.00795158 0.01074222 -0.00401229
v 0.00807525 0.01066082 -0.00376494
v 0.00779699 0.01108975 -0.00366788
v 0.00840870 0.00992818 -0.00424084
v 0.00840870 0.01002211 -0.00406864
v 0.01031857 0.00355361 -0.00506741
v 0.00872414 -0.01077979 0.00600669
v 0.00878754 -0.01081110 0.00584075
v 0.00891474 -0.01051679 0.00597538
v 0.00882042 -0.01051053 0.00613193
v 0.00915503 -0.00993131 0.00611940
v 0.00919887 -0.00997827 0.00596912
v 0.00914877 -0.00973406 0.00629160
v 0.00910846 -0.00986243 0.00625716
v 0.00907480 -0.00980607 0.00634483
v 0.00775120 -0.00964326 0.00777880
v 0.00773555 -0.00944915 0.00791969
v 0.00763027 -0.00957125 0.00794160
v 0.00761853 -0.00945228 0.00801675
v 0.00707140 -0.00959004 0.00835489
v 0.00702639 -0.00924250 0.00857718
v 0.00712228 -0.00875408 0.00875251
v 0.00702952 -0.00889810 0.00875251
v 0.00687376 -0.00911727 0.00875251
v 0.00697865 -0.00874782 0.00885270
v 0.00707766 -0.00863824 0.00883079
v 0.00744281 -0.00864450 0.00856153
v 0.00819266 -0.00852865 0.00801048
v 0.00831360 -0.00850361 0.00791343
v 0.00813748 -0.00722306 0.00856153
v 0.00729918 -0.00744848 0.00914701
v 0.00730113 -0.00735142 0.00917832
v 0.00722442 -0.00721679 0.00927538
v 0.00713167 -0.00707903 0.00937557
v 0.00704479 -0.00693188 0.00945071
v 0.00651683 -0.00924250 0.00893098
v 0.00651879 -0.00912040 0.00898107
v 0.00669725 -0.00910474 0.00887775
v 0.00671291 -0.00898577 0.00891845
v 0.00674422 -0.00932078 0.00873686
v 0.00597362 -0.01070778 0.00848639
v 0.00585503 -0.01095199 0.00839246
v 0.00907363 -0.00915797 0.00675498
v 0.00909281 -0.00929573 0.00666105
v 0.00911198 -0.00943036 0.00656086
v 0.00918517 -0.00934896 0.00653269
v 0.01038784 -0.00785237 0.00549322
v 0.00824198 -0.00638083 0.00876504
v 0.00857816 -0.01191945 0.00468544
v 0.00871944 -0.01178169 0.00463221
v 0.00875193 -0.01166271 0.00474179
v 0.00896248 -0.01144355 0.00457898
v 0.00657202 -0.01104279 0.00787585
v 0.00650275 -0.01098643 0.00796352
v 0.00637633 -0.01108349 0.00800109
v 0.00587499 -0.01172220 0.00789777
v 0.00616069 -0.01178795 0.00772557
v 0.00624562 -0.01180987 0.00764417
v 0.00614112 -0.01188188 0.00767234
v 0.00615873 -0.01206034 0.00749701
v 0.00799776 -0.01145294 0.00631352
v 0.00804786 -0.01135275 0.00633544
v 0.00866191 -0.01075161 0.00612880
v 0.00873862 -0.01054810 0.00620394
v 0.00872649 -0.01063577 0.00615071
v 0.00882237 -0.01061385 0.00604113
v 0.00887247 -0.01064203 0.00590650
v 0.00818953 -0.01158444 0.00592528
v 0.00811243 -0.01158444 0.00606305
v 0.00808621 -0.01169402 0.00596286
v 0.00815979 -0.01170028 0.00581570
v 0.00803768 -0.01180987 0.00586267
v 0.00794689 -0.01192884 0.00581883
v 0.00797154 -0.01174412 0.00603487
v 0.00800637 -0.01157818 0.00619454
v 0.00811713 -0.01147486 0.00616637
v 0.00690429 -0.01309355 0.00554331
v 0.00699430 -0.01299336 0.00558088
v 0.00703070 -0.01304658 0.00545565
v 0.00712502 -0.01293700 0.00549635
v 0.00718998 -0.00742343 0.00923468
v 0.00712932 -0.00730446 0.00931295
v 0.00826037 -0.00839402 0.00801988
v 0.00877737 -0.01178482 0.00447566
v 0.00885681 -0.01162201 0.00456646
v 0.00930923 -0.00512220 0.00831418
v 0.00924740 -0.00466195 0.00848012
v 0.00934524 -0.00470579 0.00839872
v 0.00936168 -0.00464317 0.00839872
v 0.00979688 -0.00802457 0.00648572
v 0.01034714 -0.00676594 0.00639179
v 0.01039527 -0.00665636 0.00638240
v 0.01022777 -0.00845977 0.00533041
v 0.01020233 -0.00855370 0.00529910
v 0.00742402 -0.01041973 0.00756589
v 0.00751560 -0.01048235 0.00744692
v 0.00767097 -0.01043852 0.00733733
v 0.00753517 -0.01022249 0.00760033
v 0.00691211 -0.00956812 0.00848325
v 0.00605854 -0.01051679 0.00855213
v 0.00611412 -0.01056689 0.00849578
v 0.00625462 -0.01055750 0.00840185
v 0.00622683 -0.01044165 0.00848952
v 0.00635129 -0.01036964 0.00843942
v 0.00983562 -0.00777723 0.00659530
v 0.00481204 -0.00953368 0.00968240
v 0.00468876 -0.00947732 0.00976694
v 0.00485940 -0.00929260 0.00978259
v 0.01241707 -0.00084222 0.00107861
v 0.01241042 -0.00092989 0.00098781
v 0.00768663 0.00616167 0.00841437
v 0.00764867 0.00637770 0.00832671
v 0.00758996 0.00659374 0.00823278
v 0.00920043 0.00540085 0.00703676
v 0.00911707 0.00544782 0.00712443
v 0.00903645 0.00577657 0.00693031
v 0.00909046 0.00558558 0.00704929
v 0.00917656 0.00550731 0.00698354
v 0.00939377 0.00732951 0.00469483
v 0.00945834 0.00734829 0.00456646
v 0.00960002 0.00721366 0.00446627
v 0.00960980 0.00742343 0.00420327
v 0.00974835 0.00709156 0.00431599
v 0.00983014 0.00740465 0.00375242
v 0.00977222 0.00756433 0.00369606
v 0.00967086 0.00769269 0.00376807
v 0.00970764 0.00771461 0.00363031
v 0.00976870 0.00768643 0.00343933
v 0.00986497 0.00743909 0.00361779
v 0.00992642 0.00735769 0.00353952
v 0.00978631 0.00773340 0.00325147
v 0.00972721 0.00782106 0.00328904
v 0.00959924 0.00785863 0.00371172
v 0.00949591 0.00792438 0.00383069
v 0.00949357 0.00801518 0.00371798
v 0.00956049 0.00796509 0.00361779
v 0.00915973 0.00819991 0.00409369
v 0.00898518 0.00834706 0.00420954
v 0.00892295 0.00830949 0.00435669
v 0.00904154 0.00823121 0.00426276
v 0.00784552 0.01074848 0.00288828
v 0.00783143 0.01082989 0.00275365
v 0.00773868 0.01087998 0.00289141
v 0.00750425 0.01137467 0.00235289
v 0.00746746 0.01133710 0.00255954
v 0.00738254 0.01145607 0.00249379
v 0.00734771 0.01157505 0.00227149
v 0.00735318 0.01139658 0.00273174
v 0.00744437 0.01127761 0.00276305
v 0.00735397 0.01131518 0.00287263
v 0.00723851 0.01144355 0.00285384
v 0.00725769 0.01149051 0.00274113
v 0.00719899 0.01134649 0.00304483
v 0.00635011 0.01252059 0.00233098
v 0.00638573 0.01242979 0.00244995
v 0.00647339 0.01242979 0.00232472
v 0.00649727 0.01233899 0.00244995
v 0.00658141 0.01232334 0.00233098
v 0.00921883 0.00806841 0.00415631
v 0.00558734 0.01316869 0.00218695
v 0.00556699 0.01322505 0.00204606
v 0.00575054 0.01303406 0.00221826
v 0.00753947 0.01077666 0.00339236
v 0.00764514 0.01060759 0.00346437
v 0.00766041 0.01070778 0.00331096
v 0.00758057 0.01083302 0.00325460
v 0.00705105 0.01127135 0.00334540
v 0.00718098 0.01118368 0.00330157
v 0.00770737 0.01087059 0.00298847
v 0.00776021 0.01080171 0.00300100
v 0.01090796 0.00459934 0.00458212
v 0.01084965 0.00463378 0.00468857
v 0.01071698 0.00486233 0.00473553
v 0.00998825 0.00609592 0.00493904
v 0.00995146 0.00600825 0.00512064
v 0.00605698 0.00937713 0.00730916
v 0.00605463 0.00948359 0.00718392
v 0.00593057 0.00961195 0.00716513
v 0.00458231 0.01111480 0.00669236
v 0.00428096 0.01066082 0.00748136
v 0.00412480 0.01063264 0.00760659
v 0.00429192 0.01052932 0.00759720
v 0.00432479 0.01038843 0.00769113
v 0.00391699 0.01057315 0.00775062
v 0.00994559 0.00737960 0.00333287
v 0.00992759 0.00747353 0.00317320
v 0.00987006 0.00760190 0.00313876
v 0.00872101 0.00980294 0.00193335
v 0.00818327 0.01051992 0.00245621
v 0.00824824 0.01046983 0.00234976
v 0.00824159 0.01049488 0.00226210
v 0.01112909 0.00438017 0.00360213
v 0.01112126 0.00437704 0.00374303
v 0.01108134 0.00448975 0.00371485
v 0.01109034 0.00444279 0.00383382
v 0.01106921 0.00441148 0.00415005
v 0.01103124 0.00444905 0.00434103
v 0.01129111 0.00366319 0.00460403
v 0.01123123 0.00378216 0.00465413
v 0.01120971 0.00373207 0.00472927
v 0.01053851 0.00419231 0.00570925
v 0.01042502 0.00433321 0.00581257
v 0.00810069 0.00976537 0.00384009
v 0.00802907 0.00990939 0.00377434
v 0.00804081 0.00999080 0.00364910
v 0.00812026 0.00986243 0.00368980
v 0.01008962 0.00765825 0.00058079
v 0.01005244 0.00775844 0.00064028
v 0.01001291 0.00783672 0.00085631
v 0.00997260 0.00794317 0.00082813
v 0.01140696 0.00365380 0.00224331
v 0.00984658 0.00687239 0.00435982
v 0.00983601 0.00703833 0.00418449
v 0.00948926 0.00721366 0.00466039
v 0.00583703 0.01300901 0.00214938
v 0.00591217 0.01296831 0.00208990
v 0.00581746 0.01304658 0.00209303
v 0.00699939 0.00741091 0.00825470
v 0.01044537 0.00511281 0.00504549
v 0.00797193 0.00540398 0.00846134
v 0.00786039 0.00540712 0.00858031
v 0.00793671 0.00528188 0.00854900
v 0.00593644 0.00937713 0.00742187
v 0.00762166 0.00611471 0.00850204
v 0.00901532 -0.00609279 -0.00514881
v 0.00821654 0.00330939 -0.00771931
v 0.00814179 0.00361935 -0.00774122
v 0.00821928 0.00363188 -0.00766295
v 0.00980079 -0.00350664 -0.00555270
v 0.00970764 -0.00383852 -0.00551200
v 0.00979100 -0.00371015 -0.00547756
v 0.00982466 -0.00382600 -0.00537424
v 0.00993464 -0.00378216 -0.00522396
v 0.00988885 -0.00367258 -0.00536172
v 0.00999491 -0.00358805 -0.00521769
v 0.00991859 -0.00352543 -0.00537737
v 0.00985362 -0.00353482 -0.00547130
v 0.00928771 -0.00572021 -0.00499853
v 0.01007201 -0.00067315 -0.00605365
v 0.01016202 -0.00070133 -0.00593781
v 0.01036827 -0.00130873 -0.00551826
v 0.01038392 -0.00108643 -0.00556210
v 0.01048646 -0.00064497 -0.00554644
v 0.00806273 -0.01192571 -0.00173923
v 0.00825294 -0.01179734 -0.00167035
v 0.00835704 -0.01154374 -0.00183942
v 0.00841183 -0.01133710 -0.00199597
v 0.01050564 -0.00152476 -0.00523335
v 0.01046963 -0.00144023 -0.00533041
v 0.01056004 -0.00147780 -0.00513629
v 0.01042228 -0.00137448 -0.00542747
v 0.01001721 0.00017533 -0.00633231
v 0.00995929 0.00025047 -0.00641058
v 0.00987945 0.00034753 -0.00649198
v 0.01032718 -0.00000313 -0.00590650
v 0.00976909 -0.00361622 -0.00555270
v 0.00817153 0.00390114 -0.00765356
v 0.00582803 -0.01471850 0.00355830
v 0.00555877 -0.01481556 0.00366162
v 0.00647183 -0.01432087 0.00381817
v 0.00642017 -0.01429896 0.00399350
v 0.00655636 -0.01423634 0.00393714
v 0.00661428 -0.01424573 0.00377120
v 0.00695047 -0.01396082 0.00389331
v 0.00709253 -0.01381366 0.00398724
v 0.00706866 -0.01374478 0.00415944
v 0.00685654 -0.01387941 0.00421267
v 0.00772811 -0.01310294 0.00432851
v 0.00782556 -0.01299962 0.00433164
v 0.00781030 -0.01308416 0.00421580
v 0.00775081 -0.01314991 0.00419701
v 0.00846271 -0.01308102 0.00270356
v 0.00722873 -0.01370408 0.00398098
v 0.00729918 -0.01356319 0.00414692
v 0.00845018 -0.01229829 0.00432225
v 0.00791401 -0.01273349 0.00461343
v 0.00638768 -0.01423947 0.00415631
v 0.00651018 -0.01420503 0.00408743
v 0.00658845 -0.01412362 0.00413752
v 0.00840361 -0.01318121 0.00265659
v 0.00521828 -0.01309355 0.00692718
v 0.00512553 -0.01322192 0.00680508
v 0.00515527 -0.01281803 0.00726845
v 0.00530243 -0.01293074 0.00706807
v 0.00525468 -0.01278672 0.00725906
v 0.00549106 -0.01280237 0.00710565
v 0.00578576 -0.01248302 0.00729037
v 0.00592039 -0.01232647 0.00738117
v 0.00603037 -0.01216679 0.00747196
v 0.00562726 -0.01240787 0.00745005
v 0.00548402 -0.01229829 0.00762225
v 0.00547150 -0.01218558 0.00772557
v 0.00513218 -0.01255816 0.00753771
v 0.00499168 -0.01263643 0.00751580
v 0.00512866 -0.01267713 0.00742813
v 0.00500734 -0.01380740 0.00602861
v 0.00505430 -0.01404222 0.00565289
v 0.00498816 -0.01410484 0.00557149
v 0.00514744 -0.01411110 0.00548382
v 0.00524411 -0.01417059 0.00529597
v 0.00530164 -0.01407666 0.00546817
v 0.00540927 -0.01409231 0.00535859
v 0.00555603 -0.01402343 0.00538363
v 0.00541514 -0.01401717 0.00550261
v 0.00554742 -0.01393577 0.00554331
v 0.00540496 -0.01394516 0.00562472
v 0.00575484 -0.01376357 0.00565289
v 0.00570553 -0.01393577 0.00542120
v 0.00610199 -0.01351935 0.00576248
v 0.00605111 -0.01371034 0.00548069
v 0.00625305 -0.01354127 0.00557462
v 0.00638573 -0.01338159 0.00570299
v 0.00636068 -0.01327827 0.00590337
v 0.00625266 -0.01340664 0.00581570
v 0.00617869 -0.01335655 0.00595972
v 0.00598223 -0.01339412 0.00605365
v 0.00583273 -0.01348178 0.00603174
v 0.00579555 -0.01335968 0.00624151
v 0.00565544 -0.01345361 0.00620081
v 0.00548206 -0.01356006 0.00614758
v 0.00530203 -0.01361641 0.00616950
v 0.00509500 -0.01361328 0.00627595
v 0.00471029 -0.01447116 0.00492652
v 0.00473808 -0.01460266 0.00462908
v 0.00557638 -0.01484374 0.00357396
v 0.00553020 -0.01476233 0.00380565
v 0.00565544 -0.01472163 0.00379625
v 0.00569497 -0.01475607 0.00367728
v 0.00595562 -0.01385436 0.00531475
v 0.00524998 -0.01400778 0.00561219
v 0.00645578 -0.01287125 0.00630413
v 0.00644130 -0.01313425 0.00601608
v 0.00632546 -0.01319687 0.00606305
v 0.00633720 -0.01311233 0.00615071
v 0.00601510 -0.01306850 0.00644815
v 0.00588869 -0.01321252 0.00636361
v 0.00564487 -0.01338159 0.00631039
v 0.00547502 -0.01344421 0.00631665
v 0.00560495 -0.01292448 0.00689274
v 0.00544958 -0.01303093 0.00687083
v 0.00529616 -0.01325949 0.00666731
v 0.00516466 -0.01332211 0.00665479
v 0.00454161 -0.01558577 0.00258458
v 0.00440854 -0.01562334 0.00258145
v 0.00434436 -0.01558577 0.00269730
v 0.00449699 -0.01554820 0.00270669
v 0.00601549 -0.01183178 0.00776314
v 0.00603232 -0.01200712 0.00761912
v 0.00622409 -0.01193510 0.00755650
v 0.01132359 -0.00706338 0.00079369
v 0.01133612 -0.00711347 0.00091893
v 0.01130677 -0.00724810 0.00094084
v 0.00843609 -0.01159070 -0.00166722
v 0.00845175 -0.01148738 -0.00177367
v 0.00961841 -0.01137780 0.00043050
v 0.00959258 -0.01146233 0.00049312
v 0.00950178 -0.01153435 0.00038041
v 0.00947361 -0.01161575 0.00043676
v 0.00966812 -0.01133710 0.00050251
v 0.00973621 -0.01127761 0.00064341
v 0.00977965 -0.01124004 0.00077491
v 0.00998669 -0.01093634 0.00127585
v 0.01009001 -0.01075787 0.00139483
v 0.01015106 -0.01062011 0.00132282
v 0.01021407 -0.01051679 0.00152007
v 0.01008727 -0.01077353 0.00154824
v 0.01015380 -0.01062951 0.00171418
v 0.01022973 -0.01047609 0.00164843
v 0.01026299 -0.01038843 0.00136352
v 0.01018433 -0.01051053 0.00121324
v 0.01028295 -0.01027571 0.00119445
v 0.01073107 -0.00888871 0.00059331
v 0.01068645 -0.00910787 0.00075925
v 0.01115139 -0.00821556 0.00148876
v 0.01115805 -0.00833767 0.00180811
v 0.01120736 -0.00823435 0.00191456
v 0.01121519 -0.00829696 0.00214938
v 0.01122497 -0.00831262 0.00249379
v 0.01117644 -0.00840968 0.00263781
v 0.01089348 -0.00903899 0.00248439
v 0.01087822 -0.00904526 0.00279122
v 0.01120110 -0.00831575 0.00312936
v 0.01114826 -0.00838463 0.00326713
v 0.01107390 -0.00856309 0.00320138
v 0.01084456 -0.00908596 0.00297595
v 0.01011075 -0.01057315 0.00286010
v 0.00992798 -0.01095825 0.00247500
v 0.00957262 -0.01158757 0.00229341
v 0.00952448 -0.01166584 0.00228401
v 0.00954484 -0.01169715 0.00201162
v 0.00960706 -0.01163140 0.00167974
v 0.00966616 -0.01153748 0.00160460
v 0.00961528 -0.01160009 0.00182064
v 0.00964385 -0.01158444 0.00146371
v 0.00964894 -0.01156252 0.00133221
v 0.00998317 -0.01096139 0.00146997
v 0.01006613 -0.01080484 0.00166096
v 0.01054438 -0.00974972 0.00137917
v 0.01087391 -0.00904526 0.00170166
v 0.01099289 -0.00876973 0.00176115
v 0.01098976 -0.00873843 0.00158582
v 0.01092949 -0.00896385 0.00216504
v 0.01087587 -0.00907970 0.00208050
v 0.01087509 -0.00907030 0.00184255
v 0.00911707 -0.01209165 0.00033344
v 0.00916169 -0.01196015 0.00021760
v 0.00929632 -0.01179421 0.00028335
v 0.00932019 -0.01185370 0.00044303
v 0.00878402 -0.01240787 0.00009862
v 0.00886151 -0.01047609 -0.00219009
v 0.00895583 -0.01050740 -0.00201475
v 0.00881415 -0.01062011 -0.00212120
v 0.01001017 -0.00876973 -0.00204293
v 0.00993581 -0.00883235 -0.00214938
v 0.00985754 -0.00893254 -0.00217756
v 0.00984540 -0.00880104 -0.00232785
v 0.00997612 -0.00870398 -0.00219635
v 0.00989785 -0.00866328 -0.00237168
v 0.00999295 -0.00849421 -0.00233724
v 0.01003796 -0.00866328 -0.00209929
v 0.00988611 -0.01082362 0.00043363
v 0.00988063 -0.01072343 0.00026143
v 0.01003757 -0.01073596 0.00094084
v 0.00992720 -0.01086746 0.00068411
v 0.01097489 -0.00520987 -0.00256580
v 0.01056200 -0.00701641 -0.00230593
v 0.01055378 -0.00696945 -0.00235916
v 0.01049038 -0.00704772 -0.00242491
v 0.01083165 -0.00694753 -0.00168914
v 0.01087900 -0.00701641 -0.00150441
v 0.01092753 -0.00694127 -0.00140422
v 0.01096158 -0.00683795 -0.00135100
v 0.01096432 -0.00699763 -0.00121324
v 0.01091423 -0.00711347 -0.00130716
v 0.01092049 -0.00716670 -0.00120697
v 0.01072520 -0.00747979 -0.00156077
v 0.01079877 -0.00758311 -0.00118193
v 0.01073889 -0.00764573 -0.00133847
v 0.01068293 -0.00782732 -0.00130716
v 0.01065905 -0.00774905 -0.00148563
v 0.01059761 -0.00796509 -0.00140735
v 0.01118153 -0.00765512 0.00078743
v 0.00930258 -0.01047922 -0.00142927
v 0.00881768 -0.01114924 -0.00157016
v 0.00865409 -0.01126195 -0.00171105
v 0.00880633 -0.01108036 -0.00166722
v 0.00851554 -0.01127448 -0.00191143
v 0.00843766 -0.01140598 -0.00189578
v 0.01014441 -0.01015361 0.00355517
v 0.00999099 -0.01074535 0.00298534
v 0.01003091 -0.01071717 0.00285384
v 0.00992055 -0.01089564 0.00286324
v 0.00985793 -0.01102713 0.00275365
v 0.00979805 -0.01108662 0.00288828
v 0.00969903 -0.01120247 0.00303544
v 0.00960080 -0.01128387 0.00318885
v 0.00967555 -0.01118368 0.00317633
v 0.00971430 -0.01114611 0.00313563
v 0.00776216 -0.01285247 -0.00085631
v 0.00758840 -0.01293387 -0.00096276
v 0.00743224 -0.01300588 -0.00105982
v 0.00740406 -0.01310920 -0.00094398
v 0.00755239 -0.01307163 -0.00080621
v 0.00762714 -0.01322505 -0.00046181
v 0.00747412 -0.01323757 -0.00065906
v 0.00743420 -0.01331271 -0.00059018
v 0.00988337 -0.00823435 -0.00269417
v 0.00998590 -0.00822182 -0.00254075
v 0.01000860 -0.00832201 -0.00243743
v 0.00992329 -0.00843159 -0.00250631
v 0.01045280 -0.00771774 -0.00202102
v 0.01054360 -0.00765199 -0.00187386
v 0.01060622 -0.00775844 -0.00162652
v 0.01064497 -0.00760190 -0.00167974
v 0.01056630 -0.00794317 -0.00152633
v 0.01050173 -0.00813416 -0.00146371
v 0.01043285 -0.00758311 -0.00218069
v 0.01035575 -0.00771774 -0.00223392
v 0.01030330 -0.00772087 -0.00233098
v 0.01026730 -0.00764573 -0.00243430
v 0.00974130 -0.00832201 -0.00286324
v 0.00964385 -0.00841594 -0.00293525
v 0.00976752 -0.00845038 -0.00274426
v 0.00965363 -0.00853491 -0.00285071
v 0.00973347 -0.00863824 -0.00264720
v 0.00960785 -0.00862884 -0.00283506
v 0.00968964 -0.00888558 -0.00248752
v 0.00983484 -0.00857249 -0.00254701
v 0.00963994 -0.00905465 -0.00239986
v 0.01068019 -0.00900142 0.00054635
v 0.01051308 -0.00955560 0.00074986
v 0.01061640 -0.00953055 0.00311997
v 0.01082891 -0.00900142 0.00344246
v 0.01056160 -0.00956499 0.00336105
v 0.01058939 -0.00955873 0.00324208
v 0.01011506 -0.01055123 0.00293212
v 0.01088331 -0.00825939 0.00025517
v 0.01095649 -0.00711973 -0.00110678
v 0.00671761 0.01289630 -0.00130716
v 0.00682836 0.01277106 -0.00130403
v 0.00677201 0.01284934 -0.00139796
v 0.00669178 0.01293074 -0.00143866
v 0.00661233 0.01300588 -0.00135413
v 0.00658806 0.01302467 -0.00149189
v 0.00666438 0.01294013 -0.00157016
v 0.00692894 0.01263330 -0.00125707
v 0.00780012 0.01146233 -0.00110678
v 0.00744868 0.01146860 0.00225583
v 0.00621627 0.01269279 0.00214625
v 0.00642017 0.01251120 0.00216817
v 0.00654932 0.01238909 0.00219635
v 0.00814844 0.01096765 -0.00100033
v 0.00814805 0.01094260 -0.00071229
v 0.00825881 0.01079545 -0.00077491
v 0.00828307 0.01076727 -0.00087823
v 0.00957458 0.00868833 0.00059957
v 0.00950257 0.00881357 0.00068098
v 0.00942273 0.00894194 0.00069663
v 0.00943525 0.00890123 0.00083439
v 0.00957771 0.00866954 0.00074046
v 0.00967829 0.00849421 0.00059957
v 0.00995107 0.00798700 0.00070916
v 0.01001291 0.00786176 0.00073107
v 0.01001721 0.00782419 0.00044616
v 0.00976557 0.00827505 0.00109426
v 0.00636225 0.01318435 -0.00148563
v 0.00566092 0.01351622 -0.00293212
v 0.00641077 0.01315304 -0.00130716
v 0.00652701 0.01306850 -0.00128525
v 0.00650314 0.01309668 -0.00140735
v 0.00648748 0.01309981 -0.00153259
v 0.00546797 0.01350057 -0.00339549
v 0.00570710 0.01313425 0.00205546
v 0.00553137 -0.00750171 -0.00862728
v 0.00562687 -0.00750797 -0.00852396
v 0.00534665 -0.00783046 -0.00861788
v 0.00498111 -0.00743596 -0.00917206
v 0.00487505 -0.00737021 -0.00927538
v 0.00493454 -0.00740465 -0.00922842
v 0.00502416 -0.00726689 -0.00922528
v 0.00512631 -0.00704459 -0.00924094
v 0.00500381 -0.00706338 -0.00933487
v 0.00492241 -0.00725123 -0.00930669
v 0.00481517 -0.00709469 -0.00942566
v 0.00519832 -0.00685674 -0.00926286
v 0.00511613 -0.00593311 -0.00975441
v 0.00526838 -0.00587676 -0.00965109
v 0.00518736 -0.00580161 -0.00975754
v 0.00591217 -0.00450541 -0.00962917
v 0.00591491 -0.00424554 -0.00971058
v 0.00595444 -0.00433947 -0.00965109
v 0.00586051 -0.00333444 -0.01001115
v 0.00448290 -0.01371660 -0.00371485
v 0.00436275 -0.01365398 -0.00394028
v 0.00459836 -0.01311546 -0.00448819
v 0.00471029 -0.01304345 -0.00447880
v 0.00466215 -0.01333150 -0.00410308
v 0.00448290 -0.01363520 -0.00384635
v 0.00446921 -0.01357884 -0.00395280
v 0.00417725 -0.01161888 -0.00660783
v 0.00426491 -0.01165332 -0.00651390
v 0.00428957 -0.01149364 -0.00665166
v 0.00469463 -0.01067647 -0.00714948
v 0.00468015 -0.01056063 -0.00727158
v 0.00520615 -0.01120247 -0.00621959
v 0.00450091 -0.01124004 -0.00674246
v 0.00420621 -0.01181300 -0.00639179
v 0.00485822 -0.01284307 -0.00458212
v 0.00477525 -0.01286812 -0.00464473
v 0.00488405 -0.01268027 -0.00476997
v 0.00471968 -0.01311546 -0.00437234
v 0.00501947 -0.01250493 -0.00484824
v 0.00548676 -0.01113046 -0.00600982
v 0.00541866 -0.01132144 -0.00586267
v 0.00528364 -0.01151869 -0.00578439
v 0.00518541 -0.01167837 -0.00570612
v 0.00503356 -0.01184431 -0.00567168
v 0.00491850 -0.01185996 -0.00576561
v 0.00534469 -0.01159383 -0.00562472
v 0.00539518 -0.01098017 -0.00629787
v 0.00560573 -0.01090190 -0.00612566
v 0.00554272 -0.01079231 -0.00631978
v 0.00478152 -0.01046670 -0.00728724
v 0.00560808 -0.01002524 -0.00698354
v 0.00567853 -0.01000332 -0.00694284
v 0.00574780 -0.01011290 -0.00675498
v 0.00584995 -0.01004715 -0.00668923
v 0.00592900 -0.00984677 -0.00675185
v 0.00592900 -0.00965892 -0.00688961
v 0.00586991 -0.00982799 -0.00684265
v 0.00563900 -0.00963074 -0.00725593
v 0.00569301 -0.00935522 -0.00740308
v 0.00569262 -0.00927694 -0.00745318
v 0.00582529 -0.00933330 -0.00725280
v 0.00577402 -0.00919867 -0.00740308
v 0.00491458 -0.00950863 -0.00798544
v 0.00480617 -0.00960569 -0.00801048
v 0.00494589 -0.00963074 -0.00787585
v 0.00489423 -0.00976537 -0.00782263
v 0.00480187 -0.00971214 -0.00793534
v 0.00475177 -0.00980920 -0.00788525
v 0.00482809 -0.00987495 -0.00778193
v 0.00475295 -0.00998140 -0.00773496
v 0.00482692 -0.01003776 -0.00764103
v 0.00489619 -0.00994696 -0.00766608
v 0.00481831 -0.01012543 -0.00756902
v 0.00452713 -0.00976537 -0.00802301
v 0.00468876 -0.00971528 -0.00799796
v 0.00463593 -0.00944915 -0.00820460
v 0.00472594 -0.00928947 -0.00826722
v 0.00460031 -0.00920806 -0.00837367
v 0.00448525 -0.00934583 -0.00834549
v 0.00447429 -0.00908283 -0.00850204
v 0.00436197 -0.00931139 -0.00841750
v 0.00436080 -0.00941784 -0.00834862
v 0.00426491 -0.00945541 -0.00835489
v 0.00423126 -0.00937400 -0.00842064
v 0.00425904 -0.00922685 -0.00849891
v 0.00436745 -0.00874782 -0.00872747
v 0.00434984 -0.00910787 -0.00853648
v 0.00496272 -0.00850361 -0.00859284
v 0.00486840 -0.00851613 -0.00865546
v 0.00495450 -0.00840342 -0.00865859
v 0.00475138 -0.00849421 -0.00872434
v 0.00504099 -0.00834393 -0.00861788
v 0.00508326 -0.00808406 -0.00872747
v 0.00468407 -0.00722619 -0.00941314
v 0.00477878 -0.00730133 -0.00935052
v 0.00462497 -0.00694440 -0.00954777
v 0.00463554 -0.00665949 -0.00966361
v 0.00588126 -0.01020370 -0.00649824
v 0.00578459 -0.01026319 -0.00656713
v 0.00571297 -0.01038529 -0.00653895
v 0.00567696 -0.01030389 -0.00665792
v 0.00457683 -0.01065769 -0.00725280
v 0.00454161 -0.01074848 -0.00719331
v 0.00420621 -0.01417059 -0.00328278
v 0.00397882 -0.01441167 -0.00313250
v 0.00588243 -0.00650920 -0.00875251
v 0.01112595 -0.00001252 -0.00375868
v 0.01111734 0.00014089 -0.00376807
v 0.01116313 0.00008767 -0.00363971
v 0.01117331 0.00042894 -0.00352699
v 0.01122575 0.00043520 -0.00333914
v 0.01119836 0.00030370 -0.00348629
v 0.01122106 0.00025674 -0.00341428
v 0.01121010 -0.00645911 0.00490147
v 0.01140265 -0.00584858 0.00488582
v 0.01128759 -0.00635266 0.00481694
v 0.01172866 -0.00532258 0.00131029
v 0.01176114 -0.00498131 0.00095650
v 0.01177641 -0.00498131 0.00108174
v 0.01162573 -0.00579222 0.00115062
v 0.01088526 -0.00513786 -0.00283193
v 0.01089466 -0.00522239 -0.00276931
v 0.01095532 -0.00516603 -0.00266599
v 0.01039880 -0.00703207 -0.00258145
v 0.01123201 0.00147154 0.00565602
v 0.01125941 0.00176271 0.00548695
v 0.01122419 0.00197562 0.00547130
v 0.01161321 0.00143083 0.00486077
v 0.01168600 0.00125863 0.00476058
v 0.01170557 0.00110522 0.00476371
v 0.01172709 0.00124298 0.00465726
v 0.01175762 0.00104573 0.00463847
v 0.01207306 0.00079213 0.00341741
v 0.01204019 0.00102381 0.00340176
v 0.01202766 0.00113027 0.00327652
v 0.01199166 0.00136195 0.00322642
v 0.01196270 0.00155294 0.00291020
v 0.01197757 0.00148719 0.00305109
v 0.01193843 0.00164374 0.00306361
v 0.01197170 0.00136822 0.00341428
v 0.01199518 0.00117723 0.00352073
v 0.01200809 0.00119915 0.00340176
v 0.01205506 0.00087353 0.00353012
v 0.01201514 0.00098311 0.00363657
v 0.01210476 0.00034753 0.00374929
v 0.01211337 0.00039450 0.00363031
v 0.01209263 0.00055731 0.00364910
v 0.01208793 0.00063871 0.00353325
v 0.01207150 0.00061053 0.00373363
v 0.01207658 0.00049782 0.00378999
v 0.01157798 0.00257989 0.00047747
v 0.01175018 0.00237324 0.00215251
v 0.01169735 0.00258302 0.00203354
v 0.01168678 0.00264250 0.00213999
v 0.01241629 -0.00089858 0.00110052
v 0.01167230 -0.00332818 0.00518012
v 0.01173022 -0.00342837 0.00505802
v 0.01165626 -0.00348472 0.00519265
v 0.01177914 -0.00339080 0.00492652
v 0.01169304 -0.00374146 0.00507367
v 0.01163277 -0.00379469 0.00517699
v 0.01153454 -0.00434573 0.00523335
v 0.01172905 -0.00402324 0.00495157
v 0.01176349 -0.00406082 0.00486077
v 0.01179989 -0.00394810 0.00477936
v 0.01181906 -0.00403264 0.00469170
v 0.01182885 -0.00418605 0.00458212
v 0.01185977 -0.00428311 0.00439113
v 0.01181202 -0.00441461 0.00451637
v 0.01186485 -0.00433321 0.00431286
v 0.01166408 -0.00510655 0.00467604
v 0.01166526 -0.00499070 0.00476058
v 0.01170674 -0.00481537 0.00470422
v 0.01166761 -0.00490617 0.00480128
v 0.01161125 -0.00495313 0.00489521
v 0.01156350 -0.00511281 0.00493278
v 0.01145001 -0.00574839 0.00483885
v 0.01143748 -0.00591433 0.00475119
v 0.01150245 -0.00572960 0.00469170
v 0.01166174 -0.00517543 0.00461343
v 0.01161595 -0.00512846 0.00481067
v 0.01179558 -0.00413596 0.00474492
v 0.01157368 -0.00265816 -0.00213373
v 0.01157563 -0.00255797 -0.00218382
v 0.01163551 -0.00262059 -0.00193648
v 0.01166565 -0.00334383 -0.00123515
v 0.01180615 -0.00276148 -0.00106295
v 0.01178345 -0.00270199 -0.00123828
v 0.01182572 -0.00263624 -0.00107861
v 0.01205349 -0.00234507 -0.00007984
v 0.01200222 -0.00276148 -0.00000470
v 0.01197170 -0.00304639 0.00011115
v 0.01234310 -0.00097998 0.00057139
v 0.01238498 -0.00088918 0.00073107
v 0.01234467 -0.00149658 0.00266599
v 0.01191221 -0.00334696 0.00006731
v 0.01193687 -0.00334070 0.00020508
v 0.01186994 -0.00437078 0.00419075
v 0.01170400 -0.00157799 0.00531475
v 0.01172083 -0.00150911 0.00528971
v 0.01159520 -0.00139013 0.00551200
v 0.01135021 -0.00175645 0.00595659
v 0.01216542 -0.00202884 0.00390897
v 0.01220182 -0.00200380 0.00380251
v 0.01223078 -0.00205076 0.00367728
v 0.01230358 -0.00199127 0.00337671
v 0.01226326 -0.00195683 0.00355830
v 0.01227931 -0.00185038 0.00345811
v 0.01230945 -0.00185351 0.00330157
v 0.01231453 -0.00205702 0.00326713
v 0.01232158 -0.00197562 0.00321703
v 0.01232158 -0.00185977 0.00316380
v 0.01117096 -0.00768643 0.00401542
v 0.01122849 -0.00767391 0.00390583
v 0.01125745 -0.00771148 0.00378060
v 0.01127937 -0.00785863 0.00357396
v 0.01120501 -0.00780541 0.00383695
v 0.01116157 -0.00805901 0.00367728
v 0.01110208 -0.00803710 0.00384635
v 0.01110521 -0.00782732 0.00403733
v 0.01125119 -0.00800579 0.00348942
v 0.01131929 -0.00791499 0.00337358
v 0.01126215 -0.00811537 0.00325773
v 0.01132203 -0.00796195 0.00318885
v 0.01136664 -0.00778036 0.00332974
v 0.01138895 -0.00771461 0.00322642
v 0.01138739 -0.00767078 0.00334227
v 0.01135021 -0.00773340 0.00345498
v 0.01148053 -0.00709156 0.00340176
v 0.01148601 -0.00713226 0.00323582
v 0.01148758 -0.00716044 0.00300726
v 0.01146644 -0.00726689 0.00293212
v 0.01144140 -0.00732324 0.00252509
v 0.01140656 -0.00761442 0.00309806
v 0.01137721 -0.00777410 0.00308240
v 0.01125158 -0.00818738 0.00305735
v 0.01120658 -0.00819677 0.00336731
v 0.01080817 -0.00882609 0.00374303
v 0.01066884 -0.00914231 0.00369606
v 0.01083752 -0.00885114 0.00365223
v 0.01083165 -0.00892941 0.00356769
v 0.01072520 -0.00912979 0.00357709
v 0.01089348 -0.00886992 0.00343306
v 0.01061522 -0.00932078 0.00359274
v 0.01049938 -0.00949298 0.00363344
v 0.01055299 -0.00933017 0.00372737
v 0.01047863 -0.00964953 0.00346437
v 0.01044850 -0.00974658 0.00339862
v 0.01187307 -0.00237638 -0.00100033
v 0.01183902 -0.00249222 -0.00110365
v 0.01172396 -0.00262372 -0.00157955
v 0.01172044 -0.00271452 -0.00153885
v 0.01165039 -0.00243899 -0.00198344
v 0.01161908 -0.00242647 -0.00210242
v 0.01155685 -0.00234820 -0.00229028
v 0.01161203 -0.00224488 -0.00215565
v 0.01165665 -0.00226053 -0.00200536
v 0.01167856 -0.00208520 -0.00195840
v 0.01164725 -0.00210712 -0.00206798
v 0.01206680 -0.00221044 -0.00010176
v 0.01162690 0.00286480 0.00223392
v 0.01163356 0.00283662 0.00233724
v 0.01136782 0.00377590 0.00236542
v 0.01134551 0.00364753 0.00439739
v 0.01132359 0.00367571 0.00452263
v 0.01134316 0.00360683 0.00451637
v 0.01139130 0.00350977 0.00430033
v 0.01134395 0.00355047 0.00454768
v 0.01139561 0.00354108 0.00401542
v 0.01137017 0.00361309 0.00421580
v 0.01128563 -0.00809345 0.00234350
v 0.01126372 -0.00819991 0.00240612
v 0.01125980 -0.00818425 0.00225897
v 0.01120853 -0.00834080 0.00232158
v 0.01125589 -0.00814668 0.00211181
v 0.01124102 -0.00808406 0.00188325
v 0.01118114 -0.00821243 0.00165470
v 0.01158464 0.00173454 0.00480128
v 0.01166134 0.00148719 0.00473240
v 0.01169265 0.00153729 0.00460403
v 0.01176466 0.00117723 0.00455707
v 0.01108643 -0.00768956 0.00418762
v 0.01233762 -0.00054165 0.00072168
v 0.01236424 -0.00057609 0.00085944
v 0.01238811 -0.00066689 0.00098468
v 0.01237715 -0.00069820 0.00077177
v 0.01240337 -0.00081404 0.00089075
v 0.01241198 -0.00079839 0.00100972
v 0.01239594 -0.00071072 0.00114122
v 0.01236737 -0.00077334 0.00063714
v 0.01235602 -0.00086414 0.00058392
v 0.01240768 -0.00090797 0.00086257
v 0.01145549 0.00352230 0.00144492
v 0.01191965 -0.00443653 0.00342054
v 0.01087939 -0.00588615 -0.00235602
v 0.01082147 -0.00588928 -0.00250318
v 0.01078234 -0.00589867 -0.00257832
v 0.01078625 -0.00603330 -0.00248439
v 0.01083752 -0.00597068 -0.00241864
v 0.00493924 0.00695066 -0.00938496
v 0.00513492 0.00626499 -0.00951333
v 0.00506917 0.00665949 -0.00940062
v 0.00543471 0.00510342 -0.00967927
v 0.00589065 -0.00242334 -0.01021779
v 0.00586873 -0.00135569 -0.01042443
v 0.00577833 -0.00124924 -0.01050583
v 0.00574623 -0.00140892 -0.01050583
v 0.00584212 -0.00149658 -0.01042443
v 0.00574310 -0.00166252 -0.01047139
v 0.00582451 -0.00204450 -0.01034929
v 0.00571532 0.00188795 -0.01044009
v 0.00593879 -0.00495939 -0.00940375
v 0.00588674 -0.00483729 -0.00951646
v 0.00600610 -0.00448662 -0.00954151
v 0.00589143 -0.00441461 -0.00968240
v 0.00483944 0.00743283 -0.00925346
v 0.00494667 0.00734203 -0.00920963
v 0.00479013 0.00786490 -0.00906561
v 0.00479130 0.00777097 -0.00912196
v 0.00486683 0.00766452 -0.00911883
v 0.00489971 0.00753928 -0.00916267
v 0.00495176 0.00746101 -0.00915327
v 0.00569066 0.00260493 -0.01031172
v 0.00554312 0.00277713 -0.01040878
v 0.00556425 0.00266755 -0.01041504
v 0.00547032 0.00279905 -0.01045574
v 0.00544449 0.00256423 -0.01051836
v 0.00553529 0.00251101 -0.01046826
v 0.00566287 0.00203824 -0.01045574
v 0.00553294 0.00201945 -0.01055280
v 0.00551298 0.00187856 -0.01059037
v 0.00563235 0.00155607 -0.01055906
v 0.00556073 0.00136195 -0.01062168
v 0.00552276 0.00153102 -0.01062481
v 0.00562061 0.00187856 -0.01051523
v 0.00599593 -0.00314972 -0.00992661
v 0.00601432 -0.00327182 -0.00987652
v 0.00592431 -0.00334070 -0.00995792
v 0.00598849 -0.00342524 -0.00986713
v 0.00550046 0.00166252 -0.01062168
v 0.00438389 0.00053539 -0.01118838
v 0.00444025 0.00040702 -0.01117585
v 0.00432323 0.00044459 -0.01121969
v 0.00431931 0.00032875 -0.01121969
v 0.00445473 0.00027239 -0.01117272
v 0.00555407 -0.00045085 -0.01068430
v 0.00566209 -0.00049469 -0.01063420
v 0.00575758 -0.00038824 -0.01055280
v 0.00572040 -0.00068567 -0.01059976
v 0.00575406 -0.00080778 -0.01056532
v 0.00568049 -0.00073264 -0.01062481
v 0.00569066 -0.00091423 -0.01059976
v 0.00580142 -0.00244526 -0.01028041
v 0.00584134 -0.00256423 -0.01022405
v 0.00530673 -0.00319355 -0.01047139
v 0.00529147 -0.00346907 -0.01041504
v 0.00513375 -0.00410465 -0.01035868
v 0.00501868 -0.00447097 -0.01032737
v 0.00500186 -0.00430190 -0.01038060
v 0.00490088 -0.00445844 -0.01037747
v 0.00487271 -0.00432694 -0.01042130
v 0.00488484 -0.00397628 -0.01049644
v 0.00472555 -0.00427059 -0.01046200
v 0.00473690 -0.00443966 -0.01041504
v 0.00480656 -0.00457116 -0.01036181
v 0.00495841 -0.00456803 -0.01032111
v 0.00508991 -0.00477154 -0.01020213
v 0.00519363 -0.00480285 -0.01014265
v 0.00529342 -0.00480911 -0.01005498
v 0.00520067 -0.00491556 -0.01009568
v 0.00509891 -0.00489991 -0.01015830
v 0.00496507 -0.00482476 -0.01023344
v 0.00523902 -0.00501888 -0.01002680
v 0.00522728 -0.00569516 -0.00977320
v 0.00511927 -0.00572334 -0.00984208
v 0.00497916 -0.00574526 -0.00991409
v 0.00504647 -0.00584231 -0.00983895
v 0.00495920 -0.00597068 -0.00983582
v 0.00489188 -0.00586423 -0.00991096
v 0.00482418 -0.00575465 -0.00997671
v 0.00482848 -0.00299004 -0.01072500
v 0.00498777 -0.00291490 -0.01069995
v 0.00503904 -0.00304639 -0.01065299
v 0.00487153 -0.00360683 -0.01058098
v 0.00472790 -0.00355987 -0.01062168
v 0.00477721 -0.00374146 -0.01057158
v 0.00528012 -0.00376964 -0.01034929
v 0.00521946 -0.00309962 -0.01055280
v 0.00526642 -0.00283036 -0.01059037
v 0.00530477 -0.00274269 -0.01058098
v 0.00518580 -0.00271765 -0.01065612
v 0.00506291 -0.00181281 -0.01085024
v 0.00512161 -0.00163748 -0.01084084
v 0.00524215 -0.00156233 -0.01078136
v 0.00517797 -0.00147780 -0.01082519
v 0.00504295 -0.00149658 -0.01088468
v 0.00494550 -0.00163121 -0.01091599
v 0.00469855 -0.00190047 -0.01094730
v 0.00472790 -0.00166565 -0.01096921
v 0.00484805 -0.00174706 -0.01093477
v 0.00497563 -0.00171575 -0.01090033
v 0.00493963 -0.00183159 -0.01090033
v 0.00483239 -0.00192239 -0.01091912
v 0.00477212 -0.00204763 -0.01091286
v 0.00464219 -0.00213529 -0.01091286
v 0.00427979 0.00001565 -0.01120090
v 0.00454200 0.00024108 -0.01113515
v 0.00419995 0.00042581 -0.01124787
v 0.00425004 0.00053539 -0.01123221
v 0.00400544 0.00044146 -0.01127291
v 0.00465197 -0.00575152 -0.01002367
v 0.00458544 -0.00561063 -0.01008629
v 0.00473455 -0.00553861 -0.01007377
v 0.00472790 -0.00587362 -0.00996105
v 0.00467115 -0.00611784 -0.00987652
v 0.00479326 -0.00598947 -0.00989530
v 0.00427665 0.00216660 -0.01108506
v 0.00494433 -0.00273956 -0.01074692
v 0.00507035 -0.00278653 -0.01069995
v 0.00516271 -0.00287419 -0.01064046
v 0.00483709 -0.00284288 -0.01075318
v 0.00470872 -0.00303387 -0.01073126
v 0.00522767 0.00380408 -0.01030546
v 0.00503160 0.00441774 -0.01024910
v 0.00566444 0.00139326 -0.01055593
v 0.00549576 0.00121480 -0.01066864
v 0.00583703 -0.00118975 -0.01047139
v 0.00598966 0.01329393 -0.00289141
v 0.01115022 0.00148719 0.00578752
v 0.01121049 0.00132751 0.00571551
v 0.01119601 0.00162808 0.00567481
v 0.01077607 0.00354108 0.00561532
v 0.01073263 0.00347846 0.00571238
v 0.01064536 0.00372894 0.00574995
v 0.01072559 0.00372268 0.00562785
v 0.01123593 0.00355674 0.00476684
v 0.01060192 0.00401072 0.00569986
v 0.01043637 0.00421736 0.00586267
v 0.00882550 -0.00002818 0.00901238
v 0.00869244 -0.00000000 0.00913449
v 0.00813592 -0.00052600 0.00956969
v 0.00821302 -0.00039763 0.00951959
v 0.00831438 -0.00052913 0.00945384
v 0.00844001 -0.00056357 0.00935678
v 0.00892765 -0.00047903 0.00895602
v 0.00884820 -0.00044459 0.00902804
v 0.00846897 -0.00040076 0.00933174
v 0.01128524 -0.00163121 0.00607244
v 0.01151693 -0.00151224 0.00566542
v 0.01148836 -0.00143083 0.00570612
v 0.00599475 -0.00289924 0.01058724
v 0.00590278 -0.00278340 0.01063420
v 0.00585034 -0.00292742 0.01064360
v 0.00575798 -0.00281784 0.01067804
v 0.00569614 -0.00296186 0.01067804
v 0.00945052 0.00456490 0.00710878
v 0.00939612 0.00450854 0.00719957
v 0.00910103 0.00536954 0.00719957
v 0.00822671 0.00533510 0.00820147
v 0.00717159 0.00591433 0.00896542
v 0.00723812 0.00580474 0.00896855
v 0.00707923 0.00730446 0.00824843
v 0.00743733 0.00671898 0.00830792
v 0.00753360 0.00648102 0.00837367
v 0.00757470 0.00624620 0.00848012
v 0.00762558 -0.00329374 0.00982016
v 0.00744242 -0.00364753 0.00989530
v 0.00756178 -0.00380721 0.00979511
v 0.00747686 -0.00380095 0.00984834
v 0.00753008 -0.00368510 0.00984208
v 0.00762831 -0.00361622 0.00978259
v 0.00890534 -0.00327182 0.00885897
v 0.00783261 -0.00318102 0.00968240
v 0.00772850 -0.00321546 0.00975754
v 0.00761149 -0.00317476 0.00983582
v 0.00933819 -0.00455863 0.00843316
v 0.00942273 -0.00504080 0.00824530
v 0.00943251 -0.00520987 0.00818895
v 0.00951353 -0.00508776 0.00814511
v 0.00978748 -0.00498444 0.00789464
v 0.00991507 -0.00494374 0.00777566
v 0.00993464 -0.00466822 0.00780384
v 0.00977574 -0.00458055 0.00798544
v 0.00989980 -0.00446471 0.00787272
v 0.00984306 -0.00433008 0.00793847
v 0.00995264 -0.00431442 0.00782889
v 0.00999647 -0.00438330 0.00778193
v 0.01006340 -0.00456490 0.00767547
v 0.01018120 -0.00316537 0.00760659
v 0.01008453 -0.00322486 0.00772557
v 0.01004813 -0.00309336 0.00777253
v 0.00994638 -0.00336888 0.00787272
v 0.00976283 -0.00360057 0.00804806
v 0.01011897 -0.00336888 0.00767547
v 0.01016789 -0.00258302 0.00764417
v 0.01024969 -0.00251101 0.00754711
v 0.01017102 -0.00236072 0.00764417
v 0.01117214 -0.00159677 0.00623838
v 0.01124258 -0.00175958 0.00614758
v 0.01112674 -0.00175332 0.00631665
v 0.01126489 -0.00190047 0.00609749
v 0.01133690 -0.00194744 0.00596912
v 0.01050407 -0.00255171 0.00719331
v 0.01035457 -0.00232628 0.00742187
v 0.01024577 -0.00230123 0.00755963
v 0.01039449 -0.00216973 0.00737177
v 0.01046102 -0.00219791 0.00727785
v 0.01052795 -0.00198814 0.00718079
v 0.00984932 0.00316850 0.00717453
v 0.00976948 0.00325304 0.00725906
v 0.00980783 0.00309023 0.00726845
v 0.00976635 0.00299630 0.00735612
v 0.00970999 0.00312467 0.00738117
v 0.01010684 0.00108017 0.00747509
v 0.01007983 0.00094241 0.00755337
v 0.01016006 0.00094554 0.00744065
v 0.01021681 0.00074203 0.00739682
v 0.01018394 0.00044772 0.00750640
v 0.01013423 0.00065750 0.00754084
v 0.01012132 0.00037884 0.00759407
v 0.01004891 0.00052913 0.00766921
v 0.00968847 0.00299004 0.00744379
v 0.00953114 -0.00879791 0.00639806
v 0.00950022 -0.00872590 0.00650138
v 0.00955110 -0.00865076 0.00647007
v 0.00960745 -0.00866328 0.00636675
v 0.00974639 -0.00785550 0.00666731
v 0.00948222 -0.00582979 0.00789464
v 0.00928340 -0.00526935 0.00828914
v 0.00990450 -0.00510968 0.00774435
v 0.01004970 -0.00503140 0.00761912
v 0.01006496 -0.00479658 0.00764103
v 0.01019255 -0.00503454 0.00744379
v 0.01022033 -0.00490304 0.00743439
v 0.01033696 -0.00492182 0.00727785
v 0.01036749 -0.00486233 0.00723714
v 0.01040623 -0.00499696 0.00714635
v 0.01052716 -0.00571395 0.00672680
v 0.01050016 -0.00587362 0.00671428
v 0.01045085 -0.00584545 0.00680508
v 0.00954797 -0.00590180 0.00779758
v 0.01003561 -0.00518482 0.00758781
v 0.01013697 -0.00512846 0.00748762
v 0.01032600 -0.00515038 0.00724028
v 0.01029743 -0.00536328 0.00722462
v 0.01037453 -0.00533197 0.00713069
v 0.01034674 -0.00542903 0.00714009
v 0.01044419 -0.00529440 0.00701485
v 0.01028217 -0.00548852 0.00720270
v 0.01027317 -0.00562315 0.00715261
v 0.01019294 -0.00556679 0.00727158
v 0.01017533 -0.00570769 0.00722462
v 0.01039801 -0.00519108 0.00712756
v 0.00762401 0.00200380 0.00986713
v 0.00754261 0.00204763 0.00991722
v 0.00745494 0.00198501 0.00995792
v 0.00770894 0.00206954 0.00979824
v 0.00770854 0.00222609 0.00978572
v 0.00781265 0.00232315 0.00967301
v 0.00782713 0.00247657 0.00961039
v 0.00783417 0.00262685 0.00955403
v 0.00791010 0.00244526 0.00953212
v 0.00791949 0.00224488 0.00958534
v 0.00786313 0.00221357 0.00965422
v 0.00780169 0.00216034 0.00971371
v 0.00751325 0.00309023 0.00973876
v 0.00751873 0.00294934 0.00977633
v 0.00742559 0.00320920 0.00978572
v 0.01006653 0.00072324 0.00761599
v 0.00999060 0.00096120 0.00765043
v 0.00991898 0.00118036 0.00767861
v 0.00778995 -0.00239203 0.00975441
v 0.00769328 -0.00242960 0.00981703
v 0.00774964 -0.00264877 0.00977007
v 0.00766471 -0.00291490 0.00981390
v 0.00758174 -0.00295873 0.00985773
v 0.01064849 -0.00261433 0.00698041
v 0.00551494 0.00314972 0.01072500
v 0.00523863 0.00323738 0.01076883
v 0.00547189 0.00327495 0.01071248
v 0.00560299 0.00325304 0.01067804
v 0.00456196 0.00665636 0.00968240
v 0.00709136 0.00588615 0.00903743
v 0.00502847 0.00861319 0.00865232
v 0.00490401 0.00870398 0.00864919
v 0.00512983 0.00836898 0.00874938
v 0.00508717 0.00826565 0.00883079
v 0.00500499 0.00837837 0.00880261
v 0.00499129 0.00824687 0.00887149
v 0.00512201 0.00814355 0.00888088
v 0.00521750 0.00806841 0.00887775
v 0.00489619 0.00881670 0.00858031
v 0.00592744 0.00950863 0.00730602
v 0.00683345 0.00747040 0.00834549
v 0.00692190 0.00746101 0.00828601
v 0.00691642 0.00733890 0.00839246
v 0.00681036 0.00717922 0.00858031
v 0.00697630 0.00716044 0.00846134
v 0.00705105 0.00721053 0.00835802
v 0.00685889 0.00705085 0.00861475
v 0.00671174 0.00711034 0.00868676
v 0.00668551 0.00702268 0.00875565
v 0.00669647 0.00680664 0.00885897
v 0.00665107 0.00693188 0.00882453
v 0.00676496 0.00690996 0.00876504
v 0.00508639 0.00712287 0.00937557
v 0.00518541 0.00703207 0.00938496
v 0.00429466 0.00042268 0.01131048
v 0.00443242 0.00040076 0.01126039
v 0.00436589 0.00026300 0.01128544
v 0.00423987 0.00025987 0.01132927
v 0.00520458 0.00332192 0.01075005
v 0.00563470 0.00313406 0.01069056
v 0.00571688 0.00319668 0.01064360
v 0.00728430 0.00322173 0.00985773
v 0.00738528 0.00302135 0.00986713
v 0.00762401 0.00213216 0.00986399
v 0.00746120 0.00291176 0.00983582
v 0.00416277 0.01046357 0.00771618
v 0.00507074 0.00681290 0.00952585
v 0.00495802 0.00683169 0.00954464
v 0.00487310 0.00670958 0.00960726
v 0.00470677 0.00672524 0.00963231
v 0.00979335 0.00058861 -0.00655147
v 0.00980314 0.00074829 -0.00651390
v 0.00988845 0.00083596 -0.00640119
v 0.00991663 0.00092362 -0.00634170
v 0.00998669 0.00037884 -0.00638240
v 0.01005557 0.00027239 -0.00631039
v 0.01012523 0.00030370 -0.00621959
v 0.01028139 0.00023482 -0.00599730
v 0.01038197 0.00011584 -0.00583136
v 0.01033735 0.00034440 -0.00590963
v 0.01042110 0.00023482 -0.00575308
v 0.01040428 0.00044459 -0.00576561
v 0.01048490 0.00029118 -0.00560280
v 0.01053382 0.00008767 -0.00552453
v 0.01047355 -0.00005009 -0.00565916
v 0.01054752 -0.00008140 -0.00549948
v 0.01058900 0.00004696 -0.00538050
v 0.01054282 -0.00137448 -0.00521456
v 0.01055378 -0.00121480 -0.00523022
v 0.01049977 -0.00129934 -0.00533667
v 0.01051816 -0.00113027 -0.00534293
v 0.01045907 -0.00118349 -0.00544312
v 0.01049429 -0.00106765 -0.00541807
v 0.01052051 -0.00065750 -0.00546817
v 0.01050212 -0.00051973 -0.00554018
v 0.01055299 -0.00051347 -0.00542434
v 0.01049820 -0.00028491 -0.00558401
v 0.01040154 -0.00016907 -0.00576561
v 0.01045007 -0.00037884 -0.00565289
v 0.01042267 -0.00052913 -0.00566542
v 0.01043558 -0.00064810 -0.00562158
v 0.01045633 0.00053852 -0.00562158
v 0.01033813 0.00052600 -0.00586267
v 0.00895348 0.00327182 -0.00692718
v 0.00903058 0.00395123 -0.00667045
v 0.00900279 0.00387609 -0.00672680
v 0.01026886 0.00044772 -0.00599730
v 0.01007514 0.00039137 -0.00627282
v 0.01028100 0.00033501 -0.00600356
v 0.01056982 0.00021917 -0.00539929
v 0.00497877 -0.00865389 0.00997358
v 0.00469972 -0.00880104 0.01003306
v 0.00557208 -0.00621176 0.01027102
v 0.00541631 -0.00594564 0.01036181
v 0.00555368 -0.00608027 0.01029919
v 0.00454944 -0.00958378 0.00974815
v 0.00471655 -0.00962448 0.00967927
v 0.00450600 -0.00944915 0.00982016
v 0.00461284 -0.00936148 0.00984208
v 0.00459836 -0.01054497 0.00921276
v 0.00473142 -0.01033520 0.00927851
v 0.00466685 -0.01008786 0.00944132
v 0.00462967 -0.01068586 0.00912196
v 0.00451343 -0.01081110 0.00909379
v 0.00443438 -0.01071404 0.00917832
v 0.00438232 -0.01082362 0.00913449
v 0.00395104 -0.01098643 0.00915640
v 0.00474629 -0.00933643 0.00981390
v 0.00483044 -0.00887932 0.00996105
v 0.00470911 -0.00889810 0.00999862
v 0.00452595 -0.00882296 0.01005811
v 0.00475999 -0.00887932 0.00999236
v 0.00413185 -0.01201338 0.00839246
v 0.00425904 -0.01165958 0.00861475
v 0.00492241 -0.00766765 0.01024597
v 0.00513531 -0.00746101 0.01021779
v 0.00523237 -0.00743909 0.01018335
v 0.00501868 -0.00773340 0.01020213
v 0.00511613 -0.00780541 0.01014265
v 0.00491302 -0.00776471 0.01022718
v 0.00480930 -0.00871338 0.01002367
v 0.00494472 -0.00873843 0.00996418
v 0.00489893 -0.00864137 0.01000802
v 0.00801694 0.00603330 -0.00717139
v 0.00789288 0.00605835 -0.00727472
v 0.00798094 0.00592372 -0.00725906
v 0.00809874 0.00589867 -0.00714948
v 0.00806586 0.00579222 -0.00723401
v 0.00802046 0.00567011 -0.00731855
v 0.00801498 0.00551670 -0.00737491
v 0.00810578 0.00389488 -0.00771931
v 0.00815940 0.00376964 -0.00769426
v 0.00584956 0.01263956 -0.00436295
v 0.00584290 0.01278672 -0.00417196
v 0.00600180 0.01265835 -0.00421893
v 0.00599671 0.01276793 -0.00406551
v 0.00581785 0.01291822 -0.00401229
v 0.00571688 0.01289630 -0.00412187
v 0.00565739 0.01298397 -0.00404046
v 0.00554899 0.01341917 -0.00346437
v 0.00549224 0.01334402 -0.00363344
v 0.00562021 0.01321252 -0.00373363
v 0.00585660 0.01299649 -0.00385574
v 0.00597166 0.01288378 -0.00391836
v 0.00615404 0.01274915 -0.00392462
v 0.00602176 0.01296831 -0.00372111
v 0.00579359 0.01311860 -0.00372737
v 0.00587813 0.01314991 -0.00358022
v 0.00601275 0.01310294 -0.00348629
v 0.00616578 0.01295892 -0.00354578
v 0.00632154 0.01275541 -0.00370859
v 0.00617909 0.01259573 -0.00413752
v 0.00600258 0.01245171 -0.00449132
v 0.00616500 0.01234839 -0.00449445
v 0.00630941 0.01229516 -0.00443496
v 0.00635872 0.01237657 -0.00425963
v 0.00648748 0.01217306 -0.00440991
v 0.00641117 0.01215740 -0.00451637
v 0.00628319 0.01220750 -0.00456646
v 0.00721581 0.01086746 -0.00509246
v 0.00714928 0.01103340 -0.00502045
v 0.00694538 0.01122751 -0.00503610
v 0.00704166 0.01122438 -0.00495470
v 0.00723030 0.01108349 -0.00490147
v 0.00737941 0.01088937 -0.00493278
v 0.00742794 0.01095199 -0.00482633
v 0.00737901 0.01043539 -0.00527718
v 0.00760914 0.01011917 -0.00532102
v 0.00758213 0.01005968 -0.00538676
v 0.00821458 0.00900142 -0.00542747
v 0.00820597 0.00914231 -0.00535546
v 0.00809404 0.00932391 -0.00537737
v 0.00814648 0.00566072 -0.00719957
v 0.00812183 0.00553861 -0.00726532
v 0.00810148 0.00541025 -0.00732168
v 0.00642839 0.01205408 -0.00461969
v 0.00652623 0.01204782 -0.00453828
v 0.00664168 0.01231395 -0.00400289
v 0.00659433 0.01245797 -0.00384948
v 0.00669491 0.01243292 -0.00374303
v 0.00656302 0.01259573 -0.00365849
v 0.00672582 0.01247676 -0.00360840
v 0.00665420 0.01258634 -0.00353012
v 0.00656810 0.01268653 -0.00346124
v 0.00644326 0.01275228 -0.00353639
v 0.00647770 0.01258321 -0.00380251
v 0.00630980 0.01288691 -0.00346437
v 0.00644287 0.01281803 -0.00338297
v 0.00632154 0.01294953 -0.00327339
v 0.00599475 0.01318748 -0.00332348
v 0.00584799 0.01325949 -0.00340176
v 0.00569888 0.01327201 -0.00356456
v 0.00568401 0.01337533 -0.00339236
v 0.00574193 0.01339412 -0.00324521
v 0.00604759 0.01319374 -0.00317320
v 0.00555838 0.01349744 -0.00327965
v 0.00564213 0.01350057 -0.00311684
v 0.00680723 0.01149991 -0.00488895
v 0.00693716 0.01142789 -0.00484511
v 0.00700409 0.01147486 -0.00472301
v 0.00712071 0.01127448 -0.00481694
v 0.00662994 0.01165019 -0.00488269
v 0.00741933 -0.01408292 0.00244056
v 0.00732266 -0.01418624 0.00230280
v 0.00738058 -0.01416433 0.00216504
v 0.00744476 -0.01409858 0.00229967
v 0.00753047 -0.01400778 0.00242177
v 0.00757665 -0.01400152 0.00228714
v 0.00748781 -0.01408605 0.00214312
v 0.00743107 -0.01413928 0.00202728
v 0.00736336 -0.01418311 0.00190204
v 0.00793084 -0.01374478 0.00200536
v 0.00793241 -0.01376044 0.00180185
v 0.00788936 -0.01380427 0.00165157
v 0.00783065 -0.01384497 0.00155451
v 0.00788818 -0.01378548 0.00136978
v 0.00807095 -0.01362894 0.00136352
v 0.00797702 -0.01370408 0.00120384
v 0.00766393 -0.01386689 0.00085005
v 0.00749486 -0.01397960 0.00079369
v 0.00754300 -0.01391072 0.00067472
v 0.00765493 -0.01383871 0.00070289
v 0.00758722 -0.01383245 0.00055574
v 0.00738802 -0.01395142 0.00050878
v 0.00737236 -0.01390133 0.00037728
v 0.00739663 -0.01384810 0.00031153
v 0.00725221 -0.01397647 0.00035223
v 0.00717903 -0.01406727 0.00044303
v 0.00723969 -0.01408605 0.00058392
v 0.00705575 -0.01417685 0.00053695
v 0.00712619 -0.01419564 0.00069037
v 0.00734457 -0.01405161 0.00069037
v 0.00729096 -0.01412049 0.00080308
v 0.00713558 -0.01425199 0.00092206
v 0.00694538 -0.01432713 0.00079369
v 0.00685771 -0.01431148 0.00059957
v 0.00565935 -0.01511300 0.00118819
v 0.00558030 -0.01520693 0.00147623
v 0.00552629 -0.01523824 0.00158895
v 0.00549106 -0.01523824 0.00177054
v 0.00503669 -0.01546679 0.00148250
v 0.00503630 -0.01546366 0.00134473
v 0.00497250 -0.01547932 0.00123515
v 0.00491419 -0.01552002 0.00136039
v 0.00481087 -0.01554820 0.00119758
v 0.00492163 -0.01547932 0.00109113
v 0.00490127 -0.01546366 0.00099407
v 0.00510635 -0.01539791 0.00116001
v 0.00552668 -0.01521319 0.00133534
v 0.00896326 -0.01265835 0.00145432
v 0.00892217 -0.01269905 0.00135100
v 0.00899771 -0.01259886 0.00135413
v 0.00903332 -0.01255190 0.00152007
v 0.00889204 -0.01232021 0.00018003
v 0.00872571 -0.01251433 0.00015498
v 0.00872531 -0.01279611 0.00074673
v 0.00835273 -0.01317495 0.00051191
v 0.00839931 -0.01316243 0.00056826
v 0.00845331 -0.01312799 0.00066845
v 0.00856407 -0.01302467 0.00078430
v 0.00848384 -0.01312486 0.00082500
v 0.00827955 -0.01342856 0.00123202
v 0.00834569 -0.01337220 0.00132595
v 0.00827603 -0.01344734 0.00136665
v 0.00836604 -0.01336594 0.00145745
v 0.00820715 -0.01351309 0.00156077
v 0.00834217 -0.01338786 0.00161086
v 0.00819854 -0.01351935 0.00178620
v 0.00837269 -0.01335342 0.00175802
v 0.00844823 -0.01326888 0.00167974
v 0.00841966 -0.01329393 0.00138857
v 0.00864665 -0.01296518 0.00095337
v 0.00872923 -0.01290569 0.00120697
v 0.00878128 -0.01283055 0.00110678
v 0.00869283 -0.01287751 0.00084692
v 0.00889125 -0.01268966 0.00114749
v 0.00874567 -0.01290569 0.00188952
v 0.00881181 -0.01283681 0.00170479
v 0.00888969 -0.01273036 0.00191456
v 0.00898088 -0.01261765 0.00168914
v 0.00900749 -0.01255190 0.00194274
v 0.00893783 -0.01265522 0.00198344
v 0.00886112 -0.01273975 0.00207737
v 0.00897618 -0.01256442 0.00212747
v 0.00903684 -0.01244231 0.00222766
v 0.00845919 -0.01313738 0.00259398
v 0.00840126 -0.01322192 0.00253136
v 0.00844744 -0.01320313 0.00236855
v 0.00855272 -0.01311233 0.00208676
v 0.00875623 -0.01288065 0.00202415
v 0.00847797 -0.01321879 0.00188639
v 0.00836761 -0.01333463 0.00198344
v 0.00817818 -0.01351622 0.00206172
v 0.00803808 -0.01364459 0.00211494
v 0.00784083 -0.01376983 0.00242804
v 0.00796646 -0.01367903 0.00237168
v 0.00791010 -0.01367590 0.00260963
v 0.00802242 -0.01359137 0.00255014
v 0.00808504 -0.01357884 0.00232785
v 0.00824276 -0.01343795 0.00220261
v 0.00817936 -0.01345361 0.00247813
v 0.00836761 -0.01330958 0.00221200
v 0.00836447 -0.01328454 0.00241864
v 0.00828581 -0.01333776 0.00253136
v 0.00812770 -0.01345987 0.00267538
v 0.00796998 -0.01358824 0.00277557
v 0.00796567 -0.01355066 0.00289141
v 0.00790345 -0.01361015 0.00287889
v 0.00771794 -0.01375104 0.00286324
v 0.00769289 -0.01380114 0.00275052
v 0.00662563 -0.01464336 0.00217756
v 0.00671682 -0.01457135 0.00226210
v 0.00676692 -0.01457761 0.00209303
v 0.00665890 -0.01464649 0.00205859
v 0.00667769 -0.01462457 0.00178306
v 0.00683893 -0.01453378 0.00179246
v 0.00692307 -0.01448368 0.00186760
v 0.00682406 -0.01455256 0.00193648
v 0.00672426 -0.01461518 0.00198031
v 0.00705927 -0.01432087 0.00105982
v 0.00683032 -0.01449307 0.00140109
v 0.00697434 -0.01434905 0.00095337
v 0.00721581 -0.01422068 0.00104103
v 0.00740993 -0.01406727 0.00091893
v 0.00466880 -0.01558890 0.00108487
v 0.00467311 -0.01556385 0.00098155
v 0.00764710 -0.01374165 0.00045868
v 0.00770307 -0.01376670 0.00060897
v 0.00774181 -0.01377609 0.00073107
v 0.00789953 -0.01371347 0.00096276
v 0.00795119 -0.01370095 0.00107861
v 0.00804747 -0.01363520 0.00116627
v 0.00798876 -0.01371347 0.00168287
v 0.00459836 -0.01560142 0.00240612
v 0.00456666 -0.01560769 0.00249692
v 0.00450091 -0.01565778 0.00226836
v 0.00496624 -0.01549184 0.00163591
v 0.00486410 -0.01554194 0.00151380
v 0.00971156 -0.01136528 0.00072794
v 0.00967242 -0.01139345 0.00059331
v 0.00783574 -0.01368843 0.00278809
v 0.00779269 -0.01376670 0.00260963
v -0.00634581 -0.00875721 0.00837993
v -0.00645970 -0.00842220 0.00855213
v -0.00621157 -0.00899203 0.00834236
v -0.00588987 -0.00945228 0.00825470
v -0.00589104 -0.00932078 0.00839246
v -0.00610355 -0.00904213 0.00844255
v -0.00603702 -0.00905778 0.00849891
v -0.00607420 -0.00898890 0.00852396
v -0.00582059 -0.00928947 0.00846447
v -0.00576893 -0.00946167 0.00836428
v -0.00575054 -0.00961195 0.00823904
v -0.00557051 -0.00988435 0.00814511
v -0.00491693 -0.00940218 0.00893724
v -0.00501399 -0.00950550 0.00881200
v -0.00489071 -0.00955873 0.00883705
v -0.00474160 -0.00948359 0.00895916
v -0.00474942 -0.00933643 0.00905935
v -0.00493258 -0.00921120 0.00905308
v -0.00480030 -0.00916736 0.00913762
v -0.00453261 -0.00936774 0.00910944
v -0.00428018 -0.01003776 0.00876817
v -0.00427470 -0.01030389 0.00858344
v -0.00413498 -0.01030389 0.00864293
v -0.00421521 -0.01042913 0.00851143
v -0.00407510 -0.01046670 0.00853961
v -0.00394360 -0.01038529 0.00863041
v -0.00402970 -0.01024753 0.00870868
v -0.00415455 -0.01005342 0.00880261
v -0.00398391 -0.01048861 0.00854900
v -0.00407588 -0.01076101 0.00827661
v -0.00393186 -0.01087998 0.00822965
v -0.00407941 -0.01089877 0.00814511
v -0.00422460 -0.01081110 0.00814198
v -0.00433849 -0.01051992 0.00835802
v -0.00386768 -0.01148738 0.00769426
v -0.00365086 -0.01152182 0.00776314
v -0.00371309 -0.01157505 0.00769426
v -0.00375340 -0.01164706 0.00759720
v -0.00379919 -0.01172846 0.00747509
v -0.00480265 -0.01125256 0.00734046
v -0.00488210 -0.01129639 0.00720897
v -0.00493728 -0.01118994 0.00728411
v -0.00496507 -0.01100835 0.00747196
v -0.00496702 -0.01088937 0.00759094
v -0.00485783 -0.01101148 0.00754398
v -0.00446099 -0.01210731 0.00653269
v -0.00432792 -0.01221063 0.00653269
v -0.00439328 -0.01224507 0.00639179
v -0.00485744 -0.01194137 0.00630413
v -0.00497172 -0.01185683 0.00628221
v -0.00493728 -0.01192884 0.00621959
v -0.00640490 -0.00833454 0.00872747
v -0.00639629 -0.00821243 0.00884018
v -0.00628984 -0.00835332 0.00883079
v -0.00540105 -0.00869146 0.00914075
v -0.00504099 -0.00897951 0.00914388
v -0.00544880 -0.00838150 0.00931295
v -0.00544880 -0.00854118 0.00921276
v -0.00561317 -0.00814042 0.00937557
v -0.00576737 -0.00800266 0.00937557
v -0.00577715 -0.00771148 0.00955403
v -0.00576776 -0.00783672 0.00948202
v -0.00565818 -0.00777723 0.00956969
v -0.00571179 -0.00762694 0.00962291
v -0.00554390 -0.00768956 0.00965109
v -0.00538970 -0.00826252 0.00941001
v -0.00430327 -0.00918928 0.00926912
v -0.00438702 -0.00926442 0.00921276
v -0.00455570 -0.00919867 0.00920024
v -0.00431540 -0.00948359 0.00910944
v -0.00415768 -0.00955560 0.00910318
v -0.00419916 -0.00975911 0.00897794
v -0.00554977 -0.00684734 0.01004559
v -0.00574623 -0.00673463 0.01003620
v -0.00586090 -0.00665949 0.01002680
v -0.00581746 -0.00610531 0.01028667
v -0.00586678 -0.00592685 0.01033676
v -0.00600454 -0.00577657 0.01035868
v -0.00609377 -0.00569829 0.01034929
v -0.00610433 -0.00619611 0.01013639
v -0.00719155 -0.00598321 0.00948828
v -0.00731522 -0.00562628 0.00945697
v -0.00667651 -0.00501888 0.01025536
v -0.00656341 -0.00515351 0.01028667
v -0.00643934 -0.00526622 0.01031798
v -0.00643895 -0.00509715 0.01038686
v -0.00655088 -0.00501262 0.01035242
v -0.00655754 -0.00477780 0.01043069
v -0.00671995 -0.00474336 0.01030859
v -0.00654266 -0.00465256 0.01046826
v -0.00679705 -0.00454924 0.01030546
v -0.00680371 -0.00422676 0.01037120
v -0.00723656 -0.00476841 0.00985773
v -0.00718998 -0.00490304 0.00986713
v -0.00647300 -0.00476214 0.01048705
v -0.00693325 -0.00696006 0.00922215
v -0.00687298 -0.00714478 0.00917519
v -0.00680018 -0.00731698 0.00912823
v -0.00676418 -0.00720114 0.00927538
v -0.00683893 -0.00708216 0.00928790
v -0.00672739 -0.00706651 0.00937557
v -0.00683971 -0.00699450 0.00933800
v -0.00662172 -0.00720427 0.00935991
v -0.00665577 -0.00734203 0.00926286
v -0.00667573 -0.00747666 0.00915014
v -0.00654384 -0.00747353 0.00925033
v -0.00650196 -0.00777097 0.00909065
v -0.00668512 -0.00760190 0.00902804
v -0.00603193 -0.00705712 0.00974815
v -0.00586090 -0.00685047 0.00993914
v -0.00574702 -0.00697884 0.00992035
v -0.00561826 -0.00694440 0.00998297
v -0.00601784 -0.00671584 0.00992661
v -0.00596736 -0.00659374 0.01001115
v -0.00599710 -0.00632448 0.01012386
v -0.00591217 -0.00617732 0.01022718
v -0.00597558 -0.00595503 0.01029606
v -0.00451617 -0.01035085 0.00841437
v -0.00435101 -0.01036025 0.00850517
v -0.00459562 -0.01019744 0.00849578
v -0.00531808 -0.01050740 0.00768487
v -0.00536074 -0.01036025 0.00781637
v -0.00557169 -0.01004089 0.00795726
v -0.00545154 -0.01021622 0.00788525
v -0.00541827 -0.01013482 0.00802614
v -0.00539948 -0.01006594 0.00810754
v -0.00561943 -0.00990626 0.00806684
v -0.00374870 -0.01318121 0.00549948
v -0.00361407 -0.01320626 0.00555897
v -0.00368921 -0.01310920 0.00566855
v -0.00364577 -0.01370721 0.00466978
v -0.00417059 -0.01227324 0.00657339
v -0.00421560 -0.01239535 0.00636361
v -0.00412559 -0.01261139 0.00609435
v -0.00402305 -0.01258947 0.00623525
v -0.00397374 -0.01276167 0.00600669
v -0.00387472 -0.01275228 0.00610688
v -0.00386611 -0.01282116 0.00600356
v -0.00379410 -0.01281490 0.00605991
v -0.00394399 -0.01253624 0.00635735
v -0.00362894 -0.01305598 0.00578439
v -0.00408215 -0.01240474 0.00645441
v -0.00617909 -0.00850987 0.00880261
v -0.00607537 -0.00858501 0.00881826
v -0.00529616 -0.01059507 0.00760033
v -0.00594348 -0.00555427 0.01043069
v -0.00300824 -0.01194137 0.00755337
v -0.00298397 -0.01216053 0.00732168
v -0.00322858 -0.01200712 0.00740621
v -0.00312604 -0.01221063 0.00721836
v -0.00297654 -0.01235152 0.00710878
v -0.00315696 -0.01236717 0.00700859
v -0.00330176 -0.01211983 0.00724654
v -0.00369939 -0.01185996 0.00736864
v -0.00363090 -0.01178482 0.00750014
v -0.00277146 -0.01287751 0.00651703
v -0.00291118 -0.01270218 0.00669236
v -0.00264779 -0.01280863 0.00665792
v -0.00275620 -0.01271157 0.00674872
v -0.00290922 -0.01255190 0.00688648
v -0.00318513 -0.01247676 0.00684891
v -0.00202826 -0.01347552 0.00584388
v -0.00225447 -0.01337846 0.00593468
v -0.00247285 -0.01324383 0.00606931
v -0.00234526 -0.01342856 0.00581570
v -0.00268732 -0.01295579 0.00643876
v -0.00262509 -0.01290569 0.00653895
v -0.00548285 -0.00674715 0.01009568
v -0.00423830 -0.00945228 0.00914388
v -0.00297614 -0.01173472 0.00776314
v -0.00322818 -0.01170968 0.00772244
v -0.00362072 -0.01165958 0.00764730
v -0.00328963 -0.01178482 0.00762851
v -0.00303798 -0.01181613 0.00768174
v -0.00408371 -0.00988435 0.00893098
v -0.00175782 -0.01384184 0.00529910
v -0.00182866 -0.01372600 0.00547756
v -0.00188971 -0.01381366 0.00530223
v -0.00662563 -0.00412343 0.01049331
v -0.00402383 -0.01054184 0.00849265
v -0.00058959 0.00170949 0.01172690
v -0.00082559 0.00181594 0.01173629
v -0.00092812 0.00196622 0.01173316
v -0.00032268 0.00231063 0.01170498
v -0.00019353 0.00222296 0.01169872
v -0.00045927 0.00148719 0.01171750
v -0.00037591 0.00163435 0.01171750
v 0.00312291 -0.00629943 0.01087528
v 0.00256991 -0.00588615 0.01100052
v 0.00251316 -0.00575778 0.01101931
v 0.00201573 -0.00687239 0.01093164
v 0.00337338 -0.00835958 0.01040565
v 0.00347396 -0.00827818 0.01041191
v 0.00346966 -0.00713226 0.01069369
v 0.00349705 -0.00698824 0.01071561
v 0.00336047 -0.00702894 0.01073439
v 0.00332094 -0.00661879 0.01080954
v -0.00064243 -0.00119915 0.01160479
v -0.00059586 -0.00108956 0.01162358
v 0.00373931 0.00076082 0.01144511
v 0.00388411 0.00071698 0.01141380
v 0.00390955 0.00165000 0.01138876
v 0.00382658 0.00172827 0.01140754
v 0.00374400 0.00198501 0.01139189
v 0.00332055 0.00141831 0.01148582
v -0.00153748 -0.00074516 0.01156722
v -0.00101931 -0.00011898 0.01168306
v -0.00116177 -0.00011584 0.01167993
v -0.00130384 -0.00014402 0.01166741
v -0.00140559 -0.00006575 0.01166741
v -0.00160715 0.00005009 0.01163923
v -0.00101970 0.00180342 0.01173629
v -0.00120404 0.00177211 0.01172064
v -0.00118995 0.00199440 0.01170811
v -0.00131088 0.00185664 0.01170185
v -0.00055437 0.00249848 0.01170185
v -0.00043500 0.00240769 0.01170811
v -0.00043657 0.00252353 0.01170185
v 0.00362777 0.00003131 0.01143259
v 0.00379410 -0.00000000 0.01141694
v 0.00404340 0.00011898 0.01136997
v 0.00346574 0.00070446 0.01149208
v 0.00066865 -0.00696632 0.01095982
v 0.00067726 -0.00709782 0.01092851
v 0.00055633 -0.00701641 0.01094730
v 0.00046749 -0.00696319 0.01094730
v 0.00044166 -0.00711347 0.01090972
v 0.00031955 -0.00716357 0.01087842
v 0.00046631 -0.00723871 0.01087528
v 0.00056102 -0.00721679 0.01089094
v 0.00149952 -0.00739839 0.01084398
v 0.00151243 -0.00766452 0.01076570
v 0.00155431 -0.00792751 0.01068117
v 0.00145334 -0.00803710 0.01064673
v 0.00133358 -0.00821243 0.01057785
v 0.00185919 -0.00721053 0.01086589
v 0.00160245 -0.00746727 0.01082519
v 0.00165763 -0.00761129 0.01077823
v 0.00153944 -0.00711034 0.01091599
v 0.00149208 -0.00690996 0.01096295
v 0.00167524 -0.00695693 0.01094417
v 0.00172103 -0.00680977 0.01096608
v 0.00141538 -0.00584545 0.01111950
v 0.00148426 -0.00566385 0.01114141
v 0.00132888 -0.00555740 0.01116333
v 0.00147252 -0.00547913 0.01116333
v 0.00157114 -0.00579848 0.01111637
v 0.00340626 -0.00688805 0.01075631
v 0.00344852 -0.00667827 0.01077196
v 0.00333150 -0.00680664 0.01078449
v 0.00078762 -0.00880731 0.01028667
v 0.00082246 -0.00871025 0.01033990
v 0.00067100 -0.00835958 0.01046513
v 0.00079428 -0.00825939 0.01051836
v 0.00106863 -0.00828444 0.01053088
v 0.00111715 -0.00859753 0.01041191
v 0.00089212 -0.00848482 0.01044009
v 0.00097665 -0.00875408 0.01033990
v 0.00102244 -0.00891689 0.01027102
v 0.00090660 -0.00899516 0.01021153
v 0.00110815 -0.00908283 0.01018961
v 0.00119738 -0.00898577 0.01024910
v 0.00112890 -0.00885427 0.01031172
v 0.00188462 -0.00689118 0.01094103
v 0.00199773 -0.00680038 0.01094730
v 0.00283290 -0.00921120 0.01017396
v 0.00334990 0.00287419 0.01122908
v 0.00351545 0.00273643 0.01124473
v 0.00368491 0.00255171 0.01126978
v 0.00386533 0.00185038 0.01138563
v 0.00383793 0.00197562 0.01137310
v 0.00394752 0.00176584 0.01136997
v -0.00153553 0.00028805 0.01166115
v 0.00372678 0.01054810 0.00785081
v 0.00369626 0.01067647 0.00777253
v 0.00374440 0.01099583 0.00750327
v 0.00214214 0.00990939 0.00880261
v 0.00202708 0.00983112 0.00884644
v 0.00201769 0.01000645 0.00877443
v 0.00187288 0.00987182 0.00883705
v 0.00183844 0.01003776 0.00876191
v 0.00170499 0.00990939 0.00882139
v 0.00214567 0.01034459 0.00854900
v 0.00226229 0.01034459 0.00852709
v 0.00222316 0.01020057 0.00863041
v 0.00234761 0.01025066 0.00856779
v 0.00231317 0.01041973 0.00845194
v 0.00239066 0.01013482 0.00862102
v 0.00230926 0.01005028 0.00869303
v 0.00218324 0.01003463 0.00873686
v 0.00208696 0.01014108 0.00869303
v 0.00154179 0.00995636 0.00879635
v -0.00165059 0.00259241 0.01160792
v -0.00154609 0.00252666 0.01162671
v -0.00146508 0.00258928 0.01163297
v -0.00152887 0.00273330 0.01160479
v -0.00149600 0.00305266 0.01153278
v -0.00157192 0.00294307 0.01155783
v -0.00166937 0.00285541 0.01156096
v -0.00167603 0.00296499 0.01152965
v -0.00166311 0.00585797 0.01060602
v -0.00150930 0.00584545 0.01064986
v -0.00149287 0.00683482 0.01014265
v -0.00137233 0.00685674 0.01016769
v -0.00123222 0.00687239 0.01019274
v -0.00115512 0.00701641 0.01013639
v -0.00066160 0.00801831 0.00966675
v -0.00060955 0.00791812 0.00972936
v -0.00045770 0.00788681 0.00975128
v -0.00103614 0.01058254 0.00800109
v -0.00081815 0.00819677 0.00952272
v -0.00106041 0.00811224 0.00951646
v -0.00120834 0.00821556 0.00941001
v -0.00122674 0.00794630 0.00956656
v 0.00224507 0.01358197 0.00528344
v 0.00321096 0.01233586 0.00648572
v 0.00333659 0.01216366 0.00662348
v 0.00343561 0.01198207 0.00677690
v 0.00353541 0.01198520 0.00674559
v 0.00346887 0.01207913 0.00667045
v 0.00359959 0.01179734 0.00689274
v 0.00366925 0.01169402 0.00694284
v 0.00355576 0.01167837 0.00703050
v 0.00363012 0.01161575 0.00706181
v 0.00374714 0.01117116 0.00736238
v 0.00386611 0.01119620 0.00728724
v 0.00385007 0.01103340 0.00742500
v 0.00109641 0.01130892 0.00801675
v 0.00116138 0.01118994 0.00811380
v 0.00099818 0.01123065 0.00809189
v 0.00111794 0.01102087 0.00822652
v 0.00124631 0.01106471 0.00820460
v 0.00131323 0.01115237 0.00811380
v 0.00144316 0.01101774 0.00820147
v 0.00142086 0.01091755 0.00829853
v 0.00132262 0.01094260 0.00828914
v 0.00125022 0.01085806 0.00833297
v 0.00091443 0.01138093 0.00798231
v 0.00084359 0.01150617 0.00788525
v 0.00074457 0.01143416 0.00794160
v 0.00070818 0.01156879 0.00782889
v 0.00072814 0.01167837 0.00770991
v 0.00059272 0.01167211 0.00773183
v 0.00046866 0.01165958 0.00772244
v 0.00049332 0.01176290 0.00762225
v 0.00063695 0.01147486 0.00789464
v 0.00078841 0.01134336 0.00800422
v -0.00148426 0.01142476 0.00722462
v -0.00165607 0.01133710 0.00723401
v 0.00007925 0.01268966 0.00652016
v -0.00138015 0.01282429 0.00610062
v -0.00125687 0.01279298 0.00617263
v -0.00163141 0.01113672 0.00739369
v -0.00098605 0.00706651 0.01012386
v -0.00108506 0.00688805 0.01020527
v -0.00015909 0.00753928 0.00991722
v 0.00000528 0.00746101 0.00994540
v 0.00173982 0.00522552 0.01066864
v 0.00169090 0.00547600 0.01058724
v 0.00060720 0.01179108 0.00759094
v 0.00030390 0.01206660 0.00727472
v 0.00029529 0.01215114 0.00717453
v 0.00019784 0.01270218 0.00650764
v 0.00041387 0.01210104 0.00724028
v 0.00210770 0.01371973 0.00510498
v -0.00066982 0.01370095 0.00515194
v -0.00078058 0.01364459 0.00520517
v -0.00082715 0.01372287 0.00508620
v -0.00081189 0.01380114 0.00495470
v -0.00092734 0.01376670 0.00498601
v -0.00115238 0.01385750 0.00473553
v -0.00150735 0.00570142 0.01071248
v -0.00142555 0.00571395 0.01071874
v 0.00349627 0.00292116 0.01119464
v 0.00310451 0.00417353 0.01087842
v 0.00318279 0.00408586 0.01090033
v 0.00331781 0.00399820 0.01090346
v 0.00321018 0.00395750 0.01093790
v 0.00328219 0.00380095 0.01097234
v 0.00373344 0.00228245 0.01133240
v -0.00111637 0.01294326 0.00605052
v -0.00113672 0.01285247 0.00614445
v -0.00125726 0.01289317 0.00607557
v 0.00298828 0.01278985 0.00607557
v 0.00309551 0.01268340 0.00616324
v 0.00319257 0.01264269 0.00615384
v 0.00286069 0.01299962 0.00585954
v 0.00286969 0.01290256 0.00596912
v 0.00297771 0.01294953 0.00587832
v 0.00242197 0.01346300 0.00539303
v -0.00042326 0.00260180 0.01168306
v -0.00048823 0.00257989 0.01169559
v 0.00358120 0.01200712 0.00666418
v 0.00309864 0.01277732 0.00605052
v 0.00303328 0.01285873 0.00597538
v 0.00306890 0.01288691 0.00590963
v 0.00238166 0.01353188 0.00529910
v 0.00223411 0.01369156 0.00509559
v 0.00224625 0.01365085 0.00517386
v 0.00217189 0.01368216 0.00515821
v -0.00846858 0.00017533 0.00931295
v -0.00838874 0.00025361 0.00938496
v -0.00857894 0.00103947 0.00910944
v -0.00761344 -0.00697884 -0.00855213
v -0.00668473 -0.00688491 -0.00933174
v -0.00669099 -0.00674402 -0.00941001
v -0.00656928 -0.00664696 -0.00952585
v -0.00662642 -0.00645598 -0.00956343
v -0.00642173 -0.00649981 -0.00965422
v -0.00649922 -0.00678159 -0.00950707
v -0.00655480 -0.00688491 -0.00942253
v -0.00628554 -0.00742970 -0.00926912
v -0.00639864 -0.00743283 -0.00920024
v -0.00743107 -0.00797761 -0.00812007
v -0.00747881 -0.00817799 -0.00795100
v -0.00757626 -0.00785863 -0.00807936
v -0.00754143 -0.00770835 -0.00820460
v -0.00754378 -0.00757685 -0.00827661
v -0.00784787 -0.00762381 -0.00798857
v -0.00769876 -0.00759564 -0.00813885
v -0.00774494 -0.00775531 -0.00800735
v -0.00777938 -0.00787742 -0.00788838
v -0.00766119 -0.00794004 -0.00795726
v -0.00756335 -0.00825000 -0.00782889
v -0.00596697 -0.00966831 -0.00815764
v -0.00603702 -0.00978729 -0.00802614
v -0.00593057 -0.00983425 -0.00806997
v -0.00415768 -0.00841907 -0.00971997
v -0.00383128 -0.01020683 -0.00884644
v -0.00420503 -0.01020370 -0.00874938
v -0.00443751 -0.01016926 -0.00868363
v -0.00449738 -0.00985617 -0.00885270
v -0.00401874 -0.01004089 -0.00890906
v -0.00385320 -0.01006907 -0.00893098
v -0.00360350 -0.01017552 -0.00891532
v -0.00459249 -0.00961822 -0.00895289
v -0.00594348 -0.00999706 -0.00794787
v -0.00608281 -0.01004715 -0.00779445
v -0.00590435 -0.01015674 -0.00785394
v -0.00575211 -0.01024127 -0.00790090
v -0.00489266 -0.01062951 -0.00818582
v -0.00479952 -0.01077979 -0.00812007
v -0.00476273 -0.01065142 -0.00824530
v -0.00491850 -0.01050740 -0.00825470
v -0.00483044 -0.01048548 -0.00831418
v -0.00458583 -0.01073596 -0.00826409
v -0.00466176 -0.01079858 -0.00818895
v -0.00410132 -0.01097078 -0.00827661
v -0.00399017 -0.01105844 -0.00825157
v -0.00498777 -0.01034459 -0.00831418
v -0.00468759 -0.00966831 -0.00887462
v -0.00429153 -0.00551357 -0.01077509
v -0.00429740 -0.00537894 -0.01081267
v -0.00489501 -0.00500009 -0.01079388
v -0.00495920 -0.00514725 -0.01073439
v -0.00501242 -0.00502514 -0.01075631
v -0.00505704 -0.00490617 -0.01077509
v -0.00517836 -0.00487173 -0.01073752
v -0.00512709 -0.00505019 -0.01070621
v -0.00503551 -0.00524744 -0.01067804
v -0.00682875 -0.00492808 -0.00996105
v -0.00706944 -0.00468700 -0.00992035
v -0.00703461 -0.00441148 -0.01001741
v -0.00718881 -0.00435825 -0.00996105
v -0.00728900 -0.00439896 -0.00988278
v -0.00728704 -0.00463065 -0.00982016
v -0.00736727 -0.00456490 -0.00978259
v -0.00743420 -0.00467761 -0.00970119
v -0.00736845 -0.00480285 -0.00971371
v -0.00740758 -0.00494374 -0.00963231
v -0.00729409 -0.00489364 -0.00973563
v -0.00722090 -0.00479658 -0.00981077
v -0.00862004 -0.00376651 -0.00905308
v -0.00785844 -0.00305266 -0.00984521
v -0.00781343 -0.00318729 -0.00985147
v -0.00780873 -0.00337201 -0.00980451
v -0.00768076 -0.00308710 -0.00997358
v -0.00796332 -0.00145275 -0.00995479
v -0.00783535 -0.00159051 -0.01002054
v -0.00807330 -0.00160930 -0.00987339
v -0.00819071 -0.00148406 -0.00980451
v -0.00807095 -0.00119602 -0.00990157
v -0.00817544 -0.00112713 -0.00983269
v -0.00828150 -0.00111461 -0.00975128
v -0.00840400 -0.00118975 -0.00964796
v -0.00835312 -0.00130560 -0.00969492
v -0.00831164 -0.00158425 -0.00971058
v -0.00843062 -0.00154668 -0.00961978
v -0.00838639 -0.00179402 -0.00963231
v -0.00845879 -0.00174080 -0.00958221
v -0.00815627 -0.00182533 -0.00979198
v -0.00783378 -0.00190987 -0.01000176
v -0.00774299 -0.00183786 -0.01005498
v -0.00877697 -0.00354421 -0.00899986
v -0.00884272 -0.00343463 -0.00896542
v -0.00873549 -0.00346907 -0.00905935
v -0.00876562 -0.00281157 -0.00918145
v -0.00577285 -0.01120873 -0.00708060
v -0.00566561 -0.01124004 -0.00715574
v -0.00569262 -0.01110228 -0.00726219
v -0.00560143 -0.01118055 -0.00727472
v -0.00456196 -0.01171281 -0.00746570
v -0.00439602 -0.01171907 -0.00754711
v -0.00448330 -0.01177543 -0.00745005
v -0.00432127 -0.01179421 -0.00751267
v -0.00420386 -0.01203843 -0.00733733
v -0.00437841 -0.01259573 -0.00669236
v -0.00451930 -0.01245797 -0.00675498
v -0.00649453 -0.00636831 -0.00966361
v -0.00630276 -0.00622742 -0.00980764
v -0.00619983 -0.00645911 -0.00977946
v -0.00609964 -0.00645598 -0.00982329
v -0.00615873 -0.00639962 -0.00982329
v -0.00626910 -0.00994383 -0.00770991
v -0.00672896 -0.00998140 -0.00727785
v -0.00662837 -0.01015047 -0.00724028
v -0.00675087 -0.01011917 -0.00714635
v -0.00683580 -0.01003150 -0.00713382
v -0.00687102 -0.01012856 -0.00700859
v -0.00652897 -0.01066082 -0.00688961
v -0.00645813 -0.01065455 -0.00696475
v -0.00642291 -0.01073283 -0.00692405
v -0.00617791 -0.01014108 -0.00763790
v -0.00593096 -0.01025380 -0.00775375
v -0.00579594 -0.01032268 -0.00780697
v -0.00381406 -0.01182239 -0.00768487
v -0.00407158 -0.01211670 -0.00731855
v -0.00368687 -0.01195702 -0.00761599
v -0.00350449 -0.01192571 -0.00771618
v -0.00348649 -0.01182239 -0.00780697
v -0.00323914 -0.01190066 -0.00781950
v -0.00328258 -0.01179108 -0.00789777
v -0.00313308 -0.01179108 -0.00793847
v -0.00301411 -0.01183805 -0.00793534
v -0.00721347 -0.00418918 -0.00998923
v -0.00682562 -0.00383539 -0.01028354
v -0.00679744 -0.00347220 -0.01038373
v -0.00674383 -0.00369450 -0.01035868
v -0.00692894 -0.00358805 -0.01030232
v -0.00703931 -0.00355987 -0.01025223
v -0.00705927 -0.00312467 -0.01031798
v -0.00698100 -0.00293368 -0.01037747
v -0.00681466 -0.00321233 -0.01042130
v -0.00690781 -0.00331252 -0.01036181
v -0.00707531 -0.00293368 -0.01033676
v -0.00667064 -0.00987182 -0.00741561
v -0.00394047 -0.00933956 -0.00936931
v -0.00416825 -0.00930825 -0.00931608
v -0.00405162 -0.00930512 -0.00936618
v -0.00410915 -0.00921746 -0.00939122
v -0.00424926 -0.00918928 -0.00934113
v -0.00397530 -0.00924250 -0.00941627
v -0.00390133 -0.00862884 -0.00970745
v -0.00404692 -0.00852552 -0.00971371
v -0.00402579 -0.00838150 -0.00977633
v -0.00392364 -0.00847543 -0.00977007
v -0.00836682 -0.00597381 -0.00845508
v -0.00833551 -0.00610218 -0.00842064
v -0.00822045 -0.00607713 -0.00854587
v -0.00823493 -0.00596442 -0.00858344
v -0.00812065 -0.00602078 -0.00865859
v -0.00806038 -0.00612410 -0.00865859
v -0.00810696 -0.00620550 -0.00857718
v -0.00775707 -0.00696319 -0.00844568
v -0.00846388 -0.00133691 -0.00959160
v -0.00850732 -0.00155294 -0.00954777
v -0.00754808 -0.00309962 -0.01005811
v -0.00754808 -0.00300256 -0.01007064
v -0.00765258 -0.00294620 -0.01001115
v -0.00410680 -0.01109288 -0.00818895
v -0.00656106 -0.00859440 -0.00839872
v -0.00886151 -0.00282097 -0.00909379
v -0.00883333 -0.00266442 -0.00914075
v -0.00932019 -0.00273643 -0.00864606
v -0.00940864 -0.00273643 -0.00854900
v -0.00934798 -0.00287732 -0.00858344
v -0.00948300 -0.00270825 -0.00844568
v -0.01060270 -0.00359431 -0.00658591
v -0.01061718 -0.00392306 -0.00650451
v -0.01063009 -0.00407334 -0.00643563
v -0.00986615 -0.00469953 -0.00733420
v -0.00973895 -0.00480911 -0.00746257
v -0.01094984 -0.00490930 -0.00564037
v -0.01101324 -0.00487173 -0.00554644
v -0.01106412 -0.00489677 -0.00543060
v -0.01112595 -0.00495939 -0.00522083
v -0.01106099 -0.00498444 -0.00539929
v -0.01097097 -0.00509715 -0.00552766
v -0.01085904 -0.00514412 -0.00570299
v -0.01070680 -0.00523491 -0.00590650
v -0.01072011 -0.00546973 -0.00576248
v -0.01078468 -0.00531945 -0.00575308
v -0.01079956 -0.00544469 -0.00564663
v -0.01087979 -0.00528814 -0.00559654
v -0.01097254 -0.00520987 -0.00545878
v -0.01093145 -0.00536328 -0.00542747
v -0.01102850 -0.00524118 -0.00529284
v -0.01105786 -0.00509715 -0.00533041
v -0.01112791 -0.00508776 -0.00512690
v -0.01106803 -0.00556992 -0.00490773
v -0.01052521 -0.00604896 -0.00567481
v -0.01044380 -0.00608653 -0.00578439
v -0.01045007 -0.00617419 -0.00570299
v -0.01039527 -0.00616793 -0.00580318
v -0.01053577 -0.00612097 -0.00559341
v -0.01095767 -0.00579535 -0.00501105
v -0.01101794 -0.00570455 -0.00492652
v -0.01134825 -0.00537581 -0.00408117
v -0.01129776 -0.00549165 -0.00414065
v -0.01239907 -0.00272704 -0.00071542
v -0.01239750 -0.00252040 -0.00081874
v -0.01196974 -0.00405455 -0.00273487
v -0.01195017 -0.00425180 -0.00267538
v -0.01194978 -0.00431442 -0.00257206
v -0.01192043 -0.00443027 -0.00257832
v -0.01192317 -0.00435199 -0.00270043
v -0.01167661 -0.00242960 -0.00444749
v -0.01161712 -0.00239516 -0.00463221
v -0.01128015 -0.00300569 -0.00546504
v -0.01122497 -0.00297125 -0.00561845
v -0.01120501 -0.00313406 -0.00563724
v -0.01115452 -0.00306205 -0.00576561
v -0.01115296 -0.00293055 -0.00579065
v -0.01107116 -0.00288672 -0.00595346
v -0.01104729 -0.00274583 -0.00600356
v -0.01097567 -0.00269886 -0.00613819
v -0.01103046 -0.00260493 -0.00603800
v -0.01147544 -0.00211338 -0.00503610
v -0.01170087 -0.00030996 -0.00454454
v -0.01175371 -0.00038510 -0.00435982
v -0.01209693 -0.00059488 -0.00302604
v -0.01211572 -0.00074203 -0.00296343
v -0.01212590 -0.00065123 -0.00288515
v -0.01215916 -0.00147154 -0.00280062
v -0.01214155 -0.00151537 -0.00291020
v -0.01214038 -0.00163121 -0.00286637
v -0.01240024 -0.00214156 -0.00090014
v -0.01000039 -0.00789620 -0.00499540
v -0.01009823 -0.00819677 -0.00451637
v -0.01015537 -0.00803083 -0.00456959
v -0.01024734 -0.00795569 -0.00445062
v -0.01030448 -0.00792125 -0.00428155
v -0.00988767 -0.00582353 -0.00681447
v -0.00910807 -0.00794004 -0.00637301
v -0.00904623 -0.00806528 -0.00635735
v -0.00906032 -0.00817799 -0.00621333
v -0.00897540 -0.00815920 -0.00636675
v -0.00888617 -0.00814668 -0.00648572
v -0.00900240 -0.00798074 -0.00648572
v -0.00886855 -0.00798074 -0.00664540
v -0.00876641 -0.00807154 -0.00668923
v -0.00877071 -0.00792438 -0.00679255
v -0.00894017 -0.00770835 -0.00676750
v -0.00899183 -0.00771774 -0.00669862
v -0.00905798 -0.00764260 -0.00667671
v -0.00897853 -0.00761129 -0.00678942
v -0.00940473 -0.00590180 -0.00740621
v -0.00938516 -0.00696632 -0.00673620
v -0.00941686 -0.00706338 -0.00662661
v -0.00931706 -0.00718235 -0.00668297
v -0.00933193 -0.00727315 -0.00659217
v -0.00942782 -0.00725123 -0.00646067
v -0.00877893 -0.00336262 -0.00905308
v -0.01040193 -0.00775531 -0.00417196
v -0.01038158 -0.00783985 -0.00409056
v -0.01015145 -0.00825313 -0.00426589
v -0.01008609 -0.00834080 -0.00433164
v -0.01012993 -0.00823748 -0.00439113
v -0.01005635 -0.00831575 -0.00445375
v -0.00996947 -0.00876347 -0.00375242
v -0.01157289 -0.00455550 -0.00409056
v -0.01160577 -0.00459934 -0.00394341
v -0.01166643 -0.00437391 -0.00390897
v -0.01166056 -0.00422989 -0.00404360
v -0.01173883 -0.00390740 -0.00401542
v -0.01178267 -0.00385417 -0.00389331
v -0.01176388 -0.00378529 -0.00400916
v -0.01171496 -0.00379782 -0.00414065
v -0.01174705 -0.00366945 -0.00407804
v -0.01179480 -0.00369137 -0.00390897
v -0.01181006 -0.00379782 -0.00376807
v -0.01184568 -0.00446784 -0.00301039
v -0.01181711 -0.00459934 -0.00298534
v -0.01180850 -0.00454298 -0.00310432
v -0.01224096 -0.00337827 0.00049312
v -0.01213020 -0.00400133 0.00043363
v -0.01211924 -0.00407960 0.00039919
v -0.01203784 -0.00411717 0.00071855
v -0.01215447 -0.00359744 0.00072794
v -0.01223470 -0.00332818 0.00063401
v -0.01240885 -0.00281784 -0.00049312
v -0.01241394 -0.00254545 -0.00067785
v -0.01241512 -0.00234507 -0.00076238
v -0.01239124 -0.00226679 -0.00095650
v -0.01224683 -0.00355987 -0.00130090
v -0.01224957 -0.00361309 -0.00119132
v -0.01213959 -0.00414535 -0.00121637
v -0.01217912 -0.00399194 -0.00121324
v -0.01212746 -0.00414848 -0.00137917
v -0.01165352 -0.00623055 -0.00048060
v -0.01201670 -0.00453046 -0.00150754
v -0.01202727 -0.00443340 -0.00165157
v -0.01197992 -0.00460873 -0.00165783
v -0.01154706 -0.00645911 -0.00079056
v -0.01160225 -0.00635892 -0.00071542
v -0.01158072 -0.00641841 -0.00057453
v -0.01151067 -0.00658435 -0.00063714
v -0.01144883 -0.00665949 -0.00084692
v -0.01198344 -0.00453359 -0.00180185
v -0.01213372 -0.00407334 -0.00148876
v -0.01222609 -0.00355361 -0.00144806
v -0.01221082 -0.00371954 -0.00140422
v -0.01222021 -0.00376338 -0.00126333
v -0.01221121 -0.00385417 -0.00108487
v -0.00955149 -0.00565446 -0.00738430
v -0.00960197 -0.00550104 -0.00740621
v -0.00967359 -0.00554175 -0.00729350
v -0.00950296 -0.00581727 -0.00735299
v -0.00977261 -0.00562002 -0.00711191
v -0.00988454 -0.00564194 -0.00694597
v -0.00996477 -0.00551044 -0.00689900
v -0.00993933 -0.00541651 -0.00697728
v -0.00986028 -0.00551983 -0.00704929
v -0.00995264 -0.00534450 -0.00698354
v -0.00931236 -0.00176271 -0.00877130
v -0.00934367 -0.00166879 -0.00874312
v -0.00933232 -0.00230750 -0.00868990
v -0.00938672 -0.00237638 -0.00862102
v -0.00944073 -0.00261433 -0.00852083
v -0.00928105 -0.00166565 -0.00880887
v -0.01069271 -0.00400133 -0.00635422
v -0.01065632 -0.00375085 -0.00647946
v -0.01108682 -0.00314658 -0.00587832
v -0.01108721 -0.00302135 -0.00590963
v -0.00965951 -0.00028178 -0.00843003
v -0.00972486 -0.00033501 -0.00833610
v -0.00950022 -0.00036006 -0.00859910
v -0.00960745 -0.00011898 -0.00848952
v -0.00948848 -0.00016594 -0.00861475
v -0.01210672 -0.00168131 -0.00303231
v -0.01207463 -0.00224175 -0.00298847
v -0.01157524 -0.00223548 -0.00477310
v -0.01150245 -0.00224175 -0.00496096
v -0.01130716 -0.00536641 -0.00426589
v -0.01136664 -0.00526935 -0.00415944
v -0.01181515 -0.00306518 -0.00391210
v -0.01179049 -0.00315911 -0.00398724
v -0.01168561 -0.00375712 -0.00423771
v -0.01210672 -0.00412030 0.00041485
v -0.00118564 -0.00802770 -0.01044948
v -0.00146156 -0.00805275 -0.01044322
v -0.00145021 -0.00819051 -0.01040251
v -0.00085611 -0.00892002 -0.01015204
v -0.00095043 -0.00875095 -0.01022718
v -0.00013835 -0.00921746 -0.00988591
v -0.00005264 -0.00930512 -0.00982955
v 0.00025732 -0.00972154 -0.00946010
v 0.00008512 -0.00951803 -0.00965109
v 0.00009725 -0.00938340 -0.00974502
v 0.00033638 -0.00977789 -0.00939435
v -0.00234409 -0.00553548 -0.01103183
v -0.00239614 -0.00543216 -0.01104749
v -0.00135158 -0.00449288 -0.01117585
v -0.00152065 -0.00448349 -0.01118525
v -0.00134141 -0.00441148 -0.01118525
v -0.00143925 -0.00433008 -0.01119777
v -0.00246580 -0.00530380 -0.01106001
v -0.00168894 -0.00446784 -0.01118525
v -0.00244976 -0.00563567 -0.01100678
v -0.00496428 -0.00483416 -0.01081893
v -0.00479208 -0.00414222 -0.01100365
v -0.00492006 -0.00396376 -0.01102244
v -0.00500225 -0.00400446 -0.01099426
v -0.00447155 -0.00332818 -0.01117272
v -0.00463671 -0.00325617 -0.01116020
v -0.00474669 -0.00342524 -0.01112576
v -0.00501947 -0.00346907 -0.01107880
v -0.00537639 -0.00355987 -0.01095356
v -0.00544058 -0.00386670 -0.01086589
v -0.00552707 -0.00312154 -0.01095669
v -0.00547071 -0.00288046 -0.01099739
v -0.00530986 -0.00295247 -0.01104435
v -0.00504921 -0.00292742 -0.01110384
v -0.00516623 -0.00271452 -0.01108506
v -0.00621196 -0.00230123 -0.01075318
v -0.00655636 -0.00182220 -0.01063420
f 2174 2167 2168
f 2168 2167 2169
f 2506 2585 2576
f 1448 1449 2077
f 2077 1449 2062
f 4903 436 390
f 773 2226 2174
f 2127 2167 2125
f 2167 2130 2125
f 2128 2167 2174
f 2128 2130 2167
f 2174 2226 2128
f 3 773 782
f 4422 4420 4418
f 4429 4456 4430
f 4409 4456 4429
f 2170 2167 2127
f 2169 2167 2170
f 2174 2168 2175
f 2519 1599 2501
f 2585 2506 2586
f 1590 2536 2538
f 2392 4503 4509
f 2077 2062 2061
f 2075 1448 2077
f 390 436 387
f 1447 1448 2066
f 2078 2080 2066
f 1448 2075 2066
f 1358 1969 1966
f 386 384 1883
f 2334 2335 383
f 383 2335 381
f 2126 2125 2130
f 2127 2125 2126
f 2126 2111 2127
f 3 782 4975
f 4975 773 3
f 2155 773 2174
f 2155 782 773
f 4755 2223 34
f 4967 4970 614
f 3378 4967 4969
f 4970 4967 3378
f 1536 1537 1531
f 3607 3609 3018
f 3018 3401 3607
f 4419 4420 4409
f 4409 4418 4419
f 4419 4418 4420
f 4417 4418 4409
f 4422 4418 4417
f 4425 4504 4503
f 4503 2510 4425
f 2334 383 395
f 395 383 381
f 4480 4481 4414
f 4480 4482 3908
f 4432 4429 4430
f 4409 4429 4432
f 4432 4417 4409
f 3903 3905 3904
f 3903 3904 3908
f 3908 4482 3903
f 4455 4456 4409
f 4475 4399 4457
f 4430 4456 4400
f 4400 4399 4430
f 4456 4399 4400
f 656 651 655
f 431 440 430
f 2618 4034 2620
f 762 4070 4066
f 4044 4070 762
f 4044 4066 4070
f 804 2197 802
f 4029 2691 4028
f 2131 2158 2132
f 2132 2158 2166
f 2014 2111 2114
f 2127 2153 2154
f 2154 2170 2127
f 2153 2170 2154
f 2164 2170 2153
f 2174 2175 2156
f 749 736 737
f 2518 2519 2532
f 2532 2536 2518
f 2518 2536 1597
f 2502 2503 2532
f 2501 2503 2502
f 2532 2519 2502
f 2502 2519 2501
f 2507 2503 2506
f 2585 2586 2584
f 2503 2507 2521
f 2521 2507 2506
f 2521 2506 2576
f 4593 1266 1275
f 2564 4559 4561
f 1583 1584 1585
f 2391 2392 2390
f 2391 2510 4503
f 4503 2392 2391
f 4509 4503 4506
f 4538 4543 4528
f 4843 2073 2060
f 4842 2073 4843
f 2060 2108 4841
f 4841 4843 2060
f 4842 4843 4841
f 4903 438 434
f 2077 2073 434
f 434 2075 2077
f 2078 2075 439
f 2075 434 439
f 439 434 438
f 439 438 4903
f 385 384 386
f 386 387 385
f 388 387 386
f 2076 2075 2078
f 2078 2066 2076
f 2076 2066 2075
f 914 903 920
f 1107 1100 1106
f 1247 1245 1238
f 4580 1266 4593
f 2922 2977 2979
f 1476 1477 1478
f 874 1480 1669
f 873 1480 874
f 874 1669 873
f 873 1669 872
f 2082 2085 790
f 790 2085 2086
f 2052 2051 1468
f 2053 2051 2052
f 1468 1451 2052
f 804 2051 2198
f 1969 1358 1357
f 2053 2052 2050
f 2050 2040 2053
f 2050 2052 1451
f 1561 1464 1565
f 1368 1393 1394
f 1571 1449 1566
f 1449 1567 1566
f 1569 1567 1568
f 1459 1465 1460
f 2954 2956 2955
f 3757 2878 2980
f 2980 2875 3757
f 3757 2875 2878
f 2473 1883 1882
f 381 2335 2338
f 2338 2335 2334
f 2334 2333 2338
f 4844 2073 4842
f 3658 33 3680
f 3658 3681 3656
f 3680 3681 3658
f 3680 33 4960
f 4960 33 32
f 2226 773 6
f 773 8 6
f 6 8 4
f 2115 2114 2130
f 2111 2126 2112
f 2130 2114 2112
f 2112 2126 2130
f 4991 2121 2124
f 2130 2128 2129
f 4 5 2129
f 2129 6 4
f 2129 2128 2226
f 2226 6 2129
f 7 8 773
f 783 782 3705
f 782 2155 3705
f 2206 2123 2122
f 2205 2123 2206
f 600 4967 614
f 321 569 322
f 322 569 603
f 593 592 590
f 4616 4681 4618
f 4670 4722 4723
f 4723 4671 4668
f 4662 4766 4670
f 580 4766 4662
f 4670 4766 4765
f 3343 3395 3210
f 3393 3349 3210
f 3350 3351 3246
f 1608 1610 1609
f 1447 1531 1446
f 1531 1537 1446
f 1379 1428 1427
f 1427 1428 1426
f 1449 1448 1444
f 1444 1448 1447
f 1447 1446 1444
f 1444 1446 1424
f 1430 1440 1569
f 1569 1443 1430
f 1431 1440 1430
f 2941 4603 2940
f 4496 4485 4494
f 4494 4485 4497
f 3588 2722 2973
f 3588 2720 2721
f 2721 2722 3588
f 2933 2961 3560
f 3560 2959 2933
f 3753 2874 2873
f 3527 3526 3530
f 3526 3412 3414
f 3413 3195 3491
f 3491 3195 3481
f 3526 3414 3505
f 3552 3553 3586
f 2987 3401 2992
f 2993 2994 2992
f 2992 2994 2987
f 2992 3018 2993
f 3401 3018 2992
f 3605 3599 3648
f 3599 3014 3631
f 3015 3014 3599
f 3634 3014 3001
f 3313 3018 3609
f 3634 3001 3313
f 2998 3010 2997
f 3934 3551 3944
f 4369 4367 4366
f 3109 3054 2821
f 2821 2819 3109
f 3109 2819 2818
f 2821 3054 3110
f 3047 3050 3052
f 2821 3110 2822
f 3091 3072 3070
f 3070 3039 3091
f 3091 3039 3072
f 2394 2440 4420
f 2510 2393 2401
f 4425 4483 4423
f 4423 4420 4422
f 4423 4483 4420
f 2400 4425 2510
f 2510 2401 2400
f 2332 2333 2331
f 2457 4292 2462
f 399 2462 398
f 2334 395 2330
f 2330 2333 2334
f 2331 2333 2330
f 393 4898 403
f 403 4898 440
f 4589 4479 3907
f 4414 4481 4590
f 4479 4590 3875
f 3875 4590 4481
f 2870 2868 2862
f 2799 3990 2870
f 2803 2804 2819
f 2844 3990 2799
f 3959 2844 2796
f 3990 2844 3959
f 3905 3903 3906
f 3906 3749 3748
f 3904 3905 3747
f 3747 3906 3748
f 3905 3906 3747
f 4448 4447 4442
f 2455 2456 4356
f 4356 2456 4435
f 4436 4435 4409
f 4436 4356 4435
f 4420 2440 2454
f 2454 4416 4420
f 2455 4356 2454
f 4356 4436 2454
f 4409 4435 4433
f 4433 4455 4409
f 4433 4450 4455
f 4456 4455 4454
f 4454 4399 4456
f 4454 4457 4399
f 4475 4457 4454
f 2230 264 2245
f 2245 264 265
f 253 257 251
f 205 251 207
f 251 257 207
f 181 172 171
f 240 243 241
f 246 239 247
f 241 243 502
f 227 229 230
f 418 419 416
f 416 414 399
f 413 2462 399
f 399 414 413
f 413 414 2462
f 442 430 440
f 4274 4320 4271
f 4277 4463 4283
f 4319 4311 4271
f 4311 4319 4323
f 4271 4320 4323
f 4323 4319 4271
f 2618 2620 2619
f 2619 2620 2656
f 2656 2653 2619
f 1853 1852 1833
f 4021 1859 1857
f 2620 4066 4045
f 4066 4044 4045
f 4045 4044 4026
f 4048 2653 2656
f 4050 2653 4048
f 4019 4053 4049
f 4049 4048 4047
f 1238 1245 1241
f 1848 764 784
f 784 764 762
f 754 736 749
f 804 802 801
f 803 802 2197
f 2035 2036 2028
f 2031 2035 2028
f 3996 3992 3995
f 3995 4041 3996
f 2657 4041 3995
f 2657 3995 4038
f 4038 3995 3992
f 3598 3596 3997
f 3994 3992 3996
f 3993 3992 3994
f 3996 3997 3994
f 3997 3596 3994
f 4031 4029 4030
f 4030 4066 4031
f 4030 781 762
f 762 4066 4030
f 2690 2691 4033
f 2691 4029 4033
f 4033 4029 4031
f 4031 4032 4033
f 720 719 2131
f 2172 2175 2168
f 2720 3579 3446
f 2990 3952 3920
f 2657 2728 2614
f 2131 719 2157
f 2157 719 2160
f 2160 2161 2159
f 2159 2157 2160
f 2159 2161 2166
f 2166 2158 2159
f 2159 2158 2131
f 2131 2157 2159
f 2170 2164 2163
f 2169 2170 2163
f 2163 2161 2169
f 763 764 1863
f 762 764 763
f 1857 1859 1860
f 1860 1859 1863
f 1866 764 1848
f 1615 2518 1597
f 1597 1596 1615
f 2594 2577 4510
f 2499 2503 2501
f 2566 2588 2565
f 2587 2584 2586
f 2586 2565 2587
f 2587 2565 2588
f 2581 2580 2583
f 2583 2582 2581
f 2584 2582 2583
f 2527 4513 4524
f 1595 1596 1597
f 1597 2536 1595
f 2532 2503 2520
f 2503 2521 2520
f 2520 2531 2532
f 2521 2531 2520
f 1586 1584 2538
f 2538 2540 1586
f 1585 1584 1586
f 1491 1545 1487
f 1544 1543 1545
f 1505 1545 1491
f 1505 1544 1545
f 1504 1544 1505
f 1496 1504 1495
f 1504 1505 1495
f 1604 1275 1266
f 1577 1573 1579
f 2564 4561 2559
f 2557 1267 2562
f 2557 4561 2556
f 2556 2555 2557
f 1513 1512 1511
f 4424 4423 4422
f 4425 4423 4424
f 4503 4504 4505
f 4505 4506 4503
f 4504 4425 4505
f 4425 4424 4505
f 4506 4505 4602
f 4414 4590 4602
f 4903 434 2074
f 2074 434 2073
f 2073 4844 2074
f 2078 439 389
f 389 2080 2078
f 387 2080 389
f 390 387 389
f 389 439 390
f 437 4903 390
f 390 439 437
f 437 439 4903
f 391 387 436
f 391 385 387
f 2065 1531 1447
f 2065 1530 1531
f 1447 2066 2065
f 1531 1530 1542
f 1612 1536 1535
f 1535 1534 1612
f 1536 1534 1535
f 4842 4841 4840
f 4828 4839 4952
f 4926 4791 4792
f 4926 4792 4786
f 4786 4791 4785
f 4786 4792 4791
f 4853 4869 4814
f 4814 4930 4853
f 4853 4930 4869
f 4812 4930 4814
f 4812 4801 4930
f 917 914 920
f 898 897 895
f 1118 1110 1111
f 1123 1110 1118
f 1233 1123 1127
f 1821 1231 1770
f 1770 1231 1768
f 1768 1813 1770
f 1770 1813 1121
f 1106 1100 1092
f 914 917 916
f 915 914 916
f 4591 4560 4576
f 4591 4571 4560
f 1266 4580 4581
f 2922 4607 4606
f 1307 1261 1311
f 1264 4575 1311
f 4575 1310 1311
f 1312 1264 4576
f 4576 4575 1312
f 1312 4575 1264
f 1260 1261 1307
f 1477 1672 1482
f 1478 1477 1482
f 1482 1672 1673
f 1386 1397 1389
f 1389 1397 1387
f 1389 1387 1391
f 1391 1387 1395
f 1473 1472 1818
f 1394 1393 1392
f 872 1669 1674
f 1674 868 872
f 1674 1314 831
f 831 868 1674
f 1674 1669 1480
f 2107 4838 4839
f 4839 4840 2084
f 788 2055 804
f 790 805 788
f 788 805 806
f 804 801 788
f 788 801 802
f 788 787 790
f 802 803 788
f 788 803 2197
f 2197 787 788
f 1976 1469 1975
f 1970 1969 1818
f 1966 1969 1954
f 1954 1955 1966
f 1967 2045 1966
f 1966 1955 1967
f 1967 1955 1968
f 2033 2045 1967
f 1967 1968 2033
f 2033 1968 1952
f 1968 1955 1952
f 1955 1954 1952
f 1969 1970 1952
f 1952 1954 1969
f 2199 2197 804
f 804 2198 2199
f 2199 2198 2197
f 2049 2050 2048
f 2032 2050 2033
f 2040 2050 2032
f 2033 2035 2032
f 2032 2031 2040
f 2035 2031 2032
f 2054 805 1563
f 806 805 2054
f 2054 788 806
f 1468 2051 2054
f 2054 2051 804
f 804 2055 2054
f 2055 788 2054
f 1379 1368 1377
f 1431 1428 1377
f 1377 1428 1379
f 1378 1368 1379
f 1393 1368 1378
f 1379 1381 1378
f 1571 1566 1560
f 1461 1567 1569
f 1459 1460 1461
f 1569 1458 1461
f 1461 1458 1459
f 3448 3579 2720
f 3448 3447 3579
f 2720 3588 3448
f 3583 3581 3579
f 2871 3587 3583
f 3585 3586 3408
f 3579 3447 3432
f 1835 1833 1843
f 1843 1833 1851
f 2936 2937 2935
f 2980 2878 2902
f 2974 2937 2936
f 2936 2935 2974
f 2933 2959 2892
f 3758 2874 2875
f 3759 2874 3758
f 3756 3878 3863
f 1532 1536 1531
f 1532 1534 1536
f 4905 4820 4921
f 381 2338 441
f 382 4898 393
f 382 395 381
f 381 441 382
f 4974 4975 4973
f 2124 2121 2118
f 2111 2112 2110
f 2121 4991 27
f 27 9 2121
f 4992 4991 2124
f 19 4992 31
f 2223 4755 4703
f 4703 4689 2223
f 4755 4702 4703
f 4703 4702 4689
f 3389 3392 3711
f 4969 600 595
f 4969 4967 4968
f 4968 600 4969
f 4967 600 4968
f 367 371 614
f 614 371 619
f 619 371 378
f 618 619 378
f 614 619 618
f 321 322 323
f 3302 3299 3301
f 3301 3304 3302
f 3709 3711 3710
f 3710 3711 3392
f 26 3710 3392
f 3389 3390 26
f 26 4966 25
f 26 25 3709
f 3709 3710 26
f 4969 4966 26
f 3390 3381 26
f 589 4966 593
f 593 590 589
f 589 590 588
f 3707 3708 3706
f 3709 25 3706
f 25 4963 3706
f 3706 4963 3707
f 591 590 592
f 588 590 591
f 4682 4618 4681
f 32 33 621
f 588 574 575
f 575 586 588
f 579 4662 582
f 4638 4722 4670
f 2987 2994 3000
f 3210 3349 3009
f 3334 3338 3341
f 3341 3007 3334
f 3349 3393 3394
f 3210 3395 3394
f 3394 3393 3210
f 4126 3167 4124
f 4124 4143 4126
f 4118 4133 4119
f 4122 3167 4126
f 3171 3206 4122
f 3205 3206 3176
f 3115 3206 3171
f 3115 3207 3206
f 4126 3007 4123
f 4123 4122 4126
f 3171 4122 4123
f 4123 3115 3171
f 3007 3115 4123
f 3008 3343 3210
f 3210 3115 3008
f 3008 3115 3007
f 3335 3007 3341
f 3335 3342 3343
f 3343 3008 3335
f 3335 3008 3007
f 4096 343 337
f 3226 4195 3228
f 4125 3007 4126
f 4125 3221 3007
f 4125 3226 3221
f 4195 3226 4125
f 4106 4107 4110
f 206 251 205
f 205 198 206
f 250 198 650
f 251 206 250
f 250 206 198
f 250 230 251
f 1614 1610 1612
f 1614 1549 2501
f 1612 1534 1533
f 1570 1537 1434
f 1570 1446 1537
f 1449 1444 1442
f 1442 1567 1449
f 1442 1568 1567
f 1442 1444 1443
f 1442 1443 1569
f 1569 1568 1442
f 1443 1444 1429
f 1429 1444 1424
f 1424 1426 1429
f 1426 1428 1429
f 1429 1428 1431
f 1431 1430 1429
f 3888 4603 4529
f 3888 2940 4603
f 2939 2940 3888
f 4484 4496 3887
f 3887 4485 4484
f 4484 4485 4496
f 2985 3888 2944
f 4546 4489 4545
f 4545 4544 4543
f 4545 4494 4497
f 4586 3918 3877
f 3884 3883 4500
f 4585 4569 4586
f 4565 4518 4516
f 3449 3448 3588
f 3447 3448 3449
f 3449 3432 3447
f 3730 3732 3729
f 3733 2963 2964
f 3732 2963 3733
f 2957 2955 2956
f 2964 2937 2880
f 3528 3412 3526
f 3526 3527 3528
f 3528 3414 3412
f 3528 3527 3530
f 3112 3195 3413
f 3413 3113 3112
f 3112 3113 3195
f 3571 3113 3570
f 3415 3414 3570
f 3570 3113 3415
f 3413 3414 3415
f 3415 3113 3413
f 3555 3587 3485
f 3555 3545 3544
f 3413 3491 3492
f 3492 3414 3413
f 3492 3587 3414
f 3486 3492 3491
f 3485 3587 3486
f 4138 4133 4118
f 3530 3526 3529
f 3589 3524 3525
f 3526 3505 3525
f 3525 3505 3589
f 3450 3587 2871
f 3469 3457 3470
f 3408 3586 3404
f 3586 3553 3404
f 3553 3552 3554
f 3554 3404 3553
f 3402 3404 3554
f 3554 3551 3934
f 3934 3402 3554
f 3554 3552 3549
f 3549 3551 3554
f 3297 3401 2987
f 3633 3631 3634
f 3599 3631 3633
f 3634 3313 3633
f 3605 3648 3684
f 3632 3014 3634
f 3634 3631 3632
f 3632 3631 3014
f 3014 3015 3924
f 3925 3017 3924
f 3924 3001 3014
f 3949 3001 3924
f 3018 3313 2991
f 2991 3313 3001
f 3001 3003 2991
f 2991 3003 3940
f 2997 3010 3416
f 3417 2995 3416
f 3416 2995 2997
f 3010 2998 3011
f 3195 3193 3194
f 3194 3193 3187
f 3934 3944 3945
f 3550 3551 3549
f 3550 3944 3551
f 3549 3479 3550
f 3479 3944 3550
f 3547 3194 3187
f 3547 3483 3481
f 3481 3195 3547
f 3195 3194 3547
f 2326 2251 4369
f 2327 2241 2326
f 4369 2251 4361
f 3085 3086 3061
f 2239 2241 2240
f 4368 2326 4369
f 2327 2326 4368
f 3049 3050 3047
f 3982 3109 2818
f 2324 2261 2260
f 2257 2325 2260
f 2328 3981 3054
f 3054 3109 2328
f 3109 3982 2328
f 3974 2277 2328
f 2328 3982 3974
f 3053 3110 3054
f 3050 3110 3053
f 3053 3052 3050
f 3054 3981 3055
f 3055 3053 3054
f 3084 2261 2324
f 2820 2819 2821
f 3051 3110 3050
f 3050 2822 3051
f 3051 2822 3110
f 4108 4107 4182
f 4182 4203 4108
f 3105 4203 3087
f 263 4206 4204
f 4204 4203 263
f 3028 3036 2841
f 3070 3072 3076
f 3087 3090 3021
f 3021 3105 3087
f 3089 3064 3088
f 3088 3021 3089
f 3089 3021 3090
f 3022 3090 3087
f 2257 2260 2264
f 2264 2260 2261
f 2440 2394 2439
f 2394 2396 2439
f 2479 2480 2442
f 2442 2480 2445
f 4421 2394 4420
f 4420 4483 4421
f 2395 4483 2397
f 2397 2396 2395
f 2395 2396 2394
f 2394 4421 2395
f 2395 4421 4483
f 2397 4483 2398
f 2398 4483 4425
f 2397 2398 2399
f 4425 2400 2399
f 2399 2398 4425
f 2331 2330 396
f 396 2330 395
f 4292 2457 2434
f 2331 4292 2434
f 2435 2434 2459
f 2459 2457 2462
f 4478 4590 4479
f 4588 4589 3907
f 3907 4479 3874
f 3874 3875 3907
f 4479 3875 3874
f 3917 3918 4586
f 4586 3875 3917
f 3873 3875 4481
f 3873 4480 3908
f 4481 4480 3873
f 2862 2868 3965
f 3965 3970 3969
f 3965 2803 2862
f 3969 2803 3965
f 2798 2870 2862
f 2799 2870 2798
f 2798 2865 2802
f 2868 2870 3976
f 3976 3965 2868
f 2869 3965 3976
f 3976 2870 3980
f 3977 3990 3980
f 3980 2870 3977
f 3977 2870 3990
f 2771 2773 2828
f 3831 3453 3797
f 2843 2844 2799
f 2797 3764 3762
f 2796 3764 2797
f 2796 2797 3985
f 3762 3764 3765
f 3765 3764 2796
f 4412 3903 4482
f 4412 3906 3903
f 4411 3906 4412
f 3749 3906 4431
f 4430 3749 4431
f 4431 3906 4411
f 3746 3748 3762
f 3762 3747 3746
f 3746 3747 3748
f 4447 4446 4451
f 3974 2869 3964
f 3964 2287 3974
f 4443 4448 4442
f 4442 4444 4443
f 4287 2456 4286
f 4286 4438 4287
f 4287 4438 2456
f 4442 4447 4434
f 4434 4433 4435
f 4439 4283 4463
f 4439 4438 4286
f 4286 2456 4288
f 4327 4288 4290
f 4311 4323 4290
f 4408 4436 4409
f 4408 2454 4436
f 4416 2454 4408
f 4409 4420 4408
f 4420 4416 4408
f 4455 4450 4453
f 4453 4454 4455
f 4475 4454 4452
f 4450 4451 4452
f 4452 4453 4450
f 4454 4453 4452
f 3748 3749 3750
f 3750 4458 3748
f 3750 3749 4430
f 4430 4399 4398
f 653 651 671
f 682 217 678
f 671 651 308
f 163 162 155
f 163 161 162
f 536 159 275
f 267 289 527
f 261 260 262
f 262 260 214
f 533 273 272
f 215 682 212
f 217 682 215
f 264 2230 232
f 2245 265 266
f 649 265 264
f 649 250 650
f 649 266 265
f 650 4193 649
f 2245 266 649
f 649 4206 263
f 267 272 270
f 257 255 256
f 291 260 256
f 256 270 291
f 256 255 270
f 155 162 156
f 162 538 156
f 157 156 531
f 155 156 157
f 458 453 454
f 182 172 181
f 90 79 91
f 90 93 88
f 175 79 80
f 168 166 171
f 172 170 168
f 168 171 172
f 244 239 246
f 244 240 239
f 243 240 244
f 227 2243 228
f 228 229 227
f 247 229 228
f 235 240 241
f 235 230 229
f 4341 502 243
f 238 247 239
f 238 229 247
f 528 289 529
f 527 289 528
f 529 289 511
f 504 462 467
f 432 440 431
f 431 415 432
f 432 415 416
f 400 416 399
f 2462 414 2517
f 414 416 2517
f 2517 2461 2462
f 416 2461 2517
f 4214 298 4337
f 4250 4253 4252
f 4254 4253 4250
f 4379 4280 4281
f 2688 4032 4034
f 2690 4033 2688
f 2688 4033 4032
f 4031 4066 4067
f 4067 4066 2620
f 4034 4032 4069
f 4069 4032 4031
f 4031 4067 4069
f 740 737 736
f 2681 2686 2621
f 2621 2682 2681
f 2765 2685 2683
f 2683 2680 2765
f 2652 2653 4050
f 2625 2682 2622
f 2622 2655 2625
f 1870 1232 1881
f 1881 1232 1867
f 4026 4044 4027
f 4027 4044 762
f 762 763 4027
f 4026 4027 4023
f 1857 1855 1858
f 1858 4021 1857
f 1855 4021 1858
f 2656 2620 4046
f 4046 4048 2656
f 4047 4048 4046
f 4050 4048 4051
f 4048 4049 4051
f 4051 4052 2647
f 4053 4052 4051
f 4051 4049 4053
f 1244 1241 1245
f 915 916 1096
f 1228 1232 1871
f 1763 1759 1762
f 1762 1759 1761
f 1867 1232 3294
f 1842 1839 1843
f 759 819 820
f 761 784 762
f 758 759 761
f 814 720 2131
f 748 720 814
f 749 737 772
f 756 754 758
f 758 761 756
f 756 761 762
f 762 781 756
f 2033 2036 2034
f 2034 2035 2033
f 2036 2035 2034
f 2197 2198 2196
f 2029 2031 2028
f 2041 2198 2051
f 2041 2051 2053
f 2053 2040 2041
f 2028 2036 2027
f 3606 3999 4000
f 3621 776 3719
f 3719 776 3596
f 3596 3598 3719
f 3619 3598 3997
f 3997 3998 3619
f 3619 3998 3999
f 734 4030 4029
f 734 4029 4028
f 719 720 721
f 2173 2172 2168
f 2173 2168 2169
f 2175 2172 704
f 704 2173 702
f 2172 2173 704
f 701 702 692
f 725 716 2160
f 2160 719 725
f 2171 2173 2169
f 702 2173 2171
f 2169 2161 2171
f 2171 2161 2160
f 2160 716 2171
f 2733 2736 2596
f 2660 4041 2657
f 2657 2614 2660
f 3019 3952 2990
f 3019 3954 3952
f 2990 4000 3019
f 3019 4000 3999
f 3016 3720 3923
f 3923 3015 3016
f 3923 3924 3015
f 2988 3606 2990
f 3952 3954 3921
f 3921 3920 3952
f 3921 3923 3920
f 2611 3955 2612
f 2728 2738 2727
f 2726 2738 2728
f 2006 1933 2007
f 2007 1936 2151
f 2011 2153 2127
f 2127 2111 2011
f 2229 2165 2136
f 2166 2163 2229
f 2164 2165 2229
f 2229 2163 2164
f 2166 2161 2162
f 2162 2163 2166
f 2161 2163 2162
f 1856 1855 1857
f 1857 1860 1856
f 1856 1860 1862
f 764 1862 1864
f 1862 1860 1864
f 1863 764 1864
f 1864 1860 1863
f 1865 1862 764
f 2519 2518 1598
f 2518 1615 1598
f 1599 2519 1598
f 1598 1609 1599
f 1608 1609 1598
f 1598 1615 1608
f 1421 1615 1594
f 1594 1615 1596
f 1596 1595 1594
f 1594 2536 1590
f 1594 1595 2536
f 2566 2353 2567
f 2390 2392 2568
f 2568 2577 2594
f 2568 2392 4509
f 4509 4510 2568
f 2568 4510 2577
f 2354 2353 2566
f 2362 2354 2566
f 2505 2586 2506
f 2506 2503 2505
f 2355 2565 2586
f 2584 2583 2595
f 2585 2584 2595
f 4511 2583 2580
f 4513 2574 4511
f 4511 2574 2583
f 4511 2580 2581
f 4520 2527 4523
f 4523 2527 4524
f 2528 2574 4513
f 4513 2527 2528
f 2528 2527 2574
f 2526 2524 2576
f 2522 2521 2576
f 2522 2531 2521
f 1588 1586 2540
f 1585 1586 1588
f 1497 1495 1494
f 1548 1544 1546
f 1543 1544 1548
f 1496 1499 1547
f 1546 1504 1547
f 1547 1504 1496
f 1819 1504 1546
f 1546 1544 1819
f 1819 1544 1504
f 1421 1420 1607
f 1608 1615 1607
f 1607 1615 1421
f 1515 1516 1419
f 1492 1491 1490
f 1266 875 1603
f 1603 1604 1266
f 1275 1604 1603
f 4593 1275 1576
f 1576 4561 4593
f 1576 1577 1579
f 1579 1578 1576
f 2554 2556 4561
f 2555 2556 2554
f 2558 4561 2557
f 2558 2559 4561
f 2557 2562 2558
f 2564 2559 2558
f 4562 4561 4559
f 4559 4558 4562
f 4593 4561 4562
f 2557 2555 1274
f 1274 1267 2557
f 2555 2554 1274
f 1274 1578 1579
f 1274 2554 4561
f 1274 1268 1267
f 4561 1576 1274
f 1274 1576 1578
f 1587 1583 1585
f 2379 2393 2510
f 2379 2401 2393
f 2379 2380 2401
f 4586 4569 4568
f 4426 4602 4505
f 4422 4417 4392
f 4570 4525 4574
f 4552 4525 4570
f 4574 4560 4572
f 4572 4571 4574
f 4560 4571 4572
f 4903 2074 4847
f 4847 2074 4844
f 4895 4896 4900
f 384 385 4900
f 2473 1882 4900
f 4900 1883 384
f 4900 1882 1883
f 2081 388 386
f 4887 4889 4958
f 4952 4829 4958
f 4958 4828 4952
f 4889 4828 4958
f 4817 4810 4816
f 4809 4810 4882
f 4809 4884 4796
f 4808 4810 4809
f 4809 4797 4808
f 4796 4797 4809
f 436 4903 4902
f 4903 4820 4902
f 435 4820 4905
f 436 4902 435
f 435 4902 4820
f 435 391 436
f 4821 4820 4903
f 4827 4840 4839
f 4827 4828 4889
f 4839 4828 4827
f 4950 4840 4827
f 4883 4884 4882
f 4883 4882 4894
f 4705 4704 4926
f 4926 4786 4705
f 4800 4932 4931
f 4816 4810 4807
f 4807 4810 4808
f 4801 4812 4811
f 4811 4813 4815
f 4811 4812 4814
f 4814 4813 4811
f 940 941 1072
f 919 917 920
f 919 1083 1084
f 833 837 870
f 920 903 902
f 897 898 899
f 903 914 899
f 899 902 903
f 828 1603 875
f 1118 1111 1116
f 1121 1813 1120
f 1813 1689 1120
f 1109 1110 1120
f 1120 1110 1121
f 1813 1809 1812
f 1812 1689 1813
f 1812 1809 1810
f 1738 1686 1811
f 1811 1812 1810
f 1100 1107 1105
f 1105 1104 1100
f 1108 1111 1110
f 1108 1110 1109
f 1109 1104 1108
f 1107 1111 1108
f 1108 1105 1107
f 1104 1105 1108
f 1693 1679 1675
f 1121 1110 1119
f 1110 1123 1119
f 1213 1211 1212
f 1223 1212 1215
f 1223 1215 1220
f 1220 1215 1219
f 1123 1233 1122
f 1122 1119 1123
f 1121 1119 1122
f 1202 1233 1234
f 1202 1234 1235
f 1769 1122 1233
f 1821 1770 1769
f 1769 1770 1121
f 1121 1122 1769
f 918 916 917
f 918 919 1084
f 917 919 918
f 916 918 1094
f 1094 918 1084
f 1238 1235 1246
f 1246 1247 1238
f 4578 4580 4593
f 4593 4591 4578
f 4593 4571 4592
f 4592 4591 4593
f 4571 4591 4592
f 1309 1310 4575
f 1309 1311 1310
f 1278 4607 2922
f 1277 1279 1278
f 2977 2922 2924
f 2922 4606 2924
f 4576 1264 1265
f 1265 1311 4576
f 1264 1311 1265
f 4576 1311 1263
f 1263 4578 4576
f 1307 4575 4610
f 4610 1276 1307
f 4610 4575 4576
f 1307 1276 1021
f 4597 4525 4552
f 1072 941 1070
f 1073 1070 941
f 1081 1070 1073
f 1068 1064 1069
f 1067 1064 1068
f 1069 1070 1068
f 1068 1070 1081
f 1106 1092 1090
f 1090 1092 1091
f 1072 1070 1071
f 1071 1070 1069
f 1113 1107 1106
f 1106 1090 1113
f 1113 1090 1114
f 1478 1572 1619
f 1619 1476 1478
f 1619 1406 1476
f 1383 1384 1385
f 1385 1386 1383
f 1397 1386 1385
f 1472 1473 1361
f 1396 1400 1472
f 1395 1400 1396
f 1472 1391 1396
f 1396 1391 1395
f 1403 1469 1470
f 1403 1400 1404
f 1404 1400 1572
f 1395 1387 1398
f 1398 1400 1395
f 1602 1510 1314
f 1314 1674 1602
f 2106 2082 790
f 790 4837 2106
f 2085 2082 2083
f 2083 2107 4839
f 4839 2084 2083
f 2083 2086 2085
f 2104 4840 4841
f 2104 2084 4840
f 1564 2054 1563
f 1561 1565 1562
f 1562 1560 1561
f 1565 1564 1562
f 2089 2083 2084
f 2089 2088 2086
f 2086 2083 2089
f 1563 805 2087
f 2087 1564 1563
f 2088 1564 2087
f 2086 2088 2087
f 790 2086 2087
f 2087 805 790
f 1973 1893 1975
f 1973 1911 1893
f 1893 1911 1892
f 1892 1894 1893
f 1946 1979 1914
f 1975 1979 1978
f 1978 1977 1975
f 1975 1893 1909
f 1893 1910 1909
f 1913 1979 1975
f 1469 1976 1471
f 1976 1972 1471
f 1471 1470 1469
f 1818 1472 1471
f 1472 1400 1471
f 1946 2018 1947
f 1977 1978 1947
f 1947 1979 1946
f 1947 1978 1979
f 2033 1952 1965
f 1965 1952 1956
f 1623 1622 1640
f 2047 2049 2048
f 1966 2045 2047
f 2047 1358 1966
f 1464 1465 1466
f 2054 1564 1466
f 1468 2054 1466
f 1466 1565 1464
f 1466 1564 1565
f 1451 1450 1453
f 1366 1368 1394
f 1394 1392 1366
f 1392 1363 1366
f 1367 1368 1366
f 1360 1361 1359
f 1391 1361 1360
f 1389 1391 1390
f 1390 1392 1389
f 1390 1363 1392
f 1455 1371 1372
f 1367 1366 1365
f 1365 1366 1363
f 1373 1458 1569
f 1432 1440 1431
f 1432 1376 1374
f 1569 1440 1432
f 1432 1374 1569
f 1431 1377 1369
f 1369 1377 1368
f 1388 1381 1389
f 1388 1378 1381
f 1393 1378 1388
f 1389 1392 1388
f 1388 1392 1393
f 1462 1461 1460
f 1462 1560 1566
f 1462 1566 1567
f 1567 1461 1462
f 3581 3583 3582
f 3582 3583 3587
f 3582 3585 3581
f 3587 3585 3582
f 3440 3444 3445
f 3445 3427 3440
f 3561 3435 3562
f 2973 2722 3558
f 3580 3432 3433
f 3580 3583 3579
f 3579 3432 3580
f 4001 4003 4021
f 1849 4021 1855
f 1848 1843 1849
f 2934 2961 2933
f 2934 2963 2961
f 2964 2963 2934
f 2981 2937 2964
f 2981 2935 2937
f 2964 2934 2981
f 2981 2934 2935
f 2933 2892 2891
f 3863 3878 3910
f 3878 3909 3910
f 3910 3911 3863
f 3910 3909 3911
f 3901 3884 3915
f 3884 4500 3915
f 3575 3444 3561
f 3576 3445 3575
f 3575 3445 3444
f 3423 3574 3573
f 3730 3731 2962
f 2962 3732 3730
f 2961 2963 2962
f 2962 2963 3732
f 3727 3731 3730
f 3561 3560 3563
f 3563 3731 3422
f 3563 3573 3574
f 3563 3575 3561
f 3574 3575 3563
f 3810 3809 3807
f 3807 3809 3806
f 1884 1883 1556
f 1555 1554 2470
f 1552 1554 1555
f 1555 1532 1552
f 1552 1532 1531
f 4921 4951 4822
f 2513 4900 441
f 393 403 394
f 394 382 393
f 403 402 394
f 395 382 394
f 25 4966 4965
f 4965 4963 25
f 4978 4972 8
f 8 4974 4978
f 4978 4974 4972
f 4976 4974 8
f 4975 4974 4976
f 8 7 4976
f 773 4975 4976
f 4976 7 773
f 4 8 4984
f 2 4662 4663
f 4663 4979 2
f 32 4979 4971
f 4971 4960 32
f 4973 4960 4971
f 4971 4974 4973
f 4972 4974 4971
f 4961 4979 32
f 4961 2 4979
f 2204 2123 2205
f 2205 2176 2204
f 2204 2176 2123
f 2120 2118 2121
f 2120 2121 2122
f 2122 2123 2120
f 2120 2123 2114
f 2124 2118 2117
f 2117 4992 2124
f 2114 2111 2113
f 2111 2110 2113
f 2113 2112 2114
f 2113 2110 2112
f 4996 27 34
f 28 4755 34
f 34 27 28
f 24 19 15
f 15 22 24
f 769 2156 2175
f 4693 4692 4691
f 2215 2214 2216
f 4669 4666 4670
f 4670 4723 4669
f 4669 4723 4668
f 4980 4666 4667
f 4667 4669 4668
f 4666 4669 4667
f 4665 4662 4670
f 4670 4666 4665
f 4676 4682 4681
f 4674 4682 4676
f 4746 4674 4749
f 4668 4671 4746
f 20 4667 4668
f 10 4667 20
f 4749 4754 4747
f 3306 3390 3389
f 3389 3711 3306
f 593 4966 601
f 601 595 593
f 601 4966 4969
f 4969 595 601
f 593 595 594
f 571 595 600
f 571 600 614
f 614 570 571
f 570 594 571
f 571 594 595
f 369 367 614
f 366 367 369
f 369 370 366
f 371 367 368
f 368 372 371
f 368 367 366
f 366 376 368
f 368 376 372
f 378 371 373
f 373 372 378
f 371 372 373
f 604 322 603
f 604 618 322
f 377 618 378
f 329 330 321
f 321 323 329
f 362 3370 363
f 366 370 363
f 363 370 362
f 3369 362 3378
f 3369 3370 362
f 3352 3350 3349
f 3349 3347 3352
f 3351 3350 3352
f 3391 3392 3389
f 3389 26 3391
f 3391 26 3392
f 3675 3711 3709
f 3709 3706 3675
f 3675 3706 3708
f 597 591 592
f 4721 4723 4722
f 4722 4620 4721
f 4721 4620 4723
f 4723 4620 4617
f 4616 4618 4617
f 4617 4620 4616
f 4671 4723 4672
f 4672 4682 4674
f 4672 4746 4671
f 4618 4682 4719
f 4719 4617 4618
f 32 621 584
f 584 578 32
f 585 578 584
f 3659 3658 3656
f 3707 4963 4964
f 4964 3660 3707
f 3658 3659 4964
f 33 3658 4964
f 4964 621 33
f 587 586 623
f 588 586 587
f 623 589 587
f 587 589 588
f 573 575 574
f 577 578 585
f 577 579 578
f 580 579 577
f 580 4662 581
f 581 579 580
f 4662 579 581
f 3246 2987 3244
f 3592 2995 3417
f 3190 2995 3592
f 2996 2994 2993
f 2996 2995 3190
f 2996 2998 2997
f 2997 2995 2996
f 2993 3018 2996
f 3248 3172 3349
f 3248 3249 3172
f 3248 3350 3246
f 3349 3350 3248
f 3007 3221 3006
f 3006 3334 3007
f 3221 3334 3006
f 3341 3338 3337
f 3337 3342 3341
f 3338 3342 3337
f 3395 3343 3344
f 3344 3342 3395
f 3343 3342 3344
f 3396 3347 3395
f 3395 3342 3396
f 3396 3342 3347
f 3348 3347 3349
f 3349 3394 3348
f 3395 3347 3348
f 3348 3394 3395
f 4152 4154 4151
f 4073 4072 4181
f 4192 4199 4086
f 3025 4072 4071
f 4118 4119 4120
f 4120 4121 4118
f 4126 4143 4128
f 4143 4140 4128
f 4142 4140 4143
f 4142 4120 4119
f 4119 4141 4142
f 3176 3206 3208
f 3206 3207 3208
f 3208 3207 3210
f 3176 3208 3177
f 3177 3208 3173
f 3172 3249 3251
f 3251 3177 3173
f 3210 3207 3116
f 3116 3115 3210
f 3207 3115 3116
f 3341 3342 3336
f 3336 3335 3341
f 3342 3335 3336
f 4097 4096 4092
f 4095 4092 4096
f 4095 4096 337
f 3227 3226 3228
f 3221 3226 3227
f 3228 3319 3227
f 4109 4110 4107
f 4187 4181 4182
f 4182 4107 4187
f 4187 4107 4106
f 227 230 231
f 230 250 231
f 231 232 227
f 250 232 231
f 4194 4193 346
f 346 4193 650
f 650 201 346
f 1612 1549 1541
f 1541 1614 1612
f 1549 1614 1541
f 1613 1609 1610
f 1610 1614 1613
f 1599 1609 1613
f 2501 1599 1600
f 1600 1614 2501
f 1599 1613 1600
f 1600 1613 1614
f 1540 1549 1612
f 1612 1533 1540
f 1539 1538 1537
f 1389 1381 1414
f 1414 1415 1389
f 1434 1424 1445
f 1445 1570 1434
f 1424 1446 1445
f 1446 1570 1445
f 1426 1425 1435
f 1435 1436 1426
f 1538 1436 1435
f 1438 1427 1426
f 1426 1436 1438
f 1439 1379 1438
f 1379 1427 1438
f 1423 1430 1443
f 1443 1429 1423
f 1423 1429 1430
f 3885 3883 3884
f 3885 3884 3901
f 3881 3897 3879
f 3880 3879 3887
f 3880 3883 3879
f 3887 4496 3880
f 2939 3888 2938
f 2938 3888 2985
f 2980 2965 2938
f 4497 4485 4534
f 4534 4545 4497
f 4494 4545 4493
f 4496 4500 4499
f 4499 4500 3883
f 4496 4494 4495
f 4495 4500 4496
f 4494 4493 4495
f 4495 4493 4545
f 4564 4518 4565
f 4502 4547 4519
f 4519 4547 4518
f 4519 4492 4502
f 4566 4492 4519
f 4518 4564 4519
f 4565 4566 4519
f 4519 4564 4565
f 4567 4569 4488
f 4488 4489 4567
f 4489 4566 4567
f 4520 4556 4554
f 4554 4563 4520
f 4559 4563 4554
f 4554 4558 4559
f 4554 4562 4558
f 4593 4562 4554
f 4554 4571 4593
f 4555 4571 4554
f 4517 4516 4518
f 4518 4557 4517
f 4524 4513 4514
f 4514 4516 4524
f 4513 4511 4514
f 2973 3564 3557
f 3557 3588 2973
f 3728 3729 3806
f 3730 3729 3728
f 3732 3733 3804
f 3806 3729 3804
f 3804 3729 3732
f 2959 3560 2958
f 3560 2957 2958
f 2875 2874 2877
f 2874 3753 2877
f 2982 3753 2873
f 3566 3528 3530
f 3570 3414 3566
f 3414 3528 3566
f 3195 3113 3260
f 3113 3204 3260
f 3191 3192 3198
f 3132 3185 3133
f 3587 3555 3489
f 3489 3488 3586
f 3544 3488 3489
f 3489 3555 3544
f 3586 3585 3489
f 3489 3585 3587
f 3484 3486 3491
f 3485 3486 3484
f 3484 3555 3485
f 3545 3555 3484
f 3483 3547 3484
f 3587 3492 3487
f 3487 3486 3587
f 3492 3486 3487
f 3154 3128 3159
f 3128 3129 3159
f 3154 3159 3149
f 4207 4120 4208
f 3156 3128 3154
f 4121 4120 3156
f 4118 4147 4146
f 4146 4138 4118
f 3154 3149 3155
f 3152 3155 3149
f 4121 4149 4148
f 4148 4147 4118
f 4118 4121 4148
f 3497 3794 3797
f 3724 3813 3743
f 3465 3522 3524
f 3587 3450 2872
f 2872 3450 3505
f 3414 3587 2872
f 2872 3505 3414
f 3505 3450 3506
f 3506 3450 2871
f 3501 3504 3440
f 3501 3502 3500
f 3505 3506 3501
f 3501 3506 3504
f 3474 3473 3523
f 3473 3476 3472
f 3138 3570 3139
f 3649 3684 3648
f 3649 3648 3599
f 3599 3633 3649
f 3649 3633 3314
f 3926 3017 3925
f 3949 3924 3948
f 3948 3924 3017
f 3002 3001 3949
f 3002 3003 3001
f 3307 3303 3669
f 3302 3304 3669
f 3669 3303 3302
f 3655 3659 3656
f 3655 3675 3708
f 3660 4964 3655
f 3655 4964 3659
f 3655 3708 3707
f 3707 3660 3655
f 3314 3633 3663
f 3715 3684 3683
f 3938 3011 3940
f 3010 3011 3938
f 3940 3011 3013
f 3013 3011 2998
f 3934 3945 3933
f 3949 3948 3005
f 3940 3949 3005
f 3937 3944 3479
f 3479 3936 3937
f 3012 3416 3010
f 3010 3938 3012
f 3012 3938 3936
f 3012 3936 3479
f 3480 3547 3187
f 3480 3479 3549
f 3547 3480 3546
f 3544 3545 3546
f 3586 3488 3546
f 3546 3488 3544
f 3545 3484 3546
f 3546 3484 3547
f 2253 2326 2241
f 2241 2239 2253
f 4358 4361 2251
f 4370 4367 4369
f 4369 4361 4370
f 4357 4358 2250
f 2250 4358 2251
f 2251 2326 2250
f 2240 2243 2238
f 2238 2239 2240
f 2244 2243 227
f 227 232 2244
f 2244 232 2230
f 2244 2230 2245
f 2248 2244 2245
f 2243 2244 2248
f 2324 2325 2236
f 2236 2234 2324
f 2325 2234 2236
f 2324 2234 2323
f 3060 3085 3061
f 2324 2323 3060
f 2233 2234 2231
f 4377 2241 2327
f 2327 4368 4377
f 4369 4366 4377
f 4377 4368 4369
f 4372 2243 2240
f 2240 4373 4372
f 4387 2243 4372
f 4372 4373 4387
f 4387 4373 4375
f 3095 3076 3075
f 3075 2839 3095
f 3080 3098 3102
f 3080 3079 3078
f 3080 3095 3098
f 3047 3102 3048
f 3048 3049 3047
f 3102 3049 3048
f 3102 3098 3101
f 3101 3049 3102
f 3046 3102 3047
f 3047 3043 3046
f 3046 3043 3102
f 3104 3043 3044
f 3045 3043 3047
f 2259 2325 2324
f 2324 2260 2259
f 2259 2260 2325
f 3981 2328 2275
f 2275 2277 2276
f 2275 2328 2277
f 2271 3981 2272
f 2272 2273 2271
f 3981 2275 2272
f 2272 2275 2273
f 2271 2273 2270
f 3056 3981 2271
f 3056 3055 3981
f 3061 3062 3063
f 3088 3064 3063
f 3063 3062 3088
f 3070 3067 3065
f 3065 3039 3070
f 3065 3089 3039
f 3064 3089 3065
f 3078 3079 3069
f 3079 3067 3069
f 3069 3067 3070
f 2262 3084 3104
f 2261 3084 2262
f 3104 3044 2262
f 2262 3044 3043
f 3058 3084 2324
f 2823 2820 3111
f 2821 2822 3111
f 3111 2820 2821
f 3088 3062 3108
f 3108 3021 3088
f 3105 3021 3108
f 3108 3062 3061
f 3061 3086 3108
f 3086 3085 3108
f 4202 4204 4107
f 4203 4204 4202
f 4107 4108 4202
f 4202 4108 4203
f 3029 3028 2841
f 3041 3028 3029
f 2841 2839 3029
f 3029 2839 3041
f 3070 3076 3071
f 3040 3076 3073
f 3073 3076 3072
f 3073 3039 3040
f 3072 3039 3073
f 3040 3041 3074
f 3074 3076 3040
f 3041 2839 3074
f 3075 3076 3074
f 3074 2839 3075
f 4180 4072 3025
f 3025 3022 4180
f 4180 4181 4072
f 3024 3022 3025
f 2304 4239 2305
f 4380 2305 4239
f 2303 2305 4380
f 2257 2264 2256
f 2256 2264 2266
f 4305 2456 2455
f 2449 2446 4389
f 4389 4305 2449
f 2451 2452 4302
f 2435 2459 4302
f 2450 2446 2445
f 2450 4302 2452
f 2450 4389 2446
f 2441 2439 2396
f 2453 2454 2440
f 2440 2439 2453
f 2455 2454 2453
f 2439 2441 2453
f 2453 4305 2455
f 2453 2441 2449
f 2449 4305 2453
f 2479 2442 2478
f 2445 2446 2443
f 2443 2442 2445
f 2443 2478 2442
f 2410 2478 2443
f 2443 2446 2449
f 2449 2444 2443
f 2414 2406 2405
f 2401 2380 2403
f 2401 2403 2402
f 2402 2403 2406
f 2402 2400 2401
f 2402 2399 2400
f 2397 2399 2402
f 4330 4329 4224
f 397 396 395
f 399 398 397
f 397 402 399
f 2462 4292 397
f 397 398 2462
f 397 4292 2331
f 2331 396 397
f 395 394 397
f 397 394 402
f 2338 2477 2432
f 2432 2477 2333
f 2333 2332 2432
f 2432 2332 2331
f 2331 2435 2432
f 2433 2435 2331
f 2331 2434 2433
f 2433 2434 2435
f 2333 2477 2476
f 2476 2477 2338
f 2458 2434 2457
f 2457 2459 2458
f 2458 2459 2434
f 4304 4291 4293
f 4479 4589 4584
f 4584 4478 4479
f 4589 4588 4584
f 4477 4602 4590
f 4590 4478 4477
f 4478 4584 4477
f 4477 4584 4588
f 3907 3875 4587
f 4587 4588 3907
f 4587 3875 4586
f 4586 4588 4587
f 3970 3965 3973
f 3973 2869 3974
f 3973 3965 2869
f 2863 2798 2862
f 2865 2798 2863
f 2862 2803 2863
f 2863 2803 2819
f 3974 3982 3972
f 3972 3982 2818
f 3972 3973 3974
f 3971 2803 3969
f 2804 2803 3971
f 3973 3972 3971
f 3971 3972 2818
f 2818 2819 3971
f 2819 2804 3971
f 3846 3823 3836
f 2773 2771 2774
f 3533 2856 2773
f 3515 2856 3533
f 2809 3409 2854
f 3411 3409 3509
f 3411 3509 3473
f 3473 3472 3411
f 3411 3472 3410
f 3797 3794 3796
f 3796 3831 3797
f 3794 3831 3796
f 3872 3831 3794
f 2844 2843 2795
f 2796 2844 2795
f 2795 2810 2796
f 3748 4458 3962
f 3868 3747 3871
f 3871 3770 3868
f 3871 3747 3762
f 3762 3770 3871
f 3769 3770 3761
f 3761 3770 3762
f 3762 3765 3761
f 4482 4480 4413
f 4413 4412 4482
f 4413 4480 4414
f 4414 4415 4413
f 4413 4415 4432
f 4411 4412 4413
f 3908 3904 3851
f 3904 3747 3851
f 3851 3747 3868
f 4474 4451 4446
f 4475 4452 4474
f 4474 4452 4451
f 4441 4434 4447
f 4450 4433 4449
f 4433 4434 4449
f 4434 4441 4449
f 4449 4441 4447
f 4447 4451 4449
f 4449 4451 4450
f 4464 4439 4463
f 4286 4283 4378
f 4378 4439 4286
f 4283 4439 4378
f 4438 4439 4437
f 4435 2456 4437
f 2456 4438 4437
f 4289 4288 2456
f 2456 4305 4289
f 4289 4290 4288
f 4284 4283 4286
f 4324 4323 4320
f 4320 4290 4324
f 4324 4290 4323
f 4327 4290 4326
f 4326 4284 4286
f 4286 4288 4326
f 4326 4288 4327
f 4293 4291 4297
f 4291 4294 4297
f 4297 4298 4293
f 4297 4305 4298
f 2465 4294 4291
f 2465 4291 2462
f 2462 2461 2465
f 4407 3750 4430
f 4430 4398 4407
f 4407 4398 4399
f 3987 3959 2796
f 2796 3985 3987
f 3983 3962 4458
f 4406 4404 4458
f 655 651 652
f 651 653 652
f 652 653 654
f 654 653 675
f 212 682 675
f 675 682 654
f 651 656 305
f 305 308 651
f 608 609 606
f 608 606 592
f 572 592 593
f 570 608 572
f 572 608 592
f 593 594 572
f 572 594 570
f 154 163 155
f 161 163 154
f 274 273 536
f 219 275 159
f 534 267 527
f 534 528 533
f 527 528 534
f 533 272 534
f 534 272 267
f 261 262 676
f 676 262 212
f 671 308 357
f 199 198 205
f 212 262 213
f 213 262 214
f 678 218 295
f 295 218 220
f 678 217 216
f 216 218 678
f 217 218 216
f 252 649 264
f 250 649 252
f 264 232 252
f 252 232 250
f 4113 649 4193
f 290 260 291
f 291 270 290
f 214 260 290
f 290 270 214
f 257 253 254
f 254 255 257
f 267 270 268
f 270 255 268
f 255 254 268
f 268 254 253
f 258 207 257
f 257 256 258
f 296 260 261
f 261 676 296
f 296 676 210
f 535 538 536
f 536 273 535
f 536 538 537
f 537 538 162
f 537 159 536
f 162 159 537
f 532 156 538
f 533 528 532
f 532 528 531
f 538 535 532
f 532 273 533
f 532 535 273
f 460 459 453
f 453 458 460
f 454 459 460
f 460 458 454
f 455 4877 4879
f 454 4877 455
f 455 459 454
f 455 456 459
f 178 142 453
f 4857 136 177
f 430 442 408
f 408 407 430
f 408 442 440
f 440 4898 408
f 4898 407 408
f 404 4898 4959
f 404 407 4898
f 454 453 4880
f 454 4880 561
f 4848 4813 4814
f 4815 4813 4848
f 4848 4850 4815
f 4615 4627 4616
f 4781 4627 4615
f 181 137 59
f 137 4709 59
f 4624 4627 4781
f 4781 4625 4624
f 4627 4624 4626
f 4626 4624 4625
f 4636 4625 4781
f 4634 4625 4636
f 174 182 49
f 49 48 174
f 172 182 174
f 179 182 181
f 49 182 179
f 79 90 89
f 89 80 79
f 89 90 88
f 175 80 83
f 80 89 83
f 89 85 83
f 83 85 86
f 91 170 94
f 176 166 165
f 171 166 176
f 169 79 175
f 175 168 169
f 169 168 170
f 91 79 169
f 169 170 91
f 167 168 175
f 166 168 167
f 167 175 165
f 165 166 167
f 4387 4375 4388
f 4388 4375 247
f 4386 2243 4387
f 4386 228 2243
f 4387 4388 4386
f 4386 4388 228
f 236 235 241
f 294 230 234
f 230 235 234
f 234 236 294
f 235 236 234
f 239 240 237
f 240 235 237
f 237 235 229
f 237 238 239
f 229 238 237
f 4343 499 4344
f 302 502 4344
f 4344 499 302
f 498 462 500
f 500 302 498
f 498 302 499
f 287 253 251
f 251 230 287
f 230 284 287
f 292 284 230
f 241 502 242
f 242 236 241
f 284 292 242
f 294 236 242
f 242 292 294
f 519 506 518
f 530 528 529
f 531 528 530
f 530 157 531
f 158 157 530
f 158 530 507
f 511 509 507
f 507 509 512
f 519 518 515
f 515 518 516
f 105 541 542
f 542 543 105
f 541 543 542
f 466 541 519
f 519 504 466
f 520 504 519
f 431 430 429
f 429 415 431
f 440 432 401
f 401 432 416
f 416 400 401
f 401 400 399
f 399 402 401
f 401 403 440
f 401 402 403
f 4337 298 4333
f 298 4355 4333
f 4252 4355 303
f 303 4355 298
f 4216 4214 4215
f 4259 4260 4261
f 4261 499 4259
f 301 499 4261
f 4213 4216 4262
f 4330 4224 4336
f 4336 4224 4220
f 4382 4381 4246
f 4243 4250 4245
f 4254 4250 4255
f 4278 4279 4280
f 4278 4379 4277
f 4280 4379 4278
f 4227 4280 4230
f 4230 4279 4227
f 4280 4279 4230
f 4273 4274 4271
f 4271 4311 4313
f 4313 4314 4271
f 4311 4314 4313
f 4271 4314 4316
f 4310 2465 2461
f 4227 4226 4232
f 2304 2305 2307
f 4068 2620 4034
f 4034 4069 4068
f 4068 4067 2620
f 4068 4069 4067
f 745 742 780
f 740 742 745
f 2616 2653 2621
f 2616 2619 2653
f 2618 2619 2616
f 2628 2655 2650
f 2628 2626 2655
f 2650 2666 2628
f 2765 2680 2624
f 2625 2655 2624
f 2655 2626 2624
f 2684 2682 2625
f 2625 2683 2684
f 2684 2683 2685
f 2648 2652 4050
f 2648 4051 2647
f 4050 4051 2648
f 2654 2652 2655
f 2655 2622 2654
f 2621 2653 2654
f 2653 2652 2654
f 2654 2682 2621
f 2654 2622 2682
f 4025 4045 4026
f 4026 4023 4025
f 4025 4023 4024
f 4025 4024 4047
f 4047 4046 4025
f 2620 4045 4025
f 4025 4046 2620
f 1853 1833 1854
f 1833 1881 1854
f 1854 1867 1853
f 1854 1881 1867
f 4005 4011 4012
f 4023 4003 4020
f 4012 4013 4020
f 4024 4023 4020
f 4021 4003 4022
f 4022 4003 4023
f 4022 4023 4027
f 1859 4021 4022
f 1863 1859 4022
f 4022 763 1863
f 4022 4027 763
f 1277 1278 1335
f 1335 1278 2922
f 1277 1335 1291
f 1189 1195 1190
f 1676 1678 1708
f 1675 1679 1676
f 1679 1678 1676
f 915 913 905
f 904 905 906
f 915 905 904
f 904 899 914
f 897 899 904
f 904 914 915
f 915 1096 1327
f 1327 913 915
f 913 1327 912
f 1760 1806 1761
f 1761 1759 1760
f 1808 1759 1763
f 1808 1760 1759
f 1806 1760 1808
f 1767 1813 1768
f 1767 1809 1813
f 1810 1809 1741
f 1761 1772 1765
f 1845 784 820
f 1848 784 1846
f 784 1845 1846
f 1846 1845 1842
f 820 784 760
f 760 759 820
f 784 761 760
f 760 761 759
f 813 2147 2144
f 813 755 754
f 813 754 749
f 737 740 747
f 747 772 737
f 748 814 747
f 747 720 748
f 758 754 757
f 754 755 757
f 755 813 757
f 2144 758 757
f 757 813 2144
f 736 754 753
f 754 756 753
f 786 787 2197
f 2197 812 786
f 786 812 787
f 789 807 790
f 808 807 789
f 809 812 811
f 811 792 809
f 808 789 809
f 790 807 4836
f 812 2193 2178
f 811 812 2178
f 2178 2207 799
f 3993 3616 2715
f 2715 3992 3993
f 2715 4038 3992
f 3618 3999 3606
f 3606 3620 3618
f 3618 3619 3999
f 3620 3619 3618
f 2990 3606 2989
f 2989 4000 2990
f 3606 4000 2989
f 3718 3719 3598
f 3598 3619 3718
f 3621 3719 3718
f 3718 3619 3621
f 3597 3994 3596
f 3596 3595 3597
f 3597 3595 3994
f 3612 3595 3616
f 3994 3595 3612
f 4030 734 751
f 781 4030 751
f 4028 4035 743
f 743 734 4028
f 743 4035 4037
f 743 751 734
f 716 692 691
f 691 2171 716
f 716 725 717
f 733 730 731
f 733 774 780
f 733 743 730
f 701 692 715
f 715 692 716
f 731 709 728
f 728 733 731
f 731 730 729
f 729 709 731
f 730 709 729
f 3616 3595 3611
f 3596 708 710
f 710 3595 3596
f 710 3611 3595
f 710 709 730
f 710 730 3616
f 3616 3611 710
f 2736 2733 2750
f 2763 2685 2764
f 2764 2757 2759
f 2759 2763 2764
f 2759 2684 2685
f 2685 2763 2759
f 2737 2735 2739
f 2737 2723 2735
f 2739 2727 2737
f 2738 2723 2737
f 2737 2727 2738
f 3953 3954 4041
f 4041 3954 4042
f 3954 3019 4042
f 3996 4041 4042
f 4042 3997 3996
f 4042 3998 3997
f 3606 2988 3919
f 3920 3923 3919
f 2990 3920 3919
f 3919 2988 2990
f 3919 3720 3606
f 3919 3923 3720
f 3923 3921 3956
f 3925 3924 3956
f 3924 3923 3956
f 3955 2611 3951
f 3930 3951 2768
f 2768 3951 2611
f 3932 3929 3930
f 3934 3933 3932
f 3932 3933 3929
f 3930 2604 3950
f 2604 3958 3950
f 3958 3932 3950
f 3408 3404 3407
f 3407 3585 3408
f 2729 2727 2739
f 2728 2727 2729
f 2739 2741 2729
f 2729 2614 2728
f 2133 2229 2136
f 2133 2132 2166
f 2166 2229 2133
f 2144 2147 1929
f 2151 1936 2150
f 2150 2137 2151
f 1995 1998 1997
f 2008 2007 2151
f 2008 2011 2010
f 2009 2008 2010
f 2007 2008 2009
f 1932 2007 1933
f 1936 2007 1932
f 2152 2164 2153
f 2153 2011 2152
f 2152 2165 2164
f 2011 2008 2152
f 2136 2165 2152
f 2152 2008 2151
f 2111 2014 2012
f 2012 2011 2111
f 2010 2011 2012
f 1847 1856 1848
f 1855 1856 1847
f 1848 1849 1847
f 1847 1849 1855
f 1848 1856 1861
f 1861 1856 1862
f 1862 1865 1861
f 1861 1866 1848
f 764 1866 1861
f 1861 1865 764
f 1591 1420 1421
f 1421 1594 1591
f 1591 1594 1590
f 1590 2538 1591
f 2538 1584 1591
f 2567 2387 2573
f 2579 2568 2594
f 2586 2505 2356
f 2356 2355 2586
f 2505 2355 2356
f 2357 2355 2505
f 2565 2355 2361
f 2566 2565 2361
f 2361 2362 2566
f 2355 2357 2361
f 2363 2362 2361
f 2361 2357 2363
f 2574 2527 2575
f 2527 2526 2575
f 2575 2526 2576
f 2583 2574 2575
f 2575 2595 2583
f 2576 2585 2575
f 2585 2595 2575
f 2576 2524 2525
f 2525 2522 2576
f 2524 2522 2525
f 2534 2536 2532
f 2532 2531 2534
f 1273 2562 1270
f 1273 1588 2562
f 2564 2562 2563
f 2563 2540 2564
f 2563 1588 2540
f 2564 2540 2541
f 2541 2542 2564
f 2540 2542 2541
f 2540 2552 2553
f 2553 2542 2540
f 2552 2551 2553
f 2553 2551 2548
f 2549 2527 4520
f 2549 2548 2527
f 4520 4563 2549
f 4563 2548 2549
f 1498 1499 1496
f 1496 1495 1498
f 1495 1497 1498
f 1383 1543 1382
f 1543 1548 1382
f 1382 1548 1406
f 1382 1384 1383
f 1382 1619 1384
f 1406 1619 1382
f 1673 1672 1671
f 1671 1499 1673
f 1671 1547 1499
f 1545 1543 1484
f 1484 1543 1383
f 1383 1386 1484
f 1484 1386 1389
f 1519 1527 1518
f 1490 1489 1519
f 1519 1520 1493
f 1519 1492 1490
f 1493 1492 1519
f 1518 1527 1526
f 1518 1526 1525
f 1506 1492 1493
f 1494 1495 1506
f 1506 1495 1505
f 1506 1505 1491
f 1491 1492 1506
f 1275 1603 1574
f 1574 1576 1275
f 1577 1576 1574
f 872 868 867
f 867 873 872
f 2560 2562 2564
f 2564 2558 2560
f 2560 2558 2562
f 1270 2562 1269
f 1269 2562 1267
f 1267 1268 1269
f 1579 1580 1581
f 1581 1269 1268
f 1581 1274 1579
f 1268 1274 1581
f 2373 2567 2353
f 2385 2567 2373
f 2380 2379 2511
f 2511 2382 2380
f 2511 2379 2510
f 2510 2391 2511
f 2389 2391 2390
f 2389 2511 2391
f 2382 2511 2389
f 4506 4602 4508
f 4602 4507 4508
f 4509 4506 4508
f 4508 4510 4509
f 4586 4568 4601
f 4601 4568 4602
f 4601 4588 4586
f 4602 4477 4601
f 4601 4477 4588
f 4602 4568 4583
f 4583 4507 4602
f 4583 4568 4569
f 4583 4508 4507
f 4569 4567 4583
f 4583 4567 4566
f 4583 4566 4565
f 4602 4426 4428
f 4414 4602 4428
f 4428 4415 4414
f 4395 4397 4432
f 4432 4415 4395
f 4396 4392 4417
f 4417 4432 4396
f 4432 4397 4396
f 2979 2977 2918
f 4529 4603 4596
f 4903 4847 4904
f 4904 4847 4844
f 4904 4821 4903
f 392 4900 4896
f 4959 4898 392
f 392 4896 4959
f 441 4900 392
f 2067 1883 1884
f 386 1883 2067
f 2067 2081 386
f 2079 2080 387
f 2070 2066 2080
f 2080 2071 2070
f 2070 2065 2066
f 2070 2071 2065
f 4952 4839 4953
f 4839 4838 4953
f 4833 2106 4837
f 2107 2106 4833
f 4791 4932 4934
f 4934 4790 4791
f 4934 4932 4800
f 4800 4790 4934
f 4888 4797 4887
f 4887 4958 4888
f 4795 4797 4888
f 4888 4958 4795
f 4795 4958 4831
f 4894 4882 4955
f 4882 4810 4955
f 4882 4884 4881
f 4881 4809 4882
f 4884 4809 4881
f 4906 435 4905
f 4846 4921 4820
f 4820 4821 4846
f 4846 4951 4921
f 4887 4950 4956
f 4950 4827 4956
f 4885 4883 4886
f 4884 4883 4885
f 4885 4886 4887
f 4796 4884 4885
f 4887 4797 4885
f 4885 4797 4796
f 4935 4936 4940
f 4940 4936 4949
f 4936 4946 4945
f 4680 4681 4616
f 4926 4704 4767
f 4704 4770 4767
f 4940 4949 4775
f 4775 795 4695
f 4775 4949 795
f 4691 4692 4690
f 4700 4935 4940
f 4925 4927 4926
f 4928 4927 4925
f 4926 4767 4925
f 4925 4767 4928
f 4929 4928 4930
f 4930 4927 4929
f 4929 4927 4928
f 4933 4931 4932
f 4926 4927 4933
f 4933 4927 4930
f 4930 4931 4933
f 4933 4791 4926
f 4933 4932 4791
f 837 833 834
f 837 834 836
f 883 838 836
f 839 836 838
f 837 836 839
f 1603 828 1601
f 1314 1574 1601
f 1601 1574 1603
f 894 851 845
f 894 898 895
f 894 893 898
f 845 839 843
f 843 839 838
f 1117 1123 1118
f 1118 1116 1117
f 1689 1812 1688
f 1109 1120 1688
f 1688 1120 1689
f 1738 1811 1739
f 1739 1811 1810
f 1810 1741 1739
f 1679 1680 1684
f 1684 1678 1679
f 1684 1685 1678
f 1681 1693 1330
f 1681 1680 1679
f 1679 1693 1681
f 1330 1693 1331
f 1331 1323 1324
f 1102 1104 1103
f 1103 1101 1102
f 1100 1104 1102
f 1102 1101 1100
f 1211 1213 1226
f 1214 1212 1223
f 1214 1213 1212
f 1236 1235 1238
f 1236 1202 1235
f 1193 1192 1191
f 1191 1194 1193
f 1195 1194 1191
f 1192 1190 1191
f 1191 1190 1195
f 1219 1215 1224
f 1224 1216 1208
f 1224 1215 1212
f 1212 1216 1224
f 1207 1210 1821
f 1209 1216 1212
f 1208 1216 1209
f 1212 1211 1209
f 1211 1210 1209
f 1209 1207 1208
f 1210 1207 1209
f 1095 1096 916
f 916 1094 1095
f 4577 4591 4576
f 4576 4578 4577
f 4577 4578 4591
f 4580 1263 1315
f 1307 1311 1308
f 1311 1309 1308
f 1308 4575 1307
f 1308 1309 4575
f 4608 1282 1283
f 4608 1300 1025
f 1279 1282 4608
f 4608 4610 4609
f 1025 4610 4608
f 4609 4607 4608
f 4607 1278 4608
f 1288 1296 1287
f 1288 1162 1296
f 1044 988 989
f 1298 1285 1287
f 2917 2924 4606
f 4606 4596 2917
f 2919 2918 2917
f 4603 2919 2917
f 2917 4596 4603
f 2977 2924 2917
f 4580 4578 4579
f 4579 1263 4580
f 4578 1263 4579
f 4525 4610 4573
f 4573 4560 4574
f 4574 4525 4573
f 4576 4560 4573
f 4573 4610 4576
f 1022 1021 1276
f 1307 1021 1020
f 4599 4606 4607
f 4525 4597 4600
f 4600 4607 4609
f 4600 4599 4607
f 4597 4599 4600
f 4609 4610 4600
f 4600 4610 4525
f 1114 1090 1089
f 1107 1113 1115
f 1115 1055 1056
f 1115 1113 1114
f 1114 1061 1115
f 1066 981 1059
f 1066 1064 1067
f 1062 1061 1114
f 981 1066 980
f 1003 1002 964
f 1003 1004 1012
f 1480 1665 1662
f 1480 873 1668
f 1645 1815 1480
f 1481 1482 1480
f 1480 1815 1481
f 1885 1815 1887
f 1887 1815 1621
f 1803 1815 1622
f 1621 1815 1803
f 1622 1623 1803
f 1479 1674 1480
f 1480 1482 1479
f 1479 1482 1673
f 1384 1619 1405
f 1402 1474 1975
f 1975 1469 1402
f 1402 1469 1403
f 1403 1404 1475
f 1475 1404 1572
f 1475 1402 1403
f 1474 1402 1475
f 1975 1474 1974
f 1359 1361 1356
f 1356 1361 1354
f 1969 1357 1356
f 1818 1969 1356
f 1356 1354 1818
f 1356 1358 1359
f 1356 1357 1358
f 1354 1361 1355
f 1355 1361 1473
f 1818 1354 1355
f 1355 1473 1818
f 1472 1361 1362
f 1362 1391 1472
f 1362 1361 1391
f 1400 1398 1399
f 1399 1387 1397
f 1399 1398 1387
f 1572 1400 1399
f 1399 1385 1384
f 1397 1385 1399
f 1384 1405 1399
f 1399 1619 1572
f 1399 1405 1619
f 2105 2083 2082
f 2107 2083 2105
f 2082 2106 2105
f 2105 2106 2107
f 2084 2104 2090
f 2090 2089 2084
f 2090 4841 2108
f 2090 2104 4841
f 2090 2108 2060
f 2059 2061 2062
f 2060 2073 2059
f 2077 2061 2059
f 2059 2073 2077
f 1897 1348 1899
f 1895 1910 1893
f 1893 1894 1895
f 1894 1896 1895
f 1902 1910 1895
f 1934 1933 2025
f 2039 1934 2025
f 2039 1960 1938
f 1980 1914 1979
f 1907 1914 1980
f 1902 1907 1980
f 1980 1910 1902
f 1979 1913 1980
f 1980 1913 1910
f 1908 1913 1975
f 1910 1913 1908
f 1975 1909 1908
f 1908 1909 1910
f 1403 1470 1401
f 1470 1471 1401
f 1401 1400 1403
f 1401 1471 1400
f 1953 1970 1818
f 1953 1952 1970
f 1977 1947 1949
f 1959 1965 1956
f 2046 2047 2045
f 2049 2047 2046
f 2050 2049 2046
f 2046 2045 2033
f 2033 2050 2046
f 1468 1466 1467
f 1467 1466 1465
f 1467 1453 1450
f 1467 1451 1468
f 1467 1450 1451
f 1451 1453 1452
f 2048 2050 1452
f 1452 2050 1451
f 1452 2047 2048
f 1358 2047 1452
f 1454 1453 1455
f 1455 1372 1454
f 1454 1372 1359
f 1359 1358 1454
f 1358 1452 1454
f 1454 1452 1453
f 1364 1372 1371
f 1364 1365 1363
f 1371 1365 1364
f 1359 1372 1364
f 1364 1360 1359
f 1391 1360 1364
f 1364 1390 1391
f 1363 1390 1364
f 1457 1373 1455
f 1458 1373 1457
f 1459 1458 1457
f 1457 1465 1459
f 1457 1467 1465
f 1455 1453 1457
f 1453 1467 1457
f 1569 1374 1375
f 1375 1373 1569
f 1374 1373 1375
f 1456 1371 1455
f 1455 1373 1456
f 1456 1373 1371
f 1371 1373 1370
f 1367 1365 1370
f 1370 1365 1371
f 1370 1368 1367
f 1370 1369 1368
f 1370 1373 1374
f 1376 1432 1370
f 1370 1432 1431
f 1431 1369 1370
f 1374 1376 1370
f 1463 1462 1460
f 1463 1460 1465
f 1560 1462 1463
f 1463 1465 1464
f 1463 1464 1561
f 1561 1560 1463
f 3561 3444 3439
f 2871 3583 3584
f 3584 3580 3433
f 3583 3580 3584
f 3440 3504 3441
f 3433 3562 3431
f 3431 3562 3435
f 3438 3439 3444
f 3561 3439 3438
f 3565 3558 2722
f 3565 2722 2954
f 3565 3564 2973
f 2973 3558 3565
f 2954 2955 3565
f 3559 3560 3561
f 3561 3562 3559
f 3562 3565 3559
f 3559 2957 3560
f 2955 2957 3559
f 3559 3565 2955
f 4002 4001 4006
f 4003 4001 4002
f 4006 4005 4002
f 4002 4005 4003
f 1850 4001 4021
f 4021 1849 1850
f 1850 1849 1843
f 4006 4001 1850
f 1851 4006 1850
f 1850 1843 1851
f 2895 2896 2884
f 2976 2880 2937
f 2980 2902 2901
f 2901 2965 2980
f 3285 2956 2954
f 2954 2722 3285
f 3285 2957 2956
f 2893 2891 2892
f 2893 2890 2891
f 2891 2890 2889
f 2895 2887 2889
f 2889 2887 2891
f 2889 2898 2895
f 2890 2893 2889
f 3876 3915 3875
f 3908 3909 3876
f 3876 3909 3878
f 3876 3873 3908
f 3875 3873 3876
f 3916 3917 3875
f 3875 3915 3916
f 3916 3915 4500
f 3918 3917 3916
f 3901 3915 3902
f 3902 3885 3901
f 3886 3885 3902
f 3887 3879 3889
f 3889 2985 3887
f 3879 3897 3896
f 3896 3892 3879
f 3897 3892 3896
f 3900 3892 3897
f 3576 3575 3426
f 3426 3575 3574
f 3426 3445 3576
f 3427 3445 3426
f 3426 3425 3427
f 2960 2962 3731
f 3731 3563 2960
f 2960 3563 3560
f 2960 3560 2961
f 2961 2962 2960
f 3423 3573 3421
f 3421 3563 3422
f 3573 3563 3421
f 3495 3420 3496
f 3425 3420 3495
f 3427 3425 3495
f 3440 3427 3495
f 3810 3807 3866
f 2984 3856 3808
f 3811 3809 3810
f 3806 3809 3811
f 3803 3813 3801
f 3795 3813 3803
f 3785 3786 3782
f 3830 3784 3782
f 3830 3848 3831
f 3831 3872 3830
f 3784 3830 3799
f 3782 3786 3787
f 3769 3771 3768
f 3768 3771 3767
f 3870 3770 3769
f 3769 3869 3870
f 3868 3770 3870
f 3870 3869 3868
f 2493 2343 2494
f 2486 2482 2484
f 4613 2482 2486
f 2363 2359 2364
f 2365 2508 2364
f 1530 2065 2064
f 1551 1540 1533
f 1554 1556 2472
f 2472 2470 1554
f 2472 1883 2473
f 2472 1556 1883
f 1553 1556 1554
f 1554 1552 1553
f 1553 1552 1531
f 1531 1542 1553
f 1553 1542 1530
f 1530 2064 1553
f 1553 2064 1556
f 4892 4883 4894
f 4886 4883 4892
f 4890 4822 4951
f 4890 4951 4950
f 4890 4950 4887
f 4887 4886 4890
f 4823 4822 4886
f 4886 4892 4823
f 2339 441 2338
f 2339 2513 441
f 4900 2513 2474
f 623 4963 624
f 4963 4965 624
f 624 4965 4966
f 624 589 623
f 4966 589 624
f 8 4972 4977
f 4985 5 4
f 4 4984 4985
f 4972 4971 1
f 1 4971 4979
f 4981 4979 4663
f 4663 4982 4981
f 4981 1 4979
f 4982 1 4981
f 4983 4982 4980
f 4980 4667 4983
f 4983 13 4982
f 4983 4667 10
f 32 578 4962
f 4962 4961 32
f 578 579 4962
f 2 4961 583
f 582 4662 583
f 4662 2 583
f 4961 4962 583
f 583 579 582
f 583 4962 579
f 2114 2115 2119
f 2119 2120 2114
f 2115 2118 2119
f 2118 2120 2119
f 4994 2117 4993
f 4992 2117 4994
f 4993 31 4994
f 4994 31 4992
f 2129 2117 2116
f 2116 2117 2118
f 2130 2129 2116
f 2116 2115 2130
f 2116 2118 2115
f 4995 27 4991
f 4991 4990 4995
f 4995 28 27
f 22 4990 23
f 23 24 22
f 23 4990 4991
f 4991 4992 23
f 23 4992 19
f 19 24 23
f 2175 704 705
f 705 769 2175
f 2211 2224 4692
f 2211 4693 2210
f 4692 4693 2211
f 4692 2224 4688
f 4689 4702 4688
f 2223 4689 4688
f 4688 2224 2223
f 4702 4690 4688
f 4688 4690 4692
f 4696 4775 4695
f 4698 4775 4696
f 4696 4693 4691
f 2213 2214 2215
f 2213 2211 2210
f 2215 2219 2213
f 2213 2219 2225
f 2221 2216 2214
f 2215 2216 2217
f 2205 2206 2217
f 2220 2206 2122
f 2223 2225 2222
f 2225 2219 2222
f 2219 2220 2222
f 34 2223 2222
f 2222 4996 34
f 2121 9 2222
f 9 27 2222
f 27 4996 2222
f 2122 2121 2222
f 2222 2220 2122
f 4663 4662 4664
f 4662 4665 4664
f 4664 4982 4663
f 4980 4982 4664
f 4664 4666 4980
f 4664 4665 4666
f 4679 4676 4681
f 4681 4680 4679
f 4668 4746 4748
f 4748 4746 4749
f 4748 20 4668
f 4989 20 4748
f 4749 4747 4748
f 10 20 11
f 11 20 4989
f 4989 4748 11
f 11 4748 4747
f 3390 3306 3305
f 3304 3301 3305
f 602 369 614
f 370 369 602
f 362 370 602
f 3378 362 602
f 614 4970 602
f 4970 3378 602
f 378 372 333
f 372 326 333
f 327 333 326
f 327 329 323
f 3317 3331 3318
f 618 604 605
f 324 323 322
f 322 618 324
f 618 377 324
f 634 609 617
f 611 610 614
f 611 617 609
f 611 628 634
f 634 617 611
f 3382 26 3381
f 3382 3380 26
f 3370 3362 3363
f 3390 3305 3300
f 3300 3305 3301
f 592 606 596
f 596 597 592
f 606 597 596
f 606 648 4744
f 4744 597 606
f 599 597 4744
f 591 597 598
f 598 574 588
f 588 591 598
f 598 597 599
f 599 573 598
f 598 573 574
f 4616 4620 4621
f 4621 4615 4616
f 4781 4615 4621
f 4720 4672 4723
f 4682 4672 4720
f 4723 4719 4720
f 4720 4719 4682
f 4674 4746 4673
f 4673 4672 4674
f 4746 4672 4673
f 4723 4617 4619
f 4619 4719 4723
f 4617 4719 4619
f 585 584 620
f 620 584 621
f 620 577 585
f 623 586 620
f 586 575 620
f 575 577 620
f 622 4964 4963
f 621 4964 622
f 622 4963 623
f 623 620 622
f 622 620 621
f 580 577 576
f 576 577 575
f 576 573 580
f 575 573 576
f 2994 2996 3242
f 2994 3229 3243
f 3243 3000 2994
f 3246 3244 3243
f 2987 3000 3243
f 3243 3244 2987
f 3594 3590 3192
f 3192 3191 3594
f 2998 2996 2999
f 2999 3013 2998
f 3018 2991 2999
f 2999 2996 3018
f 2999 2991 3940
f 3940 3013 2999
f 4164 4162 4167
f 4152 4151 4150
f 4150 4151 4147
f 4150 3152 4152
f 4149 3152 4150
f 4147 4148 4150
f 4150 4148 4149
f 4083 4078 4079
f 4084 4086 4083
f 3025 4071 4177
f 4177 3024 3025
f 4209 4176 4177
f 4176 3024 4177
f 4074 4072 4073
f 4073 4076 4074
f 4073 4078 4077
f 4077 4076 4073
f 4163 4076 4164
f 4081 4077 4078
f 4126 4128 4127
f 4127 4130 4126
f 4129 4130 4127
f 4140 4129 4127
f 4127 4128 4140
f 4139 4119 4133
f 4144 4142 4143
f 4120 4142 4144
f 4208 4120 4144
f 3206 3205 3168
f 3205 3169 3168
f 3168 4122 3206
f 3167 4122 3168
f 3167 3168 3170
f 3170 3168 3169
f 3170 4124 3167
f 4143 4124 3170
f 3170 4144 4143
f 4208 4144 3170
f 3117 3205 3176
f 3209 3208 3210
f 3176 3177 3178
f 3178 3251 3249
f 3177 3251 3178
f 3172 3251 3174
f 3174 3251 3173
f 3173 3208 3174
f 3208 3209 3174
f 3174 3209 3210
f 3210 3009 3174
f 3349 3172 3174
f 3174 3009 3349
f 4195 4095 4093
f 4094 3399 3228
f 4095 3399 4094
f 4094 4093 4095
f 3228 4195 4094
f 4195 4093 4094
f 3400 4095 337
f 3400 3399 4095
f 3221 3227 3225
f 3225 3227 3224
f 3330 3331 3334
f 3330 3334 3221
f 4112 4109 4206
f 4110 4109 4112
f 4206 649 4112
f 4112 4113 4110
f 649 4113 4112
f 4107 4204 4205
f 4205 4109 4107
f 4205 4204 4206
f 4206 4109 4205
f 4106 4110 4117
f 4117 4188 4106
f 4190 4105 4103
f 4188 4117 4190
f 4190 4117 4105
f 4183 4187 4106
f 4083 4079 4185
f 4185 4079 4078
f 343 4096 4098
f 4098 349 343
f 4194 346 347
f 1389 1415 1413
f 1415 1412 1413
f 1417 1539 1528
f 1516 1528 1606
f 1528 1539 1606
f 1419 1516 1606
f 1608 1607 1606
f 1606 1610 1608
f 1606 1607 1420
f 1606 1527 1419
f 1420 1527 1606
f 1422 1539 1415
f 1439 1414 1380
f 1380 1414 1381
f 1380 1379 1439
f 1380 1381 1379
f 1433 1435 1425
f 1433 1425 1426
f 1538 1435 1433
f 1433 1424 1434
f 1433 1426 1424
f 1434 1537 1433
f 1537 1538 1433
f 1439 1438 1437
f 1437 1438 1436
f 1437 1414 1439
f 1415 1414 1437
f 1437 1422 1415
f 1437 1436 1538
f 1539 1422 1437
f 1538 1539 1437
f 3879 3883 3882
f 3882 3881 3879
f 3883 3885 3882
f 3882 3885 3886
f 3897 3881 3882
f 2939 2938 2966
f 2966 2938 2965
f 2965 2901 2966
f 2945 3914 3887
f 3887 2985 2945
f 2985 2944 2945
f 4531 3888 4529
f 4529 4534 4531
f 2942 2944 3888
f 4544 4545 4533
f 4545 4534 4533
f 4543 4544 4533
f 4533 4528 4543
f 4529 4528 4533
f 4533 4534 4529
f 4496 4499 4498
f 4498 4499 3883
f 4498 3880 4496
f 3883 3880 4498
f 4501 4495 4545
f 4500 4495 4501
f 4501 4545 4489
f 4489 4500 4501
f 4491 4492 4566
f 4502 4492 4491
f 4491 4489 4546
f 4546 4547 4491
f 4491 4547 4502
f 4553 4554 4556
f 4555 4554 4553
f 4552 4570 4553
f 4553 4570 4574
f 4574 4571 4553
f 4553 4571 4555
f 4522 4556 4520
f 4520 4523 4522
f 4522 4523 4524
f 4524 4516 4522
f 4516 4517 4522
f 4556 4517 4550
f 4550 4517 4557
f 4550 4553 4556
f 4557 4540 4550
f 4516 4514 4515
f 3434 3557 3564
f 3564 3565 3434
f 3433 3432 3434
f 3434 3562 3433
f 3434 3565 3562
f 3432 3449 3434
f 3449 3557 3434
f 3556 3449 3588
f 3588 3557 3556
f 3556 3557 3449
f 3751 3733 3753
f 2948 2958 2957
f 2959 2958 2948
f 2964 2880 2876
f 2876 2877 3753
f 2876 3733 2964
f 3753 3733 2876
f 3753 2982 3754
f 3754 2982 2984
f 3754 3808 3753
f 2984 3808 3754
f 2873 2986 2983
f 2983 2982 2873
f 2984 2982 2983
f 2986 3756 2983
f 2983 3756 3863
f 3863 2984 2983
f 3567 3566 3530
f 3195 3260 3196
f 3196 3193 3195
f 3192 3193 3196
f 3198 3192 3196
f 3196 3200 3198
f 3200 3196 3199
f 3199 3260 3204
f 3204 3136 3199
f 3572 3136 3204
f 3113 3571 3572
f 3163 3136 3572
f 3572 3570 3138
f 3572 3571 3570
f 3135 3253 3252
f 3163 3253 3135
f 3134 3135 3252
f 3163 3135 3134
f 3483 3484 3482
f 3482 3484 3491
f 3481 3483 3482
f 3482 3491 3481
f 3147 3254 3143
f 3254 3129 3143
f 3123 3185 3132
f 3132 3126 3123
f 3123 3126 3125
f 3125 4207 3123
f 3123 4207 4208
f 4208 3122 3123
f 3158 3125 3128
f 3128 3156 3158
f 3158 3156 3125
f 3124 4207 3125
f 4145 4146 4147
f 4138 4146 4145
f 3151 3215 4152
f 4152 3152 3151
f 3154 3155 3153
f 3155 3152 3153
f 3153 3156 3154
f 4121 3156 3153
f 3153 4149 4121
f 3153 3152 4149
f 3212 3214 3213
f 3213 3214 3215
f 3215 3152 3213
f 3213 3152 3149
f 3211 2814 3220
f 3461 3501 3500
f 3462 3501 3461
f 3453 3848 3456
f 3453 3456 3458
f 3458 3457 3469
f 3458 3848 3457
f 3458 3456 3848
f 3496 3420 3745
f 3725 3420 3724
f 3724 3743 3725
f 3725 3745 3420
f 3743 3745 3725
f 3794 3743 3793
f 3793 3743 3813
f 3795 3794 3793
f 3793 3813 3795
f 3522 3520 3521
f 3530 3529 3521
f 3521 3529 3526
f 3526 3525 3521
f 3521 3525 3524
f 3524 3522 3521
f 3493 3524 3589
f 3493 3465 3524
f 3589 3505 3493
f 3505 3465 3493
f 3522 3465 3475
f 3504 3506 3507
f 3490 3506 2871
f 3490 3507 3506
f 2871 3441 3490
f 3504 3507 3490
f 3490 3441 3504
f 3440 3502 3503
f 3503 3501 3440
f 3502 3501 3503
f 3602 3604 3685
f 3605 3684 3685
f 3685 3604 3605
f 3602 3689 3647
f 3643 3720 3016
f 3016 3644 3643
f 3643 3644 3720
f 3600 3015 3599
f 3600 3599 3605
f 3004 3002 3949
f 3003 3002 3004
f 3004 3949 3940
f 3940 3003 3004
f 3608 3609 3607
f 3607 3401 3608
f 3308 3305 3672
f 3304 3305 3308
f 3610 3663 3633
f 3682 3649 3314
f 3314 3663 3682
f 3670 3308 3672
f 3671 3670 3672
f 3663 3670 3671
f 3657 3678 3656
f 3657 3677 3678
f 3657 3679 3677
f 3656 3681 3657
f 3681 3679 3657
f 3656 3678 3654
f 3654 3655 3656
f 3654 3653 3655
f 3678 3677 3714
f 3714 3654 3678
f 3715 3654 3714
f 3684 3715 3686
f 3686 3685 3684
f 3715 3714 3686
f 3686 3689 3602
f 3602 3685 3686
f 3957 3926 3925
f 3925 3956 3957
f 3957 3956 3955
f 3017 3926 3927
f 3926 3957 3927
f 3929 3933 3927
f 3943 3945 3944
f 3944 3937 3942
f 3942 3937 3936
f 3942 3943 3944
f 3005 3943 3942
f 3946 3948 3017
f 3946 3933 3945
f 3017 3927 3946
f 3946 3927 3933
f 3416 3012 3418
f 3418 3012 3479
f 3417 3416 3418
f 3418 3480 3187
f 3418 3594 3417
f 3590 3594 3418
f 3192 3590 3418
f 3418 3193 3192
f 3187 3193 3418
f 3548 3480 3549
f 3548 3546 3480
f 3549 3552 3548
f 3548 3552 3586
f 3586 3546 3548
f 2258 2253 2239
f 2258 2325 2257
f 2257 2253 2258
f 4357 2250 4384
f 4384 2250 2249
f 2249 2303 4384
f 2303 4380 4384
f 4381 4382 4384
f 4239 4381 4384
f 4384 4380 4239
f 4384 4358 4357
f 2326 2253 2252
f 2252 2250 2326
f 2239 2238 2237
f 2325 2258 2237
f 2237 2258 2239
f 2233 3085 2232
f 3085 3060 2232
f 2232 3060 2323
f 2232 2234 2233
f 2232 2323 2234
f 2246 2231 2234
f 2247 2231 2246
f 2246 2248 2245
f 2234 2248 2246
f 263 2247 2246
f 2246 649 263
f 2245 649 2246
f 2241 4377 2242
f 2242 4377 4373
f 2240 2241 2242
f 2242 4373 2240
f 4373 4377 4374
f 4374 4375 4373
f 247 4375 4374
f 3076 3095 3077
f 3077 3071 3076
f 3077 3080 3078
f 3095 3080 3077
f 3078 3069 3077
f 3077 3069 3070
f 3070 3071 3077
f 3097 3095 3050
f 3098 3095 3097
f 3050 3049 3097
f 3097 3101 3098
f 3049 3101 3097
f 3096 2822 3050
f 3050 3095 3096
f 3096 3093 2822
f 2840 3095 2839
f 2841 2842 2840
f 2840 2839 2841
f 3102 3043 3099
f 3099 3080 3102
f 3043 3045 2263
f 2263 2262 3043
f 2263 2264 2261
f 2261 2262 2263
f 2329 2277 3974
f 2276 2277 2329
f 2329 2286 2276
f 2266 2264 2265
f 2265 2270 2266
f 2271 2270 2265
f 2265 2263 2271
f 2264 2263 2265
f 2266 2270 2268
f 2268 2319 2280
f 2270 2319 2268
f 3055 3056 3057
f 3057 3045 3047
f 3057 3056 2271
f 3047 3052 3057
f 2271 2263 3057
f 3057 2263 3045
f 3052 3053 3057
f 3053 3055 3057
f 3104 3084 3083
f 3082 3099 3083
f 3066 3065 3067
f 3066 3063 3064
f 3064 3065 3066
f 4175 4176 4174
f 4174 4176 4209
f 3036 3028 3027
f 3027 3028 3041
f 3027 3041 3040
f 3040 3024 3027
f 4175 4174 3042
f 4173 4155 3042
f 3042 4155 4154
f 3042 4174 4173
f 2825 2831 2828
f 2825 2838 2831
f 3818 2856 3821
f 2773 2856 3818
f 2775 3818 2808
f 2819 2820 2815
f 2858 2820 2823
f 2858 2815 2820
f 3107 3108 3085
f 3107 3085 2233
f 2233 2231 3107
f 3107 2247 263
f 3107 2231 2247
f 4182 4181 4179
f 4181 4180 4179
f 4179 4203 4182
f 3087 4203 4179
f 4179 4180 3022
f 3090 3022 3023
f 3022 3024 3023
f 3023 3024 3040
f 3040 3039 3023
f 3039 3089 3023
f 3023 3089 3090
f 4246 4381 4390
f 4390 4381 4239
f 2311 2268 2280
f 2445 2480 2447
f 2480 4302 2447
f 2447 2450 2445
f 4302 2450 2447
f 2448 2480 2435
f 2435 4302 2448
f 2448 4302 2480
f 2451 4302 4303
f 4303 4302 2459
f 2459 4304 4303
f 4389 2450 4300
f 4305 4389 4300
f 4300 2450 2452
f 4300 2452 4298
f 4298 4305 4300
f 2406 2414 2412
f 2409 2444 2449
f 2396 2408 2409
f 2409 2412 2410
f 2408 2412 2409
f 2410 2443 2409
f 2409 2443 2444
f 2449 2441 2409
f 2409 2441 2396
f 2404 2403 2380
f 2406 2403 2404
f 2380 2421 2404
f 2405 2406 2404
f 2410 2412 2411
f 2411 2412 2414
f 2479 2478 2411
f 2411 2478 2410
f 2430 2480 2479
f 2479 2429 2430
f 2435 2480 2430
f 2430 2429 2435
f 2407 2402 2406
f 2406 2412 2407
f 2407 2412 2408
f 2397 2402 2407
f 2407 2396 2397
f 2407 2408 2396
f 4223 4226 4227
f 2475 2338 2333
f 2333 2476 2475
f 2475 2476 2338
f 4293 4298 4299
f 4299 4304 4293
f 4291 4304 2460
f 2460 4304 2459
f 2462 4291 2460
f 2460 2459 2462
f 3970 3973 3968
f 3973 3971 3968
f 3969 3970 3968
f 3968 3971 3969
f 3780 3771 3782
f 3788 3771 3780
f 3780 3787 3788
f 2849 3771 3765
f 2796 2810 2849
f 3766 3771 3769
f 3765 3771 3766
f 3769 3761 3766
f 3766 3761 3765
f 2773 2774 3534
f 3534 2774 2771
f 3537 3256 3536
f 3515 3533 3514
f 3821 2809 2853
f 2853 2809 2854
f 3821 2856 2855
f 2855 2809 3821
f 2855 2856 3515
f 3515 2809 2855
f 3577 2809 3515
f 3409 2809 3577
f 3834 3411 3410
f 2854 3409 3834
f 3409 3411 3834
f 3802 3872 3794
f 3802 3794 3795
f 3801 3799 3802
f 3802 3803 3801
f 3795 3803 3802
f 3453 3831 3832
f 3832 3848 3453
f 3831 3848 3832
f 3961 2797 3762
f 3961 3985 2797
f 4410 4413 4432
f 4411 4413 4410
f 4410 4432 4430
f 4430 4431 4410
f 4410 4431 4411
f 3863 3911 3913
f 3913 3862 3863
f 3850 3851 3868
f 3911 3909 3850
f 3908 3851 3850
f 3850 3909 3908
f 2287 3964 3966
f 4462 4463 4277
f 4440 4444 4442
f 4442 4434 4440
f 4440 4434 4435
f 4435 4437 4440
f 4440 4437 4439
f 4445 4476 4444
f 4473 4476 4445
f 4444 4440 4445
f 4320 4274 4321
f 4321 4284 4320
f 4325 4290 4320
f 4320 4326 4325
f 4325 4326 4290
f 4320 4284 4285
f 4285 4326 4320
f 4284 4326 4285
f 4295 4297 4294
f 4290 4289 4295
f 4458 3750 4459
f 3750 4407 4459
f 4458 4404 4405
f 4405 3983 4458
f 4404 3983 4405
f 3960 3978 3980
f 3979 3978 3960
f 677 653 671
f 677 675 653
f 308 305 307
f 614 608 615
f 615 608 570
f 616 608 614
f 609 608 616
f 614 610 616
f 616 611 609
f 610 611 616
f 321 330 320
f 320 569 321
f 92 154 93
f 92 90 91
f 93 90 92
f 675 677 674
f 210 676 674
f 212 675 674
f 674 676 212
f 674 211 210
f 674 673 211
f 210 211 202
f 201 202 355
f 355 202 211
f 356 355 357
f 650 198 197
f 197 199 650
f 198 199 197
f 200 201 650
f 650 199 200
f 200 199 201
f 201 199 204
f 204 202 201
f 203 202 204
f 205 203 204
f 204 199 205
f 212 213 279
f 271 270 272
f 273 274 276
f 536 275 276
f 276 274 536
f 275 219 276
f 208 258 256
f 256 296 208
f 207 258 208
f 205 207 208
f 208 203 205
f 259 256 260
f 260 296 259
f 259 296 256
f 531 156 539
f 539 532 531
f 156 532 539
f 105 117 104
f 104 117 86
f 505 157 158
f 158 518 505
f 505 518 506
f 155 157 505
f 505 154 155
f 519 541 103
f 103 541 105
f 105 104 103
f 113 109 112
f 113 112 119
f 116 117 105
f 148 177 146
f 148 455 4879
f 4879 177 148
f 456 455 120
f 120 178 456
f 120 121 119
f 459 456 461
f 456 178 461
f 453 459 461
f 461 178 453
f 453 142 457
f 143 139 544
f 143 457 142
f 146 121 145
f 145 120 455
f 121 120 145
f 122 124 175
f 175 123 122
f 119 121 122
f 125 121 146
f 124 122 125
f 125 122 121
f 175 124 76
f 76 125 146
f 124 125 76
f 4856 177 4879
f 4857 177 4856
f 4959 4896 4897
f 4897 4896 4895
f 560 561 568
f 568 561 4880
f 448 483 447
f 407 445 433
f 4876 4877 454
f 4850 4848 4849
f 4849 4856 4879
f 56 59 4709
f 181 59 56
f 4731 4730 4726
f 4708 4709 137
f 133 137 134
f 134 4730 133
f 133 4730 137
f 135 136 4857
f 4857 132 135
f 135 132 134
f 4728 4861 4634
f 4634 4861 4632
f 4858 132 4857
f 606 609 607
f 4657 4780 4713
f 4634 4632 4633
f 4633 4625 4634
f 4633 4626 4625
f 4635 4636 4781
f 4781 4621 4635
f 4635 4621 4623
f 4634 4636 4756
f 4711 4651 4652
f 4652 4651 4657
f 4650 4651 4711
f 160 174 46
f 161 174 160
f 162 161 160
f 160 159 162
f 51 160 150
f 96 174 161
f 95 174 96
f 173 174 95
f 173 170 172
f 172 174 173
f 646 648 606
f 606 607 646
f 646 607 609
f 191 190 4717
f 190 189 50
f 46 174 45
f 44 46 45
f 45 189 44
f 81 123 175
f 175 83 81
f 81 83 119
f 119 122 81
f 81 122 123
f 181 171 72
f 171 176 72
f 72 66 181
f 247 228 248
f 248 4388 247
f 228 4388 248
f 500 462 464
f 502 464 524
f 293 284 524
f 4259 499 4258
f 499 4343 4258
f 501 302 500
f 502 302 501
f 500 464 501
f 501 464 502
f 289 267 288
f 267 268 286
f 286 288 267
f 287 288 286
f 286 268 253
f 253 287 286
f 285 511 289
f 289 288 285
f 285 288 287
f 285 287 284
f 233 230 294
f 294 292 233
f 233 292 230
f 508 507 512
f 516 507 508
f 517 518 158
f 516 518 517
f 158 507 517
f 517 507 516
f 522 521 512
f 512 509 522
f 522 524 521
f 510 530 529
f 510 507 530
f 529 511 510
f 511 507 510
f 519 515 514
f 514 520 519
f 462 494 469
f 493 498 499
f 462 498 497
f 497 494 462
f 498 493 497
f 497 493 494
f 105 543 477
f 465 504 467
f 467 466 465
f 465 466 504
f 4252 303 4251
f 4251 4250 4252
f 4251 4260 4259
f 299 303 298
f 299 298 551
f 301 4261 300
f 300 4261 4260
f 4221 4214 4337
f 4221 4215 4214
f 419 559 417
f 4335 4253 4254
f 4254 4336 4335
f 4252 4253 4335
f 4335 4332 4252
f 4337 4332 4335
f 4331 4355 4252
f 4252 4332 4331
f 4331 4333 4355
f 4337 4333 4334
f 4334 4332 4337
f 4333 4331 4334
f 4334 4331 4332
f 4362 4370 4361
f 4350 4371 4362
f 4367 4370 4362
f 4362 4371 4367
f 4361 4358 4360
f 4360 4362 4361
f 4358 4384 4360
f 4243 4245 4242
f 4242 4240 4329
f 4328 4329 4330
f 4330 4336 4328
f 4328 4336 4254
f 4254 4255 4328
f 4328 4250 4243
f 4328 4255 4250
f 4227 4279 4229
f 2465 4310 4312
f 4311 4290 4312
f 4290 4295 4312
f 4294 2465 4312
f 4312 4295 4294
f 2464 416 4306
f 4306 4310 2461
f 4282 4280 4227
f 4227 4238 4282
f 4281 4280 4282
f 4227 4232 4231
f 4231 4238 4227
f 738 740 736
f 738 739 740
f 736 753 735
f 735 753 756
f 735 738 736
f 739 738 735
f 756 750 735
f 735 750 739
f 780 721 722
f 722 745 780
f 2621 2686 2617
f 2617 2616 2621
f 2627 2666 2626
f 2626 2628 2627
f 2627 2628 2666
f 2625 2624 2623
f 2623 2624 2680
f 2623 2683 2625
f 2680 2683 2623
f 2677 2685 2765
f 2764 2685 2677
f 2682 2684 2760
f 2760 2759 2758
f 2684 2759 2760
f 2760 2681 2682
f 2686 2681 2760
f 2758 2762 2760
f 2652 2648 2651
f 2650 2655 2651
f 2655 2652 2651
f 2651 2648 2647
f 4054 4013 4019
f 4019 4049 4054
f 4054 4049 4047
f 4054 4020 4013
f 4047 4024 4054
f 4024 4020 4054
f 4004 4005 4012
f 4003 4005 4004
f 4012 4020 4004
f 4004 4020 4003
f 3295 2922 2979
f 1222 1221 1223
f 1223 1220 1222
f 1337 1291 1335
f 1175 1181 1189
f 1189 1190 1175
f 1292 1337 1295
f 1291 1337 1292
f 1174 1175 1255
f 1255 1175 1190
f 1183 1185 1189
f 1189 1181 1183
f 1183 1186 1185
f 1184 1182 1343
f 1343 1345 1184
f 1186 1183 1184
f 1184 1183 1182
f 1184 1222 1186
f 1184 1345 1221
f 1221 1222 1184
f 1339 1182 1180
f 1181 1175 1180
f 1180 1183 1181
f 1182 1183 1180
f 1713 1686 1738
f 1713 1684 1686
f 1685 1684 1713
f 1708 1678 1709
f 1678 1685 1709
f 1709 1711 1708
f 1633 1698 1629
f 1629 1698 1701
f 1698 1700 1701
f 1797 1623 1624
f 1624 1623 1640
f 1640 1630 1624
f 896 904 906
f 897 904 896
f 906 850 896
f 896 850 851
f 895 897 896
f 896 894 895
f 851 894 896
f 862 1333 1661
f 1653 1654 1655
f 1324 1323 911
f 911 1323 910
f 911 912 1324
f 910 912 911
f 910 1323 1320
f 1816 1322 1320
f 1320 1322 1636
f 1816 1323 1697
f 1697 1633 1816
f 1698 1633 1697
f 913 912 907
f 906 905 907
f 907 905 913
f 1324 912 1325
f 1325 912 1327
f 865 859 864
f 831 869 865
f 865 869 860
f 1885 1887 1886
f 1886 1887 1621
f 1766 1772 1761
f 1761 1804 1766
f 1761 1806 1805
f 1806 1747 1805
f 1805 1747 1807
f 1805 1804 1761
f 1807 1804 1805
f 1807 1747 1744
f 1744 1747 1745
f 1738 1739 1744
f 1744 1745 1734
f 1229 1874 1210
f 1229 1226 1228
f 1229 1210 1211
f 1211 1226 1229
f 1230 1231 1821
f 1821 1210 1230
f 1210 1874 1230
f 1231 1230 1875
f 1875 1230 1874
f 1878 827 1764
f 1870 1881 1878
f 1878 1873 1871
f 1878 1232 1870
f 1878 1871 1232
f 1872 1873 1874
f 1872 1229 1228
f 1874 1229 1872
f 1228 1871 1872
f 1871 1873 1872
f 1763 1762 1877
f 1877 1764 1763
f 1877 1878 1764
f 4062 4064 2644
f 1842 1845 1841
f 820 819 1841
f 1841 1845 820
f 1848 1846 1844
f 1844 1846 1842
f 1844 1843 1848
f 1844 1842 1843
f 2145 813 2140
f 2147 813 2145
f 746 747 740
f 746 722 721
f 746 721 720
f 720 747 746
f 740 745 746
f 745 722 746
f 2195 812 2197
f 2195 2193 812
f 2197 2196 2195
f 808 809 794
f 794 809 792
f 792 4945 794
f 812 809 810
f 810 809 789
f 810 789 790
f 790 787 810
f 787 812 810
f 793 4836 807
f 4946 4836 793
f 793 807 808
f 808 794 793
f 793 4945 4946
f 793 794 4945
f 2026 2196 2198
f 2031 2029 2026
f 811 799 797
f 2208 2207 2210
f 799 2207 2208
f 2180 2207 2192
f 2228 2207 2180
f 2192 2178 2177
f 2177 2178 2193
f 800 799 811
f 811 2178 800
f 800 2178 799
f 2192 2207 2179
f 2179 2178 2192
f 2207 2178 2179
f 2692 2694 4037
f 2714 2715 2716
f 2657 4038 2710
f 3606 3720 3627
f 3621 3619 3623
f 3623 3619 3620
f 3993 3994 3617
f 3994 3612 3617
f 3617 3616 3993
f 3617 3612 3616
f 4037 2694 779
f 779 743 4037
f 2694 3613 779
f 730 743 779
f 741 743 742
f 741 742 740
f 740 739 741
f 739 750 741
f 781 751 741
f 751 743 741
f 706 692 702
f 706 691 692
f 702 2171 706
f 2171 691 706
f 744 733 780
f 743 733 744
f 780 742 744
f 742 743 744
f 3596 776 696
f 696 708 3596
f 709 710 696
f 696 710 708
f 774 733 732
f 733 728 732
f 3579 3581 3578
f 3581 3585 2730
f 2730 3578 3581
f 3579 3578 2730
f 2730 2732 2733
f 2730 3446 3579
f 2720 3446 2730
f 2596 2721 2730
f 2730 2733 2596
f 2721 2720 2730
f 2733 2732 2734
f 2739 2735 2734
f 2734 2732 2739
f 2736 2750 2745
f 2744 2750 2733
f 2733 2734 2744
f 2749 2747 2750
f 2750 2744 2749
f 2757 2753 2767
f 2758 2759 2767
f 2767 2759 2757
f 2725 2723 2738
f 2725 2724 2723
f 4043 3019 3999
f 4043 4042 3019
f 3999 3998 4043
f 3998 4042 4043
f 2612 3955 2613
f 3955 3956 2613
f 2613 3921 3954
f 3954 3953 2613
f 2613 2614 2612
f 2613 2660 2614
f 4041 2660 2613
f 2613 3953 4041
f 2605 2604 3930
f 3930 2768 2605
f 3935 3932 3958
f 3934 3932 3935
f 3935 3402 3934
f 3935 3404 3402
f 3931 3932 3930
f 3930 3950 3931
f 3931 3950 3932
f 3405 3407 3958
f 2141 2137 2140
f 2148 2145 2140
f 2147 2145 2148
f 2140 2137 2138
f 1993 2029 2028
f 1985 1986 2184
f 2184 2202 1985
f 1946 1914 1916
f 1916 1917 1946
f 1916 1914 1907
f 1907 1917 1916
f 1933 1934 1940
f 1936 1932 1940
f 1940 1932 1933
f 1940 2150 1936
f 1990 2002 1988
f 2025 1933 1931
f 1960 2039 2001
f 2000 2039 2025
f 2000 2001 2039
f 1999 1997 1998
f 1960 2001 1999
f 1999 2000 1997
f 2001 2000 1999
f 2013 1988 2004
f 2013 1987 1988
f 2003 1987 2013
f 2013 2009 2010
f 2010 2012 2013
f 2006 2007 2016
f 2007 2009 2016
f 2016 1933 2006
f 2016 1931 1933
f 2016 2002 2025
f 2025 1931 2016
f 2135 2152 2151
f 2151 2137 2135
f 2137 2133 2135
f 2135 2133 2136
f 2136 2152 2135
f 2015 2012 2014
f 2123 2176 2015
f 2015 2014 2114
f 2114 2123 2015
f 2003 2013 2015
f 2015 2013 2012
f 2015 2176 2205
f 2205 2184 2015
f 2386 2567 2385
f 2386 2387 2567
f 2569 2387 2388
f 2569 2573 2387
f 2578 2579 2594
f 2594 4510 2578
f 2363 2357 2360
f 2499 2359 2358
f 2358 2357 2499
f 2358 2360 2357
f 2358 2359 2363
f 2363 2360 2358
f 2503 2499 2504
f 2499 2357 2504
f 2504 2505 2503
f 2504 2357 2505
f 2524 2551 2523
f 2548 2551 2550
f 2550 2526 2527
f 2527 2548 2550
f 2524 2526 2550
f 2550 2551 2524
f 2531 2522 2530
f 2530 2534 2531
f 2539 2540 2538
f 2533 2530 2522
f 2534 2530 2533
f 2533 2552 2540
f 2540 2539 2533
f 2533 2539 2538
f 2562 1588 2561
f 2561 2563 2562
f 1588 2563 2561
f 2564 2542 2545
f 1673 1499 1500
f 1499 1498 1500
f 1670 1672 1477
f 1670 1671 1672
f 1547 1671 1670
f 1477 1476 1670
f 1670 1548 1546
f 1546 1547 1670
f 1476 1406 1670
f 1406 1548 1670
f 1545 1484 1485
f 1485 1487 1545
f 1407 1484 1389
f 1407 1413 1412
f 1389 1413 1407
f 1489 1527 1517
f 1517 1519 1489
f 1527 1519 1517
f 1524 1525 1526
f 1524 1592 1584
f 1584 1583 1524
f 1582 1581 1616
f 1616 1581 1580
f 1616 1512 1513
f 1616 1511 1512
f 1579 1511 1616
f 1616 1580 1579
f 1493 1520 1522
f 1494 1506 1522
f 1522 1506 1493
f 1522 1497 1494
f 1522 1616 1513
f 1513 1497 1522
f 1314 1577 1575
f 1575 1574 1314
f 1577 1574 1575
f 866 868 831
f 866 867 868
f 864 867 866
f 831 865 866
f 866 865 864
f 1271 1272 1587
f 1582 1272 1271
f 1271 1581 1582
f 1269 1581 1271
f 2353 4613 2490
f 2490 2373 2353
f 4613 2373 2490
f 4613 2374 2375
f 2375 2373 4613
f 2435 2429 2428
f 2427 2428 2429
f 2498 4612 2374
f 2378 2421 2380
f 2422 2421 2378
f 2378 2377 2422
f 2415 2414 2405
f 2417 2437 2416
f 2437 2415 2416
f 2416 2415 2418
f 4512 4514 4511
f 4512 4515 4514
f 4516 4515 4512
f 4565 4516 4512
f 4512 4583 4565
f 4510 4508 4582
f 4508 4583 4582
f 4582 2578 4510
f 4583 4512 4582
f 4582 4512 4511
f 4422 4392 4393
f 4393 4428 4426
f 4393 4424 4422
f 4393 4426 4505
f 4393 4505 4424
f 4394 4395 4415
f 4397 4395 4394
f 4391 4396 4397
f 4392 4396 4391
f 4397 4394 4391
f 4391 4394 4392
f 3291 3295 2979
f 4604 4596 4606
f 4604 4595 4529
f 4529 4596 4604
f 4604 4594 4595
f 441 392 4899
f 4899 382 441
f 4899 392 4898
f 4898 382 4899
f 2072 1556 2109
f 1884 1556 2072
f 4834 4836 4944
f 4944 4833 4834
f 4808 4797 4805
f 4797 4798 4805
f 4805 4807 4808
f 4798 4804 4805
f 4805 4806 4816
f 4816 4807 4805
f 4942 4941 4944
f 4942 4836 4788
f 4944 4836 4942
f 4830 4958 4829
f 4830 4831 4958
f 4830 4829 4952
f 4952 4953 4830
f 4830 4953 4838
f 4838 2107 4830
f 2107 4833 4830
f 4944 4941 4943
f 4832 4833 4944
f 4944 4943 4832
f 4832 4830 4833
f 4831 4830 4832
f 4810 4817 4954
f 4954 4955 4810
f 4901 4906 4924
f 435 4906 4901
f 4924 4897 4901
f 391 435 4901
f 4901 4897 4895
f 4895 4900 4901
f 385 391 4901
f 4901 4900 385
f 4923 4908 4924
f 4924 4906 4923
f 4923 4906 4905
f 4821 4904 4845
f 4845 4846 4821
f 4845 4904 4844
f 4950 4951 4845
f 4951 4846 4845
f 4845 4844 4842
f 4845 4840 4950
f 4842 4840 4845
f 4887 4956 4957
f 4957 4956 4827
f 4957 4889 4887
f 4957 4827 4889
f 4936 4935 4938
f 4785 4939 4938
f 4938 4946 4936
f 4938 4939 4946
f 4947 4949 4936
f 4948 4945 792
f 4949 4947 4948
f 4936 4945 4948
f 4948 4947 4936
f 4683 4770 4704
f 4683 4679 4680
f 4928 4767 4768
f 4614 4772 4616
f 4773 4772 4614
f 4940 4775 4776
f 4776 4775 4698
f 4776 4700 4940
f 4698 4700 4776
f 4749 4674 4750
f 4750 4754 4749
f 4778 4702 4755
f 4755 4777 4778
f 4687 4777 4674
f 4691 4690 4697
f 4697 4690 4701
f 4697 4700 4698
f 4697 4696 4691
f 4698 4696 4697
f 4937 4938 4935
f 4785 4938 4937
f 883 836 835
f 835 836 834
f 835 1601 828
f 832 834 833
f 832 869 831
f 831 1314 832
f 1012 1004 1005
f 1005 1013 1012
f 881 828 875
f 875 882 881
f 883 835 881
f 881 835 828
f 870 837 846
f 837 839 846
f 846 839 845
f 845 851 848
f 851 850 848
f 845 843 844
f 844 894 845
f 893 894 844
f 1054 1116 1056
f 1054 1117 1116
f 1056 1055 1054
f 1680 1681 1682
f 1682 1684 1680
f 1812 1811 1687
f 1687 1688 1812
f 1807 1744 1740
f 1740 1744 1739
f 1740 1739 1741
f 1691 1101 1103
f 1103 1682 1691
f 1691 1682 1681
f 1101 1691 1329
f 2644 4064 1869
f 1869 4064 3294
f 1344 1214 1223
f 1223 1221 1344
f 4065 4062 2644
f 1821 1769 1205
f 1205 1769 1233
f 1233 1202 1205
f 1202 1203 1205
f 1204 1203 1202
f 1204 1205 1203
f 1238 1241 1239
f 1239 1241 1193
f 1193 1194 1239
f 1202 1236 1201
f 1196 1195 1189
f 1189 1185 1188
f 1188 1196 1189
f 1197 1196 1188
f 1099 1092 1100
f 986 987 1046
f 978 987 986
f 986 983 978
f 979 980 978
f 981 980 979
f 1012 1013 1009
f 1307 1012 1009
f 1283 1282 1281
f 1281 1282 1279
f 1281 1285 1283
f 1284 1300 1283
f 1283 1285 1284
f 1283 1300 1301
f 1301 4608 1283
f 1300 4608 1301
f 1280 1278 1279
f 1279 4608 1280
f 1280 4608 1278
f 1286 1281 1279
f 1285 1281 1286
f 1287 1285 1286
f 1286 1288 1287
f 1289 1279 1277
f 1290 1288 1289
f 1289 1286 1279
f 1288 1286 1289
f 1277 1291 1289
f 1289 1292 1290
f 1291 1292 1289
f 1010 998 1307
f 1014 998 1010
f 1010 1304 1014
f 1156 1159 1157
f 1021 1022 1023
f 2916 2918 2977
f 2977 2917 2916
f 2916 2917 2918
f 4527 4528 4529
f 4538 4528 4527
f 4527 4526 4538
f 4529 4595 4530
f 4595 4526 4530
f 4530 4527 4529
f 4526 4527 4530
f 4598 4597 4552
f 4598 4594 4597
f 1262 1315 1263
f 1262 1263 1311
f 1262 1311 1261
f 1302 1022 1276
f 1276 4610 1302
f 1025 1022 1302
f 1302 4610 1025
f 1303 1304 1307
f 1307 1020 1303
f 964 968 1075
f 1080 1068 1081
f 1068 1080 1077
f 1085 1094 1084
f 1091 1094 1085
f 1085 1090 1091
f 1085 1089 1090
f 1107 1115 1112
f 1112 1111 1107
f 1112 1116 1111
f 1056 1116 1112
f 1112 1115 1056
f 1060 1115 1061
f 1060 1062 1064
f 1061 1062 1060
f 1060 1064 1059
f 1059 1058 1060
f 1059 1064 1065
f 1065 1066 1059
f 1064 1066 1065
f 1114 1089 1088
f 1088 1062 1114
f 995 1001 997
f 970 1001 971
f 1001 995 971
f 997 1001 999
f 1307 998 999
f 999 998 997
f 977 987 978
f 988 987 977
f 1082 1066 1067
f 1082 980 1066
f 966 1003 964
f 1004 1003 966
f 967 1001 970
f 967 968 964
f 1002 1001 967
f 964 1002 967
f 873 867 863
f 863 1333 873
f 863 867 864
f 863 1661 1333
f 1649 1662 1650
f 1648 1649 1480
f 1480 1662 1648
f 1648 1662 1649
f 1663 1333 862
f 1660 1650 1663
f 1663 1650 1662
f 1663 1661 1660
f 862 1661 1663
f 1666 1665 1480
f 1480 1668 1666
f 1666 1662 1665
f 873 1333 1667
f 1667 1668 873
f 1333 1663 1667
f 1652 1654 1653
f 1653 1645 1652
f 1649 1654 1652
f 1480 1649 1652
f 1652 1645 1480
f 1478 1482 1483
f 1482 1481 1483
f 1483 1891 1894
f 1483 1481 1815
f 1483 1815 1885
f 1885 1891 1483
f 1890 1896 1894
f 1894 1891 1890
f 1890 1891 1885
f 1885 1897 1890
f 1890 1897 1896
f 1621 1803 1792
f 1674 1479 1507
f 1507 1479 1503
f 1507 1602 1674
f 1620 1475 1572
f 1474 1475 1620
f 1618 1974 1474
f 1474 1620 1618
f 1618 1892 1911
f 1618 1572 1478
f 1618 1620 1572
f 1911 1973 1912
f 1912 1618 1911
f 1974 1618 1912
f 1912 1973 1975
f 1975 1974 1912
f 2098 2090 2060
f 1560 1562 1559
f 1559 2056 1560
f 1441 1449 1571
f 2056 2101 1441
f 1571 1560 1441
f 1560 2056 1441
f 2058 2059 2062
f 2062 2101 2058
f 2099 2059 2058
f 2058 2101 2099
f 2056 2095 2100
f 2099 2101 2100
f 2100 2101 2056
f 2102 1564 2088
f 2102 1562 1564
f 1885 1886 1349
f 1879 1350 2043
f 824 1350 1879
f 824 822 1350
f 1879 1778 826
f 1902 1895 1898
f 1898 1895 1896
f 1896 1897 1898
f 1898 1897 1899
f 1899 1900 1898
f 1948 2018 1946
f 1948 1961 2018
f 1938 1960 1964
f 2018 1951 1950
f 1950 1951 1952
f 1952 1953 1950
f 1950 1949 2018
f 1977 1949 1950
f 1975 1977 1950
f 1950 2044 1975
f 2017 1947 2018
f 2018 1949 2017
f 2017 1949 1947
f 1958 1959 1956
f 1958 1961 1960
f 3442 3441 2871
f 3442 3438 3444
f 3442 3444 3440
f 3440 3441 3442
f 3437 3431 3435
f 3429 3438 3428
f 3428 3584 3429
f 3431 3437 3429
f 3429 3437 3438
f 3436 3435 3561
f 3561 3438 3436
f 3436 3437 3435
f 3438 3437 3436
f 2747 2753 2754
f 2764 2677 2675
f 2755 2753 2757
f 2643 4065 3289
f 2937 2974 2885
f 2880 2976 2879
f 2878 2875 2879
f 2875 2877 2879
f 2879 2876 2880
f 2877 2876 2879
f 2881 2902 2878
f 2878 2879 2881
f 2881 2879 2976
f 2882 2881 2976
f 2975 2974 2935
f 2935 2887 2975
f 2975 2885 2974
f 2935 2934 2886
f 2886 2887 2935
f 2891 2887 2886
f 2886 2934 2933
f 2933 2891 2886
f 3281 2953 2952
f 2597 2721 2596
f 2597 2722 2721
f 2898 2889 2894
f 2894 2889 2893
f 2952 2898 2894
f 3898 3876 3878
f 3915 3876 3898
f 3878 3900 3898
f 3918 3916 4487
f 4487 3916 4500
f 4487 3877 3918
f 4487 4489 4488
f 4487 4500 4489
f 4586 3877 4487
f 4487 4585 4586
f 4488 4569 4487
f 4569 4585 4487
f 3879 3892 3891
f 3891 3889 3879
f 3892 3893 3891
f 3894 2875 2980
f 3894 3758 2875
f 2980 3891 3894
f 3894 3891 3893
f 3759 3758 3894
f 3894 3893 3759
f 3878 3756 3755
f 3755 3900 3878
f 3895 3893 3892
f 3892 3900 3895
f 3424 3426 3574
f 3425 3426 3424
f 3424 3574 3423
f 3423 3420 3424
f 3424 3420 3425
f 3726 3420 3423
f 3423 3421 3726
f 3726 3421 3422
f 3724 3420 3726
f 3422 3731 3726
f 3731 3727 3726
f 3726 3727 3730
f 3730 3728 3726
f 3726 3728 3806
f 3806 3811 3726
f 3726 3811 3724
f 3494 3495 3797
f 3500 3502 3499
f 3440 3495 3499
f 3499 3502 3440
f 3499 3461 3500
f 3460 3461 3499
f 3859 3866 3858
f 3865 3866 3859
f 3810 3866 3865
f 3859 3858 3855
f 3861 3856 2984
f 3861 2984 3863
f 3863 3862 3861
f 3861 3855 3856
f 3814 3816 3813
f 3814 3811 3810
f 3801 3813 3815
f 3813 3816 3815
f 3782 3784 3789
f 3789 3785 3782
f 3784 3785 3789
f 2466 2346 2347
f 2467 2346 2466
f 2469 1558 2470
f 2345 2513 2342
f 2337 2494 2343
f 2347 2346 2344
f 2344 2469 2345
f 2346 2469 2344
f 2345 2342 2344
f 2344 2342 2343
f 2485 2486 2484
f 2489 4613 2353
f 2489 2491 4613
f 2483 2482 4613
f 4613 2491 2483
f 2483 2491 2482
f 2515 2485 2484
f 2484 2482 2515
f 2482 2508 2515
f 2509 2508 2482
f 2367 2364 2500
f 1549 2367 2500
f 2500 2499 2501
f 2500 2359 2499
f 2500 2364 2359
f 2501 1549 2500
f 2109 1556 2063
f 1556 2064 2063
f 2063 2072 2109
f 2063 2064 2065
f 2065 2071 2063
f 2071 2072 2063
f 2366 1558 2467
f 2467 2466 2366
f 2366 2466 2347
f 2366 2367 1549
f 2347 2365 2366
f 2365 2364 2366
f 2366 2364 2367
f 1557 1558 1551
f 1555 2470 1557
f 2470 1558 1557
f 1557 1532 1555
f 1534 1532 1557
f 1557 1533 1534
f 1557 1551 1533
f 4886 4822 4891
f 4891 4890 4886
f 4822 4890 4891
f 4822 4823 4922
f 4905 4921 4922
f 4921 4822 4922
f 4922 4923 4905
f 2340 2339 2338
f 2513 2339 2340
f 2340 2342 2513
f 18 4977 4972
f 4972 1 18
f 18 4984 8
f 8 4977 18
f 29 2129 5
f 5 4985 29
f 29 31 4993
f 4993 2117 29
f 29 2117 2129
f 19 31 4987
f 13 4983 12
f 12 4983 10
f 12 11 15
f 10 11 12
f 4755 28 4752
f 28 4995 4752
f 783 3705 3703
f 783 3703 3639
f 3639 3701 783
f 3636 3721 3637
f 3721 3636 3712
f 703 704 702
f 703 705 704
f 703 702 701
f 769 705 703
f 4694 4695 2210
f 4694 4696 4695
f 2210 4693 4694
f 4693 4696 4694
f 2209 2213 2210
f 2214 2213 2209
f 2210 2207 2209
f 2209 2207 2228
f 2224 2211 2212
f 2211 2213 2212
f 2223 2224 2212
f 2212 2225 2223
f 2212 2213 2225
f 2182 2221 2214
f 2214 2209 2182
f 2182 2209 2228
f 2228 2191 2182
f 2218 2219 2215
f 2215 2217 2218
f 2218 2220 2219
f 2218 2217 2206
f 2206 2220 2218
f 21 11 4747
f 3339 3342 3338
f 3339 3340 3342
f 3338 3334 3339
f 3331 3340 3339
f 378 333 325
f 333 327 325
f 325 377 378
f 325 327 323
f 323 324 325
f 325 324 377
f 330 329 328
f 329 327 328
f 332 326 372
f 332 327 326
f 3321 332 3317
f 3316 332 3321
f 630 611 618
f 628 611 630
f 614 618 612
f 612 611 614
f 618 611 612
f 3377 3374 3370
f 3377 3369 3378
f 3370 3369 3377
f 3374 3377 3376
f 3380 3382 3376
f 4969 26 3376
f 26 3380 3376
f 3386 3382 3381
f 3386 3381 3390
f 3390 3300 3386
f 3386 3300 3301
f 3364 3367 3366
f 3364 3363 3362
f 3366 3365 3364
f 3365 3363 3364
f 3347 3342 3346
f 3346 3367 3347
f 3342 3367 3346
f 3370 3374 3371
f 3371 3372 3370
f 3374 3372 3371
f 3230 3229 2994
f 2994 3242 3230
f 3419 2996 3190
f 3190 3242 3419
f 3419 3242 2996
f 3241 3242 3190
f 3241 3230 3242
f 3246 3250 3247
f 3247 3248 3246
f 3249 3248 3247
f 3247 3178 3249
f 3591 3592 3417
f 3417 3594 3591
f 3591 3594 3592
f 4172 4155 4173
f 4171 4155 4172
f 4172 4167 4171
f 4156 4151 4154
f 4154 4155 4156
f 4156 4155 4171
f 4156 4171 4170
f 4170 4160 4156
f 4200 4086 4199
f 4200 4132 4086
f 4130 4132 4200
f 4200 4199 4126
f 4126 4130 4200
f 4087 4199 4192
f 4126 4199 4198
f 4199 4087 4198
f 4198 4087 4090
f 4089 4100 4097
f 4178 4071 4209
f 4209 4177 4178
f 4178 4177 4071
f 4075 4074 4076
f 4076 4163 4075
f 4209 4071 4075
f 4075 4071 4072
f 4072 4074 4075
f 4168 4160 4170
f 4170 4171 4168
f 4171 4167 4168
f 4161 4167 4162
f 4161 4168 4167
f 4076 4077 4080
f 4077 4081 4080
f 4164 4076 4080
f 4080 4162 4164
f 4080 4081 4162
f 4131 4129 4140
f 4131 4130 4129
f 4140 4142 4131
f 4131 4139 4133
f 4131 4142 4141
f 4133 4132 4131
f 4131 4132 4130
f 4131 4141 4119
f 4119 4139 4131
f 4208 3170 3120
f 3120 3170 3169
f 3119 3169 3205
f 3205 3117 3119
f 3119 3120 3169
f 3176 3175 3121
f 3121 3117 3176
f 4208 3117 3121
f 3121 3184 4208
f 3175 3184 3121
f 3224 3223 3222
f 3222 3225 3224
f 3221 3225 3222
f 4102 4190 4103
f 4102 4101 4192
f 4188 4190 4102
f 4106 4188 4189
f 4189 4183 4106
f 4083 4185 4191
f 4191 4084 4083
f 4191 4102 4192
f 4188 4102 4191
f 4192 4086 4191
f 4086 4084 4191
f 4186 4185 4078
f 4186 4078 4073
f 4073 4181 4186
f 4181 4187 4186
f 4099 4096 4097
f 4099 4098 4096
f 4099 4102 4103
f 4101 4102 4099
f 349 4098 4099
f 4097 4100 4099
f 4100 4101 4099
f 1409 1487 1410
f 1487 1409 1488
f 1516 1515 1488
f 1491 1487 1488
f 1488 1515 1419
f 1490 1491 1488
f 1488 1489 1490
f 1419 1527 1488
f 1488 1527 1489
f 1416 1412 1415
f 1416 1417 1412
f 1415 1539 1416
f 1612 1610 1611
f 1610 1606 1611
f 1611 1606 1539
f 1611 1536 1612
f 1537 1536 1611
f 1611 1539 1537
f 2897 2896 2895
f 2895 2898 2897
f 2968 2966 2901
f 2946 4485 3887
f 3887 3914 2946
f 4486 4534 4485
f 4485 2946 4486
f 4486 2946 4537
f 4534 4537 4536
f 2944 2942 4536
f 3888 4534 4536
f 4536 2942 3888
f 4532 4534 3888
f 3888 4531 4532
f 4532 4531 4534
f 4490 4566 4489
f 4489 4491 4490
f 4490 4491 4566
f 4541 4540 4557
f 4518 4547 4541
f 4541 4557 4518
f 4541 4547 4546
f 4546 4540 4541
f 4539 4543 4538
f 4539 4545 4543
f 4521 4517 4556
f 4556 4522 4521
f 4521 4522 4517
f 4553 4550 4551
f 3805 3804 3733
f 3733 3751 3805
f 3806 3804 3805
f 3805 3807 3806
f 3805 3808 3807
f 2972 2948 2957
f 2947 2892 2959
f 2959 2948 2947
f 2947 2948 2892
f 3568 3139 3570
f 3568 3567 3139
f 3570 3566 3568
f 3566 3567 3568
f 3197 3196 3260
f 3260 3199 3197
f 3197 3199 3196
f 3259 3134 3252
f 3259 3199 3136
f 3259 3136 3163
f 3163 3134 3259
f 3114 3204 3113
f 3113 3572 3114
f 3114 3572 3204
f 3137 3572 3138
f 3163 3572 3137
f 3138 3139 3137
f 3137 3139 3163
f 3183 3203 3253
f 3184 3203 3183
f 4208 3184 3183
f 3183 3122 4208
f 3142 3143 3129
f 3140 3166 3569
f 3569 3166 3139
f 3569 3567 3140
f 3139 3567 3569
f 3160 3253 3163
f 3132 3133 3160
f 3160 3133 3185
f 3185 3253 3160
f 3163 3139 3162
f 3139 3166 3162
f 4207 3124 3157
f 3125 3156 3157
f 3157 3124 3125
f 4120 4207 3157
f 3157 3156 4120
f 3150 3152 3215
f 3215 3151 3150
f 3150 3151 3152
f 2830 2813 2769
f 2828 2831 2769
f 2769 2831 2830
f 3258 3256 3212
f 3212 3213 3258
f 2847 2814 2829
f 2829 2813 2847
f 2829 2814 3540
f 2829 2771 2828
f 2828 2769 2829
f 3034 3042 4154
f 3034 2846 3037
f 3037 3042 3034
f 4153 4154 4152
f 4153 3220 4154
f 4154 3220 3218
f 3218 3034 4154
f 2846 3034 3218
f 3217 4153 4152
f 3220 4153 3217
f 3212 3220 3217
f 3219 2814 2847
f 3219 3220 2814
f 3219 3218 3220
f 2847 2846 3219
f 2846 3218 3219
f 3477 3461 3460
f 3462 3461 3477
f 3477 3464 3462
f 3797 3453 3451
f 3451 3494 3797
f 3744 3495 3496
f 3496 3745 3744
f 3744 3745 3743
f 3794 3497 3744
f 3744 3743 3794
f 3744 3497 3797
f 3797 3495 3744
f 3530 3521 3519
f 3519 3521 3520
f 3519 3567 3530
f 3140 3567 3519
f 3519 3531 3140
f 3466 3520 3522
f 3522 3475 3466
f 3523 3520 3466
f 3466 3474 3523
f 3466 3476 3473
f 3473 3474 3466
f 3466 3475 3465
f 3462 3464 3463
f 3463 3466 3465
f 3463 3501 3462
f 3463 3465 3505
f 3505 3501 3463
f 3457 3848 3843
f 3510 3511 3523
f 3509 3511 3510
f 3523 3473 3510
f 3473 3509 3510
f 3302 3303 3296
f 3401 3297 3296
f 3296 3303 3307
f 3296 3307 3401
f 3354 3352 3347
f 3351 3352 3354
f 3647 3646 3722
f 3015 3600 3722
f 3603 3604 3602
f 3603 3722 3600
f 3605 3604 3603
f 3603 3600 3605
f 3720 3644 3642
f 3642 3721 3720
f 3644 3646 3642
f 769 767 785
f 785 767 3621
f 3309 3608 3401
f 3669 3608 3309
f 3401 3307 3309
f 3307 3669 3309
f 3310 3669 3304
f 3304 3308 3310
f 3310 3670 3669
f 3308 3670 3310
f 3655 3653 3661
f 3675 3655 3661
f 3661 3667 3675
f 3666 3661 3653
f 3667 3661 3666
f 3663 3671 3666
f 3675 3667 3666
f 3668 3663 3664
f 3664 3610 3668
f 3663 3610 3664
f 3312 3633 3313
f 3313 3610 3312
f 3312 3610 3633
f 3609 3608 3311
f 3311 3313 3609
f 3311 3610 3313
f 3311 3608 3669
f 3311 3669 3668
f 3668 3610 3311
f 3684 3649 3650
f 3652 3682 3663
f 3683 3684 3652
f 3684 3682 3652
f 3652 3715 3683
f 3652 3654 3715
f 3652 3663 3653
f 3653 3654 3652
f 3665 3663 3668
f 3665 3670 3663
f 3668 3669 3665
f 3669 3670 3665
f 3673 3305 3306
f 3672 3305 3673
f 3673 3671 3672
f 3676 3681 3680
f 3676 3679 3681
f 3677 3679 3676
f 4973 4975 3693
f 3693 4975 782
f 3693 782 783
f 3699 3693 3698
f 3955 3951 3928
f 3928 3957 3955
f 3928 3951 3930
f 3930 3929 3928
f 3929 3927 3928
f 3928 3927 3957
f 3939 3942 3936
f 3947 3005 3948
f 3948 3946 3947
f 3947 3943 3005
f 3945 3943 3947
f 3947 3946 3945
f 3479 3480 3478
f 3478 3418 3479
f 3480 3418 3478
f 2254 2252 2253
f 2250 2252 2254
f 2254 2253 2257
f 2257 2256 2254
f 2249 2250 2254
f 2254 2256 2266
f 2266 2255 2254
f 2254 2303 2249
f 2254 2305 2303
f 2235 2248 2234
f 2235 2234 2325
f 2325 2237 2235
f 2235 2237 2238
f 2235 2238 2243
f 2243 2248 2235
f 4344 502 4346
f 502 4341 4346
f 4346 4338 4348
f 4346 4343 4344
f 4346 4345 4343
f 249 4341 243
f 243 4338 249
f 249 4346 4341
f 4338 4346 249
f 243 244 245
f 245 4338 243
f 4348 4338 4340
f 4340 245 244
f 4338 245 4340
f 4376 4377 4366
f 4376 4374 4377
f 247 4374 4376
f 246 247 4376
f 2822 3093 2837
f 3093 3096 2837
f 2837 3111 2822
f 2823 3111 2837
f 2837 2838 2823
f 2831 2838 2837
f 3103 3043 3104
f 3104 3099 3103
f 3103 3099 3043
f 3081 3099 3082
f 3080 3099 3081
f 3081 3067 3079
f 3079 3080 3081
f 3975 2329 3974
f 2286 2329 3975
f 3974 2287 3975
f 2287 2286 3975
f 2276 2286 2283
f 2274 2270 2273
f 2274 2319 2270
f 2276 2319 2274
f 2274 2275 2276
f 2273 2275 2274
f 2280 2319 2278
f 3100 3099 3104
f 3104 3083 3100
f 3100 3083 3099
f 3082 3083 3068
f 3068 3081 3082
f 3068 3066 3067
f 3067 3081 3068
f 4173 4174 4166
f 4166 4172 4173
f 4164 4167 4166
f 4166 4174 4164
f 4165 4163 4164
f 4164 4174 4165
f 3036 3027 3035
f 3035 3027 4176
f 3035 3033 3036
f 3035 4176 4175
f 4175 3033 3035
f 3026 3024 4176
f 4176 3027 3026
f 3026 3027 3024
f 3032 3042 3037
f 4175 3042 3032
f 3032 3033 4175
f 2841 3036 3030
f 3036 3033 3030
f 3030 2842 2841
f 3033 3032 3030
f 2835 2842 3030
f 3030 2834 2835
f 2776 2775 2808
f 2828 2773 2776
f 2773 3818 2776
f 3818 2775 2776
f 2827 2825 2828
f 2823 2838 2827
f 2838 2825 2827
f 3821 2853 2852
f 3845 3844 3846
f 3821 2852 2867
f 2867 2852 2853
f 2867 2853 2854
f 2854 3834 2867
f 2819 2815 2817
f 2817 2863 2819
f 2802 2865 2861
f 2865 2782 2861
f 2789 2785 2781
f 2859 2823 2824
f 2859 2858 2823
f 2858 2859 2860
f 3105 3108 3106
f 3108 3107 3106
f 3106 3107 263
f 263 4203 3106
f 4203 3105 3106
f 3020 3022 3087
f 3087 4179 3020
f 3020 4179 3022
f 4234 4232 4329
f 4329 4240 4234
f 2281 2311 2280
f 2281 2282 2315
f 2280 2278 2281
f 2281 2278 2282
f 2306 2307 2305
f 2305 2311 2306
f 2268 2311 2269
f 2269 2255 2266
f 2269 2311 2305
f 2305 2254 2269
f 2269 2254 2255
f 2451 4303 4301
f 4301 4303 4304
f 4301 2452 2451
f 4304 4299 4301
f 4298 2452 4301
f 4301 4299 4298
f 2423 2421 2422
f 2423 2404 2421
f 2423 2422 2405
f 2405 2404 2423
f 4225 4232 4226
f 4226 4223 4225
f 4329 4232 4225
f 4225 4224 4329
f 4225 4223 4224
f 4227 4229 4266
f 4317 4316 4314
f 4224 4223 4265
f 4262 4216 4218
f 3782 3787 3781
f 3781 3780 3782
f 3787 3780 3781
f 3763 3765 2796
f 2796 2849 3763
f 3763 2849 3765
f 3782 3771 3779
f 3771 3778 3779
f 2851 3778 3771
f 3846 3844 3837
f 3823 3846 3837
f 3837 3773 3823
f 2810 3773 3824
f 3535 3533 2773
f 2773 3534 3535
f 3535 3514 3533
f 3535 3534 3537
f 3537 3536 3535
f 3535 3536 3516
f 3541 3534 2771
f 2771 2829 3541
f 3541 2829 3540
f 3512 3509 3515
f 3515 3514 3512
f 3512 3511 3509
f 3514 3535 3512
f 3509 3409 3508
f 3409 3577 3508
f 3515 3509 3508
f 3508 3577 3515
f 3471 3834 3410
f 3471 3472 3476
f 3410 3472 3471
f 3469 3470 3471
f 3471 3476 3469
f 3844 3845 3835
f 3835 2867 3834
f 3845 2867 3835
f 3798 3799 3830
f 3798 3802 3799
f 3798 3830 3872
f 3872 3802 3798
f 2799 2798 2801
f 2801 2843 2799
f 2801 2787 2843
f 2843 2787 2788
f 3748 3962 3963
f 3762 3748 3963
f 3963 3961 3762
f 3739 3768 3767
f 3786 3792 3740
f 3740 3787 3786
f 3788 3787 3740
f 3740 3771 3788
f 3967 3964 2869
f 3967 3966 3964
f 2869 3976 3967
f 3967 3976 3980
f 3980 3978 3967
f 3967 3978 3979
f 4401 4474 4446
f 4475 4474 4401
f 2320 4443 4444
f 4444 4476 2320
f 4277 4379 4469
f 4469 4379 4281
f 4468 4469 4473
f 4462 4469 4468
f 2289 2290 2284
f 2282 2283 2284
f 2315 2282 2284
f 2284 2290 2315
f 4284 4321 4322
f 4283 4284 4322
f 4322 4273 4275
f 4322 4275 4279
f 4274 4273 4322
f 4322 4321 4274
f 4279 4278 4322
f 4277 4283 4322
f 4322 4278 4277
f 4296 4295 4289
f 4297 4295 4296
f 4296 4289 4305
f 4305 4297 4296
f 4458 4459 4460
f 4460 4459 4407
f 4460 4399 4475
f 4460 4407 4399
f 4475 4401 4460
f 4460 4406 4458
f 4460 4401 4406
f 3988 3983 4404
f 4404 3960 3988
f 4403 3960 4404
f 4404 4406 4403
f 4406 4402 4403
f 310 356 309
f 309 356 357
f 309 357 308
f 308 307 309
f 613 570 614
f 614 615 613
f 613 615 570
f 99 92 91
f 154 92 99
f 99 98 154
f 161 154 153
f 153 98 161
f 154 98 153
f 672 677 671
f 672 674 677
f 671 357 672
f 209 296 210
f 210 202 209
f 209 202 203
f 203 208 209
f 209 208 296
f 211 673 358
f 358 355 211
f 673 674 358
f 357 355 358
f 358 672 357
f 674 672 358
f 355 356 345
f 280 215 212
f 212 279 280
f 217 215 280
f 269 213 214
f 269 279 213
f 214 270 269
f 270 271 269
f 269 280 279
f 271 280 269
f 4114 4113 4193
f 4103 4105 4114
f 4114 4115 4103
f 4114 4193 4194
f 4194 4115 4114
f 277 271 272
f 278 271 277
f 277 276 278
f 277 272 273
f 273 276 277
f 282 219 220
f 282 276 219
f 278 276 282
f 86 85 87
f 87 89 88
f 87 85 89
f 102 506 519
f 519 103 102
f 100 103 104
f 100 87 88
f 100 104 86
f 86 87 100
f 88 93 100
f 142 178 144
f 109 111 144
f 112 109 144
f 109 113 114
f 117 116 114
f 119 83 82
f 82 113 119
f 86 117 115
f 117 114 115
f 115 114 113
f 455 148 147
f 147 145 455
f 147 148 146
f 146 145 147
f 78 176 165
f 165 175 78
f 175 76 78
f 75 76 146
f 146 127 126
f 126 75 146
f 146 177 131
f 73 72 77
f 77 72 176
f 176 78 77
f 77 78 76
f 70 135 134
f 4913 4825 4915
f 4917 567 443
f 567 446 443
f 447 446 546
f 546 446 567
f 546 448 447
f 567 483 546
f 483 448 546
f 4917 560 451
f 451 568 4917
f 560 568 451
f 450 567 4917
f 4917 568 450
f 450 568 567
f 452 4880 453
f 453 568 452
f 452 568 4880
f 567 568 449
f 449 483 567
f 449 568 453
f 544 483 449
f 453 457 449
f 449 143 544
f 457 143 449
f 409 445 407
f 407 406 409
f 409 406 445
f 4918 560 4917
f 4918 561 560
f 562 4876 454
f 454 561 562
f 561 4918 562
f 564 566 4874
f 4872 4854 4848
f 4814 4869 4872
f 4872 4848 4814
f 4877 4876 4878
f 4879 4877 4878
f 4878 4849 4879
f 4711 4709 4732
f 4732 4731 4711
f 4730 4731 4732
f 4709 4708 4732
f 137 4730 4732
f 4732 4708 137
f 135 70 128
f 128 72 73
f 128 70 72
f 4725 4728 4634
f 4634 4756 4725
f 4725 4756 4726
f 4726 4730 4727
f 4727 4725 4726
f 4728 4725 4727
f 4857 4856 4855
f 4848 4854 4855
f 4855 4849 4848
f 4856 4849 4855
f 4861 4728 4729
f 4729 4858 4861
f 132 4858 4729
f 4729 4730 134
f 134 132 4729
f 4729 4727 4730
f 4728 4727 4729
f 4629 4632 4863
f 63 56 58
f 58 65 63
f 4711 65 58
f 58 4709 4711
f 58 56 4709
f 4657 4713 4712
f 4711 4652 4712
f 4712 4652 4657
f 4712 65 4711
f 4645 573 599
f 4645 4644 573
f 599 4744 4645
f 580 573 4759
f 4651 4650 4654
f 4726 4733 4710
f 4711 4731 4710
f 4710 4731 4726
f 4726 4756 4648
f 4648 4733 4726
f 43 46 44
f 43 160 46
f 43 150 160
f 44 189 43
f 95 96 97
f 161 98 97
f 97 96 161
f 97 173 95
f 91 94 97
f 97 94 170
f 170 173 97
f 97 99 91
f 98 99 97
f 4780 4739 4736
f 648 646 647
f 631 609 634
f 631 646 609
f 4737 4717 4716
f 181 56 55
f 47 50 189
f 189 45 47
f 47 48 49
f 49 50 47
f 47 174 48
f 47 45 174
f 151 223 226
f 151 152 223
f 41 43 189
f 181 66 71
f 71 137 181
f 521 524 503
f 503 524 464
f 525 242 502
f 502 524 525
f 4259 4258 4257
f 4257 4258 4343
f 4250 4251 4257
f 4343 4342 4257
f 4257 4342 4250
f 4367 4371 4347
f 4347 4371 4350
f 4347 4366 4367
f 4347 4349 4366
f 4348 4340 4347
f 4347 4340 4349
f 4347 4346 4348
f 4345 4346 4347
f 283 509 511
f 511 285 283
f 283 522 509
f 293 522 283
f 283 284 293
f 283 285 284
f 293 524 523
f 523 522 293
f 524 522 523
f 467 462 468
f 468 469 467
f 462 469 468
f 492 499 301
f 492 493 499
f 301 300 492
f 492 300 299
f 551 493 492
f 492 299 551
f 105 477 545
f 545 483 544
f 540 475 479
f 540 543 541
f 540 477 543
f 541 466 470
f 470 466 467
f 467 469 470
f 472 469 494
f 494 493 495
f 495 493 551
f 4260 4251 304
f 304 4251 303
f 304 300 4260
f 303 299 304
f 299 300 304
f 4222 4336 4220
f 4220 4215 4222
f 4215 4221 4222
f 4222 4335 4336
f 4222 4221 4337
f 4337 4335 4222
f 4308 4318 4310
f 4308 417 4318
f 297 417 559
f 4216 4213 297
f 297 4214 4216
f 298 4214 297
f 4365 4360 4382
f 4362 4365 4364
f 4383 4384 4382
f 4246 4390 4241
f 4244 4242 4329
f 4329 4328 4244
f 4243 4242 4244
f 4244 4328 4243
f 4310 4318 4315
f 4315 4318 4262
f 2464 4306 2463
f 2463 4306 2461
f 2463 416 2464
f 2463 2461 416
f 4233 4231 4232
f 4238 4231 4233
f 4233 4237 4238
f 4239 4237 4233
f 4232 4234 4233
f 4236 4237 4239
f 2307 4237 4236
f 4236 4239 2304
f 2304 2307 4236
f 4385 4282 4238
f 4238 4237 4385
f 4281 4282 4385
f 4237 2316 4385
f 2308 4237 2307
f 2308 2316 4237
f 2307 2306 2308
f 4471 2316 2318
f 752 756 781
f 752 750 756
f 781 741 752
f 752 741 750
f 2618 2616 2687
f 2616 2617 2687
f 2687 2617 2686
f 2687 4034 2618
f 2690 2688 2687
f 2687 2688 4034
f 2687 2689 2690
f 2687 2762 2689
f 2686 2760 2687
f 2687 2760 2762
f 827 1754 1757
f 1756 1808 1763
f 1756 1757 1754
f 1853 1867 4009
f 4009 1852 1853
f 4009 1833 1852
f 4009 4010 1833
f 1833 4010 4007
f 4007 4006 1851
f 1851 1833 4007
f 4007 4005 4006
f 4007 4010 4005
f 1295 1294 1341
f 1341 1294 1339
f 1339 1180 1341
f 1339 1294 1340
f 1294 3295 1340
f 1187 1220 1219
f 1187 1222 1220
f 1187 1188 1185
f 1185 1186 1187
f 1186 1222 1187
f 1197 1188 1187
f 1219 1224 1187
f 1224 1197 1187
f 2923 1335 2922
f 2922 3295 2923
f 1295 1337 2923
f 2923 1294 1295
f 2923 3295 1294
f 1293 1292 1295
f 1295 1341 1293
f 1293 1341 1178
f 1174 1171 1172
f 1168 1167 1172
f 1254 1171 1174
f 1174 1255 1254
f 1254 1192 1193
f 1254 1190 1192
f 1254 1255 1190
f 1721 1720 1717
f 1685 1713 1714
f 1714 1713 1738
f 1734 1735 1714
f 1717 1705 1718
f 1710 1718 1705
f 1717 1718 1710
f 1710 1711 1717
f 1708 1711 1710
f 1706 1710 1705
f 1629 1701 1628
f 1628 1627 1629
f 1701 1627 1628
f 1704 1627 1702
f 1702 1627 1701
f 1702 1705 1704
f 1701 1706 1702
f 1702 1706 1705
f 852 853 858
f 858 859 852
f 852 850 906
f 856 1658 1659
f 864 859 1318
f 1318 859 858
f 858 853 1318
f 1321 1323 1816
f 1816 1320 1321
f 1321 1320 1323
f 1694 1693 1675
f 1694 1331 1693
f 906 907 855
f 856 853 855
f 855 907 912
f 1732 1721 1735
f 1749 1747 1806
f 1806 1808 1749
f 1797 1624 1796
f 1796 1794 1797
f 1796 1624 1630
f 1734 1738 1737
f 1737 1744 1734
f 1738 1744 1737
f 1873 1878 1876
f 1878 1877 1876
f 4788 4836 4787
f 4787 4942 4788
f 4787 4836 4946
f 4946 4939 4787
f 4787 4939 4785
f 2198 2041 2030
f 2030 2026 2198
f 2030 2041 2040
f 2040 2031 2030
f 2031 2026 2030
f 4695 795 798
f 795 797 798
f 2210 4695 798
f 798 2208 2210
f 798 797 799
f 799 2208 798
f 791 792 811
f 791 4948 792
f 4949 4948 791
f 2227 2191 2228
f 2227 2180 2192
f 2228 2180 2227
f 2190 2202 2184
f 2184 2191 2190
f 4036 2692 4037
f 4028 2691 4036
f 4036 2691 2690
f 2690 2692 4036
f 4036 4035 4028
f 4037 4035 4036
f 2694 2692 2693
f 2693 2692 2690
f 3614 3613 2694
f 3616 730 3614
f 730 779 3614
f 3614 779 3613
f 4038 2715 4040
f 2715 2714 4040
f 4039 2710 4038
f 4038 4040 4039
f 4039 4040 2711
f 3626 3623 3625
f 3624 3620 3606
f 3624 3623 3620
f 774 732 723
f 780 774 723
f 711 728 709
f 701 715 693
f 715 713 693
f 2604 2602 2600
f 2690 2689 2697
f 2735 2723 2709
f 2709 2734 2735
f 2747 2749 2748
f 3922 3956 3921
f 3921 2613 3922
f 3922 2613 3956
f 2739 2732 2740
f 2740 2741 2739
f 2732 2730 2740
f 3958 3407 3403
f 3403 3935 3958
f 3403 3407 3404
f 3404 3935 3403
f 2609 2768 2611
f 2609 2605 2768
f 2609 2608 2605
f 2612 2614 2615
f 2614 2729 2615
f 2615 2729 2741
f 2741 2608 2615
f 2606 2608 2741
f 2741 2740 2606
f 2606 2740 2602
f 2606 2602 2604
f 2604 2605 2606
f 2134 2133 2137
f 2137 2141 2134
f 2131 2132 2134
f 2132 2133 2134
f 1926 1920 1923
f 1926 1927 1920
f 1923 1924 1926
f 2140 2138 2139
f 2137 2150 2139
f 2139 2138 2137
f 1992 1993 1994
f 1995 1997 1994
f 1994 1997 1992
f 1994 2027 2036
f 2028 2027 1994
f 1994 1993 2028
f 2036 1998 1994
f 1994 1998 1995
f 1982 1992 1984
f 1982 1993 1992
f 1981 2203 2195
f 1993 1982 1981
f 1981 1982 2203
f 1981 2195 2196
f 2196 2026 1981
f 1981 2026 2029
f 2029 1993 1981
f 1906 1917 1907
f 1903 1900 2021
f 2021 1905 1903
f 2146 1929 2147
f 2150 1940 1930
f 1930 1940 2148
f 1929 2146 1941
f 1941 2146 2147
f 1941 1940 1939
f 1934 2039 1937
f 1937 1940 1934
f 1939 1940 1937
f 1938 1939 1937
f 1937 2039 1938
f 1917 1918 1919
f 1919 1918 1939
f 1946 1917 1919
f 1917 1906 2019
f 2019 1906 1905
f 2025 2002 1996
f 2002 1990 1996
f 1996 2000 2025
f 1992 1997 1996
f 1997 2000 1996
f 1989 1990 1988
f 1989 1987 1986
f 1988 1987 1989
f 1986 1985 1989
f 1989 1985 1984
f 2037 1998 2036
f 2037 1999 1998
f 2037 2036 2033
f 2037 1958 1960
f 1959 1958 2037
f 2033 1965 2037
f 1965 1959 2037
f 2002 2016 2005
f 2004 1988 2005
f 1988 2002 2005
f 2005 2013 2004
f 2009 2013 2005
f 2005 2016 2009
f 2201 1987 2003
f 2003 2015 2201
f 1986 1987 2201
f 2184 1986 2201
f 2201 2015 2184
f 2573 2592 2590
f 2590 2588 2566
f 2566 2567 2590
f 2567 2573 2590
f 2573 2569 2571
f 2568 2579 2571
f 2579 2592 2571
f 2390 2568 2570
f 2570 2389 2390
f 2568 2571 2570
f 2570 2571 2569
f 2388 2389 2570
f 2570 2569 2388
f 2593 2592 2579
f 2579 2578 2593
f 2578 4582 2593
f 2593 4511 2581
f 2593 4582 4511
f 2529 2551 2552
f 2552 2533 2529
f 2529 2523 2551
f 2524 2523 2529
f 2529 2522 2524
f 2529 2533 2522
f 2537 2538 2536
f 2536 2534 2537
f 2542 2553 2543
f 2543 2545 2542
f 2546 4563 4559
f 2546 2548 4563
f 2546 2543 2553
f 1673 1500 1502
f 1502 1500 1503
f 1502 1479 1673
f 1503 1479 1502
f 1503 1500 1501
f 1501 1500 1498
f 1501 1507 1503
f 1498 1507 1501
f 1410 1487 1486
f 1487 1485 1486
f 1486 1409 1410
f 1486 1485 1484
f 1484 1407 1486
f 1593 1524 1526
f 1592 1524 1593
f 1584 1592 1593
f 1593 1591 1584
f 1593 1526 1527
f 1593 1527 1420
f 1420 1591 1593
f 1523 1524 1583
f 1583 1587 1523
f 1587 1272 1523
f 1523 1272 1582
f 1582 1616 1523
f 1521 1522 1520
f 1518 1525 1521
f 1525 1524 1521
f 1521 1519 1518
f 1520 1519 1521
f 1616 1522 1521
f 1524 1523 1521
f 1521 1523 1616
f 1585 1588 1589
f 1589 1587 1585
f 1589 1271 1587
f 1589 1273 1270
f 1588 1273 1589
f 1270 1269 1589
f 1269 1271 1589
f 2388 2387 2381
f 2381 2389 2388
f 2382 2389 2381
f 2380 2382 2381
f 2383 2377 2381
f 2381 2378 2380
f 2377 2378 2381
f 2422 2377 2420
f 2385 2373 2384
f 2373 2375 2384
f 2384 2375 2383
f 2383 2381 2384
f 2384 2386 2385
f 2387 2386 2384
f 2384 2381 2387
f 2431 2432 2435
f 2435 2428 2431
f 2338 2432 2431
f 2428 2427 2426
f 2368 2428 2426
f 2417 2425 2426
f 2497 2374 4613
f 4613 2498 2497
f 2497 2498 2374
f 4612 2498 4611
f 2493 2494 4611
f 4611 2498 4613
f 2422 2418 2424
f 2418 2415 2424
f 2405 2422 2424
f 2424 2415 2405
f 2417 2416 2419
f 2419 2416 2418
f 2419 2370 2417
f 2419 2418 2422
f 2422 2420 2419
f 4415 4428 4427
f 4427 4394 4415
f 4392 4394 4427
f 4427 4393 4392
f 4428 4393 4427
f 1338 1182 1339
f 1343 1182 1338
f 4605 4599 4597
f 4597 4594 4605
f 4594 4604 4605
f 4606 4599 4605
f 4605 4604 4606
f 1884 2072 2069
f 2069 2072 2071
f 4835 4833 4837
f 4835 4834 4833
f 4835 4837 790
f 790 4836 4835
f 4836 4834 4835
f 4802 4804 4798
f 4800 4931 4802
f 4802 4931 4930
f 4930 4801 4802
f 4794 4797 4795
f 4794 4798 4797
f 4794 4832 4943
f 4941 4793 4794
f 4794 4943 4941
f 4795 4831 4794
f 4831 4832 4794
f 4941 4942 4789
f 4790 4793 4789
f 4789 4793 4941
f 4785 4791 4789
f 4791 4790 4789
f 4789 4787 4785
f 4942 4787 4789
f 4770 4683 4771
f 4771 4683 4680
f 4771 4680 4616
f 4616 4772 4771
f 4928 4768 4867
f 4867 4768 4629
f 4769 4773 4629
f 4629 4768 4769
f 4770 4771 4769
f 4769 4767 4770
f 4769 4768 4767
f 4769 4772 4773
f 4769 4771 4772
f 4629 4773 4631
f 4773 4630 4631
f 4631 4632 4629
f 4631 4633 4632
f 4631 4630 4627
f 4627 4626 4631
f 4626 4633 4631
f 4773 4614 4774
f 4774 4630 4773
f 4674 4777 4745
f 4745 4750 4674
f 4777 4750 4745
f 4754 4750 4751
f 4751 4777 4755
f 4751 4750 4777
f 4674 4676 4675
f 4675 4687 4674
f 4676 4687 4675
f 4779 4778 4777
f 4777 4687 4779
f 4702 4778 4779
f 4779 4690 4702
f 4701 4690 4779
f 4700 4697 4699
f 4699 4697 4701
f 4701 4779 4699
f 4699 4779 4687
f 829 835 834
f 1601 835 829
f 830 832 1314
f 834 832 830
f 1314 1601 830
f 830 829 834
f 1601 829 830
f 941 940 938
f 944 933 1313
f 893 844 842
f 842 844 843
f 842 843 838
f 849 865 860
f 850 852 849
f 859 865 849
f 849 852 859
f 1117 1054 1125
f 1690 1682 1103
f 1688 1682 1690
f 1109 1688 1690
f 1690 1104 1109
f 1103 1104 1690
f 1683 1682 1688
f 1688 1687 1683
f 1686 1684 1683
f 1684 1682 1683
f 1683 1811 1686
f 1683 1687 1811
f 1772 1766 1771
f 1771 1766 1804
f 1771 1767 1768
f 1809 1767 1771
f 1771 1774 1772
f 1768 1231 1771
f 1771 1741 1809
f 1742 1741 1771
f 1231 1875 1771
f 1875 1774 1771
f 1692 1681 1330
f 1692 1691 1681
f 1330 1329 1692
f 1692 1329 1691
f 1330 1331 1328
f 1328 1329 1330
f 1225 1226 1213
f 1868 3294 1232
f 1868 1869 3294
f 1821 1205 1206
f 1205 1204 1206
f 1206 1207 1821
f 1208 1207 1206
f 1218 1197 1224
f 1218 1206 1204
f 1237 1201 1236
f 1194 1201 1237
f 1237 1239 1194
f 1237 1236 1238
f 1238 1239 1237
f 1198 1201 1240
f 1240 1201 1194
f 1240 1194 1195
f 1240 1196 1198
f 1195 1196 1240
f 1200 1204 1202
f 1202 1201 1200
f 1198 1204 1200
f 1200 1201 1198
f 1093 1095 1094
f 1093 1099 1095
f 1092 1099 1093
f 1091 1092 1093
f 1093 1094 1091
f 1101 1329 1098
f 1100 1101 1098
f 1098 1099 1100
f 1096 1095 1098
f 1095 1099 1098
f 981 979 982
f 1059 981 982
f 982 1058 1059
f 978 983 982
f 982 979 978
f 982 984 1051
f 983 984 982
f 1051 1055 982
f 1055 1058 982
f 985 986 1046
f 983 986 985
f 1046 984 985
f 985 984 983
f 1261 1260 1306
f 1306 1260 1307
f 1307 1009 1306
f 1285 1298 1299
f 1299 1284 1285
f 1300 1284 1299
f 1025 1300 1299
f 989 991 992
f 992 1044 989
f 1307 1304 1305
f 1305 1010 1307
f 1304 1010 1305
f 1159 1156 1158
f 1168 1172 1155
f 1155 1156 1168
f 1155 1158 1156
f 1039 1023 1030
f 1017 1303 1019
f 1019 1303 1020
f 1019 1020 1021
f 1021 1023 1019
f 1024 1022 1025
f 1024 1023 1022
f 1136 1046 1133
f 1031 1029 1159
f 1030 1029 1031
f 1157 1159 1161
f 1287 1296 1297
f 1297 1298 1287
f 1296 1161 1297
f 942 938 943
f 942 1073 941
f 941 938 942
f 1081 1075 1076
f 1076 1080 1081
f 1076 1075 968
f 968 1077 1076
f 1076 1077 1080
f 969 1077 968
f 969 967 970
f 968 967 969
f 970 971 969
f 1057 1058 1055
f 1057 1060 1058
f 1055 1115 1057
f 1115 1060 1057
f 1089 1085 1086
f 1086 1088 1089
f 1072 1071 1086
f 1086 1085 1084
f 1062 1088 1086
f 1086 940 1072
f 1084 1083 1086
f 1083 940 1086
f 994 974 973
f 990 974 994
f 973 971 994
f 994 971 995
f 972 971 973
f 1077 969 972
f 972 969 971
f 973 974 972
f 1002 1003 1011
f 1307 999 1011
f 1011 1012 1307
f 1011 1003 1012
f 975 974 990
f 975 977 978
f 988 977 975
f 989 988 975
f 975 991 989
f 975 990 991
f 1067 1068 1079
f 1068 1077 1079
f 1660 1656 1651
f 1651 1650 1660
f 1651 1656 1654
f 1651 1654 1649
f 1649 1650 1651
f 1664 1666 1668
f 1668 1667 1664
f 1662 1666 1664
f 1664 1663 1662
f 1664 1667 1663
f 1815 1645 1643
f 1643 1644 1815
f 1643 1645 1653
f 1802 1792 1803
f 1802 1623 1797
f 1802 1803 1623
f 1793 1791 1621
f 1621 1792 1793
f 1792 1802 1793
f 1797 1794 1793
f 1793 1802 1797
f 1314 1510 1508
f 1508 1509 1314
f 1510 1602 1508
f 1602 1507 1508
f 1617 1483 1894
f 1894 1892 1617
f 1892 1618 1617
f 1478 1483 1617
f 1617 1618 1478
f 2089 2090 2093
f 2090 2098 2093
f 2056 1559 2096
f 2096 1559 1562
f 1562 2102 2096
f 2057 2101 2062
f 2057 1441 2101
f 2057 2062 1449
f 1449 1441 2057
f 827 826 1779
f 1779 826 1778
f 1879 1349 1777
f 1777 1349 1785
f 1777 1778 1879
f 1777 1783 1778
f 1888 1897 1885
f 1885 1349 1888
f 1348 1897 1889
f 1889 1349 1348
f 1897 1888 1889
f 1889 1888 1349
f 1717 1720 1724
f 1785 1349 1814
f 1814 1349 1886
f 822 824 823
f 823 824 1879
f 1822 1878 1881
f 827 1878 1822
f 1902 1898 1901
f 1901 1898 1900
f 1960 1961 1962
f 1946 1919 1945
f 1943 1939 1938
f 1938 1964 1943
f 2044 1950 1971
f 1971 1953 1818
f 1971 1950 1953
f 1818 1471 1971
f 1971 1471 1972
f 1975 2044 1971
f 1971 1976 1975
f 1971 1972 1976
f 1957 1958 1956
f 1957 1951 2018
f 2018 1961 1957
f 1961 1958 1957
f 1956 1952 1957
f 1952 1951 1957
f 3443 3442 2871
f 2871 3584 3443
f 3443 3584 3428
f 3428 3438 3443
f 3438 3442 3443
f 3430 3584 3433
f 3430 3429 3584
f 3433 3431 3430
f 3431 3429 3430
f 2674 2675 2676
f 2676 2675 2677
f 2765 2624 2679
f 2679 2677 2765
f 2756 2755 2757
f 2756 2757 2764
f 2764 2675 2756
f 3262 2953 3268
f 2953 3269 3268
f 3268 2630 3262
f 2663 2630 3268
f 3268 3269 2663
f 3270 2909 2906
f 3270 2906 2952
f 2952 2953 3270
f 3270 2953 3262
f 3262 3261 3270
f 3270 3261 2909
f 4062 4065 2642
f 4065 2643 2642
f 2629 2666 2650
f 2883 2976 2937
f 2937 2885 2883
f 2883 2885 2884
f 2883 2882 2976
f 2883 2884 2896
f 2896 2882 2883
f 2902 2881 2921
f 2881 2882 2921
f 2921 2882 2896
f 2896 2897 2921
f 2888 2975 2887
f 2885 2975 2888
f 2888 2887 2895
f 2884 2885 2888
f 2895 2884 2888
f 2722 2597 2598
f 2893 3281 2950
f 2950 2894 2893
f 2950 3281 2952
f 2952 2894 2950
f 3899 3902 3915
f 3915 3898 3899
f 3886 3902 3899
f 3899 3882 3886
f 3897 3882 3899
f 3899 3900 3897
f 3899 3898 3900
f 2985 3889 3890
f 3889 3891 3890
f 3890 3891 2980
f 2980 2938 3890
f 3890 2938 2985
f 3760 3895 3900
f 3900 3755 3760
f 3893 3895 3760
f 3760 3756 2986
f 3760 3755 3756
f 3759 3893 3760
f 3760 2874 3759
f 2873 2874 3760
f 3760 2986 2873
f 3460 3499 3454
f 3817 3866 3807
f 3817 3858 3866
f 3807 3808 3817
f 3808 3858 3817
f 3859 3855 3854
f 3862 3913 3854
f 3854 3861 3862
f 3855 3861 3854
f 3857 3858 3808
f 3857 3855 3858
f 3857 3808 3856
f 3856 3855 3857
f 3864 3814 3810
f 3816 3814 3864
f 3810 3865 3864
f 3859 3816 3864
f 3864 3865 3859
f 3724 3811 3812
f 3811 3814 3812
f 3812 3813 3724
f 3812 3814 3813
f 3800 3815 3816
f 3816 3740 3800
f 3800 3740 3792
f 3801 3815 3800
f 3800 3799 3801
f 3786 3785 3800
f 3782 3827 3783
f 2471 2474 2513
f 2471 2513 2345
f 2345 2469 2471
f 2470 2472 2471
f 2471 2469 2470
f 2471 2472 2473
f 2473 4900 2471
f 4900 2474 2471
f 2467 1558 2468
f 1558 2469 2468
f 2468 2346 2467
f 2468 2469 2346
f 2338 2337 2341
f 2341 2340 2338
f 2342 2340 2341
f 2343 2342 2341
f 2341 2337 2343
f 2492 2343 2493
f 2493 4611 2492
f 2492 4611 2512
f 2347 2344 2348
f 2348 2344 2343
f 2486 2485 2348
f 2485 2515 2348
f 2348 2515 2508
f 2348 2365 2347
f 2348 2508 2365
f 2482 2491 2351
f 2351 2489 2353
f 2491 2489 2351
f 2353 2354 2351
f 2363 2364 2351
f 2351 2362 2363
f 2354 2362 2351
f 1550 2366 1549
f 1558 2366 1550
f 1549 1540 1550
f 1551 1558 1550
f 1540 1551 1550
f 4907 412 4908
f 4908 4909 4907
f 4907 4909 412
f 4920 4922 4823
f 4923 4922 4920
f 4908 4923 4920
f 4920 4909 4908
f 4826 4823 4892
f 4909 4920 4912
f 17 1 4982
f 17 18 1
f 4984 18 17
f 31 29 30
f 30 4987 31
f 30 29 4985
f 15 19 14
f 19 4987 14
f 14 12 15
f 13 12 14
f 4982 13 14
f 4753 4990 22
f 4753 4995 4990
f 4753 4752 4995
f 4755 4752 4753
f 4753 4751 4755
f 22 4747 4753
f 4753 4747 4754
f 4754 4751 4753
f 765 3703 3705
f 765 2155 2174
f 765 3705 2155
f 2174 2156 765
f 3704 3703 765
f 2156 769 765
f 769 3704 765
f 3638 3704 769
f 769 3712 3638
f 3638 3712 3636
f 3638 3703 3704
f 3638 3639 3703
f 3638 3636 3637
f 3637 3640 3638
f 3640 3639 3638
f 766 703 701
f 766 767 769
f 2216 2221 2183
f 2183 2191 2184
f 2183 2182 2191
f 2183 2217 2216
f 2183 2184 2205
f 2205 2217 2183
f 15 11 4988
f 11 21 4988
f 4988 22 15
f 4988 4747 22
f 4988 21 4747
f 3334 3331 3332
f 3332 3339 3334
f 3331 3339 3332
f 3398 363 3370
f 366 363 3398
f 3398 364 366
f 3368 3367 3342
f 3342 3345 3368
f 3366 3367 3368
f 365 376 366
f 366 364 365
f 365 364 376
f 3342 3340 3327
f 3324 3398 3323
f 3323 3327 3340
f 3342 3327 3323
f 3317 332 375
f 372 376 375
f 3331 3317 375
f 376 3340 375
f 375 3340 3331
f 331 328 327
f 327 332 331
f 330 328 331
f 331 319 330
f 3228 3399 3315
f 3399 3321 3315
f 3333 3317 3318
f 3333 3321 3317
f 3319 3321 3333
f 3333 3227 3319
f 3318 3331 3333
f 3331 3330 3333
f 3224 3227 3333
f 3333 3222 3223
f 3333 3223 3224
f 3333 3330 3221
f 3221 3222 3333
f 628 630 629
f 306 307 305
f 306 656 316
f 306 305 656
f 311 352 310
f 307 312 311
f 310 309 311
f 311 309 307
f 343 349 342
f 354 356 310
f 3379 3378 4969
f 3379 3377 3378
f 4969 3376 3379
f 3379 3376 3377
f 3375 3376 3382
f 3382 3386 3375
f 3374 3376 3375
f 3375 3386 3374
f 3373 3372 3374
f 3374 3386 3373
f 3373 3386 3372
f 4744 4743 4659
f 4659 4645 4744
f 4780 4659 4742
f 4742 4659 4743
f 4742 4744 648
f 4742 4743 4744
f 3246 3243 3245
f 3245 3250 3246
f 3245 3243 3229
f 3229 3230 3245
f 3234 3233 3239
f 3236 3188 3594
f 3236 3594 3191
f 3236 3191 3198
f 3235 3234 3236
f 3239 3188 3236
f 3236 3234 3239
f 3594 3188 3189
f 3190 3592 3189
f 3189 3188 3239
f 3189 3241 3190
f 3239 3241 3189
f 3252 3253 3201
f 3253 3203 3201
f 3201 3259 3252
f 3199 3259 3201
f 3200 3199 3201
f 3238 3203 3184
f 3238 3184 3175
f 3237 3238 3175
f 3203 3238 3237
f 4147 4151 4158
f 4151 4156 4158
f 4158 4156 4157
f 4158 4145 4147
f 4158 4157 4159
f 4159 4145 4158
f 4086 4132 4085
f 4088 4087 4192
f 4090 4087 4088
f 4088 4089 4090
f 4192 4101 4088
f 4088 4101 4100
f 4100 4089 4088
f 4126 4198 4197
f 4197 4198 4090
f 4097 4092 4091
f 4091 4089 4097
f 4091 4095 4195
f 4092 4095 4091
f 4090 4089 4091
f 4162 4081 4136
f 4136 4161 4162
f 4081 4201 4136
f 4082 4085 4132
f 4086 4085 4082
f 4083 4086 4082
f 4082 4201 4081
f 4082 4078 4083
f 4082 4081 4078
f 3118 3117 4208
f 4208 3120 3118
f 3118 3119 3117
f 3120 3119 3118
f 4184 4191 4185
f 4185 4186 4184
f 4188 4191 4184
f 4184 4189 4188
f 4183 4189 4184
f 4187 4183 4184
f 4184 4186 4187
f 4104 4099 4103
f 4103 4115 4104
f 4104 4115 359
f 349 4099 4104
f 1412 1417 1411
f 1411 1409 1412
f 1417 1488 1411
f 1411 1488 1409
f 1529 1417 1528
f 1529 1488 1417
f 1529 1528 1516
f 1516 1488 1529
f 1539 1417 1418
f 1418 1416 1539
f 1417 1416 1418
f 2939 2925 2930
f 2930 2940 2939
f 2939 2966 2926
f 2926 2925 2939
f 2900 2901 2902
f 2900 2968 2901
f 4535 4537 4534
f 4534 4486 4535
f 4535 4486 4537
f 2944 4536 2943
f 2943 4536 4537
f 2943 2945 2944
f 3914 2945 2943
f 2943 2946 3914
f 4537 2946 2943
f 4542 4540 4546
f 4546 4545 4542
f 4545 4539 4542
f 4549 4551 4550
f 4549 4539 4538
f 4538 4526 4549
f 4549 4526 4595
f 4552 4553 4549
f 4553 4551 4549
f 4595 4594 4549
f 4549 4598 4552
f 4594 4598 4549
f 3752 3751 3753
f 3752 3805 3751
f 3753 3808 3752
f 3808 3805 3752
f 2957 3285 2971
f 2971 2972 2957
f 3285 2972 2971
f 2948 2972 2949
f 2949 2893 2892
f 2892 2948 2949
f 3287 3281 2893
f 2893 2949 3287
f 3287 2949 2972
f 3186 3183 3253
f 3122 3183 3186
f 3186 3253 3185
f 3185 3123 3186
f 3186 3123 3122
f 3127 3129 3128
f 3128 3125 3127
f 3125 3126 3127
f 3161 3160 3163
f 3166 3160 3161
f 3163 3162 3161
f 3161 3162 3166
f 3131 3126 3132
f 3132 3160 3131
f 3131 3127 3126
f 3131 3160 3166
f 3166 3127 3131
f 3257 3258 3254
f 3256 3258 3257
f 3148 3213 3149
f 3148 3258 3213
f 3148 3149 3159
f 3148 3159 3129
f 3148 3129 3254
f 3254 3258 3148
f 3212 3256 3543
f 3543 3220 3212
f 3211 3220 3543
f 2770 2769 2813
f 2813 2829 2770
f 2770 2829 2769
f 4152 3215 3216
f 3216 3217 4152
f 3215 3214 3216
f 3216 3214 3212
f 3212 3217 3216
f 3459 3477 3460
f 3459 3458 3469
f 3469 3477 3459
f 3453 3458 3455
f 3141 3142 3140
f 3516 3536 3532
f 3144 3254 3147
f 3147 3143 3144
f 3144 3257 3254
f 3146 3257 3144
f 3143 3142 3144
f 3142 3141 3144
f 3144 3141 3140
f 3140 3531 3144
f 3531 3519 3144
f 3469 3476 3467
f 3476 3466 3467
f 3353 3354 3347
f 3246 3351 3356
f 3351 3354 3356
f 3357 3297 2987
f 3357 3356 3354
f 3357 2987 3246
f 3246 3356 3357
f 3702 3640 3637
f 3637 3721 3702
f 3645 3646 3644
f 3645 3722 3646
f 3015 3722 3645
f 3016 3015 3645
f 3645 3644 3016
f 3602 3647 3601
f 3647 3722 3601
f 3601 3603 3602
f 3722 3603 3601
f 3653 3663 3662
f 3662 3666 3653
f 3663 3666 3662
f 3649 3682 3651
f 3651 3650 3649
f 3651 3682 3684
f 3684 3650 3651
f 3671 3673 3674
f 3675 3666 3674
f 3674 3666 3671
f 3711 3675 3674
f 3674 3306 3711
f 3674 3673 3306
f 3699 3698 3713
f 3713 3714 3677
f 3713 3698 3714
f 4973 3693 3700
f 3700 3693 3699
f 783 3701 3694
f 3694 3693 783
f 3694 3698 3693
f 3701 3639 3694
f 3687 3686 3714
f 3005 3942 3941
f 3942 3939 3941
f 3941 3938 3940
f 3940 3005 3941
f 3936 3938 3941
f 3941 3939 3936
f 246 4376 4339
f 4339 4376 4366
f 4339 244 246
f 4339 4340 244
f 4366 4349 4351
f 4349 4340 4351
f 4351 4339 4366
f 4340 4339 4351
f 2285 2286 2287
f 2285 2283 2286
f 2285 2287 2288
f 2285 2284 2283
f 2289 2284 2285
f 2276 2283 2279
f 2279 2319 2276
f 2279 2278 2319
f 2279 2283 2282
f 2282 2278 2279
f 3092 3068 3083
f 3084 3058 3092
f 3092 3083 3084
f 3063 3066 3092
f 3066 3068 3092
f 4167 4172 4169
f 4169 4166 4167
f 4172 4166 4169
f 4210 4075 4163
f 4163 4165 4210
f 4209 4075 4210
f 4210 4174 4209
f 4210 4165 4174
f 2812 2811 3037
f 3037 2846 2812
f 2847 2813 2812
f 2812 2846 2847
f 2830 2831 2832
f 2831 2837 2832
f 2837 2836 2832
f 2835 2834 2832
f 2832 2842 2835
f 2832 2840 2842
f 2832 2836 2840
f 2834 3030 3038
f 3038 2832 2834
f 3037 2832 3038
f 2808 3818 3819
f 2866 2782 2865
f 2816 2817 2815
f 2782 2866 2816
f 2786 2798 2802
f 2800 2785 2787
f 2800 2801 2798
f 2787 2801 2800
f 2798 2786 2800
f 2800 2786 2785
f 2780 2859 2778
f 2780 2860 2859
f 2780 2816 2815
f 2780 2781 2782
f 2782 2816 2780
f 2782 2781 2783
f 2783 2781 2785
f 2785 2786 2783
f 2783 2861 2782
f 2802 2861 2783
f 2783 2786 2802
f 2815 2858 2857
f 2858 2860 2857
f 2857 2780 2815
f 2860 2780 2857
f 2266 2268 2267
f 2267 2269 2266
f 2268 2269 2267
f 2414 2415 2413
f 2413 2411 2414
f 2413 2415 2437
f 2437 2438 2413
f 2479 2411 2413
f 2413 2438 2479
f 4228 4223 4227
f 4227 4266 4228
f 4228 4265 4223
f 4276 4266 4229
f 4275 4273 4276
f 4279 4275 4276
f 4276 4229 4279
f 4276 4273 4271
f 4224 4265 4354
f 4353 4218 4354
f 4354 4317 4353
f 4354 4270 4317
f 4317 4270 4272
f 4271 4316 4272
f 4316 4317 4272
f 4220 4224 4219
f 4219 4215 4220
f 4216 4215 4217
f 4217 4218 4216
f 4215 4219 4217
f 4217 4354 4218
f 4224 4354 4217
f 4217 4219 4224
f 4353 4317 4264
f 4264 4218 4353
f 3777 3779 3778
f 3826 3827 3777
f 3777 3827 3782
f 3782 3779 3777
f 2848 3824 3773
f 2810 3824 2848
f 3838 3828 3826
f 3826 3837 3838
f 3838 3837 3844
f 3829 3827 3826
f 3826 3828 3829
f 3829 3828 3830
f 3829 3783 3827
f 3829 3830 3782
f 3782 3783 3829
f 3840 3838 3844
f 3828 3838 3840
f 3539 3541 3540
f 3537 3534 3539
f 3534 3541 3539
f 3539 3256 3537
f 3539 3543 3256
f 3516 3511 3513
f 3511 3512 3513
f 3513 3535 3516
f 3513 3512 3535
f 3834 3471 3833
f 3833 3471 3470
f 3833 3470 3457
f 3457 3843 3833
f 2787 2785 2784
f 2784 2788 2787
f 2784 2785 2789
f 2793 2784 2789
f 2843 2788 2793
f 2788 2784 2793
f 3962 3983 3984
f 3984 3963 3962
f 3985 3961 3984
f 3961 3963 3984
f 3867 3869 3769
f 3769 3768 3867
f 3868 3869 3867
f 3734 3816 3859
f 3734 3740 3816
f 2302 4476 4473
f 4473 2300 2302
f 2297 2318 2296
f 4471 2318 2297
f 4448 4443 2321
f 4443 2320 2321
f 2321 3967 3979
f 4461 4462 4277
f 4277 4469 4461
f 4461 4469 4462
f 4467 4464 4463
f 4467 4468 4473
f 4463 4462 4467
f 4462 4468 4467
f 2296 2318 2317
f 2317 2318 2316
f 2315 2313 2312
f 2312 2313 2311
f 2312 2281 2315
f 2311 2281 2312
f 3989 3988 3960
f 3989 3960 3980
f 3980 3990 3989
f 3990 3959 3989
f 3959 3991 3989
f 201 355 344
f 355 345 344
f 344 346 201
f 344 345 346
f 281 271 278
f 281 280 271
f 217 280 281
f 278 282 281
f 281 218 217
f 220 218 281
f 281 282 220
f 4111 4117 4110
f 4110 4113 4111
f 4113 4114 4111
f 101 102 103
f 103 100 101
f 101 505 506
f 506 102 101
f 154 505 101
f 93 154 101
f 101 100 93
f 178 120 118
f 118 144 178
f 118 120 119
f 119 112 118
f 112 144 118
f 113 82 84
f 84 115 113
f 86 115 84
f 84 83 86
f 84 82 83
f 109 108 110
f 106 108 109
f 106 116 105
f 105 545 106
f 106 545 544
f 544 139 106
f 139 108 106
f 76 75 74
f 74 77 76
f 127 128 74
f 74 126 127
f 75 126 74
f 73 77 74
f 74 128 73
f 138 127 146
f 146 131 138
f 138 131 127
f 4893 4915 4825
f 4893 4826 4892
f 4825 4826 4893
f 4893 4892 4894
f 4894 4955 4893
f 4955 4818 4893
f 412 4909 4911
f 4911 4915 412
f 4909 4912 4911
f 4913 4915 4911
f 4911 4912 4913
f 4917 443 410
f 410 406 4917
f 424 419 418
f 424 559 419
f 481 545 477
f 426 433 445
f 407 404 405
f 404 411 405
f 405 406 407
f 405 411 406
f 4917 406 4916
f 406 411 4916
f 4916 4915 4917
f 4916 411 4915
f 4910 404 4959
f 4910 411 404
f 4959 4897 4910
f 4910 4897 4924
f 4924 4908 4910
f 4908 412 4910
f 412 4915 4910
f 4915 411 4910
f 4914 4915 564
f 564 4918 4914
f 4917 4915 4914
f 4914 4918 4917
f 563 4918 564
f 563 562 4918
f 564 4874 4875
f 4854 4872 4871
f 4871 4872 4869
f 4869 4870 4871
f 4868 4870 4869
f 4928 4870 4868
f 4869 4930 4868
f 4930 4928 4868
f 4851 4817 4816
f 4851 4874 4817
f 4816 4815 4851
f 4815 4850 4851
f 4850 4849 4851
f 4849 4878 4851
f 127 131 129
f 129 128 127
f 136 135 129
f 135 128 129
f 4859 4855 4854
f 4859 4858 4857
f 4857 4855 4859
f 4862 4632 4861
f 4862 4863 4632
f 4716 4717 4718
f 4714 4712 4713
f 4716 4718 4714
f 573 4644 4757
f 4757 4759 573
f 4644 4759 4757
f 580 4759 4762
f 4766 4762 4760
f 4760 4762 4759
f 4722 4638 4760
f 4760 4620 4722
f 4622 4635 4623
f 4623 4621 4622
f 4622 4621 4620
f 4635 4654 4637
f 4636 4635 4637
f 4724 4756 4636
f 4636 4648 4724
f 4724 4648 4756
f 4647 4648 4636
f 4636 4637 4647
f 4647 4654 4650
f 4647 4637 4654
f 164 160 51
f 51 151 164
f 164 151 226
f 159 160 164
f 225 219 159
f 225 226 219
f 222 295 220
f 220 223 222
f 222 223 295
f 221 223 220
f 226 223 221
f 220 219 221
f 219 226 221
f 4715 4736 4739
f 4715 4713 4780
f 4780 4736 4715
f 4716 4714 4715
f 4715 4714 4713
f 648 647 4741
f 4741 647 4739
f 4741 4742 648
f 4739 4742 4741
f 687 688 686
f 688 689 686
f 4738 4737 4716
f 4739 4737 4738
f 4716 4715 4738
f 4738 4715 4739
f 4717 4737 643
f 687 4717 643
f 643 688 687
f 181 55 180
f 180 55 190
f 180 179 181
f 190 50 180
f 49 179 180
f 180 50 49
f 60 4717 190
f 193 186 195
f 195 152 38
f 38 151 195
f 152 151 38
f 150 43 42
f 43 41 42
f 196 642 667
f 66 72 67
f 67 71 66
f 72 71 67
f 69 71 72
f 69 70 134
f 72 70 69
f 134 137 69
f 512 521 513
f 521 503 513
f 513 508 512
f 516 508 513
f 513 503 516
f 516 503 463
f 463 503 464
f 463 515 516
f 463 514 515
f 463 464 462
f 520 514 463
f 462 504 463
f 504 520 463
f 284 242 526
f 242 525 526
f 526 524 284
f 526 525 524
f 4256 4251 4259
f 4259 4257 4256
f 4256 4257 4251
f 479 477 476
f 476 540 479
f 477 540 476
f 541 470 474
f 474 540 541
f 475 540 474
f 4307 4308 4310
f 4307 416 419
f 419 417 4307
f 417 4308 4307
f 4307 4306 416
f 4310 4306 4307
f 4211 4213 4262
f 4211 297 4213
f 417 297 4212
f 4262 4318 4212
f 4318 417 4212
f 4212 4211 4262
f 297 4211 4212
f 552 549 551
f 553 549 552
f 551 298 552
f 298 297 552
f 552 424 553
f 552 297 559
f 559 424 552
f 4362 4360 4363
f 4363 4365 4362
f 4360 4365 4363
f 4350 4362 4352
f 4362 4364 4352
f 4352 4364 4342
f 4352 4347 4350
f 4345 4347 4352
f 4343 4345 4352
f 4352 4342 4343
f 4249 4364 4365
f 4342 4364 4249
f 4250 4342 4249
f 4359 4360 4384
f 4384 4383 4359
f 4382 4360 4359
f 4359 4383 4382
f 4247 4241 4240
f 4246 4241 4247
f 4240 4242 4247
f 4247 4242 4245
f 4247 4382 4246
f 4310 4315 4309
f 4309 4314 4311
f 4309 4317 4314
f 4309 4315 4317
f 4311 4312 4309
f 4309 4312 4310
f 4235 4390 4239
f 4239 4233 4235
f 4235 4233 4234
f 4235 4234 4240
f 4240 4241 4235
f 4235 4241 4390
f 4470 4469 4281
f 4281 4385 4470
f 4471 4469 4470
f 4470 2316 4471
f 4470 4385 2316
f 2310 2308 2306
f 2316 2308 2310
f 2311 2313 2310
f 2310 2317 2316
f 2296 2317 2310
f 1764 827 1776
f 1776 1757 1764
f 827 1757 1776
f 1763 1764 1758
f 1764 1757 1758
f 1758 1756 1763
f 1757 1756 1758
f 1752 827 1753
f 1752 1754 827
f 1753 1783 1781
f 1755 1756 1754
f 1754 1752 1755
f 1808 1756 1755
f 1755 1752 1753
f 1179 1341 1180
f 3295 3291 3290
f 3290 1340 3295
f 1339 1340 3290
f 3290 1338 1339
f 3290 1345 1343
f 1336 1337 1335
f 1335 2923 1336
f 1336 2923 1337
f 1296 1162 1163
f 1163 1161 1296
f 1163 1156 1157
f 1157 1161 1163
f 1193 1241 1242
f 1242 1254 1193
f 1712 1709 1685
f 1685 1714 1712
f 1711 1709 1712
f 1712 1714 1735
f 1736 1738 1734
f 1734 1714 1736
f 1736 1714 1738
f 1677 1701 1700
f 1675 1676 1677
f 1677 1676 1708
f 1708 1710 1677
f 1710 1706 1677
f 854 852 906
f 853 852 854
f 906 855 854
f 854 855 853
f 1660 1661 1319
f 1661 1659 1319
f 1319 1656 1660
f 1654 1656 1657
f 1657 1658 1636
f 1657 1659 1658
f 1656 1319 1657
f 1657 1319 1659
f 1661 863 861
f 861 863 864
f 864 1318 861
f 1661 1318 857
f 856 1659 857
f 857 1659 1661
f 857 853 856
f 857 1318 853
f 1636 1322 1637
f 1653 1655 1637
f 1637 1638 1653
f 1637 1657 1636
f 1637 1655 1654
f 1654 1657 1637
f 1639 1630 1640
f 1632 1633 1629
f 1632 1639 1638
f 1699 1694 1675
f 1697 1694 1699
f 1675 1677 1699
f 1699 1677 1700
f 1699 1700 1698
f 1698 1697 1699
f 1696 1697 1323
f 1696 1694 1697
f 1323 1331 1696
f 1331 1694 1696
f 909 855 910
f 856 855 909
f 909 1658 856
f 910 1320 909
f 1636 1658 909
f 909 1320 1636
f 908 912 910
f 910 855 908
f 908 855 912
f 1720 1721 1722
f 1721 1732 1722
f 1732 1731 1722
f 1745 1747 1746
f 1747 1749 1746
f 1625 1796 1630
f 1629 1627 1625
f 1703 1625 1627
f 1703 1627 1704
f 1773 1765 1772
f 1772 1774 1773
f 1773 1877 1762
f 1773 1876 1877
f 1773 1762 1761
f 1761 1765 1773
f 1873 1876 1775
f 1775 1774 1875
f 1876 1773 1775
f 1775 1773 1774
f 1874 1873 1775
f 1775 1875 1874
f 4012 4011 4015
f 4015 4016 4012
f 4011 4005 4015
f 4005 4010 4015
f 4019 4013 4014
f 4014 4013 4012
f 4012 4016 4014
f 4064 4062 4061
f 3294 4064 4061
f 1350 1924 1922
f 1351 1924 1350
f 2042 1924 1351
f 1350 822 1351
f 822 2042 1351
f 1826 2042 822
f 1826 821 2042
f 795 4949 796
f 4949 791 796
f 796 791 811
f 811 797 796
f 796 797 795
f 2694 2693 2695
f 2716 2715 2695
f 2695 3614 2694
f 2695 2715 3616
f 2696 2714 2716
f 2716 2695 2696
f 2696 2695 2693
f 2696 2693 2690
f 3629 3626 3627
f 3623 3626 3622
f 3621 3623 3622
f 3622 3626 785
f 3622 785 3621
f 3623 3624 3630
f 3625 3623 3630
f 3606 3627 3630
f 3630 3624 3606
f 3630 3626 3625
f 3627 3626 3630
f 719 721 726
f 726 717 725
f 726 725 719
f 716 717 726
f 728 711 727
f 727 711 713
f 727 732 728
f 727 723 732
f 713 711 775
f 775 698 694
f 695 698 775
f 709 695 775
f 775 711 709
f 2604 2600 2603
f 2603 2600 3405
f 2603 3958 2604
f 2603 3405 3958
f 2599 2730 3585
f 3585 2600 2599
f 2599 2600 2730
f 3406 2600 3585
f 3405 2600 3406
f 3585 3407 3406
f 3407 3405 3406
f 2690 2697 2699
f 2689 2762 2761
f 2761 2697 2689
f 2762 2697 2761
f 2701 2712 2690
f 2700 2712 2701
f 2690 2699 2701
f 2701 2699 2700
f 2702 2712 2700
f 2724 2725 2658
f 2658 2725 2738
f 2738 2726 2658
f 2658 2728 2657
f 2658 2726 2728
f 2601 2600 2602
f 2602 2740 2601
f 2601 2740 2600
f 2730 2600 2731
f 2731 2740 2730
f 2600 2740 2731
f 2608 2609 2610
f 2610 2615 2608
f 2610 2609 2611
f 2610 2611 2612
f 2612 2615 2610
f 2605 2608 2607
f 2607 2606 2605
f 2608 2606 2607
f 2142 2134 2141
f 2140 813 2142
f 2142 2141 2140
f 2142 747 814
f 772 747 2142
f 749 772 2142
f 2142 813 749
f 1925 1924 2042
f 2042 1352 1925
f 1925 1352 1927
f 1927 1926 1925
f 1925 1926 1924
f 1353 759 758
f 1353 1352 759
f 1353 758 2144
f 1927 1352 1353
f 2193 2195 2187
f 2195 2200 2187
f 2195 2203 2194
f 2194 2200 2195
f 2203 2200 2194
f 1904 1906 1907
f 1904 1907 1902
f 1903 1905 1904
f 1905 1906 1904
f 1902 1901 1904
f 1904 1900 1903
f 1904 1901 1900
f 2024 1900 1899
f 2024 2021 1900
f 1899 1348 2024
f 1905 2021 2024
f 2150 1930 2149
f 2149 1930 2148
f 2149 2139 2150
f 2149 2148 2140
f 2140 2139 2149
f 1929 1941 1928
f 1927 1353 1928
f 2144 1929 1928
f 1928 1353 2144
f 1920 1927 1921
f 1921 1941 1920
f 1927 1928 1921
f 1921 1928 1941
f 1935 1941 2147
f 1940 1941 1935
f 2147 2148 1935
f 2148 1940 1935
f 1939 1918 1942
f 1942 1941 1939
f 1942 1918 1920
f 1920 1941 1942
f 1915 1918 1917
f 1917 2019 1915
f 1920 1918 1915
f 1991 1996 1990
f 1990 1989 1991
f 1991 1989 1984
f 1984 1992 1991
f 1992 1996 1991
f 1960 1999 2038
f 2038 2037 1960
f 1999 2037 2038
f 2589 2590 2592
f 2589 2582 2584
f 2588 2590 2589
f 2589 2587 2588
f 2584 2587 2589
f 2572 2592 2573
f 2573 2571 2572
f 2572 2571 2592
f 2534 2533 2535
f 2535 2537 2534
f 2535 2533 2538
f 2538 2537 2535
f 2544 4559 2564
f 2564 2545 2544
f 2544 2546 4559
f 2545 2543 2544
f 2543 2546 2544
f 2547 2553 2548
f 2548 2546 2547
f 2547 2546 2553
f 1412 1409 1408
f 1409 1486 1408
f 1408 1407 1412
f 1408 1486 1407
f 2494 2337 2514
f 2514 2428 2368
f 2514 2431 2428
f 2436 2437 2417
f 2417 2426 2436
f 2481 2426 2427
f 2481 2427 2429
f 2481 2436 2426
f 2481 2429 2479
f 2479 2438 2481
f 2481 2438 2437
f 2437 2436 2481
f 4612 4611 2495
f 2495 2370 4612
f 2369 2370 2495
f 2374 4612 2372
f 2372 2370 2374
f 4612 2370 2372
f 2371 2370 2369
f 2371 2369 2368
f 2371 2425 2417
f 2417 2370 2371
f 2368 2426 2371
f 2371 2426 2425
f 2376 2419 2420
f 2376 2420 2377
f 2374 2370 2376
f 2370 2419 2376
f 2376 2375 2374
f 2376 2377 2383
f 2383 2375 2376
f 2979 2918 2978
f 2978 3291 2979
f 2978 3272 3291
f 2081 2067 2068
f 2068 2067 1884
f 1884 2069 2068
f 2068 2079 387
f 2080 2079 2068
f 387 388 2068
f 388 2081 2068
f 2068 2071 2080
f 2068 2069 2071
f 4799 4802 4798
f 4798 4794 4799
f 4799 4794 4793
f 4800 4802 4799
f 4799 4790 4800
f 4799 4793 4790
f 4803 4802 4801
f 4804 4802 4803
f 4801 4811 4803
f 4803 4811 4815
f 4803 4815 4816
f 4816 4806 4803
f 4806 4805 4803
f 4803 4805 4804
f 564 4915 4819
f 4915 4893 4819
f 4819 4893 4818
f 4819 566 564
f 4819 4874 566
f 4817 4874 4819
f 4819 4954 4817
f 4955 4954 4819
f 4819 4818 4955
f 4629 4863 4866
f 4866 4867 4629
f 4928 4867 4866
f 4866 4870 4928
f 4627 4630 4628
f 4630 4774 4628
f 4628 4774 4614
f 4616 4627 4628
f 4628 4614 4616
f 4677 4687 4676
f 4677 4686 4687
f 4676 4679 4677
f 4679 4686 4677
f 4687 4686 4685
f 4935 4700 4783
f 4783 4937 4935
f 4783 4782 4937
f 4937 4782 4784
f 4785 4937 4784
f 4784 4786 4785
f 939 940 1083
f 939 938 940
f 965 966 964
f 1004 966 965
f 965 1005 1004
f 947 942 943
f 920 902 901
f 902 899 901
f 927 925 926
f 954 944 957
f 944 1313 957
f 959 888 954
f 929 890 931
f 931 927 929
f 931 1313 933
f 888 931 887
f 887 931 890
f 841 927 892
f 841 887 890
f 954 888 960
f 960 961 954
f 871 846 845
f 870 846 871
f 871 848 850
f 850 849 871
f 871 849 860
f 871 833 870
f 871 832 833
f 860 869 871
f 869 832 871
f 1127 1123 1126
f 1235 1234 1126
f 1126 1233 1127
f 1234 1233 1126
f 1245 1247 1249
f 1249 1244 1245
f 1137 1130 1049
f 1049 1129 1137
f 1743 1771 1804
f 1743 1804 1807
f 1807 1740 1743
f 1742 1771 1743
f 1743 1741 1742
f 1743 1740 1741
f 1695 1331 1324
f 1324 1328 1695
f 1695 1328 1331
f 1329 1328 1097
f 1096 1098 1097
f 1097 1098 1329
f 1326 1328 1324
f 1324 1325 1326
f 1326 1325 1327
f 1326 1327 1096
f 1096 1097 1326
f 1326 1097 1328
f 1226 1225 1227
f 1227 1225 1869
f 1227 1232 1228
f 1228 1226 1227
f 1227 1868 1232
f 1869 1868 1227
f 1213 1214 1880
f 1880 1225 1213
f 1214 1344 1880
f 1880 4065 2644
f 2644 1869 1880
f 1869 1225 1880
f 1880 1344 3289
f 3289 4065 1880
f 1217 1218 1224
f 1206 1218 1217
f 1217 1224 1208
f 1208 1206 1217
f 1197 1218 1199
f 1198 1196 1199
f 1199 1196 1197
f 1199 1204 1198
f 1199 1218 1204
f 1315 1262 1259
f 1259 1262 1261
f 1030 1031 1032
f 1032 1031 1035
f 1044 992 1043
f 1043 992 1316
f 1043 1033 1044
f 1017 1042 1043
f 1043 1016 1017
f 993 992 991
f 1316 992 993
f 991 990 993
f 1018 1303 1017
f 1015 993 1014
f 1316 993 1015
f 1014 1304 1015
f 1015 1043 1316
f 1016 1043 1015
f 1304 1303 1015
f 1303 1018 1015
f 1017 1016 1015
f 1015 1018 1017
f 1169 1172 1171
f 1169 1155 1172
f 1155 1169 1153
f 1153 1169 1171
f 1148 1155 1154
f 1158 1155 1148
f 1154 1149 1148
f 1150 1149 1154
f 1150 1153 1152
f 1152 1151 1150
f 1154 1155 1150
f 1155 1153 1150
f 1023 1039 1041
f 1017 1019 1041
f 1041 1019 1023
f 1017 1041 1040
f 1040 1041 1039
f 1038 1043 1042
f 1033 1043 1038
f 1038 1040 1039
f 1038 1039 1030
f 1038 1042 1017
f 1017 1040 1038
f 1030 1032 1038
f 1038 1032 1033
f 1030 1023 1028
f 1023 1024 1028
f 1028 1029 1030
f 1028 1027 1029
f 1024 1027 1028
f 1159 1158 1147
f 1147 1031 1159
f 1158 1148 1147
f 1160 1161 1159
f 1160 1297 1161
f 1160 1027 1297
f 1159 1029 1160
f 1029 1027 1160
f 1073 942 1074
f 1081 1073 1074
f 1074 1075 1081
f 1069 1064 1087
f 1064 1086 1087
f 1087 1071 1069
f 1087 1086 1071
f 1064 1062 1063
f 1063 1086 1064
f 1062 1086 1063
f 1000 999 1001
f 1000 1011 999
f 1000 1001 1002
f 1002 1011 1000
f 976 975 978
f 974 975 976
f 978 980 976
f 980 974 976
f 980 1082 1078
f 1078 1082 1067
f 1067 1079 1078
f 1077 972 1078
f 1078 1079 1077
f 1078 974 980
f 1078 972 974
f 1622 1815 1647
f 1647 1820 1622
f 1815 1820 1647
f 1815 1644 1646
f 1646 1820 1815
f 1644 1820 1646
f 1653 1638 1642
f 1642 1643 1653
f 1638 1639 1642
f 1642 1639 1643
f 1641 1820 1644
f 1644 1643 1641
f 1640 1622 1641
f 1622 1820 1641
f 1641 1639 1640
f 1643 1639 1641
f 1791 1793 1790
f 1790 1793 1794
f 1790 1787 1791
f 1514 1498 1497
f 1514 1497 1513
f 1514 1507 1498
f 1514 1508 1507
f 1513 1511 1605
f 1605 1514 1513
f 1508 1514 1605
f 1509 1508 1605
f 1605 1511 1579
f 1314 1509 1605
f 1579 1573 1605
f 1605 1577 1314
f 1573 1577 1605
f 2097 2059 2099
f 2060 2059 2097
f 2097 2098 2060
f 1780 1779 1778
f 1778 1783 1780
f 827 1779 1780
f 1780 1783 1753
f 1753 827 1780
f 1801 1789 1794
f 1724 1789 1801
f 1704 1705 1719
f 1719 1705 1717
f 1717 1724 1719
f 1791 1787 1786
f 1621 1791 1786
f 1786 1886 1621
f 1783 1777 1784
f 1784 1777 1785
f 1785 1814 1784
f 1346 1349 1879
f 1879 826 825
f 825 823 1879
f 1961 1948 1963
f 1963 1962 1961
f 1963 1964 1960
f 1960 1962 1963
f 1963 1948 1946
f 1946 1945 1963
f 1963 1943 1964
f 1945 1943 1963
f 1944 1945 1919
f 1944 1943 1945
f 1944 1919 1939
f 1939 1943 1944
f 2750 2747 2746
f 2909 3261 3273
f 3273 3272 2918
f 3263 3261 3262
f 2650 2651 2649
f 2649 2629 2650
f 2649 2651 2647
f 2668 2679 2624
f 2677 2679 2668
f 2722 2598 2969
f 3286 2598 2597
f 3285 2598 3286
f 3498 3499 3495
f 3495 3454 3498
f 3498 3454 3499
f 3452 3454 3495
f 3495 3494 3452
f 3494 3451 3452
f 3452 3455 3458
f 3458 3459 3452
f 3452 3451 3453
f 3453 3455 3452
f 3460 3454 3452
f 3452 3459 3460
f 3791 3785 3784
f 3791 3800 3785
f 3784 3799 3791
f 3799 3800 3791
f 3790 3792 3786
f 3786 3800 3790
f 3790 3800 3792
f 2349 2348 2343
f 2512 2348 2349
f 2343 2492 2349
f 2349 2492 2512
f 2486 2348 2487
f 4613 2486 2487
f 2352 2509 2482
f 2482 2351 2352
f 4824 4920 4823
f 4823 4826 4824
f 4824 4826 4825
f 4825 4912 4824
f 4824 4912 4920
f 4919 4825 4913
f 4913 4912 4919
f 4919 4912 4825
f 4986 30 4985
f 4986 4985 4984
f 16 14 4987
f 16 17 4982
f 4982 14 16
f 4987 30 16
f 30 4986 16
f 4984 17 16
f 16 4986 4984
f 767 698 707
f 3621 767 707
f 700 698 767
f 700 766 701
f 767 766 700
f 769 703 768
f 768 766 769
f 703 766 768
f 2221 2182 2181
f 2181 2183 2221
f 2182 2183 2181
f 376 364 380
f 380 3323 376
f 3345 3398 3326
f 3326 3368 3345
f 3329 3340 376
f 376 3323 3329
f 3329 3323 3340
f 3325 3398 3345
f 3325 3345 3342
f 374 332 372
f 372 375 374
f 374 375 332
f 3320 3319 3228
f 3228 3315 3320
f 3320 3321 3319
f 3320 3315 3321
f 3316 3321 338
f 338 332 3316
f 338 3400 337
f 338 331 332
f 687 183 53
f 191 4717 53
f 53 4717 687
f 690 183 687
f 687 686 690
f 690 686 638
f 187 193 189
f 187 190 191
f 187 189 190
f 186 183 639
f 639 196 186
f 640 642 639
f 642 196 639
f 639 637 640
f 639 690 638
f 183 690 639
f 638 686 639
f 639 686 637
f 318 317 569
f 569 320 318
f 318 320 330
f 330 319 318
f 314 319 352
f 314 318 319
f 319 342 360
f 336 338 337
f 310 352 353
f 353 354 310
f 4644 4645 4639
f 4645 4659 4639
f 4740 4739 4780
f 4780 4742 4740
f 4740 4742 4739
f 3180 3247 3250
f 3178 3247 3180
f 3176 3178 3180
f 3180 3179 3176
f 3240 3241 3239
f 3239 3233 3240
f 3592 3594 3593
f 3593 3189 3592
f 3594 3189 3593
f 3202 3201 3203
f 3202 3237 3235
f 3203 3237 3202
f 3200 3201 3202
f 3235 3236 3202
f 3198 3200 3202
f 3202 3236 3198
f 4090 4091 4196
f 4196 4091 4195
f 4126 4197 4196
f 4196 4197 4090
f 4196 4125 4126
f 4195 4125 4196
f 4161 4136 4137
f 4160 4168 4137
f 4168 4161 4137
f 4136 4135 4137
f 4133 4138 4137
f 4137 4135 4133
f 4138 4145 4137
f 4137 4145 4159
f 4137 4156 4160
f 4159 4157 4137
f 4157 4156 4137
f 4201 4082 4134
f 4133 4135 4134
f 4134 4132 4133
f 4134 4082 4132
f 4134 4136 4201
f 4134 4135 4136
f 359 349 348
f 348 4104 359
f 349 4104 348
f 2940 2930 2929
f 2941 2940 2929
f 2929 4603 2941
f 2966 2968 2967
f 2897 2968 2899
f 2968 2900 2899
f 2899 2921 2897
f 2902 2921 2899
f 2899 2900 2902
f 4539 4549 4548
f 4540 4542 4548
f 4548 4542 4539
f 4548 4550 4540
f 4548 4549 4550
f 3164 3166 3140
f 3140 3142 3164
f 3142 3127 3164
f 3130 3142 3129
f 3129 3127 3130
f 3130 3127 3142
f 3255 3536 3256
f 3256 3257 3255
f 3542 2814 3211
f 3211 3543 3542
f 3540 2814 3542
f 3542 3539 3540
f 3543 3539 3542
f 3517 3519 3520
f 3516 3532 3517
f 3517 3511 3516
f 3517 3520 3523
f 3523 3511 3517
f 3468 3467 3466
f 3468 3463 3464
f 3466 3463 3468
f 3469 3467 3468
f 3468 3477 3469
f 3464 3477 3468
f 3842 3835 3834
f 3844 3835 3842
f 3842 3840 3844
f 3354 3358 3383
f 3354 3353 3360
f 3360 3358 3354
f 3302 3296 3388
f 3388 3299 3302
f 3641 3642 3646
f 3646 3702 3641
f 3721 3642 3641
f 3641 3702 3721
f 3699 3713 3716
f 3716 3700 3699
f 3677 3676 3716
f 3716 3713 3677
f 4973 3700 3716
f 3714 3698 3697
f 3697 3687 3714
f 3689 3686 3688
f 3686 3687 3688
f 3690 3646 3688
f 3688 3647 3689
f 3688 3646 3647
f 3094 2836 2837
f 3094 3096 3095
f 3094 2837 3096
f 3095 2840 3094
f 2840 2836 3094
f 3059 3058 2324
f 3059 3092 3058
f 2324 3060 3059
f 3059 3060 3061
f 3061 3063 3059
f 3063 3092 3059
f 3037 2811 2833
f 2833 2832 3037
f 2811 2812 2833
f 2830 2832 2833
f 2833 2813 2830
f 2833 2812 2813
f 3031 3030 3032
f 3031 3038 3030
f 3031 3032 3037
f 3037 3038 3031
f 2777 2776 2808
f 2808 2807 2777
f 2778 2859 2826
f 2826 2807 2778
f 2826 2777 2807
f 2826 2859 2824
f 2824 2823 2826
f 2823 2827 2826
f 2806 2807 2808
f 3822 2867 3845
f 3822 3819 2867
f 3820 3818 3821
f 3820 3819 3818
f 3821 2867 3820
f 2867 3819 3820
f 2864 2866 2865
f 2865 2863 2864
f 2863 2817 2864
f 2817 2816 2864
f 2864 2816 2866
f 4268 4228 4266
f 4265 4228 4268
f 4268 4272 4270
f 4268 4354 4265
f 4270 4354 4268
f 4262 4218 4263
f 4218 4264 4263
f 4263 4264 4317
f 4263 4315 4262
f 4317 4315 4263
f 3773 3774 3772
f 3772 3774 2851
f 3772 2848 3773
f 3773 3837 3825
f 3825 3774 3773
f 3825 3837 3826
f 3826 3774 3825
f 2851 3774 3775
f 3775 3774 3826
f 3830 3828 3839
f 3828 3840 3839
f 2810 2795 2794
f 2794 2793 2810
f 2794 2795 2843
f 2843 2793 2794
f 3768 3739 3738
f 3738 3867 3768
f 3868 3867 3738
f 3739 3742 3738
f 4476 2302 2301
f 2288 2287 2301
f 2301 2320 4476
f 2287 3966 2301
f 3966 3967 2301
f 3967 2321 2301
f 2301 2321 2320
f 2295 2290 2289
f 2289 2297 2295
f 2295 2297 2296
f 2288 2301 2299
f 2299 2302 2300
f 2299 2301 2302
f 4448 2321 2322
f 4447 4448 2322
f 2322 4446 4447
f 2322 4401 4446
f 2322 2321 3979
f 2322 4402 4406
f 4406 4401 2322
f 2322 4403 4402
f 3979 3960 2322
f 3960 4403 2322
f 4464 4467 4465
f 4465 4467 4445
f 4465 4445 4440
f 4439 4464 4465
f 4465 4440 4439
f 4473 4445 4466
f 4466 4467 4473
f 4445 4467 4466
f 3988 3989 3986
f 3986 3989 3991
f 3986 3987 3985
f 3985 3984 3986
f 3983 3988 3986
f 3986 3984 3983
f 3986 3991 3959
f 3959 3987 3986
f 4117 4111 4116
f 4116 4111 4114
f 4105 4117 4116
f 4116 4114 4105
f 109 110 141
f 141 111 109
f 142 144 141
f 141 144 111
f 107 106 109
f 116 106 107
f 109 114 107
f 107 114 116
f 444 443 446
f 444 410 443
f 406 410 444
f 444 446 445
f 445 406 444
f 553 424 555
f 478 477 479
f 479 481 478
f 478 481 477
f 486 481 479
f 485 481 486
f 483 545 480
f 480 481 483
f 545 481 480
f 427 481 485
f 427 426 445
f 553 555 554
f 407 433 428
f 428 421 429
f 430 407 428
f 428 429 430
f 4876 562 565
f 562 563 565
f 565 4875 4876
f 565 563 564
f 564 4875 565
f 4852 4875 4874
f 4874 4851 4852
f 4876 4875 4852
f 4852 4851 4878
f 4852 4878 4876
f 136 129 130
f 130 129 131
f 130 177 136
f 130 131 177
f 4870 4866 4865
f 4865 4866 4863
f 4865 4871 4870
f 4854 4871 4865
f 4865 4859 4854
f 4860 4859 4863
f 4860 4862 4861
f 4863 4862 4860
f 4861 4858 4860
f 4858 4859 4860
f 63 65 64
f 65 4712 64
f 4763 4766 580
f 580 4762 4763
f 4763 4762 4766
f 4766 4760 4764
f 4764 4760 4638
f 4764 4765 4766
f 4670 4765 4764
f 4764 4638 4670
f 4660 4654 4635
f 4620 4760 4761
f 4661 4655 4654
f 4654 4660 4661
f 4635 4622 4661
f 4661 4660 4635
f 4648 4647 4649
f 159 164 224
f 224 225 159
f 632 631 634
f 646 631 632
f 632 688 646
f 632 689 688
f 637 686 636
f 636 626 637
f 635 626 636
f 634 635 636
f 644 4737 4739
f 644 643 4737
f 4739 647 644
f 644 647 646
f 646 643 644
f 646 688 645
f 645 643 646
f 688 643 645
f 190 55 54
f 54 60 190
f 55 60 54
f 61 60 55
f 61 4718 4717
f 4717 60 61
f 39 193 195
f 678 295 679
f 679 682 678
f 316 656 659
f 659 656 655
f 659 317 316
f 669 629 630
f 618 605 669
f 669 630 618
f 667 642 641
f 640 637 641
f 641 642 640
f 195 186 194
f 194 196 195
f 186 196 194
f 137 71 68
f 68 69 137
f 71 69 68
f 473 472 494
f 473 474 472
f 494 495 496
f 496 473 494
f 474 473 496
f 475 474 496
f 471 474 470
f 472 474 471
f 471 470 469
f 469 472 471
f 4248 4249 4365
f 4248 4365 4382
f 4382 4247 4248
f 4248 4247 4245
f 4248 4245 4250
f 4250 4249 4248
f 2309 2306 2311
f 2311 2310 2309
f 2309 2310 2306
f 2296 2310 2314
f 2314 2310 2313
f 1753 1781 1751
f 1751 1755 1753
f 1817 1781 1782
f 1782 1781 1783
f 1748 1749 1808
f 1748 1781 1817
f 1817 1746 1748
f 1748 1746 1749
f 1178 1341 1176
f 1176 1293 1178
f 1176 1177 1293
f 1341 1179 1176
f 1175 1177 1176
f 1176 1180 1175
f 1176 1179 1180
f 1173 1175 1174
f 1173 1177 1175
f 1167 1177 1173
f 1174 1172 1173
f 1173 1172 1167
f 1292 1293 1166
f 1293 1177 1166
f 1343 1338 1342
f 1342 3290 1343
f 1338 3290 1342
f 1165 1177 1167
f 1156 1163 1165
f 1165 1166 1177
f 1168 1156 1165
f 1165 1167 1168
f 1254 1242 1253
f 1171 1254 1253
f 1241 1243 1253
f 1253 1242 1241
f 1717 1711 1716
f 1711 1712 1716
f 1716 1721 1717
f 1735 1721 1716
f 1707 1706 1701
f 1701 1677 1707
f 1707 1677 1706
f 1317 1318 1661
f 1661 861 1317
f 1317 861 1318
f 1635 1637 1322
f 1638 1637 1635
f 1635 1632 1638
f 1631 1632 1629
f 1629 1625 1631
f 1631 1625 1630
f 1630 1639 1631
f 1639 1632 1631
f 1730 1782 1783
f 1730 1731 1817
f 1817 1782 1730
f 1734 1745 1733
f 1745 1746 1733
f 1733 1735 1734
f 1733 1732 1735
f 1733 1746 1817
f 1817 1731 1733
f 1733 1731 1732
f 1794 1796 1795
f 1795 1801 1794
f 4059 4061 4062
f 4016 4061 4059
f 3294 4061 4008
f 4008 4015 4010
f 4010 4009 4008
f 1867 3294 4008
f 4008 4009 1867
f 819 759 815
f 759 1352 815
f 816 818 815
f 815 1352 2042
f 2042 816 815
f 821 1826 1827
f 1838 1841 819
f 819 818 1838
f 1839 1842 1838
f 1842 1841 1838
f 817 818 816
f 2042 821 817
f 817 816 2042
f 1825 1823 827
f 827 1822 1825
f 2186 2200 2203
f 2186 2187 2200
f 3616 3614 3615
f 3615 2695 3616
f 3614 2695 3615
f 2690 2712 2713
f 2713 2696 2690
f 2714 2696 2713
f 2713 2712 2711
f 2711 4040 2713
f 2713 4040 2714
f 3628 3627 3720
f 3628 3629 3627
f 3720 3721 3628
f 3721 3629 3628
f 785 3626 770
f 769 785 770
f 714 713 715
f 714 715 716
f 716 726 714
f 723 727 718
f 718 714 726
f 699 693 713
f 713 775 699
f 699 775 694
f 701 693 699
f 699 700 701
f 694 698 699
f 698 700 699
f 2698 2697 2762
f 2698 2699 2697
f 2700 2699 2698
f 2706 2709 2723
f 2657 2710 2659
f 2659 2658 2657
f 2742 2749 2744
f 2742 2743 2749
f 2742 2744 2734
f 2734 2709 2742
f 2131 2134 2143
f 2134 2142 2143
f 2143 814 2131
f 2143 2142 814
f 1350 1922 2023
f 2023 2043 1350
f 2023 1922 1924
f 1879 2043 2023
f 2020 2019 1905
f 1905 2024 2020
f 2020 2023 1924
f 2020 1924 1923
f 1923 1920 2020
f 1920 1915 2020
f 2020 1915 2019
f 2592 2593 2591
f 2591 2589 2592
f 2591 2593 2581
f 2581 2582 2591
f 2582 2589 2591
f 2338 2431 2336
f 2431 2514 2336
f 2336 2337 2338
f 2336 2514 2337
f 2369 2495 2496
f 2496 2495 4611
f 2368 2369 2496
f 2496 4611 2494
f 2918 3272 3271
f 3271 2978 2918
f 3272 2978 3271
f 2645 2643 3289
f 4678 4686 4679
f 4687 4685 4684
f 4684 4699 4687
f 4782 4783 4707
f 4707 4783 4700
f 4699 4684 4707
f 4700 4699 4707
f 4873 4784 4782
f 4704 4705 4873
f 4873 4705 4786
f 4786 4784 4873
f 4782 4707 4873
f 4873 4684 4685
f 4873 4707 4684
f 921 939 1083
f 921 919 920
f 1083 919 921
f 943 938 937
f 938 935 937
f 936 933 944
f 936 937 935
f 943 937 936
f 938 939 923
f 923 935 938
f 939 921 923
f 965 947 948
f 942 947 963
f 963 1074 942
f 963 965 964
f 963 947 965
f 964 1075 963
f 1075 1074 963
f 1266 4581 953
f 954 961 953
f 953 961 1266
f 1008 4581 4580
f 1008 1334 4581
f 930 927 926
f 898 893 930
f 892 927 930
f 893 842 930
f 930 841 892
f 842 841 930
f 888 959 958
f 958 931 888
f 958 959 954
f 1313 931 958
f 954 957 958
f 958 957 1313
f 925 927 928
f 928 931 925
f 927 931 928
f 933 925 932
f 932 931 933
f 925 931 932
f 929 927 891
f 927 841 891
f 891 890 929
f 891 841 890
f 840 842 838
f 840 841 842
f 840 838 883
f 1266 961 962
f 845 848 847
f 847 871 845
f 848 871 847
f 1117 1125 1124
f 1125 1126 1124
f 1123 1117 1124
f 1124 1126 1123
f 1248 1126 1125
f 1248 1246 1235
f 1235 1126 1248
f 1247 1246 1248
f 1248 1249 1247
f 1244 1249 1250
f 1241 1244 1250
f 1140 1129 1136
f 1137 1129 1140
f 1050 1055 1051
f 1051 984 1050
f 1053 1125 1054
f 1128 1049 1130
f 1125 1053 1128
f 1128 1053 1049
f 1128 1250 1249
f 1128 1248 1125
f 1249 1248 1128
f 1129 1049 1048
f 1048 1046 1136
f 1136 1129 1048
f 1261 1306 1258
f 1258 1259 1261
f 1306 1259 1258
f 1044 1033 1036
f 1036 1037 1044
f 1044 1037 1131
f 1131 987 988
f 1131 1037 987
f 1136 1133 1134
f 987 1037 1132
f 1046 987 1132
f 1132 1133 1046
f 1132 1134 1133
f 1037 1134 1132
f 990 994 996
f 996 993 990
f 996 994 995
f 1014 993 996
f 996 998 1014
f 997 998 996
f 996 995 997
f 1152 1153 1170
f 1170 1153 1171
f 1170 1253 1152
f 1171 1253 1170
f 1143 1150 1151
f 1298 1297 1026
f 1297 1027 1026
f 1026 1299 1298
f 1025 1299 1026
f 1026 1024 1025
f 1026 1027 1024
f 1145 1148 1149
f 1145 1147 1148
f 2089 2093 2094
f 2094 2093 2098
f 2098 2097 2094
f 2099 2100 2094
f 2094 2097 2099
f 1724 1801 1800
f 1800 1719 1724
f 1801 1795 1800
f 1800 1799 1704
f 1704 1719 1800
f 1788 1786 1787
f 1788 1784 1814
f 1788 1814 1886
f 1886 1786 1788
f 1824 825 826
f 1824 826 827
f 827 1823 1824
f 822 823 1824
f 823 825 1824
f 1823 1825 1824
f 2920 3273 2918
f 2909 3273 2920
f 3262 2630 2631
f 2631 3263 3262
f 3261 3263 3265
f 3265 3273 3261
f 3291 3272 3265
f 3272 3273 3265
f 4056 4052 4053
f 4053 4055 4056
f 2647 4052 4056
f 2641 2642 2643
f 2641 4063 2642
f 2643 2645 2641
f 3267 2649 2636
f 2647 2636 2646
f 2646 2649 2647
f 2636 2649 2646
f 3274 2664 2663
f 2663 3276 3274
f 3274 3276 3277
f 2663 3269 3275
f 3275 3276 2663
f 3275 3269 2953
f 2953 3276 3275
f 2970 2598 3285
f 2970 2969 2598
f 2970 3285 2722
f 2722 2969 2970
f 2488 2348 2512
f 2488 2487 2348
f 2512 4611 2488
f 2488 4611 4613
f 4613 2487 2488
f 2350 2351 2364
f 2350 2352 2351
f 2350 2364 2508
f 2508 2509 2350
f 2509 2352 2350
f 697 696 776
f 697 698 695
f 709 696 697
f 697 695 709
f 364 3398 379
f 379 380 364
f 3397 3326 3398
f 3368 3326 3397
f 3366 3368 3397
f 3397 3365 3366
f 3397 3363 3365
f 3370 3363 3397
f 3397 3398 3370
f 3328 3323 3398
f 3398 3325 3328
f 3342 3323 3328
f 3328 3325 3342
f 339 338 3321
f 3399 3400 339
f 3400 338 339
f 191 53 52
f 52 53 183
f 52 187 191
f 627 635 634
f 634 628 627
f 628 629 627
f 352 311 313
f 313 314 352
f 311 314 313
f 318 314 315
f 317 318 315
f 315 311 312
f 315 314 311
f 316 317 315
f 315 306 316
f 315 312 307
f 307 306 315
f 359 360 350
f 350 360 342
f 350 349 359
f 350 342 349
f 352 319 351
f 351 360 352
f 319 360 351
f 352 360 361
f 361 353 352
f 354 353 361
f 361 345 356
f 356 354 361
f 361 347 346
f 346 345 361
f 361 360 359
f 359 4115 361
f 4194 347 361
f 361 4115 4194
f 335 342 319
f 319 331 335
f 4659 4640 4643
f 4644 4639 4643
f 4643 4639 4659
f 4643 4759 4644
f 4643 4640 4759
f 4658 4659 4780
f 4658 4640 4659
f 3179 3180 3181
f 3181 3240 3179
f 3182 3240 3233
f 3179 3240 3182
f 3233 3234 3182
f 3182 3234 3235
f 3235 3237 3182
f 3182 3237 3175
f 3182 3175 3176
f 3176 3179 3182
f 2932 2968 2897
f 2906 2909 2908
f 2913 2928 2912
f 2913 2930 2925
f 2925 2928 2913
f 2913 2919 4603
f 4603 2929 2913
f 3165 3127 3166
f 3166 3164 3165
f 3165 3164 3127
f 3538 3257 3146
f 3538 3255 3257
f 3538 3532 3536
f 3536 3255 3538
f 3518 3517 3532
f 3518 3144 3519
f 3519 3517 3518
f 3841 3842 3834
f 3834 3833 3841
f 3841 3833 3843
f 3841 3843 3848
f 3848 3830 3841
f 3830 3839 3841
f 3840 3842 3841
f 3841 3839 3840
f 3354 3383 3355
f 3355 3383 3387
f 3387 3388 3355
f 3355 3296 3297
f 3297 3357 3355
f 3355 3357 3354
f 3359 3383 3358
f 3359 3362 3370
f 3370 3372 3359
f 3358 3360 3359
f 3387 3383 3385
f 3385 3388 3387
f 3385 3301 3299
f 3299 3388 3385
f 3361 3353 3347
f 3361 3360 3353
f 3347 3367 3361
f 3361 3364 3362
f 3367 3364 3361
f 3362 3359 3361
f 3361 3359 3360
f 4973 3716 3717
f 3717 3716 3676
f 3717 4960 4973
f 3680 4960 3717
f 3717 3676 3680
f 3698 3694 3695
f 3695 3697 3698
f 3695 3694 3639
f 3640 3702 3691
f 3690 3688 3691
f 3691 3702 3646
f 3691 3646 3690
f 3687 3697 3696
f 3696 3688 3687
f 3696 3691 3688
f 3697 3695 3696
f 2776 2777 2772
f 2777 2826 2772
f 2772 2826 2827
f 2828 2776 2772
f 2772 2827 2828
f 3847 3845 3846
f 3847 3822 3845
f 3846 2791 3847
f 3847 2791 3822
f 4266 4276 4267
f 4267 4268 4266
f 4267 4276 4271
f 4271 4272 4267
f 2850 3772 2851
f 2848 3772 2850
f 3771 2849 2850
f 2850 2851 3771
f 2850 2849 2810
f 2810 2848 2850
f 2851 3775 3776
f 3778 2851 3776
f 3776 3775 3826
f 3826 3777 3776
f 3776 3777 3778
f 2789 2781 2790
f 2779 2780 2778
f 2778 2807 2779
f 2791 2790 2779
f 2807 2806 2779
f 2806 2791 2779
f 2781 2780 2779
f 2779 2790 2781
f 2805 2791 2806
f 2808 3819 2805
f 2805 2806 2808
f 3819 3822 2805
f 3822 2791 2805
f 3868 3738 3736
f 3736 3850 3868
f 3849 3850 3736
f 3849 3738 3912
f 3912 3738 3742
f 3912 3850 3849
f 3911 3850 3912
f 3912 3913 3911
f 3740 3734 3741
f 3741 3742 3739
f 3741 3739 3767
f 3767 3771 3741
f 3771 3740 3741
f 3735 3734 3859
f 3735 3741 3734
f 3735 3912 3742
f 3742 3741 3735
f 4472 2300 4473
f 4472 2298 2300
f 4473 4469 4472
f 4472 4469 4471
f 4471 2297 4472
f 2297 2298 4472
f 2315 2290 2293
f 2290 2295 2293
f 2293 2313 2315
f 2289 2285 2291
f 2291 2298 2297
f 2291 2285 2288
f 2288 2299 2291
f 2300 2298 2291
f 2291 2299 2300
f 140 110 108
f 140 141 110
f 139 143 140
f 140 108 139
f 140 143 142
f 142 141 140
f 423 555 424
f 423 424 418
f 415 429 423
f 418 416 423
f 416 415 423
f 483 481 482
f 481 427 482
f 447 483 482
f 445 446 484
f 484 427 445
f 484 446 447
f 447 482 484
f 484 482 427
f 425 485 557
f 557 555 425
f 557 554 555
f 550 495 551
f 551 549 550
f 487 486 479
f 479 489 487
f 547 549 553
f 553 554 547
f 485 486 547
f 547 557 485
f 554 557 547
f 479 475 490
f 490 489 479
f 495 550 491
f 491 496 495
f 491 550 489
f 475 496 491
f 491 490 475
f 489 490 491
f 420 428 433
f 4863 4859 4864
f 4864 4865 4863
f 4859 4865 4864
f 4734 4649 4711
f 4648 4649 4734
f 4711 4710 4734
f 4734 4710 4733
f 4733 4648 4734
f 4735 4650 4711
f 4711 4649 4735
f 4735 4647 4650
f 4735 4649 4647
f 633 632 634
f 689 632 633
f 634 636 633
f 633 686 689
f 633 636 686
f 57 61 55
f 57 56 63
f 57 55 56
f 188 41 189
f 189 193 188
f 193 192 188
f 35 42 41
f 40 192 193
f 193 39 40
f 41 188 40
f 40 188 192
f 195 196 666
f 666 196 667
f 223 152 685
f 295 223 685
f 685 679 295
f 684 683 685
f 685 152 195
f 195 666 685
f 681 652 654
f 654 682 681
f 667 664 668
f 317 659 661
f 663 661 659
f 663 669 605
f 663 605 604
f 663 604 603
f 603 569 663
f 569 317 663
f 317 661 663
f 629 669 670
f 670 669 664
f 670 664 667
f 667 641 670
f 1808 1755 1750
f 1750 1748 1808
f 1755 1751 1750
f 1750 1751 1781
f 1781 1748 1750
f 1292 1166 1164
f 1290 1292 1164
f 1164 1165 1163
f 1166 1165 1164
f 1164 1288 1290
f 1162 1288 1164
f 1164 1163 1162
f 1152 1253 1251
f 1251 1253 1243
f 1715 1712 1735
f 1735 1716 1715
f 1715 1716 1712
f 1634 1635 1322
f 1632 1635 1634
f 1633 1632 1634
f 1634 1322 1816
f 1816 1633 1634
f 1798 1795 1796
f 1704 1799 1798
f 1798 1703 1704
f 1799 1800 1798
f 1798 1800 1795
f 4016 4059 4017
f 4017 4055 4053
f 4060 4061 4016
f 4060 4008 4061
f 4016 4015 4060
f 4015 4008 4060
f 1840 818 819
f 819 815 1840
f 1840 815 818
f 1836 1838 818
f 1983 2186 2203
f 2185 2186 1983
f 1983 1985 2202
f 2202 2190 1983
f 2190 2185 1983
f 2203 1982 1983
f 1984 1985 1983
f 1983 1982 1984
f 2187 2186 2188
f 2192 2177 2188
f 2188 2177 2193
f 2193 2187 2188
f 3626 3629 3635
f 3635 770 3626
f 3712 770 3635
f 3721 3712 3635
f 3635 3629 3721
f 771 3712 769
f 769 770 771
f 771 770 3712
f 723 718 724
f 724 718 726
f 780 723 724
f 724 721 780
f 724 726 721
f 713 714 712
f 714 718 712
f 712 727 713
f 712 718 727
f 2766 2762 2758
f 2766 2698 2762
f 2758 2767 2766
f 2709 2706 2707
f 2700 2698 2707
f 2700 2707 2704
f 2704 2707 2706
f 2724 2658 2704
f 2723 2724 2704
f 2704 2706 2723
f 1879 2023 1347
f 1347 2024 1348
f 1347 1346 1879
f 1349 1346 1347
f 1348 1349 1347
f 2022 2020 2024
f 2023 2020 2022
f 2024 1347 2022
f 2022 1347 2023
f 2516 2496 2494
f 2494 2514 2516
f 2516 2514 2368
f 2368 2496 2516
f 4706 4685 4686
f 4706 4873 4685
f 4686 4678 4706
f 4704 4873 4706
f 4706 4678 4679
f 4706 4683 4704
f 4679 4683 4706
f 933 936 934
f 934 936 935
f 935 923 934
f 946 947 943
f 943 936 946
f 946 936 944
f 922 901 926
f 920 901 922
f 922 921 920
f 945 948 947
f 945 946 944
f 947 946 945
f 952 953 4581
f 956 945 944
f 1334 1008 1007
f 4580 1315 1006
f 1006 1008 4580
f 1315 1259 1006
f 1006 1007 1008
f 1006 1306 1009
f 1006 1259 1306
f 1013 1005 1006
f 1006 1009 1013
f 1005 965 1006
f 965 948 1006
f 1006 948 1334
f 1334 1007 1006
f 926 901 900
f 900 930 926
f 898 930 900
f 900 899 898
f 900 901 899
f 883 881 880
f 841 840 885
f 888 887 885
f 883 880 885
f 888 962 889
f 889 962 961
f 889 960 888
f 961 960 889
f 876 875 1266
f 1266 962 876
f 1052 1053 1054
f 1052 1054 1055
f 1055 1050 1052
f 1052 1050 1049
f 1049 1053 1052
f 1049 1050 1047
f 1047 1048 1049
f 1046 1048 1047
f 1047 984 1046
f 1047 1050 984
f 1037 1036 1034
f 1033 1032 1034
f 1034 1036 1033
f 1034 1032 1035
f 1034 1134 1037
f 988 1044 1045
f 1045 1131 988
f 1044 1131 1045
f 1141 1143 1151
f 1141 1140 1136
f 1031 1147 1332
f 1147 1146 1332
f 1144 1145 1149
f 1134 1145 1144
f 1136 1134 1144
f 1144 1141 1136
f 1143 1141 1144
f 1149 1150 1144
f 1150 1143 1144
f 1135 1145 1134
f 1135 1034 1035
f 1134 1034 1135
f 1135 1332 1146
f 1035 1031 1135
f 1031 1332 1135
f 2089 2094 2103
f 2103 2094 2091
f 2088 2089 2103
f 2091 2094 2092
f 2092 2100 2095
f 2092 2094 2100
f 2092 2096 2102
f 2092 2103 2091
f 2092 2095 2056
f 2056 2096 2092
f 2092 2102 2088
f 2088 2103 2092
f 1723 1724 1720
f 1720 1722 1723
f 2666 2629 2632
f 2632 2631 2666
f 2629 2649 2632
f 3263 2631 2632
f 2649 3267 2632
f 3288 1344 1221
f 3289 1344 3288
f 3264 3265 3263
f 3263 2632 3264
f 3264 2632 3267
f 2626 2666 2667
f 2667 2624 2626
f 2667 2668 2624
f 2674 2676 2669
f 2669 2676 2677
f 2677 2668 2669
f 777 697 776
f 707 697 777
f 777 776 3621
f 3621 707 777
f 778 707 698
f 698 697 778
f 778 697 707
f 3322 379 3398
f 380 379 3322
f 3322 3398 3324
f 3324 3323 3322
f 3323 380 3322
f 340 3321 3399
f 3399 339 340
f 340 339 3321
f 187 52 185
f 186 193 185
f 193 187 185
f 185 52 183
f 342 335 341
f 341 335 336
f 343 342 341
f 337 343 341
f 341 336 337
f 334 335 331
f 336 335 334
f 331 338 334
f 338 336 334
f 4640 4658 4656
f 4656 4780 4657
f 4656 4658 4780
f 4759 4640 4641
f 4640 4656 4641
f 3241 3240 3231
f 3240 3181 3231
f 3230 3241 3231
f 3232 3180 3250
f 3232 3181 3180
f 3232 3231 3181
f 3250 3245 3232
f 3232 3245 3230
f 3230 3231 3232
f 2927 2926 2966
f 2966 2967 2927
f 2927 2967 2968
f 2968 2932 2927
f 2925 2926 2927
f 2927 2928 2925
f 2951 2898 2952
f 2951 2897 2898
f 2952 2906 2951
f 2912 2928 2931
f 2931 2927 2932
f 2928 2927 2931
f 2915 2929 2930
f 2930 2913 2915
f 2915 2913 2929
f 2914 2913 2912
f 2914 2920 2918
f 2909 2920 2914
f 2914 2908 2909
f 2914 2918 2919
f 2919 2913 2914
f 3532 3538 3145
f 3145 3518 3532
f 3144 3518 3145
f 3146 3144 3145
f 3145 3538 3146
f 3298 3388 3296
f 3296 3355 3298
f 3298 3355 3388
f 3384 3359 3372
f 3383 3359 3384
f 3372 3386 3384
f 3384 3385 3383
f 3384 3386 3301
f 3301 3385 3384
f 3640 3691 3692
f 3691 3696 3692
f 3692 3639 3640
f 3692 3695 3639
f 3692 3696 3695
f 4272 4268 4269
f 4269 4267 4272
f 4268 4267 4269
f 2845 2793 2789
f 2789 2790 2845
f 2845 2790 2791
f 3823 3773 2845
f 3836 3823 2845
f 2845 3846 3836
f 2845 2791 3846
f 3737 3738 3849
f 3849 3736 3737
f 3737 3736 3738
f 3860 3735 3859
f 2313 2293 2294
f 2294 2293 2295
f 2294 2314 2313
f 2294 2295 2296
f 2296 2314 2294
f 2292 2297 2289
f 2289 2291 2292
f 2292 2291 2297
f 425 555 556
f 555 423 556
f 556 421 425
f 429 421 556
f 489 550 548
f 548 547 489
f 548 550 549
f 549 547 548
f 488 487 489
f 489 547 488
f 486 487 488
f 488 547 486
f 433 426 558
f 558 420 433
f 426 427 558
f 558 427 485
f 558 485 425
f 425 421 558
f 421 428 558
f 428 420 558
f 62 57 63
f 61 57 62
f 4718 61 62
f 63 64 62
f 62 4714 4718
f 4712 4714 62
f 62 64 4712
f 37 39 195
f 195 151 37
f 150 42 149
f 42 35 149
f 51 150 149
f 149 151 51
f 149 37 151
f 35 37 149
f 680 685 683
f 679 685 680
f 682 679 680
f 680 681 682
f 683 681 680
f 657 681 683
f 655 652 657
f 652 681 657
f 660 668 664
f 659 668 660
f 664 663 660
f 660 663 659
f 658 668 659
f 667 668 658
f 658 659 655
f 655 657 658
f 658 657 683
f 664 669 662
f 662 663 664
f 669 663 662
f 625 627 629
f 629 670 625
f 625 626 635
f 635 627 625
f 637 626 625
f 625 641 637
f 625 670 641
f 1625 1703 1626
f 1703 1798 1626
f 1796 1625 1626
f 1626 1798 1796
f 2642 4063 4058
f 4058 4017 4059
f 4058 4056 4055
f 4055 4017 4058
f 4062 2642 4058
f 4058 4059 4062
f 4018 4014 4016
f 4016 4017 4018
f 4019 4014 4018
f 4018 4053 4019
f 4018 4017 4053
f 818 817 1837
f 1837 1836 818
f 1837 817 821
f 821 1836 1837
f 1832 1881 1833
f 1839 1838 1834
f 1838 1836 1834
f 1835 1843 1834
f 1843 1839 1834
f 1834 1833 1835
f 1834 1832 1833
f 1829 1827 1826
f 821 1827 1829
f 1829 1836 821
f 1829 1826 822
f 822 1824 1829
f 2189 2188 2186
f 2189 2186 2185
f 2192 2188 2189
f 2189 2227 2192
f 2189 2190 2191
f 2189 2185 2190
f 2191 2227 2189
f 2752 2767 2753
f 2752 2766 2767
f 2752 2753 2747
f 2747 2748 2752
f 2752 2748 2749
f 2749 2743 2752
f 2703 2702 2700
f 2700 2704 2703
f 2711 2712 2703
f 2712 2702 2703
f 2703 4039 2711
f 933 934 924
f 924 934 923
f 924 925 933
f 926 925 924
f 924 922 926
f 924 923 921
f 921 922 924
f 4581 1334 950
f 950 952 4581
f 1334 948 950
f 953 952 950
f 954 953 955
f 953 956 955
f 955 944 954
f 955 956 944
f 887 841 886
f 886 885 887
f 841 885 886
f 884 840 883
f 883 885 884
f 884 885 840
f 877 962 888
f 877 876 962
f 1137 1140 1139
f 1139 1130 1137
f 1139 1128 1130
f 1139 1256 1250
f 1151 1256 1142
f 1142 1141 1151
f 1140 1141 1142
f 1142 1139 1140
f 1256 1139 1142
f 1250 1256 1252
f 1152 1251 1252
f 1252 1151 1152
f 1252 1256 1151
f 1252 1251 1243
f 1731 1730 1728
f 1728 1722 1731
f 1728 1723 1722
f 1723 1728 1726
f 1724 1723 1726
f 3293 2645 3289
f 3289 3288 3293
f 2635 2638 2634
f 2635 2633 2636
f 2634 2633 2635
f 4063 2638 4057
f 4057 4058 4063
f 4056 4058 4057
f 2638 2635 4057
f 4063 2641 2640
f 2640 2638 4063
f 2634 2638 2640
f 2640 2639 2634
f 3281 3287 3279
f 3279 3278 2662
f 2972 3278 3279
f 3284 2972 3285
f 3284 3278 2972
f 3285 3286 3284
f 2665 2667 2666
f 2665 2630 2663
f 2666 2631 2665
f 2665 2631 2630
f 2747 2754 2718
f 2718 3284 3286
f 2718 2746 2747
f 184 183 186
f 186 185 184
f 184 185 183
f 4759 4641 4642
f 2903 2932 2897
f 2897 2951 2903
f 2905 2931 2932
f 2793 2845 2792
f 2810 2793 2792
f 2792 2845 3773
f 2792 3773 2810
f 3853 3860 3859
f 3912 3860 3853
f 3859 3854 3853
f 3853 3854 3913
f 3913 3912 3853
f 3912 3735 3852
f 3852 3860 3912
f 3735 3860 3852
f 422 423 429
f 429 556 422
f 422 556 423
f 39 37 36
f 41 40 36
f 36 40 39
f 36 35 41
f 36 37 35
f 665 658 683
f 665 683 684
f 667 658 665
f 684 685 665
f 665 666 667
f 665 685 666
f 1830 1822 1881
f 1830 1825 1822
f 1881 1832 1830
f 2708 2752 2743
f 2708 2742 2709
f 2743 2742 2708
f 2709 2707 2708
f 2708 2707 2698
f 2698 2766 2751
f 2766 2752 2751
f 2751 2708 2698
f 2752 2708 2751
f 2710 4039 2705
f 4039 2703 2705
f 2705 2659 2710
f 2658 2659 2705
f 2705 2704 2658
f 2705 2703 2704
f 949 956 953
f 949 950 948
f 948 945 949
f 945 956 949
f 876 877 878
f 878 877 888
f 888 885 878
f 878 885 880
f 1250 1128 1257
f 1257 1139 1250
f 1784 1788 1727
f 1788 1726 1727
f 1725 1788 1787
f 1725 1726 1788
f 1787 1790 1725
f 1725 1789 1724
f 1724 1726 1725
f 1725 1790 1794
f 1794 1789 1725
f 3291 3265 3292
f 3292 3290 3291
f 3292 3293 3288
f 3292 3288 1221
f 1221 1345 3292
f 1345 3290 3292
f 3266 3264 3267
f 3293 3292 3266
f 3266 2633 2634
f 2634 2639 3266
f 3265 3264 3266
f 3266 3292 3265
f 3266 3267 2636
f 2636 2633 3266
f 2639 2640 3266
f 3266 2640 3293
f 3723 2641 2645
f 2645 3293 3723
f 3723 2640 2641
f 3293 2640 3723
f 2647 4056 2637
f 2637 2636 2647
f 2637 2635 2636
f 4056 4057 2637
f 2637 4057 2635
f 3281 3279 3280
f 2953 3281 3280
f 3280 3276 2953
f 3277 3276 3280
f 3282 3287 2972
f 2972 3279 3282
f 3282 3279 3287
f 2662 3278 2661
f 3278 2718 2661
f 2661 2671 2662
f 3278 3284 3283
f 3283 2718 3278
f 3284 2718 3283
f 2719 3286 2597
f 2719 2718 3286
f 2719 2597 2596
f 4655 4661 4646
f 4620 4761 4646
f 4646 4622 4620
f 4646 4661 4622
f 4653 4642 4641
f 4655 4646 4653
f 4653 4646 4642
f 4653 4641 4656
f 4653 4656 4657
f 4657 4651 4653
f 4651 4654 4653
f 4654 4655 4653
f 2906 2908 2907
f 2912 2931 2910
f 2910 2914 2912
f 2908 2914 2910
f 2910 2907 2908
f 2932 2903 2904
f 2904 2905 2932
f 2904 2903 2951
f 2904 2907 2905
f 2904 2951 2906
f 2906 2907 2904
f 1825 1830 1828
f 1828 1830 1829
f 1828 1824 1825
f 1828 1829 1824
f 1832 1834 1831
f 1831 1830 1832
f 1831 1834 1836
f 1836 1829 1831
f 1829 1830 1831
f 953 950 951
f 951 949 953
f 950 949 951
f 876 878 879
f 875 876 879
f 879 882 875
f 879 878 880
f 879 881 882
f 879 880 881
f 1128 1139 1138
f 1138 1257 1128
f 1139 1257 1138
f 1783 1784 1729
f 1784 1727 1729
f 1729 1730 1783
f 1729 1728 1730
f 1729 1726 1728
f 1729 1727 1726
f 2672 3280 3279
f 3277 3280 2672
f 2672 3274 3277
f 2664 3274 2672
f 2663 2664 2672
f 2668 2667 2672
f 2672 2665 2663
f 2667 2665 2672
f 2671 2661 2673
f 2673 2754 2753
f 2673 2718 2754
f 2673 2661 2718
f 2746 2718 2717
f 2718 2719 2717
f 2750 2746 2717
f 2717 2745 2750
f 2736 2745 2717
f 2596 2736 2717
f 2717 2719 2596
f 4759 4642 4758
f 4642 4646 4758
f 4758 4760 4759
f 4758 4761 4760
f 4758 4646 4761
f 2931 2905 2911
f 2911 2910 2931
f 2905 2907 2911
f 2907 2910 2911
f 2670 3279 2662
f 2670 2672 3279
f 2662 2671 2670
f 2670 2671 2669
f 2670 2669 2668
f 2668 2672 2670
f 2678 2673 2753
f 2671 2673 2678
f 2753 2755 2678
f 2755 2756 2678
f 2678 2756 2675
f 2678 2675 2674
f 2674 2669 2678
f 2669 2671 2678
f 226 225 224
f 224 164 226
f 1147 1145 1135
f 1135 1146 1147
f 1252 1243 1241
f 1241 1250 1252

