
o part_0
v 0.01735269 -0.01728240 0.01165277
v 0.02526191 0.00004773 0.01919829
v 0.02482678 0.00004773 0.01485041
v 0.02455688 0.00004773 0.01214774
v 0.02450769 0.00004773 0.01165277
v 0.02093587 -0.01728240 0.01165277
v 0.02058020 -0.01728240 0.03574896
v 0.02694818 0.00004773 0.03574896
v 0.02648153 0.00004773 0.03125483
v 0.02722187 0.00004773 0.01165277
v 0.02123983 -0.01691259 0.01165277
v 0.02452661 -0.01728240 0.03794821
v 0.02063948 -0.01728240 0.03601332
v 0.02714620 0.00004773 0.03684858
v 0.02722187 -0.00055109 0.01165277
v 0.02751322 0.00004773 0.01416700
v 0.02178972 -0.01624083 0.01165277
v 0.02520768 -0.01634091 0.03794821
v 0.02526822 -0.01644439 0.03904784
v 0.02481291 -0.01728240 0.04038370
v 0.02183135 -0.01618994 0.01165277
v 0.02223873 -0.01569120 0.01165277
v 0.02309889 -0.01539604 0.01651250
v 0.02078830 -0.01728240 0.03666859
v 0.02082992 -0.01728240 0.03684858
v 0.02804546 0.00004773 0.04038370
v 0.02711593 -0.00165034 0.01165277
v 0.02751322 -0.00014057 0.01416700
v 0.03002938 -0.00055109 0.03794821
v 0.02997389 -0.00412534 0.04038370
v 0.03002938 0.00004773 0.03794821
v 0.02640459 -0.01431036 0.03846850
v 0.02311907 -0.01433411 0.01165277
v 0.02629486 -0.01485659 0.04038370
v 0.02543974 -0.01634091 0.04038370
v 0.02199278 -0.01728240 0.04038370
v 0.02284034 -0.01480061 0.01165277
v 0.02285169 -0.01498891 0.01265115
v 0.02292232 -0.01510596 0.01375078
v 0.02306357 -0.01533666 0.01595003
v 0.03023623 0.00004773 0.04038370
v 0.02710584 -0.00175382 0.01165277
v 0.02971660 -0.00457149 0.03840100
v 0.03007479 0.00004773 0.03845162
v 0.03012776 -0.00055109 0.03904784
v 0.03022109 -0.00083099 0.04038370
v 0.02987425 -0.00494469 0.04038370
v 0.02753087 -0.01215766 0.03834194
v 0.02652567 -0.01443758 0.04038370
v 0.02326033 -0.01407287 0.01165277
v 0.02456949 -0.01161991 0.01165277
v 0.02460733 -0.01154866 0.01165277
v 0.03023623 -0.00055109 0.04038370
v 0.03012776 0.00004773 0.03904784
v 0.02700746 -0.00275128 0.01165277
v 0.02677161 -0.00495148 0.01165277
v 0.02688764 -0.00395401 0.01165277
v 0.02689900 -0.00385053 0.01165277
v 0.02984020 -0.00516692 0.04038370
v 0.02769610 -0.01160125 0.03796509
v 0.02811735 -0.01044942 0.03794821
v 0.02787393 -0.01179973 0.04038370
v 0.02765952 -0.01229337 0.04038370
v 0.02521903 -0.01081074 0.01375078
v 0.02515723 -0.01066486 0.01265115
v 0.02513831 -0.01044263 0.01165277
v 0.02517867 -0.01034763 0.01165277
v 0.02533254 -0.00998291 0.01165277
v 0.02651936 -0.00609314 0.01165277
v 0.02941516 -0.00605073 0.03794821
v 0.02969137 -0.00596082 0.04038370
v 0.02863950 -0.00893116 0.03828007
v 0.02878707 -0.00911946 0.04038370
v 0.02865338 -0.00952659 0.04038370
v 0.02821951 -0.01044942 0.03904784
v 0.02550407 -0.00943838 0.01165277
v 0.02651306 -0.00611688 0.01165277
v 0.02912129 -0.00715167 0.03794821
v 0.02896112 -0.00853761 0.04038370
v 0.02583451 -0.00835440 0.01165277
v 0.02586604 -0.00825092 0.01165277
v 0.02638315 -0.00654607 0.01165277
f 1 2 3
f 1 3 4
f 1 4 5
f 1 5 10
f 1 10 15
f 1 15 27
f 1 27 42
f 1 42 55
f 1 55 58
f 1 58 57
f 1 57 56
f 1 56 69
f 1 69 77
f 1 77 82
f 1 82 81
f 1 81 80
f 1 80 76
f 1 76 68
f 1 68 67
f 1 67 66
f 1 66 52
f 1 52 51
f 1 51 50
f 1 50 33
f 1 33 37
f 1 37 22
f 1 22 21
f 1 21 17
f 1 17 11
f 1 11 6
f 1 6 12
f 1 12 20
f 1 20 36
f 1 36 25
f 1 25 24
f 1 24 13
f 1 13 7
f 1 7 8
f 1 8 9
f 1 9 2
f 2 9 8
f 2 8 14
f 2 14 26
f 2 26 41
f 2 41 54
f 2 54 44
f 2 44 31
f 2 31 16
f 2 16 10
f 2 10 5
f 2 5 4
f 2 4 3
f 6 11 12
f 7 13 14
f 7 14 8
f 10 16 28
f 10 28 15
f 11 17 12
f 12 18 19
f 12 19 20
f 12 17 21
f 12 21 22
f 12 22 23
f 12 23 18
f 13 24 14
f 14 24 25
f 14 25 26
f 15 28 29
f 15 29 30
f 15 30 27
f 16 31 29
f 16 29 28
f 18 32 19
f 18 23 33
f 18 33 32
f 19 32 34
f 19 34 35
f 19 35 20
f 20 35 34
f 20 34 49
f 20 49 63
f 20 63 62
f 20 62 74
f 20 74 73
f 20 73 79
f 20 79 71
f 20 71 59
f 20 59 47
f 20 47 30
f 20 30 46
f 20 46 53
f 20 53 41
f 20 41 26
f 20 26 36
f 22 37 38
f 22 38 39
f 22 39 40
f 22 40 23
f 23 40 33
f 25 36 26
f 27 30 43
f 27 43 42
f 29 31 44
f 29 44 45
f 29 45 30
f 30 47 43
f 30 45 46
f 32 48 49
f 32 49 34
f 32 33 50
f 32 50 51
f 32 51 52
f 32 52 48
f 33 40 37
f 37 40 39
f 37 39 38
f 41 53 45
f 41 45 54
f 42 43 55
f 43 47 56
f 43 56 57
f 43 57 58
f 43 58 55
f 44 54 45
f 45 53 46
f 47 59 56
f 48 60 61
f 48 61 62
f 48 62 63
f 48 63 49
f 48 52 64
f 48 64 65
f 48 65 66
f 48 66 67
f 48 67 68
f 48 68 60
f 52 66 65
f 52 65 64
f 56 59 70
f 56 70 69
f 59 71 70
f 60 68 61
f 61 72 73
f 61 73 74
f 61 74 75
f 61 75 62
f 61 68 72
f 62 75 74
f 68 76 72
f 69 70 77
f 70 71 78
f 70 78 77
f 71 79 78
f 72 78 79
f 72 79 73
f 72 76 80
f 72 80 81
f 72 81 82
f 72 82 77
f 72 77 78

o part_1
v -0.00000437 0.01924991 -0.05560500
v -0.00000437 0.01877087 -0.05545464
v -0.00000437 0.01970510 -0.05545238
v 0.00055005 0.01924991 -0.05560500
v 0.00605043 0.01815043 -0.05560500
v 0.01044928 0.01595028 -0.05558771
v 0.01122838 0.01517116 -0.05555538
v -0.00000437 0.01828466 -0.05530201
v -0.00000437 0.02015312 -0.05530201
v 0.00055005 0.02015312 -0.05530201
v 0.00165012 0.01924991 -0.05560275
v 0.00275020 0.01924991 -0.05558696
v 0.00715051 0.01815043 -0.05557042
v 0.00934920 0.01705036 -0.05555764
v 0.01232846 0.01517116 -0.05552080
v 0.01008161 0.01517116 -0.05531555
v -0.00000437 0.01517116 -0.05150223
v 0.00965121 0.01517116 -0.05519074
v -0.00000437 0.02058683 -0.05444943
v 0.00055005 0.02058683 -0.05444943
v 0.00165012 0.02011554 -0.05530051
v 0.00275020 0.02007079 -0.05528397
v 0.00385028 0.01924991 -0.05553283
v 0.00715051 0.01897489 -0.05526743
v 0.00830457 0.01822202 -0.05533509
v 0.00934920 0.01792016 -0.05525540
v 0.01047700 0.01710703 -0.05532532
v 0.01154936 0.01595028 -0.05548621
v 0.01335558 0.01517116 -0.05525841
v -0.00000437 0.01517116 -0.04885952
v -0.00000437 0.02091315 -0.05183379
v 0.00014153 0.02091315 -0.05183379
v 0.00055005 0.02072225 -0.05334949
v 0.00165012 0.02049615 -0.05444943
v 0.00385028 0.01999742 -0.05522983
v 0.00797484 0.01883351 -0.05515540
v 0.00473296 0.01990017 -0.05512684
v 0.01012976 0.01772329 -0.05513886
v 0.01154936 0.01673596 -0.05518322
v 0.01256481 0.01590136 -0.05521179
v 0.01351899 0.01517116 -0.05519450
v -0.00000437 0.01797564 -0.04792423
v 0.00968039 0.01517116 -0.04792423
v -0.00000437 0.02126453 -0.04792423
v 0.00055005 0.02126453 -0.04792423
v 0.00055005 0.02116252 -0.04895049
v 0.00087394 0.02087795 -0.05148343
v 0.00125182 0.02091494 -0.05074964
v 0.00165012 0.02061546 -0.05334949
v 0.00275020 0.02039712 -0.05444943
v 0.00385028 0.02025096 -0.05444943
v 0.00546684 0.01978265 -0.05489903
v 0.00715051 0.01931613 -0.05444943
v 0.00817180 0.01892896 -0.05444943
v 0.00872184 0.01864797 -0.05444943
v 0.01030192 0.01781576 -0.05444943
v 0.01085196 0.01751031 -0.05444943
v 0.01214316 0.01653611 -0.05504338
v 0.01332349 0.01550166 -0.05510804
v 0.01391729 0.01517116 -0.05451183
v 0.01490065 0.01517116 -0.04792423
v 0.00062446 0.02125737 -0.04792423
v 0.00172453 0.02115059 -0.04792423
v 0.00273561 0.02095014 -0.04893696
v 0.00275020 0.02061725 -0.05224955
v 0.00309160 0.02087915 -0.04929408
v 0.00341404 0.02091554 -0.04856104
v 0.00380943 0.02082009 -0.04893696
v 0.00414791 0.02086244 -0.04804302
v 0.00495035 0.02010659 -0.05334949
v 0.00503935 0.01995983 -0.05449905
v 0.00715051 0.01943962 -0.05334949
v 0.00559231 0.01982739 -0.05416599
v 0.00768596 0.01979578 -0.04836105
v 0.00817326 0.01963112 -0.04792423
v 0.00818931 0.01962277 -0.04793701
v 0.00819223 0.01962277 -0.04792423
v 0.00824913 0.01948496 -0.04895049
v 0.00935358 0.01905841 -0.04792423
v 0.00878749 0.01869331 -0.05384345
v 0.01052369 0.01782829 -0.05329160
v 0.01093950 0.01756878 -0.05361940
v 0.00927917 0.01847795 -0.05342618
v 0.01154936 0.01704976 -0.05444943
v 0.01220736 0.01658921 -0.05444943
v 0.01342853 0.01558816 -0.05444943
v 0.01393626 0.01517116 -0.05444943
v 0.01409529 0.01517116 -0.05341490
v 0.01440897 0.01549092 -0.04895049
v 0.01448922 0.01555654 -0.04792423
v 0.00275020 0.02104977 -0.04792423
v 0.00372189 0.02093582 -0.04792423
v 0.00401222 0.02089406 -0.04792423
v 0.00282023 0.02104201 -0.04792423
v 0.00442512 0.02080636 -0.04792423
v 0.00485844 0.02069898 -0.04792423
v 0.00495035 0.02033567 -0.05115037
v 0.00715051 0.01955416 -0.05224955
v 0.00739708 0.01970808 -0.05005043
v 0.00628241 0.01970331 -0.05334949
v 0.00725264 0.01997176 -0.04793701
v 0.00727452 0.01996580 -0.04792423
v 0.00941923 0.01902381 -0.04792423
v 0.00907200 0.01884544 -0.05115037
v 0.01044928 0.01798578 -0.05224955
v 0.01044928 0.01810987 -0.05115037
v 0.01050764 0.01844216 -0.04792423
v 0.01101537 0.01760994 -0.05288636
v 0.01203958 0.01755983 -0.04792423
v 0.01144869 0.01726930 -0.05329160
v 0.01229490 0.01666020 -0.05334949
v 0.01284494 0.01620919 -0.05334949
v 0.01406465 0.01520755 -0.05334949
v 0.01401942 0.01517116 -0.05391713
v 0.01428642 0.01539010 -0.05051882
v 0.01376118 0.01615550 -0.04792423
v 0.00502184 0.02064947 -0.04792423
v 0.00708194 0.02002486 -0.04792423
v 0.01057913 0.01840219 -0.04792423
v 0.01107664 0.01764573 -0.05224955
v 0.01209356 0.01751628 -0.04792423
v 0.01148954 0.01789033 -0.04792423
v 0.01246706 0.01680218 -0.05115037
v 0.01273843 0.01686602 -0.04892493
v 0.01365322 0.01611553 -0.04892493
v 0.01271071 0.01701695 -0.04792423
v 0.01265527 0.01706229 -0.04792423
f 83 84 90
f 83 90 99
f 83 99 112
f 83 112 124
f 83 124 126
f 83 126 113
f 83 113 101
f 83 101 91
f 83 91 85
f 83 85 86
f 83 86 87
f 83 87 88
f 83 88 89
f 83 89 84
f 84 89 90
f 85 91 92
f 85 92 86
f 86 92 93
f 86 93 87
f 87 93 94
f 87 94 95
f 87 95 88
f 88 95 96
f 88 96 97
f 88 97 89
f 89 97 111
f 89 111 123
f 89 123 142
f 89 142 169
f 89 169 196
f 89 196 170
f 89 170 143
f 89 143 125
f 89 125 112
f 89 112 99
f 89 99 100
f 89 100 98
f 89 98 90
f 90 98 100
f 90 100 99
f 91 101 102
f 91 102 92
f 92 102 103
f 92 103 93
f 93 103 94
f 94 104 105
f 94 105 95
f 94 103 104
f 95 106 107
f 95 107 108
f 95 108 96
f 95 105 106
f 96 108 109
f 96 109 110
f 96 110 97
f 97 110 111
f 101 113 114
f 101 114 102
f 102 114 115
f 102 115 116
f 102 116 104
f 102 104 103
f 104 117 105
f 104 116 117
f 105 117 106
f 106 118 108
f 106 108 107
f 106 117 119
f 106 119 118
f 108 118 120
f 108 120 109
f 109 120 121
f 109 121 110
f 110 121 122
f 110 122 111
f 111 122 123
f 112 125 124
f 113 126 127
f 113 127 114
f 114 127 128
f 114 128 129
f 114 129 115
f 115 129 130
f 115 130 131
f 115 131 132
f 115 132 116
f 116 132 117
f 117 132 133
f 117 133 119
f 118 119 134
f 118 134 135
f 118 135 136
f 118 136 137
f 118 137 120
f 119 133 134
f 120 138 139
f 120 139 140
f 120 140 121
f 120 137 138
f 121 140 122
f 122 141 123
f 122 140 141
f 123 141 142
f 124 125 143
f 124 143 172
f 124 172 198
f 124 198 208
f 124 208 209
f 124 209 203
f 124 203 191
f 124 191 204
f 124 204 201
f 124 201 189
f 124 189 185
f 124 185 161
f 124 161 159
f 124 159 157
f 124 157 184
f 124 184 200
f 124 200 199
f 124 199 178
f 124 178 177
f 124 177 175
f 124 175 174
f 124 174 176
f 124 176 173
f 124 173 145
f 124 145 144
f 124 144 127
f 124 127 126
f 127 144 128
f 128 144 145
f 128 145 130
f 128 130 129
f 130 145 146
f 130 146 147
f 130 147 132
f 130 132 131
f 132 147 148
f 132 148 149
f 132 149 133
f 133 149 150
f 133 150 151
f 133 151 152
f 133 152 153
f 133 153 134
f 134 153 135
f 135 154 136
f 135 153 155
f 135 155 154
f 136 154 156
f 136 156 157
f 136 157 158
f 136 158 159
f 136 159 160
f 136 160 161
f 136 161 162
f 136 162 137
f 137 162 138
f 138 163 164
f 138 164 139
f 138 162 165
f 138 165 163
f 139 164 166
f 139 166 140
f 140 166 167
f 140 167 168
f 140 168 169
f 140 169 142
f 140 142 141
f 143 170 171
f 143 171 172
f 145 173 146
f 146 173 148
f 146 148 147
f 148 173 149
f 149 174 175
f 149 175 151
f 149 151 150
f 149 173 176
f 149 176 174
f 151 175 177
f 151 177 152
f 152 177 178
f 152 178 179
f 152 179 155
f 152 155 153
f 154 180 181
f 154 181 156
f 154 155 182
f 154 182 180
f 155 179 182
f 156 181 183
f 156 183 184
f 156 184 157
f 157 159 158
f 159 161 160
f 161 185 186
f 161 186 162
f 162 186 165
f 163 165 187
f 163 187 164
f 164 187 188
f 164 188 189
f 164 189 190
f 164 190 191
f 164 191 192
f 164 192 166
f 165 186 188
f 165 188 187
f 166 192 191
f 166 191 167
f 167 191 193
f 167 193 168
f 168 194 195
f 168 195 169
f 168 193 194
f 169 195 196
f 170 196 195
f 170 195 197
f 170 197 171
f 171 197 198
f 171 198 172
f 178 199 179
f 179 199 182
f 180 182 181
f 181 182 183
f 182 200 183
f 182 199 200
f 183 200 184
f 185 189 188
f 185 188 186
f 189 201 190
f 190 201 202
f 190 202 191
f 191 203 193
f 191 202 204
f 193 203 205
f 193 205 194
f 194 206 207
f 194 207 195
f 194 205 206
f 195 207 197
f 197 207 198
f 198 207 206
f 198 206 208
f 201 204 202
f 203 209 205
f 205 209 206
f 206 209 208

o part_2
v 0.02450754 0.00004773 0.01165558
v 0.01663880 0.01794774 0.01165558
v 0.02722149 0.00004773 0.01165558
v 0.02526164 0.00004773 0.01919656
v 0.02039064 0.01794774 0.01165558
v 0.02637147 0.00004773 0.03016449
v 0.02648205 0.00004773 0.03125425
v 0.02694837 0.00004773 0.03574842
v 0.02002425 0.01794774 0.03567521
v 0.02722149 0.00055060 0.01165558
v 0.02751327 0.00004773 0.01416736
v 0.02129130 0.01684914 0.01165558
v 0.02401058 0.01794774 0.03798424
v 0.02427039 0.01768667 0.03818418
v 0.02714555 0.00004773 0.03684944
v 0.02003491 0.01794774 0.03574842
v 0.02712557 0.00154757 0.01165558
v 0.03000740 0.00385166 0.04041718
v 0.03003005 0.00055060 0.03794764
v 0.02751327 0.00014059 0.01416736
v 0.03003005 0.00004773 0.03794764
v 0.02178959 0.01624114 0.01165558
v 0.02408919 0.01794774 0.03856432
v 0.02441827 0.01783560 0.04041718
v 0.02526830 0.01644439 0.03904865
v 0.02520835 0.01634102 0.03794764
v 0.02309927 0.01539661 0.01651301
v 0.02223858 0.01569097 0.01165558
v 0.02219595 0.01574353 0.01165558
v 0.02030004 0.01794774 0.03691702
v 0.02803955 0.00004773 0.04041718
v 0.02701765 0.00264793 0.01165558
v 0.02989681 0.00494500 0.04041718
v 0.03024988 0.00055060 0.04041718
v 0.02689907 0.00385166 0.01165558
v 0.03024988 0.00004773 0.04041718
v 0.02425173 0.01794774 0.04041718
v 0.02566267 0.01595379 0.04041718
v 0.02654201 0.01445219 0.04041718
v 0.02640478 0.01431027 0.03846858
v 0.02312991 0.01435407 0.01183861
v 0.02284080 0.01480087 0.01165558
v 0.02292207 0.01510575 0.01375061
v 0.02228921 0.01561913 0.01165558
v 0.02142853 0.01794774 0.04041718
v 0.02941451 0.00605061 0.03794764
v 0.02951310 0.00605061 0.03904865
v 0.02904146 0.00825132 0.04041718
v 0.02678316 0.00484863 0.01165558
v 0.02677117 0.00495026 0.01165558
v 0.02767449 0.01230756 0.04041718
v 0.02753060 0.01215687 0.03834186
v 0.02460746 0.01154887 0.01165558
v 0.02425706 0.01220593 0.01165558
v 0.02338838 0.01383368 0.01165558
v 0.02325915 0.01407198 0.01165558
v 0.02296870 0.01458536 0.01165558
v 0.02285145 0.01499011 0.01265241
v 0.02912140 0.00715096 0.03794764
v 0.02922132 0.00715096 0.03904865
v 0.02651936 0.00609266 0.01165558
v 0.02880297 0.00913265 0.04041718
v 0.02796227 0.01154887 0.04041718
v 0.02769713 0.01160144 0.03796453
v 0.02533625 0.00999471 0.01174287
v 0.02513906 0.01044326 0.01165558
v 0.02515638 0.01066403 0.01265241
v 0.02521900 0.01080946 0.01375061
v 0.02526697 0.01092160 0.01459538
v 0.02464877 0.01146652 0.01165558
v 0.02863909 0.00893291 0.03827991
v 0.02651270 0.00611719 0.01165558
v 0.02821941 0.01044852 0.03904865
v 0.02811682 0.01044852 0.03794764
v 0.02537888 0.00983527 0.01165558
v 0.02527629 0.01011386 0.01165558
v 0.02623557 0.00703182 0.01165558
v 0.02556274 0.00924829 0.01165558
v 0.02550412 0.00943928 0.01165558
f 210 211 214
f 210 214 221
f 210 221 231
f 210 231 238
f 210 238 237
f 210 237 253
f 210 253 251
f 210 251 266
f 210 266 265
f 210 265 264
f 210 264 263
f 210 263 262
f 210 262 279
f 210 279 275
f 210 275 285
f 210 285 284
f 210 284 288
f 210 288 287
f 210 287 286
f 210 286 281
f 210 281 270
f 210 270 259
f 210 259 258
f 210 258 244
f 210 244 241
f 210 241 226
f 210 226 219
f 210 219 212
f 210 212 220
f 210 220 230
f 210 230 245
f 210 245 240
f 210 240 224
f 210 224 217
f 210 217 216
f 210 216 215
f 210 215 213
f 210 213 211
f 211 213 215
f 211 215 216
f 211 216 217
f 211 217 218
f 211 218 225
f 211 225 239
f 211 239 254
f 211 254 246
f 211 246 232
f 211 232 222
f 211 222 214
f 212 219 229
f 212 229 220
f 214 222 223
f 214 223 221
f 217 224 225
f 217 225 218
f 219 226 227
f 219 227 228
f 219 228 229
f 220 229 228
f 220 228 230
f 221 223 231
f 222 232 223
f 223 232 233
f 223 233 234
f 223 234 235
f 223 235 236
f 223 236 237
f 223 237 238
f 223 238 231
f 224 239 225
f 224 240 239
f 226 241 227
f 227 242 257
f 227 257 271
f 227 271 272
f 227 272 260
f 227 260 248
f 227 248 247
f 227 247 233
f 227 233 246
f 227 246 254
f 227 254 240
f 227 240 245
f 227 245 243
f 227 243 228
f 227 241 244
f 227 244 242
f 228 243 245
f 228 245 230
f 232 246 233
f 233 247 234
f 234 247 248
f 234 248 235
f 235 248 249
f 235 249 250
f 235 250 236
f 236 250 251
f 236 251 252
f 236 252 253
f 236 253 237
f 239 240 254
f 242 255 256
f 242 256 257
f 242 244 258
f 242 258 259
f 242 259 255
f 248 260 261
f 248 261 249
f 249 261 262
f 249 262 263
f 249 263 264
f 249 264 250
f 250 264 265
f 250 265 266
f 250 266 251
f 251 253 267
f 251 267 252
f 252 267 253
f 255 268 269
f 255 269 256
f 255 259 270
f 255 270 268
f 256 269 257
f 257 269 271
f 260 272 261
f 261 272 273
f 261 273 274
f 261 274 275
f 261 275 276
f 261 276 277
f 261 277 278
f 261 278 279
f 261 279 262
f 268 280 271
f 268 271 269
f 268 270 281
f 268 281 280
f 271 282 272
f 271 280 283
f 271 283 282
f 272 282 283
f 272 283 273
f 273 283 274
f 274 284 285
f 274 285 275
f 274 283 284
f 275 279 276
f 276 279 277
f 277 279 278
f 280 281 286
f 280 286 287
f 280 287 288
f 280 288 284
f 280 284 283

o part_3
v -0.02211796 -0.01584031 0.01165277
v -0.02223852 -0.01569256 0.01165277
v -0.01861726 -0.01584031 0.01165277
v -0.02279240 -0.01584031 0.01691748
v -0.02228970 -0.01561947 0.01165277
v -0.02548332 -0.01584031 0.03794821
v -0.02309948 -0.01539707 0.01651250
v -0.02450749 0.00004773 0.01165277
v -0.02526154 0.00004773 0.01919829
v -0.02648190 0.00004773 0.03125483
v -0.02695048 0.00004773 0.03574896
v -0.02142419 -0.01584031 0.03324034
v -0.02285154 -0.01498961 0.01265115
v -0.02284016 -0.01479987 0.01165277
v -0.02549242 -0.01584031 0.03802977
v -0.02640456 -0.01430998 0.03846850
v -0.02313019 -0.01435352 0.01183838
v -0.02296868 -0.01458525 0.01165277
v -0.02722230 0.00004773 0.01165277
v -0.02703919 0.00004773 0.03624955
v -0.02175856 -0.01584031 0.03574896
v -0.02553564 -0.01584031 0.03846569
v -0.02652625 -0.01443751 0.04038370
v -0.02753052 -0.01215757 0.03834194
v -0.02460758 -0.01154948 0.01165277
v -0.02429595 -0.01213424 0.01165277
v -0.02396385 -0.01275632 0.01165277
v -0.02325984 -0.01407359 0.01165277
v -0.02722230 -0.00055103 0.01165277
v -0.02751232 0.00004773 0.01416700
v -0.02714610 0.00004773 0.03684858
v -0.02201219 -0.01584031 0.03684858
v -0.02559251 -0.01584031 0.03904784
v -0.02569487 -0.01584031 0.04038370
v -0.02765904 -0.01229287 0.04038370
v -0.02794678 -0.01154948 0.04038370
v -0.02782281 -0.01154948 0.03904784
v -0.02811738 -0.01044994 0.03794821
v -0.02769657 -0.01160080 0.03796509
v -0.02533661 -0.00999427 0.01174276
v -0.02527633 -0.01011402 0.01165277
v -0.02513871 -0.01044217 0.01165277
v -0.02515691 -0.01066456 0.01265115
v -0.02464852 -0.01146705 0.01165277
v -0.02751232 -0.00014045 0.01416700
v -0.02712563 -0.00154792 0.01165277
v -0.02971647 -0.00457125 0.03840100
v -0.03002923 -0.00055103 0.03794821
v -0.03002923 0.00004773 0.03794821
v -0.02804573 0.00004773 0.04038370
v -0.02316999 -0.01584031 0.04038370
v -0.02878727 -0.00912024 0.04038370
v -0.02821974 -0.01044994 0.03904784
v -0.02863942 -0.00893206 0.03828007
v -0.02550493 -0.00943906 0.01165277
v -0.02537869 -0.00983408 0.01165277
v -0.02689930 -0.00385119 0.01165277
v -0.02987456 -0.00494450 0.04038370
v -0.02998715 -0.00385119 0.04038370
v -0.02677192 -0.00495072 0.01165277
v -0.03012818 -0.00055103 0.03904784
v -0.03012818 0.00004773 0.03904784
v -0.03023623 0.00004773 0.04038370
v -0.02902497 -0.00824932 0.04038370
v -0.02922059 -0.00715134 0.03904784
v -0.02912164 -0.00715134 0.03794821
v -0.02651943 -0.00609380 0.01165277
v -0.02589390 -0.00815756 0.01165277
v -0.02941507 -0.00605025 0.03794821
v -0.02951288 -0.00605025 0.03904784
v -0.03023623 -0.00055103 0.04038370
v -0.02652398 -0.00607358 0.01165277
f 289 290 293
f 289 293 302
f 289 302 306
f 289 306 316
f 289 316 315
f 289 315 314
f 289 314 313
f 289 313 332
f 289 332 330
f 289 330 329
f 289 329 344
f 289 344 343
f 289 343 356
f 289 356 355
f 289 355 360
f 289 360 348
f 289 348 345
f 289 345 334
f 289 334 317
f 289 317 307
f 289 307 296
f 289 296 291
f 289 291 300
f 289 300 309
f 289 309 320
f 289 320 339
f 289 339 322
f 289 322 321
f 289 321 310
f 289 310 303
f 289 303 294
f 289 294 292
f 289 292 290
f 290 292 294
f 290 294 295
f 290 295 293
f 291 296 297
f 291 297 298
f 291 298 299
f 291 299 300
f 293 301 302
f 293 295 301
f 294 303 304
f 294 304 305
f 294 305 295
f 295 305 306
f 295 306 302
f 295 302 301
f 296 307 318
f 296 318 337
f 296 337 350
f 296 350 351
f 296 351 338
f 296 338 319
f 296 319 308
f 296 308 299
f 296 299 298
f 296 298 297
f 299 308 309
f 299 309 300
f 303 310 311
f 303 311 304
f 304 311 312
f 304 312 313
f 304 313 314
f 304 314 315
f 304 315 316
f 304 316 305
f 305 316 306
f 307 317 333
f 307 333 318
f 308 319 309
f 309 319 320
f 310 321 311
f 311 322 339
f 311 339 338
f 311 338 351
f 311 351 359
f 311 359 347
f 311 347 346
f 311 346 352
f 311 352 340
f 311 340 324
f 311 324 323
f 311 323 312
f 311 321 322
f 312 323 324
f 312 324 325
f 312 325 326
f 312 326 327
f 312 327 328
f 312 328 329
f 312 329 330
f 312 330 331
f 312 331 332
f 312 332 313
f 317 334 335
f 317 335 336
f 317 336 333
f 318 333 336
f 318 336 337
f 319 338 320
f 320 338 339
f 324 340 341
f 324 341 325
f 325 341 326
f 326 341 340
f 326 340 342
f 326 342 343
f 326 343 344
f 326 344 328
f 326 328 327
f 328 344 329
f 330 332 331
f 334 345 335
f 335 346 347
f 335 347 336
f 335 345 348
f 335 348 346
f 336 347 349
f 336 349 350
f 336 350 337
f 340 352 353
f 340 353 354
f 340 354 342
f 342 354 355
f 342 355 356
f 342 356 343
f 346 348 357
f 346 357 358
f 346 358 352
f 347 359 349
f 348 360 357
f 349 359 351
f 349 351 350
f 352 358 353
f 353 358 357
f 353 357 354
f 354 357 355
f 355 357 360

o part_4
v 0.00148854 0.03016958 0.04041718
v 0.00054972 0.03024856 0.04041718
v 0.00148854 0.02795926 0.04041718
v 0.00148854 0.02993788 0.03794764
v 0.00054972 0.03003003 0.03794764
v -0.00055155 0.03024856 0.04041718
v -0.01780735 0.02155211 0.04041718
v -0.01780735 0.02041075 0.03690012
v 0.00148854 0.02705618 0.03684944
v 0.00148854 0.02713122 0.01165558
v -0.00055155 0.03003003 0.03794764
v 0.00054972 0.02722205 0.01165558
v 0.00013981 0.02751299 0.01416736
v -0.00087457 0.03023277 0.04041718
v -0.01780735 0.02444040 0.04041718
v -0.01780735 0.02020144 0.03597933
v -0.01780735 0.02015009 0.03574842
v 0.00148854 0.02702722 0.03668893
v 0.00148854 0.02441933 0.01165558
v -0.00416894 0.02999054 0.04041718
v -0.00014164 0.02751299 0.01416736
v -0.00055155 0.02722205 0.01165558
v -0.01734267 0.02479715 0.04041718
v -0.01768646 0.02427058 0.03818418
v -0.01780735 0.02415078 0.03809125
v 0.00148854 0.02685871 0.03574842
v -0.01780735 0.01680105 0.01165558
v 0.00148854 0.02473528 0.01485162
v -0.00494531 0.02989707 0.04041718
v -0.00165094 0.02711542 0.01165558
v -0.00275032 0.02700747 0.01165558
v -0.00385159 0.02689820 0.01165558
v -0.00395360 0.02688767 0.01165558
v -0.00495098 0.02677183 0.01165558
v -0.01632262 0.02546459 0.04041718
v -0.01644351 0.02526844 0.03904865
v -0.01634151 0.02520789 0.03794764
v -0.01539702 0.02309894 0.01651301
v -0.01569170 0.02223798 0.01165558
v -0.01619039 0.02183120 0.01165558
v -0.01780735 0.02050554 0.01165558
v 0.00148854 0.02648352 0.03209057
v 0.00148854 0.02483007 0.01579214
v 0.00148854 0.02526318 0.02006386
v 0.00148854 0.02605699 0.02788924
v 0.00148854 0.02644008 0.03166536
v -0.00520788 0.02985626 0.04041718
v -0.00505298 0.02674945 0.01165558
v -0.00595969 0.02971409 0.04041718
v -0.01485111 0.02632160 0.04041718
v -0.01430897 0.02640454 0.03846858
v -0.01433541 0.02312000 0.01165558
v -0.01533846 0.02306339 0.01595264
v -0.01510612 0.02292253 0.01375061
v -0.01498900 0.02285276 0.01265241
v -0.01480010 0.02284091 0.01165558
v -0.00609381 0.02651907 0.01165558
v -0.00715164 0.02912168 0.03794764
v -0.00857970 0.02896766 0.04041718
v -0.00610514 0.02651643 0.01165558
v -0.01445253 0.02654145 0.04041718
v -0.01215743 0.02753010 0.03834186
v -0.01154917 0.02460759 0.01165558
v -0.01162096 0.02456941 0.01165558
v -0.01383295 0.02338856 0.01165558
v -0.00893105 0.02863987 0.03827991
v -0.00913128 0.02880310 0.04041718
v -0.00705341 0.02622945 0.01165558
v -0.01230665 0.02767491 0.04041718
v -0.01183819 0.02787896 0.04041718
v -0.01160018 0.02769597 0.03796453
v -0.00998321 0.02533163 0.01165558
v -0.01011355 0.02527766 0.01165558
v -0.01044223 0.02513943 0.01165558
v -0.01066513 0.02515654 0.01265241
v -0.01081059 0.02521842 0.01375061
v -0.01044979 0.02811724 0.03794764
v -0.00824913 0.02586611 0.01165558
v -0.00943919 0.02550409 0.01165558
v -0.00951664 0.02867673 0.04041718
f 361 362 366
f 361 366 374
f 361 374 380
f 361 380 389
f 361 389 407
f 361 407 409
f 361 409 419
f 361 419 427
f 361 427 440
f 361 440 430
f 361 430 429
f 361 429 421
f 361 421 410
f 361 410 395
f 361 395 383
f 361 383 375
f 361 375 367
f 361 367 363
f 361 363 369
f 361 369 378
f 361 378 386
f 361 386 402
f 361 402 406
f 361 406 405
f 361 405 404
f 361 404 403
f 361 403 388
f 361 388 379
f 361 379 370
f 361 370 364
f 361 364 365
f 361 365 362
f 362 365 371
f 362 371 366
f 363 367 368
f 363 368 369
f 364 370 365
f 365 370 372
f 365 372 373
f 365 373 381
f 365 381 371
f 366 371 374
f 367 375 385
f 367 385 401
f 367 401 387
f 367 387 377
f 367 377 376
f 367 376 368
f 368 376 369
f 369 376 377
f 369 377 378
f 370 379 387
f 370 387 401
f 370 401 400
f 370 400 399
f 370 399 416
f 370 416 412
f 370 412 425
f 370 425 424
f 370 424 423
f 370 423 434
f 370 434 433
f 370 433 432
f 370 432 439
f 370 439 438
f 370 438 428
f 370 428 420
f 370 420 417
f 370 417 408
f 370 408 394
f 370 394 393
f 370 393 392
f 370 392 391
f 370 391 390
f 370 390 382
f 370 382 372
f 371 380 374
f 371 381 382
f 371 382 380
f 372 382 381
f 372 381 373
f 375 383 384
f 375 384 385
f 377 386 378
f 377 387 386
f 379 388 387
f 380 382 390
f 380 390 391
f 380 391 392
f 380 392 393
f 380 393 394
f 380 394 389
f 383 395 396
f 383 396 397
f 383 397 384
f 384 397 398
f 384 398 399
f 384 399 400
f 384 400 401
f 384 401 385
f 386 387 402
f 387 388 403
f 387 403 404
f 387 404 405
f 387 405 406
f 387 406 402
f 389 394 407
f 394 408 409
f 394 409 407
f 395 410 396
f 396 410 397
f 397 410 411
f 397 411 412
f 397 412 398
f 398 412 413
f 398 413 399
f 399 413 414
f 399 414 415
f 399 415 416
f 408 417 409
f 409 418 419
f 409 417 420
f 409 420 418
f 410 421 411
f 411 421 422
f 411 422 423
f 411 423 424
f 411 424 425
f 411 425 412
f 412 416 413
f 413 416 414
f 414 416 415
f 418 426 419
f 418 420 426
f 419 426 427
f 420 428 426
f 421 429 422
f 422 429 430
f 422 430 431
f 422 431 432
f 422 432 433
f 422 433 434
f 422 434 435
f 422 435 436
f 422 436 423
f 423 436 435
f 423 435 434
f 426 437 427
f 426 428 438
f 426 438 439
f 426 439 432
f 426 432 437
f 427 437 440
f 430 440 437
f 430 437 431
f 431 437 432

o part_5
v -0.00055086 -0.02722272 0.01164705
v -0.00014163 -0.02531335 -0.00783472
v -0.00014163 -0.02641244 0.00316379
v -0.00000437 -0.02641244 0.00316379
v -0.00000437 -0.02721725 0.01159560
v -0.00000437 -0.02722135 0.01164705
v -0.00165019 -0.02711596 0.01164705
v -0.00087494 -0.02637822 0.00351250
v -0.00055086 -0.02435251 -0.01705541
v -0.00000437 -0.02531335 -0.00783472
v -0.00014163 -0.02201337 -0.04083026
v -0.00000437 -0.02450855 0.01164705
v -0.00374846 -0.02690928 0.01164705
v -0.00275080 -0.02567743 -0.00165521
v -0.00125240 -0.02531472 -0.00675431
v -0.00087494 -0.02197778 -0.04048155
v -0.00055086 -0.02226247 -0.03794915
v -0.00000437 -0.02201337 -0.04083026
v -0.00055086 -0.02138239 -0.04674682
v -0.01298796 -0.02062685 0.01058950
v -0.01298796 -0.02075004 0.01154415
v -0.01298796 -0.02076372 0.01164705
v -0.00000437 -0.02450307 0.01160132
v -0.01298796 -0.01324123 -0.04674682
v -0.00385013 -0.02689833 0.01164705
v -0.00385013 -0.02688875 0.01154987
v -0.00419709 -0.02637959 0.00679947
v -0.00385013 -0.02501908 -0.00715446
v -0.00383870 -0.02425123 -0.01484313
v -0.00275080 -0.02116750 -0.04674682
v -0.00198571 -0.02417868 -0.01739268
v -0.00165019 -0.02127563 -0.04674682
v -0.00000437 -0.02138239 -0.04674682
v -0.01298796 -0.02383924 0.01164705
v -0.00000437 -0.02449760 0.01154987
v -0.00000437 -0.01853818 -0.04674682
v -0.01298796 -0.01694225 -0.04674682
v -0.00000437 -0.02438125 0.01044659
v -0.00000437 -0.02432377 0.00989781
v -0.00000437 -0.02426355 0.00931472
v -0.00484780 -0.02678336 0.01164705
v -0.00451736 -0.02641654 0.00753118
v -0.00419709 -0.02527914 -0.00420476
v -0.00419709 -0.02307960 -0.02619606
v -0.00385013 -0.02325890 -0.02474979
v -0.00418820 -0.02197641 -0.03717743
v -0.00385013 -0.02103610 -0.04674682
v -0.01213518 -0.02429503 0.01164705
v -0.01298796 -0.02370647 0.01046945
v -0.01259271 -0.01726664 -0.04674682
v -0.01298796 -0.01719547 -0.04478035
v -0.00495074 -0.02677104 0.01164705
v -0.00495074 -0.02676146 0.01154987
v -0.00446525 -0.02311656 -0.02546435
v -0.00445127 -0.02201474 -0.03644572
v -0.00450211 -0.02092934 -0.04674682
v -0.01162809 -0.02443463 0.01048660
v -0.01154929 -0.02460709 0.01164705
v -0.01106508 -0.02423480 0.00604490
v -0.01298796 -0.02203390 -0.00435338
v -0.01201572 -0.01975634 -0.02914577
v -0.01096213 -0.01978098 -0.03391903
v -0.01241605 -0.01741036 -0.04674682
v -0.01298796 -0.01742678 -0.04297966
v -0.01298796 -0.01722558 -0.04454597
v -0.00609329 -0.02651920 0.01164705
v -0.00609456 -0.02651783 0.01162990
v -0.00578954 -0.02648635 0.01044659
v -0.00560145 -0.02643023 0.00934902
v -0.00550486 -0.02640012 0.00878309
v -0.00714941 -0.02012727 -0.04674682
v -0.00590519 -0.02542285 0.00054564
v -0.01146668 -0.02464816 0.01164705
v -0.00995049 -0.02312614 -0.00904662
v -0.00994795 -0.02422248 0.00087720
v -0.01053638 -0.01955377 -0.03794915
v -0.01013477 -0.02212560 -0.01705541
v -0.00880922 -0.02090470 -0.03414198
v -0.01298796 -0.02083763 -0.01495174
v -0.01264990 -0.02016149 -0.02254895
v -0.01207163 -0.01868464 -0.03836645
v -0.01133324 -0.01887899 -0.04015000
v -0.01184668 -0.01781002 -0.04674682
v -0.01215679 -0.01764441 -0.04655817
v -0.01298796 -0.01854229 -0.03418771
v -0.00611616 -0.02651236 0.01164705
v -0.00702995 -0.02623587 0.01164705
v -0.00943959 -0.02550498 0.01164705
v -0.00633984 -0.02632073 0.01044659
v -0.00876728 -0.02198873 -0.02410383
v -0.00789798 -0.01987953 -0.04674682
v -0.00942942 -0.02435114 0.00052849
v -0.00984882 -0.02418279 0.00014549
v -0.01044233 -0.02513953 0.01164705
v -0.00989711 -0.02529830 0.01100680
v -0.01011317 -0.02527640 0.01164705
v -0.01063678 -0.01850670 -0.04674682
v -0.00934935 -0.01919517 -0.04674682
v -0.00897189 -0.01989322 -0.04234513
v -0.00879778 -0.01980014 -0.04399147
v -0.00858681 -0.01970707 -0.04564925
v -0.00844574 -0.01964548 -0.04674682
v -0.01298796 -0.01994112 -0.02289194
v -0.01164842 -0.01793047 -0.04674682
v -0.01157598 -0.01797290 -0.04674682
v -0.01298796 -0.01989459 -0.02329781
v -0.01298796 -0.01980836 -0.02403523
v -0.01298796 -0.01971255 -0.02481268
v -0.00983611 -0.02537768 0.01164705
v -0.00980179 -0.02526956 0.01044659
f 441 442 443
f 441 443 444
f 441 444 445
f 441 445 446
f 441 446 452
f 441 452 462
f 441 462 474
f 441 474 488
f 441 488 498
f 441 498 513
f 441 513 534
f 441 534 536
f 441 536 549
f 441 549 528
f 441 528 527
f 441 527 526
f 441 526 506
f 441 506 492
f 441 492 481
f 441 481 465
f 441 465 453
f 441 453 447
f 441 447 448
f 441 448 449
f 441 449 442
f 442 450 444
f 442 444 443
f 442 449 451
f 442 451 458
f 442 458 450
f 444 450 458
f 444 458 473
f 444 473 476
f 444 476 480
f 444 480 479
f 444 479 478
f 444 478 475
f 444 475 463
f 444 463 452
f 444 452 446
f 444 446 445
f 447 453 454
f 447 454 455
f 447 455 448
f 448 455 449
f 449 456 457
f 449 457 451
f 449 455 456
f 451 457 459
f 451 459 473
f 451 473 458
f 452 460 461
f 452 461 462
f 452 463 464
f 452 464 460
f 453 465 466
f 453 466 467
f 453 467 468
f 453 468 454
f 454 468 469
f 454 469 470
f 454 470 471
f 454 471 455
f 455 471 472
f 455 472 456
f 456 472 459
f 456 459 457
f 459 472 470
f 459 470 487
f 459 487 496
f 459 496 511
f 459 511 531
f 459 531 542
f 459 542 538
f 459 538 537
f 459 537 545
f 459 545 544
f 459 544 523
f 459 523 503
f 459 503 490
f 459 490 477
f 459 477 464
f 459 464 476
f 459 476 473
f 460 464 477
f 460 477 491
f 460 491 505
f 460 505 504
f 460 504 525
f 460 525 548
f 460 548 547
f 460 547 546
f 460 546 543
f 460 543 519
f 460 519 500
f 460 500 489
f 460 489 474
f 460 474 462
f 460 462 461
f 463 475 464
f 464 475 478
f 464 478 479
f 464 479 480
f 464 480 476
f 465 481 482
f 465 482 466
f 466 482 467
f 467 482 483
f 467 483 468
f 468 483 469
f 469 483 484
f 469 484 485
f 469 485 470
f 470 486 487
f 470 472 471
f 470 485 484
f 470 484 486
f 474 489 488
f 477 490 491
f 481 492 493
f 481 493 482
f 482 493 484
f 482 484 483
f 484 494 495
f 484 495 486
f 484 493 494
f 486 495 487
f 487 495 496
f 488 497 498
f 488 489 499
f 488 499 497
f 489 500 501
f 489 501 502
f 489 502 499
f 490 503 504
f 490 504 505
f 490 505 491
f 492 506 507
f 492 507 508
f 492 508 509
f 492 509 510
f 492 510 493
f 493 510 494
f 494 510 495
f 495 510 509
f 495 509 496
f 496 509 512
f 496 512 511
f 497 499 498
f 498 499 513
f 499 514 515
f 499 515 513
f 499 502 516
f 499 516 517
f 499 517 518
f 499 518 514
f 500 519 520
f 500 520 501
f 501 520 521
f 501 521 522
f 501 522 516
f 501 516 502
f 503 523 524
f 503 524 504
f 504 524 525
f 506 526 507
f 507 526 527
f 507 527 528
f 507 528 529
f 507 529 509
f 507 509 508
f 509 529 512
f 511 530 531
f 511 512 529
f 511 529 528
f 511 528 532
f 511 532 533
f 511 533 530
f 513 515 534
f 514 518 515
f 515 533 535
f 515 535 536
f 515 536 534
f 515 518 533
f 516 522 537
f 516 537 538
f 516 538 517
f 517 538 539
f 517 539 518
f 518 539 540
f 518 540 541
f 518 541 542
f 518 542 531
f 518 531 530
f 518 530 533
f 519 543 520
f 520 543 521
f 521 524 544
f 521 544 545
f 521 545 537
f 521 537 522
f 521 543 546
f 521 546 547
f 521 547 524
f 523 544 524
f 524 547 548
f 524 548 525
f 528 549 535
f 528 535 550
f 528 550 532
f 532 550 533
f 533 550 535
f 535 549 536
f 538 542 541
f 538 541 540
f 538 540 539

o part_6
v 0.02126175 -0.00000436 -0.04795201
v 0.01796255 -0.00000436 -0.04795201
v 0.02126235 -0.00050001 -0.04795201
v 0.02091340 -0.00000436 -0.05183394
v 0.01516918 -0.00000436 -0.04885919
v 0.01516918 -0.00963016 -0.04795201
v 0.02126235 -0.00055103 -0.04795201
v 0.02091340 -0.00014139 -0.05183394
v 0.02058652 -0.00000436 -0.05444986
v 0.01516918 -0.00000436 -0.05150208
v 0.01516918 -0.01489716 -0.04795201
v 0.02116512 -0.00154816 -0.04795201
v 0.02087821 -0.00087466 -0.05148335
v 0.02072193 -0.00055103 -0.05334941
v 0.02058652 -0.00055103 -0.05444986
v 0.02037179 -0.00000436 -0.05487236
v 0.01828466 -0.00000436 -0.05530236
v 0.01516918 -0.00965640 -0.05519149
v 0.01516918 -0.01401811 -0.05394720
v 0.01534932 -0.01423678 -0.05115074
v 0.01538988 -0.01428635 -0.05051849
v 0.01549069 -0.01440880 -0.04895058
v 0.01555511 -0.01448606 -0.04795201
v 0.02094919 -0.00163126 -0.05003306
v 0.02091459 -0.00125223 -0.05074996
v 0.02105716 -0.00264880 -0.04795201
v 0.02072551 -0.00165021 -0.05224970
v 0.02061516 -0.00165021 -0.05334941
v 0.02039684 -0.00275084 -0.05444986
v 0.02049586 -0.00165021 -0.05444986
v 0.02007115 -0.00275084 -0.05528438
v 0.02011589 -0.00165021 -0.05530011
v 0.02015287 -0.00055103 -0.05530236
v 0.02015287 -0.00000436 -0.05530236
v 0.01877080 -0.00000436 -0.05545443
v 0.01516918 -0.01154861 -0.05552634
v 0.01516918 -0.01046839 -0.05538401
v 0.01516918 -0.01394959 -0.05438169
v 0.01658943 -0.01220753 -0.05444986
v 0.01620887 -0.01284459 -0.05334941
v 0.01680178 -0.01246702 -0.05115074
v 0.01659181 -0.01322507 -0.04795201
v 0.01611164 -0.01380965 -0.04795201
v 0.01561416 -0.01441463 -0.04795201
v 0.02087880 -0.00198550 -0.05038889
v 0.02104702 -0.00274938 -0.04795201
v 0.02087880 -0.00309196 -0.04929443
v 0.02072730 -0.00275084 -0.05115074
v 0.02050719 -0.00275084 -0.05334941
v 0.02091579 -0.00341414 -0.04856104
v 0.02025070 -0.00385002 -0.05444986
v 0.01999719 -0.00385002 -0.05523044
v 0.01924978 -0.00385002 -0.05553234
v 0.01924978 -0.00275084 -0.05558702
v 0.01924978 -0.00165021 -0.05560275
v 0.01924978 -0.00055103 -0.05560425
v 0.01970491 -0.00000436 -0.05545218
v 0.01924978 -0.00000436 -0.05560425
v 0.01595058 -0.01044944 -0.05558777
v 0.01516918 -0.01262446 -0.05543720
v 0.01516918 -0.01393793 -0.05444986
v 0.01653574 -0.01214339 -0.05504316
v 0.01704873 -0.01154861 -0.05444986
v 0.01755753 -0.01203552 -0.04795201
v 0.01705648 -0.01265799 -0.04795201
v 0.02093488 -0.00370861 -0.04795201
v 0.02092056 -0.00380920 -0.04795201
v 0.02086747 -0.00417948 -0.04795201
v 0.02036343 -0.00385002 -0.05334941
v 0.02010635 -0.00495065 -0.05334941
v 0.01996021 -0.00503957 -0.05449855
v 0.01978245 -0.00546671 -0.05489858
v 0.01990056 -0.00473198 -0.05512707
v 0.01897420 -0.00715046 -0.05526790
v 0.01815045 -0.00715046 -0.05556979
v 0.01815045 -0.00605128 -0.05560425
v 0.01705052 -0.00934881 -0.05555781
v 0.01595058 -0.01154861 -0.05548590
v 0.01516918 -0.01351955 -0.05519449
v 0.01550202 -0.01332274 -0.05510834
v 0.01673557 -0.01154861 -0.05518325
v 0.01772336 -0.01012872 -0.05513830
v 0.01750981 -0.01085179 -0.05444986
v 0.01590107 -0.01256469 -0.05521172
v 0.01726883 -0.01144948 -0.05329023
v 0.01756827 -0.01093926 -0.05361759
v 0.01761003 -0.01101506 -0.05288420
v 0.01764581 -0.01107629 -0.05224970
v 0.01770785 -0.01118125 -0.05115074
v 0.01783192 -0.01139117 -0.04895058
v 0.01788799 -0.01148593 -0.04795201
v 0.02069509 -0.00486172 -0.04795201
v 0.01982719 -0.00559208 -0.05416520
v 0.01943887 -0.00715046 -0.05334941
v 0.01931540 -0.00715046 -0.05444986
v 0.02056445 -0.00495065 -0.04895058
v 0.01979259 -0.00657609 -0.05162943
v 0.01883343 -0.00797557 -0.05515553
v 0.01792020 -0.00934881 -0.05525517
v 0.01822203 -0.00830503 -0.05533532
v 0.01710718 -0.01047714 -0.05532484
v 0.01781522 -0.01030220 -0.05444986
v 0.01864733 -0.00872196 -0.05444986
v 0.01782774 -0.01052379 -0.05329023
v 0.01798522 -0.01044944 -0.05224970
v 0.01810929 -0.01044944 -0.05115074
v 0.01844154 -0.01050192 -0.04795201
v 0.02036522 -0.00594924 -0.04795201
v 0.01955340 -0.00715046 -0.05224970
v 0.01979558 -0.00768547 -0.04835953
v 0.01892887 -0.00817237 -0.05444986
v 0.01996796 -0.00725833 -0.04795201
v 0.01869326 -0.00878756 -0.05384158
v 0.01884536 -0.00907182 -0.05115074
v 0.01870578 -0.01000773 -0.04795201
v 0.01996438 -0.00726999 -0.04795201
v 0.01981645 -0.00773940 -0.04795201
v 0.01962498 -0.00817966 -0.04795201
v 0.01962020 -0.00818986 -0.04795201
v 0.01948420 -0.00824963 -0.04895058
v 0.01910722 -0.00924676 -0.04795201
v 0.01905354 -0.00935609 -0.04795201
f 551 552 556
f 551 556 561
f 551 561 573
f 551 573 594
f 551 594 593
f 551 593 592
f 551 592 615
f 551 615 614
f 551 614 641
f 551 641 657
f 551 657 665
f 551 665 672
f 551 672 671
f 551 671 669
f 551 669 668
f 551 668 667
f 551 667 666
f 551 666 662
f 551 662 658
f 551 658 642
f 551 642 618
f 551 618 617
f 551 617 616
f 551 616 596
f 551 596 576
f 551 576 562
f 551 562 557
f 551 557 553
f 551 553 554
f 551 554 559
f 551 559 566
f 551 566 584
f 551 584 607
f 551 607 608
f 551 608 585
f 551 585 567
f 551 567 560
f 551 560 555
f 551 555 552
f 552 555 556
f 553 557 558
f 553 558 554
f 554 558 565
f 554 565 559
f 555 560 568
f 555 568 587
f 555 587 586
f 555 586 610
f 555 610 629
f 555 629 611
f 555 611 588
f 555 588 569
f 555 569 561
f 555 561 556
f 557 562 563
f 557 563 558
f 558 563 564
f 558 564 565
f 559 565 566
f 560 567 568
f 561 569 570
f 561 570 571
f 561 571 572
f 561 572 573
f 562 574 575
f 562 575 563
f 562 576 574
f 563 575 574
f 563 574 577
f 563 577 578
f 563 578 564
f 564 578 579
f 564 579 580
f 564 580 565
f 565 580 581
f 565 581 582
f 565 582 583
f 565 583 566
f 566 583 584
f 567 585 586
f 567 586 587
f 567 587 568
f 569 588 589
f 569 589 590
f 569 590 591
f 569 591 592
f 569 592 570
f 570 592 593
f 570 593 571
f 571 593 572
f 572 594 573
f 572 593 594
f 574 576 595
f 574 595 577
f 576 596 597
f 576 597 598
f 576 598 595
f 577 595 598
f 577 598 599
f 577 599 579
f 577 579 578
f 579 599 597
f 579 597 600
f 579 600 601
f 579 601 602
f 579 602 580
f 580 602 581
f 581 602 603
f 581 603 604
f 581 604 582
f 582 605 583
f 582 604 605
f 583 605 606
f 583 606 607
f 583 607 584
f 585 608 586
f 586 608 609
f 586 609 610
f 588 611 589
f 589 612 613
f 589 613 614
f 589 614 615
f 589 615 591
f 589 591 590
f 589 611 612
f 591 615 592
f 596 616 600
f 596 600 597
f 597 599 598
f 600 616 617
f 600 617 618
f 600 618 619
f 600 619 601
f 601 619 618
f 601 618 620
f 601 620 621
f 601 621 622
f 601 622 623
f 601 623 602
f 602 623 624
f 602 624 603
f 603 624 625
f 603 625 604
f 604 625 626
f 604 626 605
f 605 626 606
f 606 608 607
f 606 626 608
f 608 626 609
f 609 626 625
f 609 625 627
f 609 627 628
f 609 628 610
f 610 628 629
f 611 629 630
f 611 630 612
f 612 631 632
f 612 632 633
f 612 633 613
f 612 630 634
f 612 634 631
f 613 635 614
f 613 633 636
f 613 636 635
f 614 635 636
f 614 636 637
f 614 637 638
f 614 638 639
f 614 639 640
f 614 640 641
f 618 642 620
f 620 642 621
f 621 643 644
f 621 644 645
f 621 645 622
f 621 642 646
f 621 646 647
f 621 647 643
f 622 645 648
f 622 648 623
f 623 648 624
f 624 648 649
f 624 649 650
f 624 650 625
f 625 650 649
f 625 649 627
f 627 649 651
f 627 651 628
f 628 651 631
f 628 631 634
f 628 634 629
f 629 634 630
f 631 651 632
f 632 652 633
f 632 651 649
f 632 649 648
f 632 648 653
f 632 653 652
f 633 652 636
f 636 652 654
f 636 654 655
f 636 655 656
f 636 656 657
f 636 657 637
f 637 657 638
f 638 657 639
f 639 657 640
f 640 657 641
f 642 658 646
f 643 647 644
f 644 647 659
f 644 659 660
f 644 660 661
f 644 661 645
f 645 661 648
f 646 658 662
f 646 662 647
f 647 662 659
f 648 661 653
f 652 655 654
f 652 653 663
f 652 663 655
f 653 661 663
f 655 663 664
f 655 664 656
f 656 665 657
f 656 664 665
f 659 662 660
f 660 662 666
f 660 666 667
f 660 667 661
f 661 667 668
f 661 668 669
f 661 669 670
f 661 670 671
f 661 671 663
f 663 671 672
f 663 672 664
f 664 672 665
f 669 671 670

o part_7
v -0.01517109 0.01489449 -0.04795201
v -0.01517109 0.01410305 -0.05334941
v -0.01527841 0.01415115 -0.05224970
v -0.01534936 0.01423715 -0.05115074
v -0.01538991 0.01428670 -0.05051849
v -0.01549067 0.01440913 -0.04895058
v -0.01555507 0.01448638 -0.04795201
v -0.01517109 0.00962552 -0.04795201
v -0.01517109 0.01401997 -0.05390900
v -0.01517109 0.01394710 -0.05437645
v -0.01558786 0.01342822 -0.05444986
v -0.01613820 0.01275775 -0.05444986
v -0.01635046 0.01301719 -0.05115074
v -0.01652039 0.01331161 -0.04795201
v -0.01561410 0.01441496 -0.04795201
v -0.01796212 0.00000436 -0.04795201
v -0.01517109 0.00000436 -0.04885919
v -0.01517109 0.01393544 -0.05444986
v -0.01653590 0.01214267 -0.05504316
v -0.01658896 0.01220826 -0.05444986
v -0.01680182 0.01246625 -0.05115074
v -0.01705642 0.01265718 -0.04795201
v -0.02126175 0.00000436 -0.04795201
v -0.01517109 0.00000436 -0.05150208
v -0.01517109 0.01351858 -0.05519374
v -0.01550200 0.01332327 -0.05510834
v -0.01590149 0.01256536 -0.05521172
v -0.01673564 0.01154946 -0.05518325
v -0.01772303 0.01012837 -0.05513830
v -0.01751017 0.01085130 -0.05444986
v -0.01704867 0.01154946 -0.05444986
v -0.01755727 0.01203627 -0.04795201
v -0.02126235 0.00049992 -0.04795201
v -0.02091295 0.00000436 -0.05183394
v -0.01828469 0.00000436 -0.05530236
v -0.01517109 0.00965030 -0.05518999
v -0.01517109 0.01262366 -0.05543645
v -0.01595038 0.01154946 -0.05548590
v -0.01710710 0.01047672 -0.05532484
v -0.01781544 0.01030181 -0.05444986
v -0.01791979 0.00934859 -0.05525517
v -0.01883324 0.00797559 -0.05515553
v -0.01864781 0.00872185 -0.05444986
v -0.01756860 0.01094021 -0.05361759
v -0.01726928 0.01144889 -0.05329023
v -0.01760974 0.01101600 -0.05288420
v -0.01783214 0.01139059 -0.04895058
v -0.01788819 0.01148533 -0.04795201
v -0.02126235 0.00055094 -0.04795201
v -0.02058680 0.00000436 -0.05444986
v -0.02091295 0.00014137 -0.05183394
v -0.01924942 0.00000436 -0.05560425
v -0.01517109 0.01154946 -0.05552634
v -0.01517109 0.01046797 -0.05538476
v -0.01595038 0.01044902 -0.05558777
v -0.01705046 0.00934859 -0.05555781
v -0.01869312 0.00878744 -0.05384233
v -0.01873486 0.00886469 -0.05310894
v -0.01815054 0.00715063 -0.05556979
v -0.01822208 0.00830500 -0.05533532
v -0.01897455 0.00715063 -0.05526790
v -0.01990052 0.00473259 -0.05512707
v -0.01978246 0.00546573 -0.05489858
v -0.01931560 0.00715063 -0.05444986
v -0.01892864 0.00817236 -0.05444986
v -0.01810939 0.01044902 -0.05115074
v -0.01873188 0.00995929 -0.04795201
v -0.01844150 0.01050149 -0.04795201
v -0.01848920 0.00950600 -0.05224970
v -0.01890717 0.00918826 -0.05005029
v -0.01794721 0.01138039 -0.04795201
v -0.02116516 0.00154934 -0.04795201
v -0.02091474 0.00125201 -0.05074996
v -0.02105247 0.00055094 -0.05005029
v -0.02015273 0.00000436 -0.05530236
v -0.02058680 0.00055094 -0.05444986
v -0.02083782 0.00052470 -0.05222049
v -0.02072215 0.00055094 -0.05334941
v -0.01970495 0.00000436 -0.05545218
v -0.01924942 0.00055094 -0.05560425
v -0.01815054 0.00605020 -0.05560425
v -0.01910751 0.00924656 -0.04795201
v -0.01905385 0.00935588 -0.04795201
v -0.01924942 0.00275035 -0.05558702
v -0.01924942 0.00385078 -0.05553234
v -0.01999711 0.00385078 -0.05523044
v -0.02025111 0.00385078 -0.05444986
v -0.01996015 0.00504013 -0.05449931
v -0.01943903 0.00715063 -0.05334941
v -0.01979558 0.00768555 -0.04836027
v -0.01981645 0.00773948 -0.04795201
v -0.01962506 0.00817965 -0.04795201
v -0.01962029 0.00818985 -0.04795201
v -0.01948434 0.00824961 -0.04895058
v -0.02105545 0.00165137 -0.04895058
v -0.02104710 0.00274889 -0.04795201
v -0.02061542 0.00165137 -0.05334941
v -0.02015273 0.00055094 -0.05530236
v -0.02049617 0.00165137 -0.05444986
v -0.02007105 0.00275035 -0.05528438
v -0.02011577 0.00165137 -0.05530011
v -0.02039720 0.00275035 -0.05444986
v -0.01924942 0.00165137 -0.05560275
v -0.02091593 0.00341498 -0.04856104
v -0.02086704 0.00418019 -0.04795201
v -0.02010682 0.00495122 -0.05334941
v -0.02022130 0.00495122 -0.05224970
v -0.01979260 0.00657637 -0.05162943
v -0.01997565 0.00723371 -0.04795201
v -0.01996492 0.00726869 -0.04795201
v -0.02091533 0.00235827 -0.04965550
v -0.02093501 0.00370940 -0.04795201
v -0.02087896 0.00309141 -0.04929443
v -0.02061721 0.00275035 -0.05224970
v -0.02088671 0.00404464 -0.04795201
v -0.02069532 0.00486085 -0.04795201
v -0.02056414 0.00495122 -0.04895058
f 673 674 675
f 673 675 676
f 673 676 677
f 673 677 678
f 673 678 679
f 673 679 687
f 673 687 686
f 673 686 694
f 673 694 704
f 673 704 720
f 673 720 743
f 673 743 740
f 673 740 739
f 673 739 755
f 673 755 754
f 673 754 765
f 673 765 764
f 673 764 763
f 673 763 782
f 673 782 781
f 673 781 788
f 673 788 777
f 673 777 787
f 673 787 784
f 673 784 768
f 673 768 744
f 673 744 721
f 673 721 705
f 673 705 695
f 673 695 688
f 673 688 680
f 673 680 689
f 673 689 696
f 673 696 708
f 673 708 726
f 673 726 725
f 673 725 709
f 673 709 697
f 673 697 690
f 673 690 682
f 673 682 681
f 673 681 674
f 674 681 675
f 675 681 682
f 675 682 683
f 675 683 684
f 675 684 685
f 675 685 676
f 676 685 686
f 676 686 677
f 677 686 678
f 678 687 679
f 678 686 687
f 680 688 689
f 682 690 683
f 683 690 691
f 683 691 684
f 684 691 692
f 684 692 685
f 685 692 693
f 685 693 686
f 686 693 694
f 688 695 706
f 688 706 722
f 688 722 747
f 688 747 751
f 688 751 724
f 688 724 707
f 688 707 696
f 688 696 689
f 690 697 698
f 690 698 691
f 691 698 699
f 691 699 700
f 691 700 701
f 691 701 702
f 691 702 703
f 691 703 692
f 692 703 704
f 692 704 694
f 692 694 693
f 695 705 706
f 696 707 708
f 697 709 710
f 697 710 699
f 697 699 698
f 699 710 700
f 700 710 711
f 700 711 701
f 701 712 702
f 701 711 713
f 701 713 714
f 701 714 715
f 701 715 712
f 702 712 716
f 702 716 703
f 703 717 704
f 703 716 717
f 704 717 716
f 704 716 718
f 704 718 719
f 704 719 720
f 705 721 723
f 705 723 706
f 706 723 748
f 706 748 722
f 707 724 725
f 707 725 726
f 707 726 708
f 709 725 727
f 709 727 710
f 710 727 728
f 710 728 711
f 711 728 713
f 712 715 729
f 712 729 730
f 712 730 716
f 713 728 731
f 713 731 732
f 713 732 733
f 713 733 714
f 714 733 734
f 714 734 735
f 714 735 736
f 714 736 737
f 714 737 715
f 715 737 729
f 716 738 739
f 716 739 740
f 716 740 718
f 716 730 741
f 716 741 742
f 716 742 738
f 718 740 719
f 719 743 720
f 719 740 743
f 721 744 745
f 721 745 746
f 721 746 723
f 722 748 770
f 722 770 747
f 723 746 749
f 723 749 750
f 723 750 748
f 724 751 752
f 724 752 753
f 724 753 727
f 724 727 725
f 727 731 728
f 727 753 731
f 729 737 754
f 729 754 730
f 730 754 755
f 730 755 742
f 730 742 741
f 731 733 732
f 731 753 756
f 731 756 757
f 731 757 733
f 733 757 758
f 733 758 734
f 734 758 759
f 734 759 735
f 735 759 760
f 735 760 736
f 736 761 737
f 736 760 761
f 737 761 762
f 737 762 763
f 737 763 764
f 737 764 765
f 737 765 766
f 737 766 754
f 738 742 739
f 739 742 755
f 744 767 745
f 744 768 767
f 745 767 769
f 745 769 750
f 745 750 749
f 745 749 746
f 747 770 751
f 748 750 771
f 748 771 772
f 748 772 773
f 748 773 770
f 750 769 774
f 750 774 771
f 751 770 752
f 752 770 775
f 752 775 753
f 753 775 756
f 754 766 765
f 756 772 757
f 756 775 773
f 756 773 772
f 757 772 758
f 758 772 771
f 758 771 774
f 758 774 759
f 759 774 776
f 759 776 777
f 759 777 778
f 759 778 760
f 760 778 779
f 760 779 780
f 760 780 761
f 761 780 781
f 761 781 762
f 762 781 782
f 762 782 763
f 767 783 774
f 767 774 769
f 767 768 783
f 768 784 776
f 768 776 785
f 768 785 786
f 768 786 783
f 770 773 775
f 774 786 785
f 774 785 776
f 774 783 786
f 776 784 787
f 776 787 777
f 777 788 778
f 778 788 779
f 779 788 789
f 779 789 781
f 779 781 780
f 781 789 788

o part_8
v 0.01484563 0.01015865 -0.04792423
v -0.00000437 0.01797655 -0.04792423
v 0.01484563 0.01522358 -0.04792423
v 0.01484563 0.01943322 0.01165276
v -0.00000437 0.02450817 0.01165276
v -0.00000437 0.02450149 0.01160028
v -0.00000437 0.02126408 -0.04792423
v 0.01448805 0.01555768 -0.04792423
v 0.01484563 0.01532548 -0.04724192
v 0.01484563 0.02137934 0.01165276
v -0.00000437 0.02722105 0.01165276
v -0.00000437 0.02127243 -0.04784842
v 0.00055091 0.02126408 -0.04792423
v 0.01376125 0.01615571 -0.04792423
v 0.01449386 0.01556269 -0.04784842
v 0.01484563 0.01571303 -0.04443102
v 0.01484563 0.01559109 -0.04534077
v 0.01484563 0.01546079 -0.04629135
v 0.01480057 0.02283935 0.01165276
v 0.01484563 0.02280761 0.01164693
v 0.00055091 0.02722272 0.01165276
v -0.00000437 0.02641253 0.00316176
v 0.00055091 0.02127243 -0.04784842
v -0.00000437 0.02201246 -0.04083284
v 0.00062504 0.02125740 -0.04792423
v 0.01271029 0.01701769 -0.04792423
v 0.01264924 0.01707782 -0.04784842
v 0.01344872 0.01670530 -0.04564985
v 0.01399818 0.01625427 -0.04564985
v 0.01484563 0.01660508 -0.03752625
v 0.01484563 0.01611896 -0.04129355
v 0.01484563 0.01577150 -0.04398198
v 0.01458544 0.02296798 0.01165276
v 0.01433542 0.02202248 0.00198375
v 0.01484563 0.02206758 0.00537782
v 0.00165128 0.02711581 0.01165276
v 0.00055091 0.02710245 0.01044559
v 0.00014099 0.02641253 0.00316176
v -0.00000437 0.02531335 -0.00783689
v 0.00165128 0.02116552 -0.04784842
v 0.00014099 0.02201246 -0.04083284
v 0.00014099 0.02531335 -0.00783689
v 0.00087506 0.02527827 -0.00748699
v 0.00172542 0.02115048 -0.04792423
v 0.01265506 0.01706279 -0.04792423
v 0.01209833 0.01760069 -0.04729440
v 0.01286437 0.01732673 -0.04454766
v 0.01484563 0.01811520 -0.02579863
v 0.01427728 0.02308658 0.01110458
v 0.01407377 0.02325864 0.01165276
v 0.01426710 0.02198072 0.00125478
v 0.01484563 0.02195566 0.00443891
v 0.01429472 0.02089657 -0.00767944
v 0.01320161 0.01980073 -0.02311020
v 0.00385059 0.02689865 0.01165276
v 0.00385059 0.02688862 0.01154779
v 0.00275021 0.02699720 0.01154779
v 0.00165128 0.02699553 0.01044559
v 0.00275021 0.02105694 -0.04784842
v 0.00165128 0.02556559 -0.00385382
v 0.00419800 0.02527994 -0.00420372
v 0.00281998 0.02104190 -0.04792423
v 0.01209396 0.01751716 -0.04792423
v 0.01204600 0.01756561 -0.04784842
v 0.01148927 0.01789135 -0.04792423
v 0.01207071 0.01868484 -0.03836602
v 0.01484563 0.02055746 -0.00681634
v 0.01323504 0.01763076 -0.03982395
v 0.01386591 0.01834573 -0.03024825
v 0.01383393 0.02338727 0.01165276
v 0.01383974 0.02225301 0.00162801
v 0.01484563 0.02184040 0.00350000
v 0.01484563 0.02086650 -0.00437284
v 0.01484563 0.02063096 -0.00623900
v 0.00495096 0.02677169 0.01165276
v 0.00495096 0.02676166 0.01154779
v 0.00451779 0.02641587 0.00752972
v 0.00419800 0.02637912 0.00679493
v 0.00383896 0.02645095 0.00715649
v 0.00346393 0.02641587 0.00643336
v 0.00385059 0.02325864 -0.02474892
v 0.00419800 0.02307823 -0.02619519
v 0.00385059 0.02215612 -0.03574757
v 0.00419800 0.02417908 -0.01520237
v 0.00372267 0.02093499 -0.04792423
v 0.00418927 0.02197571 -0.03717635
v 0.01203873 0.01756060 -0.04792423
v 0.01057931 0.01840420 -0.04792423
v 0.01075229 0.01856957 -0.04564985
v 0.01219572 0.02425092 0.01154779
v 0.01225822 0.02422920 0.01165276
v 0.01374962 0.02267564 0.00494627
v 0.01307805 0.02303480 0.00494627
v 0.00607314 0.02652446 0.01165276
v 0.00578969 0.02648603 0.01044559
v 0.00550478 0.02640084 0.00878355
v 0.00446546 0.02311498 -0.02546623
v 0.00445092 0.02201413 -0.03644155
v 0.00380843 0.02094167 -0.04774345
v 0.00401193 0.02089323 -0.04792423
v 0.01044267 0.01847770 -0.04792423
v 0.00934956 0.01931795 -0.04564985
v 0.01036708 0.02224967 -0.01485247
v 0.01044994 0.02245347 -0.01265391
v 0.01128140 0.02325029 -0.00165526
v 0.01162736 0.02443467 0.01048641
v 0.01154886 0.02459504 0.01154779
v 0.01154886 0.02460673 0.01165276
v 0.01100376 0.02420247 0.00547112
v 0.00609349 0.02651944 0.01165276
v 0.00609349 0.02651777 0.01162943
v 0.00633915 0.02632066 0.01044559
v 0.00605134 0.02606507 0.00714483
v 0.00596122 0.02403876 -0.01260142
v 0.00502219 0.02064934 -0.04792423
v 0.00468786 0.02098678 -0.04564985
v 0.00440441 0.02089991 -0.04730607
v 0.00442476 0.02080636 -0.04792423
v 0.00996298 0.01873328 -0.04792423
v 0.00934956 0.01906905 -0.04784842
v 0.00879719 0.01979906 -0.04399364
v 0.00942224 0.02064433 -0.03354901
v 0.01036999 0.02286441 -0.00938813
v 0.01146601 0.02464849 0.01165276
v 0.00994699 0.02422252 0.00087572
v 0.00994990 0.02312668 -0.00904406
v 0.00611675 0.02651276 0.01165276
v 0.00703107 0.02623546 0.01165276
v 0.00924927 0.02556225 0.01165276
v 0.00980163 0.02526992 0.01044559
v 0.00854136 0.02302143 -0.01485247
v 0.00605134 0.02057416 -0.04564985
v 0.00605134 0.02034531 -0.04784842
v 0.00708194 0.02002457 -0.04792423
v 0.00485939 0.02069778 -0.04792423
v 0.00935392 0.01905736 -0.04792423
v 0.00819250 0.01962198 -0.04792423
v 0.00844542 0.01964370 -0.04674622
v 0.00858642 0.01970551 -0.04564985
v 0.00880882 0.02090325 -0.03414384
v 0.00924490 0.02062428 -0.03456373
v 0.01044267 0.02513795 0.01165276
v 0.00984815 0.02418243 0.00014675
v 0.00989612 0.02529831 0.01100544
v 0.01011416 0.02527660 0.01165276
v 0.00943969 0.02550379 0.01165276
v 0.00942951 0.02435115 0.00052581
v 0.00725201 0.01997279 -0.04792423
v 0.00817360 0.01963034 -0.04792423
v 0.00778258 0.01983247 -0.04762681
v 0.00876667 0.02198907 -0.02410160
v 0.00983507 0.02537850 0.01165276
v 0.00865620 0.02195566 -0.02474892
v 0.00727382 0.01996611 -0.04792423
f 790 791 796
f 790 796 802
f 790 802 814
f 790 814 833
f 790 833 851
f 790 851 874
f 790 874 889
f 790 889 907
f 790 907 924
f 790 924 904
f 790 904 923
f 790 923 937
f 790 937 943
f 790 943 938
f 790 938 926
f 790 926 925
f 790 925 908
f 790 908 890
f 790 890 877
f 790 877 854
f 790 854 876
f 790 876 852
f 790 852 834
f 790 834 815
f 790 815 803
f 790 803 797
f 790 797 792
f 790 792 798
f 790 798 807
f 790 807 806
f 790 806 805
f 790 805 821
f 790 821 820
f 790 820 819
f 790 819 837
f 790 837 856
f 790 856 863
f 790 863 862
f 790 862 861
f 790 861 841
f 790 841 824
f 790 824 809
f 790 809 799
f 790 799 793
f 790 793 794
f 790 794 795
f 790 795 791
f 791 795 794
f 791 794 800
f 791 800 811
f 791 811 828
f 791 828 813
f 791 813 801
f 791 801 796
f 792 797 798
f 793 799 808
f 793 808 822
f 793 822 839
f 793 839 859
f 793 859 880
f 793 880 897
f 793 897 913
f 793 913 931
f 793 931 934
f 793 934 941
f 793 941 935
f 793 935 918
f 793 918 917
f 793 917 916
f 793 916 899
f 793 899 883
f 793 883 864
f 793 864 844
f 793 844 825
f 793 825 810
f 793 810 800
f 793 800 794
f 796 801 812
f 796 812 802
f 797 803 804
f 797 804 805
f 797 805 806
f 797 806 807
f 797 807 798
f 799 809 808
f 800 810 811
f 801 813 830
f 801 830 812
f 802 812 814
f 803 815 816
f 803 816 817
f 803 817 818
f 803 818 804
f 804 818 819
f 804 819 820
f 804 820 821
f 804 821 805
f 808 809 823
f 808 823 822
f 809 824 823
f 810 825 847
f 810 847 826
f 810 826 827
f 810 827 811
f 811 827 831
f 811 831 828
f 812 829 833
f 812 833 814
f 812 830 831
f 812 831 832
f 812 832 829
f 813 828 831
f 813 831 830
f 815 834 816
f 816 834 835
f 816 835 836
f 816 836 817
f 817 836 837
f 817 837 819
f 817 819 818
f 822 838 839
f 822 823 840
f 822 840 838
f 823 824 841
f 823 841 842
f 823 842 843
f 823 843 840
f 825 844 845
f 825 845 846
f 825 846 847
f 826 847 832
f 826 832 831
f 826 831 827
f 829 848 833
f 829 832 849
f 829 849 850
f 829 850 848
f 832 847 849
f 833 848 851
f 834 852 835
f 835 852 853
f 835 853 854
f 835 854 855
f 835 855 843
f 835 843 842
f 835 842 856
f 835 856 836
f 836 856 857
f 836 857 837
f 837 857 858
f 837 858 856
f 838 840 839
f 839 840 860
f 839 860 859
f 840 843 860
f 841 861 842
f 842 861 862
f 842 862 863
f 842 863 856
f 843 855 860
f 844 864 865
f 844 865 845
f 845 865 866
f 845 866 867
f 845 867 868
f 845 868 869
f 845 869 846
f 846 869 847
f 847 869 850
f 847 850 849
f 848 870 871
f 848 871 872
f 848 872 851
f 848 850 870
f 850 869 868
f 850 868 867
f 850 867 866
f 850 866 873
f 850 873 870
f 851 872 875
f 851 875 874
f 852 876 853
f 853 876 854
f 854 877 855
f 855 877 878
f 855 878 860
f 856 858 857
f 859 879 880
f 859 860 881
f 859 881 882
f 859 882 879
f 860 878 881
f 864 883 884
f 864 884 885
f 864 885 865
f 865 885 886
f 865 886 871
f 865 871 866
f 866 871 873
f 870 873 871
f 871 886 887
f 871 887 875
f 871 875 872
f 874 888 889
f 874 875 888
f 875 887 888
f 877 890 878
f 878 890 891
f 878 891 892
f 878 892 893
f 878 893 894
f 878 894 882
f 878 882 881
f 879 895 896
f 879 896 897
f 879 897 880
f 879 882 898
f 879 898 895
f 882 894 898
f 883 899 900
f 883 900 884
f 884 900 885
f 885 900 901
f 885 901 902
f 885 902 903
f 885 903 904
f 885 904 905
f 885 905 906
f 885 906 887
f 885 887 886
f 887 906 888
f 888 906 889
f 889 906 907
f 890 908 909
f 890 909 891
f 891 909 910
f 891 910 911
f 891 911 892
f 892 912 893
f 892 911 912
f 893 912 898
f 893 898 894
f 895 898 896
f 896 898 897
f 897 898 913
f 898 914 913
f 898 912 915
f 898 915 914
f 899 916 900
f 900 916 917
f 900 917 918
f 900 918 919
f 900 919 901
f 901 919 902
f 902 919 920
f 902 920 903
f 903 920 921
f 903 921 904
f 904 921 922
f 904 922 923
f 904 924 906
f 904 906 905
f 906 924 907
f 908 925 909
f 909 925 926
f 909 926 927
f 909 927 928
f 909 928 910
f 910 928 929
f 910 929 915
f 910 915 930
f 910 930 911
f 911 930 912
f 912 930 915
f 913 914 931
f 914 932 933
f 914 933 934
f 914 934 931
f 914 915 929
f 914 929 932
f 918 935 933
f 918 933 919
f 919 933 932
f 919 932 936
f 919 936 920
f 920 936 937
f 920 937 923
f 920 923 921
f 921 923 922
f 926 938 927
f 927 938 928
f 928 938 929
f 929 938 939
f 929 939 940
f 929 940 932
f 932 940 936
f 933 935 941
f 933 941 934
f 936 940 942
f 936 942 943
f 936 943 937
f 938 943 939
f 939 943 940
f 940 943 942

o part_9
v -0.01484540 0.01014163 -0.04795200
v -0.01484540 0.01521780 -0.04795200
v -0.00000582 0.01796321 -0.04795200
v -0.00000582 0.02450739 0.01165277
v -0.01484540 0.01943122 0.01164693
v -0.01484540 0.01539168 -0.04674427
v -0.01448658 0.01555554 -0.04795200
v -0.00000582 0.02126205 -0.04795200
v -0.00000582 0.02722104 0.01165277
v -0.01480763 0.01946299 0.01165277
v -0.01484540 0.01949309 0.01165277
v -0.01484540 0.01554551 -0.04564739
v -0.01380961 0.01611231 -0.04795200
v -0.01484540 0.01569599 -0.04454468
v -0.01484540 0.01577123 -0.04398458
v -0.01466671 0.01570435 -0.04564739
v -0.01484540 0.01647681 -0.03852353
v -0.01399846 0.01625443 -0.04564739
v -0.00055059 0.02126205 -0.04795200
v -0.00000582 0.02201278 -0.04083397
v -0.00055059 0.02722104 0.01165277
v -0.00000582 0.02641179 0.00316364
v -0.01484540 0.02280865 0.01165277
v -0.01326774 0.01655707 -0.04795200
v -0.01484540 0.01681288 -0.03591553
v -0.01277817 0.01725596 -0.04564739
v -0.00014092 0.02201278 -0.04083397
v -0.00154861 0.02116508 -0.04795200
v -0.00125226 0.02421479 -0.01775288
v -0.00087455 0.02527818 -0.00748424
v -0.00055059 0.02501234 -0.01045398
v -0.00014092 0.02531329 -0.00783431
v -0.00000582 0.02531329 -0.00783431
v -0.00014092 0.02641179 0.00316364
v -0.00055059 0.02721101 0.01154775
v -0.00065374 0.02721268 0.01165277
v -0.01484540 0.02214487 0.00604586
v -0.01480037 0.02283874 0.01165277
v -0.01433549 0.02202281 0.00198508
v -0.01265760 0.01705699 -0.04795200
v -0.01484540 0.01712387 -0.03350007
v -0.01209830 0.01760039 -0.04729271
v -0.01484540 0.01858686 -0.02213455
v -0.01484540 0.02051467 -0.00715168
v -0.00165030 0.02115505 -0.04795200
v -0.00275002 0.02127710 -0.04564739
v -0.00275002 0.02237727 -0.03464945
v -0.00385118 0.02446894 -0.01265356
v -0.00163142 0.02413955 -0.01813212
v -0.00275002 0.02501735 -0.00825439
v -0.00165030 0.02655558 0.00604586
v -0.00055059 0.02710233 0.01044503
v -0.00175345 0.02710567 0.01165277
v -0.00165030 0.02710567 0.01154775
v -0.01484540 0.02201445 0.00494898
v -0.01433549 0.02311797 0.01165277
v -0.01426722 0.02198101 0.00124994
v -0.01320092 0.01980073 -0.02310890
v -0.01429482 0.02089589 -0.00768261
v -0.01204600 0.01756528 -0.04784698
v -0.01203583 0.01755859 -0.04795200
v -0.01207070 0.01868384 -0.03836600
v -0.01148670 0.01788964 -0.04795200
v -0.01484540 0.02065345 -0.00605480
v -0.00264833 0.02105640 -0.04795200
v -0.00274856 0.02104637 -0.04795200
v -0.00419693 0.02307951 -0.02619533
v -0.00419693 0.02417968 -0.01520322
v -0.00419693 0.02527985 -0.00420528
v -0.00385118 0.02655893 0.00824545
v -0.00285316 0.02699699 0.01165277
v -0.00385118 0.02688831 0.01154775
v -0.01484540 0.02188069 0.00384627
v -0.01407400 0.02325841 0.01165277
v -0.01427738 0.02308787 0.01110433
v -0.01420765 0.02305109 0.01044503
v -0.01313554 0.02086579 -0.01400132
v -0.01484540 0.02079222 -0.00495209
v -0.01435293 0.02094103 -0.00694747
v -0.01095065 0.01867548 -0.04376870
v -0.01050321 0.01844307 -0.04795200
v -0.00370882 0.02093434 -0.04795200
v -0.00418821 0.02197600 -0.03717577
v -0.00385118 0.02215657 -0.03574633
v -0.00385118 0.02226692 -0.03464945
v -0.00445116 0.02201445 -0.03644646
v -0.00446568 0.02311629 -0.02546602
v -0.00495089 0.02676124 0.01154775
v -0.00451798 0.02641514 0.00752781
v -0.00419693 0.02637835 0.00679850
v -0.00385118 0.02689834 0.01165277
v -0.00395287 0.02688664 0.01165277
v -0.01442411 0.02099453 -0.00605480
v -0.01484540 0.02092933 -0.00385521
v -0.01392437 0.02333867 0.01165277
v -0.01106541 0.02423486 0.00604586
v -0.01241209 0.02326677 0.00384627
v -0.01239611 0.02215824 -0.00605480
v -0.00934974 0.02031069 -0.03684904
v -0.00880933 0.02090425 -0.03414185
v -0.00879771 0.01979906 -0.04399041
v -0.00934974 0.01919380 -0.04674427
v -0.00934974 0.01906840 -0.04784698
v -0.00935555 0.01905335 -0.04795200
v -0.00995117 0.02312633 -0.00904787
v -0.00417950 0.02086746 -0.04795200
v -0.00440467 0.02090090 -0.04730438
v -0.00550438 0.02640009 0.00878222
v -0.00495089 0.02677127 0.01165277
v -0.01154917 0.02460771 0.01165277
v -0.01274476 0.02395731 0.01154775
v -0.01154917 0.02459601 0.01154775
v -0.00994827 0.02422148 0.00087653
v -0.00876720 0.02198937 -0.02410076
v -0.00774013 0.01981578 -0.04795200
v -0.00818030 0.01962517 -0.04795200
v -0.00984803 0.02418303 0.00014722
v -0.00844615 0.01964356 -0.04674427
v -0.00924660 0.01910685 -0.04795200
v -0.00486083 0.02069525 -0.04795200
v -0.00724910 0.01997127 -0.04795200
v -0.00664477 0.02421312 -0.00893118
v -0.00605061 0.02503574 -0.00275250
v -0.00560171 0.02643018 0.00934816
v -0.00505404 0.02674954 0.01165277
v -0.01044219 0.02513941 0.01165277
v -0.00998313 0.02533168 0.01165277
v -0.00989742 0.02529824 0.01100514
v -0.00980154 0.02526982 0.01044503
v -0.00720697 0.02102965 -0.03789924
v -0.00873815 0.02418135 -0.00312590
v -0.00706751 0.02404425 -0.00932209
v -0.00715032 0.02458765 -0.00385521
v -0.00703120 0.02623623 0.01165277
v -0.00654599 0.02638337 0.01165277
v -0.00578912 0.02648703 0.01044503
v -0.00609419 0.02651713 0.01162943
v -0.00609274 0.02651880 0.01165277
v -0.00983641 0.02537850 0.01165277
v -0.00943836 0.02550390 0.01165277
v -0.00945724 0.02547715 0.01144272
v -0.00835172 0.02583495 0.01165277
v -0.00925096 0.02543702 0.01044503
v -0.00794786 0.02537516 0.00604586
v -0.00611743 0.02651211 0.01165277
v -0.00610581 0.02651546 0.01165277
f 944 945 950
f 944 950 956
f 944 956 967
f 944 967 983
f 944 983 1004
f 944 1004 1006
f 944 1006 1024
f 944 1024 1047
f 944 1047 1062
f 944 1062 1059
f 944 1059 1058
f 944 1058 1064
f 944 1064 1063
f 944 1063 1049
f 944 1049 1025
f 944 1025 1009
f 944 1009 1008
f 944 1008 988
f 944 988 971
f 944 971 962
f 944 962 951
f 944 951 946
f 944 946 947
f 944 947 948
f 944 948 954
f 944 954 966
f 944 966 980
f 944 980 998
f 944 998 1016
f 944 1016 1037
f 944 1037 1021
f 944 1021 1007
f 944 1007 987
f 944 987 986
f 944 986 984
f 944 984 968
f 944 968 960
f 944 960 958
f 944 958 957
f 944 957 955
f 944 955 949
f 944 949 945
f 945 949 950
f 946 951 963
f 946 963 976
f 946 976 965
f 946 965 952
f 946 952 947
f 947 952 964
f 947 964 979
f 947 979 996
f 947 996 1014
f 947 1014 1034
f 947 1034 1035
f 947 1035 1052
f 947 1052 1068
f 947 1068 1081
f 947 1081 1089
f 947 1089 1088
f 947 1088 1078
f 947 1078 1077
f 947 1077 1085
f 947 1085 1083
f 947 1083 1082
f 947 1082 1070
f 947 1070 1069
f 947 1069 1053
f 947 1053 1038
f 947 1038 1017
f 947 1017 999
f 947 999 981
f 947 981 966
f 947 966 954
f 947 954 953
f 947 953 948
f 948 953 954
f 949 955 950
f 950 955 957
f 950 957 958
f 950 958 959
f 950 959 960
f 950 960 961
f 950 961 956
f 951 962 970
f 951 970 963
f 952 965 977
f 952 977 964
f 956 961 967
f 958 960 959
f 960 968 961
f 961 969 967
f 961 968 969
f 962 971 972
f 962 972 973
f 962 973 974
f 962 974 975
f 962 975 970
f 963 970 975
f 963 975 976
f 964 977 978
f 964 978 979
f 965 976 975
f 965 975 977
f 966 981 982
f 966 982 980
f 967 969 983
f 968 984 969
f 969 985 983
f 969 984 986
f 969 986 987
f 969 987 985
f 971 988 989
f 971 989 990
f 971 990 991
f 971 991 992
f 971 992 972
f 972 992 993
f 972 993 994
f 972 994 995
f 972 995 973
f 973 995 974
f 974 995 975
f 975 995 977
f 977 995 978
f 978 995 979
f 979 995 997
f 979 997 996
f 980 982 998
f 981 999 1000
f 981 1000 982
f 982 1000 1001
f 982 1001 1002
f 982 1002 998
f 983 985 1003
f 983 1003 1004
f 985 1001 1005
f 985 1005 1006
f 985 1006 1003
f 985 987 1002
f 985 1002 1001
f 987 1007 1002
f 988 1008 989
f 989 1008 1009
f 989 1009 1010
f 989 1010 1011
f 989 1011 991
f 989 991 990
f 991 1011 1012
f 991 1012 993
f 991 993 992
f 993 1012 994
f 994 1013 997
f 994 997 995
f 994 1012 1013
f 996 997 1015
f 996 1015 1014
f 997 1013 1015
f 998 1002 1016
f 999 1017 1018
f 999 1018 1000
f 1000 1018 1019
f 1000 1019 1020
f 1000 1020 1001
f 1001 1020 1005
f 1002 1007 1021
f 1002 1021 1022
f 1002 1022 1016
f 1003 1006 1004
f 1005 1023 1024
f 1005 1024 1006
f 1005 1020 1023
f 1009 1025 1026
f 1009 1026 1027
f 1009 1027 1028
f 1009 1028 1010
f 1010 1028 1026
f 1010 1026 1029
f 1010 1029 1030
f 1010 1030 1031
f 1010 1031 1032
f 1010 1032 1011
f 1011 1032 1012
f 1012 1032 1033
f 1012 1033 1013
f 1013 1033 1015
f 1014 1015 1034
f 1015 1031 1035
f 1015 1035 1034
f 1015 1033 1032
f 1015 1032 1031
f 1016 1022 1036
f 1016 1036 1037
f 1017 1038 1018
f 1018 1038 1019
f 1019 1038 1039
f 1019 1039 1040
f 1019 1040 1041
f 1019 1041 1024
f 1019 1024 1020
f 1020 1024 1023
f 1021 1037 1022
f 1022 1037 1036
f 1024 1042 1043
f 1024 1043 1044
f 1024 1044 1045
f 1024 1045 1046
f 1024 1046 1047
f 1024 1041 1039
f 1024 1039 1048
f 1024 1048 1042
f 1025 1049 1029
f 1025 1029 1026
f 1026 1028 1027
f 1029 1049 1050
f 1029 1050 1051
f 1029 1051 1030
f 1030 1051 1031
f 1031 1051 1052
f 1031 1052 1035
f 1038 1053 1054
f 1038 1054 1039
f 1039 1041 1040
f 1039 1054 1055
f 1039 1055 1053
f 1039 1053 1056
f 1039 1056 1048
f 1042 1048 1043
f 1043 1057 1058
f 1043 1058 1059
f 1043 1059 1044
f 1043 1048 1056
f 1043 1056 1060
f 1043 1060 1057
f 1044 1059 1061
f 1044 1061 1062
f 1044 1062 1047
f 1044 1047 1046
f 1044 1046 1045
f 1049 1063 1050
f 1050 1063 1064
f 1050 1064 1065
f 1050 1065 1066
f 1050 1066 1067
f 1050 1067 1051
f 1051 1067 1052
f 1052 1067 1068
f 1053 1055 1054
f 1053 1069 1056
f 1056 1069 1070
f 1056 1070 1071
f 1056 1071 1060
f 1057 1064 1058
f 1057 1060 1064
f 1059 1062 1061
f 1060 1071 1072
f 1060 1072 1064
f 1064 1073 1065
f 1064 1072 1074
f 1064 1074 1073
f 1065 1075 1076
f 1065 1076 1067
f 1065 1067 1066
f 1065 1073 1075
f 1067 1076 1077
f 1067 1077 1078
f 1067 1078 1079
f 1067 1079 1068
f 1068 1079 1080
f 1068 1080 1081
f 1070 1082 1071
f 1071 1082 1083
f 1071 1083 1084
f 1071 1084 1072
f 1072 1084 1085
f 1072 1085 1077
f 1072 1077 1086
f 1072 1086 1074
f 1073 1074 1075
f 1074 1086 1075
f 1075 1086 1076
f 1076 1086 1087
f 1076 1087 1077
f 1077 1087 1086
f 1078 1088 1080
f 1078 1080 1079
f 1080 1088 1089
f 1080 1089 1081
f 1083 1085 1084

o part_10
v 0.02425282 0.01794774 0.04041718
v 0.02340614 0.01904005 0.04041718
v 0.02142758 0.01794774 0.04041718
v 0.02408794 0.01794774 0.03856432
v 0.02184869 0.02072217 0.03904865
v 0.02238789 0.02024601 0.04041718
v 0.02224307 0.02009765 0.03794764
v 0.02029793 0.01794774 0.03691702
v 0.00149043 0.02795913 0.04041718
v 0.00149043 0.02705585 0.03684944
v 0.00149043 0.02685845 0.03574842
v 0.02400996 0.01794774 0.03798424
v 0.02279341 0.01942648 0.03794764
v 0.02129835 0.02130002 0.03904865
v 0.02136742 0.02136941 0.04041718
v 0.02178408 0.02064799 0.03794764
v 0.02123373 0.02123542 0.03794764
v 0.02038928 0.01794774 0.01165558
v 0.02011745 0.01827914 0.01165558
v 0.01980774 0.01871224 0.01202446
v 0.02023554 0.01794774 0.03664388
v 0.00149043 0.03016885 0.04041718
v 0.00149043 0.02651149 0.03236934
v 0.02003278 0.01794774 0.03574842
v 0.02006397 0.01794774 0.03588921
v 0.02071904 0.02185036 0.03904865
v 0.02024445 0.02239113 0.04041718
v 0.01978769 0.01979018 0.01877136
v 0.02064551 0.02178576 0.03794764
v 0.01663714 0.01794774 0.01165558
v 0.01931310 0.01915370 0.01165558
v 0.01923511 0.01923745 0.01165558
v 0.00165086 0.03016048 0.04041718
v 0.00149043 0.02993795 0.03794764
v 0.00149043 0.02494183 0.01689315
v 0.00149043 0.02473486 0.01485162
v 0.00149043 0.02442021 0.01165558
v 0.01783586 0.02441781 0.04041718
v 0.01903904 0.02340687 0.04041718
v 0.01871151 0.01981052 0.01202446
v 0.02009517 0.02224397 0.03794764
v 0.01915267 0.01931522 0.01165558
v 0.00385000 0.03000734 0.04041718
v 0.00149043 0.02713122 0.01165558
v 0.01644329 0.02526845 0.03904865
v 0.01595311 0.02566206 0.04041718
v 0.01768658 0.02427066 0.03818418
v 0.01827703 0.02011919 0.01165558
v 0.00494623 0.02989608 0.04041718
v 0.00457191 0.02971662 0.03840100
v 0.00385000 0.02689913 0.01165558
v 0.00264905 0.02701757 0.01165558
v 0.00165086 0.02711567 0.01165558
v 0.01445136 0.02654140 0.04041718
v 0.01634080 0.02520743 0.03794764
v 0.01820573 0.02017781 0.01165558
v 0.01624053 0.02178935 0.01165558
v 0.01574366 0.02219612 0.01165558
v 0.01569242 0.02223799 0.01165558
v 0.01539608 0.02309939 0.01651301
v 0.00825052 0.02904066 0.04041718
v 0.00605138 0.02951324 0.03904865
v 0.00605138 0.02941513 0.03794764
v 0.00495069 0.02677111 0.01165558
v 0.00484820 0.02678308 0.01165558
v 0.01231014 0.02767438 0.04041718
v 0.01430876 0.02640502 0.03846858
v 0.01215863 0.02753082 0.03834186
v 0.01435332 0.02313050 0.01183861
v 0.01561889 0.02228944 0.01165558
v 0.01533815 0.02306350 0.01595264
v 0.00913508 0.02880258 0.04041718
v 0.00715206 0.02922131 0.03904865
v 0.00715206 0.02912082 0.03794764
v 0.00609371 0.02651987 0.01165558
v 0.01155036 0.02796271 0.04041718
v 0.01407258 0.02325971 0.01165558
v 0.01275799 0.02396319 0.01165558
v 0.01155036 0.02460804 0.01165558
v 0.01160383 0.02769711 0.03796453
v 0.01146792 0.02464872 0.01165558
v 0.01081285 0.02521939 0.01375061
v 0.01066580 0.02515718 0.01265241
v 0.01044521 0.02513924 0.01165558
v 0.00999736 0.02533664 0.01174287
v 0.01458505 0.02296899 0.01165558
v 0.01480117 0.02283978 0.01165558
v 0.01498833 0.02285174 0.01265241
v 0.01045190 0.02821994 0.03904865
v 0.01045190 0.02811705 0.03794764
v 0.00893455 0.02863987 0.03827991
v 0.00705403 0.02622915 0.01165558
v 0.01011545 0.02527682 0.01165558
v 0.00983694 0.02537851 0.01165558
v 0.00944033 0.02550414 0.01165558
v 0.00925095 0.02556276 0.01165558
f 1090 1091 1095
f 1090 1095 1104
f 1090 1104 1116
f 1090 1116 1128
f 1090 1128 1127
f 1090 1127 1135
f 1090 1135 1143
f 1090 1143 1155
f 1090 1155 1165
f 1090 1165 1161
f 1090 1161 1150
f 1090 1150 1138
f 1090 1138 1132
f 1090 1132 1122
f 1090 1122 1111
f 1090 1111 1098
f 1090 1098 1092
f 1090 1092 1097
f 1090 1097 1110
f 1090 1110 1114
f 1090 1114 1113
f 1090 1113 1119
f 1090 1119 1107
f 1090 1107 1101
f 1090 1101 1093
f 1090 1093 1091
f 1091 1094 1095
f 1091 1093 1096
f 1091 1096 1094
f 1092 1098 1099
f 1092 1099 1100
f 1092 1100 1097
f 1093 1101 1102
f 1093 1102 1096
f 1094 1103 1104
f 1094 1104 1095
f 1094 1096 1105
f 1094 1105 1106
f 1094 1106 1103
f 1096 1102 1107
f 1096 1107 1108
f 1096 1108 1109
f 1096 1109 1105
f 1097 1100 1110
f 1098 1111 1123
f 1098 1123 1133
f 1098 1133 1126
f 1098 1126 1125
f 1098 1125 1124
f 1098 1124 1112
f 1098 1112 1100
f 1098 1100 1099
f 1100 1112 1113
f 1100 1113 1114
f 1100 1114 1110
f 1101 1107 1102
f 1103 1106 1115
f 1103 1115 1104
f 1104 1115 1116
f 1105 1109 1117
f 1105 1117 1106
f 1106 1118 1115
f 1106 1117 1118
f 1107 1119 1126
f 1107 1126 1133
f 1107 1133 1142
f 1107 1142 1141
f 1107 1141 1140
f 1107 1140 1154
f 1107 1154 1153
f 1107 1153 1164
f 1107 1164 1181
f 1107 1181 1185
f 1107 1185 1184
f 1107 1184 1183
f 1107 1183 1182
f 1107 1182 1173
f 1107 1173 1170
f 1107 1170 1168
f 1107 1168 1167
f 1107 1167 1166
f 1107 1166 1175
f 1107 1175 1176
f 1107 1176 1159
f 1107 1159 1148
f 1107 1148 1147
f 1107 1147 1146
f 1107 1146 1145
f 1107 1145 1137
f 1107 1137 1131
f 1107 1131 1121
f 1107 1121 1120
f 1107 1120 1108
f 1108 1120 1109
f 1109 1120 1121
f 1109 1121 1117
f 1111 1122 1123
f 1112 1124 1113
f 1113 1124 1125
f 1113 1125 1126
f 1113 1126 1119
f 1115 1127 1128
f 1115 1128 1116
f 1115 1118 1127
f 1117 1121 1129
f 1117 1129 1118
f 1118 1130 1127
f 1118 1129 1130
f 1121 1131 1129
f 1122 1132 1123
f 1123 1132 1133
f 1127 1134 1135
f 1127 1130 1136
f 1127 1136 1134
f 1129 1131 1137
f 1129 1137 1136
f 1129 1136 1130
f 1132 1138 1139
f 1132 1139 1140
f 1132 1140 1141
f 1132 1141 1142
f 1132 1142 1133
f 1134 1143 1135
f 1134 1136 1144
f 1134 1144 1143
f 1136 1137 1145
f 1136 1145 1146
f 1136 1146 1147
f 1136 1147 1148
f 1136 1148 1149
f 1136 1149 1144
f 1138 1150 1151
f 1138 1151 1152
f 1138 1152 1153
f 1138 1153 1154
f 1138 1154 1140
f 1138 1140 1139
f 1143 1144 1156
f 1143 1156 1157
f 1143 1157 1155
f 1144 1149 1158
f 1144 1158 1156
f 1148 1159 1149
f 1149 1159 1160
f 1149 1160 1158
f 1150 1161 1162
f 1150 1162 1151
f 1151 1162 1152
f 1152 1162 1163
f 1152 1163 1164
f 1152 1164 1153
f 1155 1157 1165
f 1156 1158 1166
f 1156 1166 1167
f 1156 1167 1168
f 1156 1168 1157
f 1157 1169 1165
f 1157 1168 1170
f 1157 1170 1171
f 1157 1171 1172
f 1157 1172 1173
f 1157 1173 1174
f 1157 1174 1169
f 1158 1160 1175
f 1158 1175 1166
f 1159 1176 1177
f 1159 1177 1160
f 1160 1177 1176
f 1160 1176 1175
f 1161 1165 1178
f 1161 1178 1179
f 1161 1179 1180
f 1161 1180 1163
f 1161 1163 1162
f 1163 1180 1164
f 1164 1180 1181
f 1165 1169 1179
f 1165 1179 1178
f 1169 1174 1179
f 1170 1173 1172
f 1170 1172 1171
f 1173 1182 1174
f 1174 1182 1183
f 1174 1183 1179
f 1179 1183 1180
f 1180 1183 1184
f 1180 1184 1185
f 1180 1185 1181

o part_11
v -0.02126183 0.00000436 -0.04795200
v -0.02126183 0.00055126 -0.04795200
v -0.01796275 0.00000436 -0.04795200
v -0.02201300 0.00000436 -0.04083397
v -0.02115522 0.00165174 -0.04795200
v -0.02201300 0.00014053 -0.04083397
v -0.02193789 0.00052447 -0.04121905
v -0.02435253 0.00055126 -0.01705274
v -0.01484540 0.01014310 -0.04795200
v -0.01484540 0.01943136 0.01164693
v -0.02450761 0.00000436 0.01165277
v -0.02641340 0.00000436 0.00316364
v -0.02105708 0.00264954 -0.04795200
v -0.02637826 0.00087493 0.00351370
v -0.02468571 0.00165174 -0.01265356
v -0.02641340 0.00014053 0.00316364
v -0.02589243 0.00055126 -0.00165562
v -0.01484540 0.01521693 -0.04795200
v -0.01484540 0.01949386 0.01165277
v -0.02722151 0.00000436 0.01165277
v -0.02721788 0.00000436 0.01160609
v -0.02722272 0.00055126 0.01165277
v -0.02105708 0.00275222 -0.04784698
v -0.02104618 0.00274999 -0.04795200
v -0.02435738 0.00275222 -0.01485315
v -0.02402904 0.00385047 -0.01705274
v -0.02417928 0.00419870 -0.01520322
v -0.02307918 0.00419870 -0.02619533
v -0.02699253 0.00055126 0.00934816
v -0.02677566 0.00165174 0.00824545
v -0.02524061 0.00273660 -0.00603730
v -0.01503804 0.01503612 -0.04795200
v -0.01521735 0.01521693 -0.04564739
v -0.01536516 0.01536203 -0.04376870
v -0.01484540 0.01523256 -0.04784698
v -0.01484540 0.02280871 0.01165277
v -0.02710520 0.00175442 0.01165277
v -0.02710520 0.00165174 0.01154775
v -0.02197666 0.00418977 -0.03717577
v -0.02093592 0.00370984 -0.04795200
v -0.02556894 0.00385047 -0.00165562
v -0.02527938 0.00419870 -0.00420528
v -0.02641582 0.00451791 0.00752781
v -0.02311553 0.00446657 -0.02546602
v -0.02201421 0.00445094 -0.03644646
v -0.02677202 0.00495096 0.01165277
v -0.02699737 0.00275222 0.01154775
v -0.02688712 0.00275222 0.01044503
v -0.02645096 0.00383931 0.00715440
v -0.01555537 0.01448700 -0.04795200
v -0.01541847 0.01541783 -0.04303356
v -0.01484540 0.01554507 -0.04564739
v -0.01484540 0.01539104 -0.04674427
v -0.01484540 0.02214574 0.00604586
v -0.01538818 0.02198948 0.00777286
v -0.01544633 0.02203636 0.00850216
v -0.01569349 0.02223726 0.01165277
v -0.02699737 0.00285490 0.01165277
v -0.02086808 0.00418084 -0.04795200
v -0.02637947 0.00419870 0.00679850
v -0.02689924 0.00385047 0.01165277
v -0.02640007 0.00550455 0.00878805
v -0.02090200 0.00440406 -0.04730438
v -0.02652002 0.00609385 0.01165277
v -0.02648609 0.00579027 0.01044503
v -0.02666904 0.00385047 0.00934816
v -0.01611269 0.01380840 -0.04795200
v -0.01650161 0.01429949 -0.04180249
v -0.01629806 0.01515220 -0.03794592
v -0.01861942 0.01750049 -0.00495209
v -0.01869817 0.01869696 0.00331533
v -0.01537970 0.01648260 -0.03506370
v -0.01506711 0.01622589 -0.03904863
v -0.01493869 0.01576606 -0.04341863
v -0.01484540 0.01569463 -0.04454468
v -0.01484540 0.02201404 0.00494898
v -0.01484540 0.02188010 0.00384627
v -0.01484540 0.02106535 -0.00275250
v -0.01484540 0.02092918 -0.00385521
v -0.01484540 0.02079301 -0.00495209
v -0.01484540 0.02065462 -0.00605480
v -0.01624354 0.02178858 0.01165277
v -0.01485024 0.02036889 -0.00825439
v -0.01532033 0.02083319 -0.00165562
v -0.02069603 0.00486167 -0.04795200
v -0.02595058 0.00605144 0.00604586
v -0.02532420 0.00558268 -0.00134056
v -0.02098802 0.00468979 -0.04564739
v -0.02636615 0.00648896 0.01132020
v -0.02651759 0.00609385 0.01162943
v -0.02638311 0.00654699 0.01165277
v -0.01652099 0.01331062 -0.04795200
v -0.01707710 0.01264988 -0.04784698
v -0.01726731 0.01257398 -0.04685513
v -0.01899985 0.01686431 -0.00605480
v -0.02016052 0.01803846 0.01044503
v -0.01956686 0.01841570 0.00824545
v -0.01970861 0.01858758 0.01044503
v -0.01976313 0.01865232 0.01128519
v -0.01978615 0.01868134 0.01165277
v -0.01901802 0.01901617 0.00824545
v -0.01868363 0.01978405 0.01165277
v -0.01865576 0.01976173 0.01128519
v -0.01741512 0.01854740 -0.00605480
v -0.01494838 0.01688663 -0.03467863
v -0.01489507 0.01608303 -0.04124822
v -0.01484540 0.01584195 -0.04342447
v -0.01484540 0.02050283 -0.00723919
v -0.01681903 0.02116133 0.01044503
v -0.01825352 0.02013897 0.01165277
v -0.01484540 0.02038005 -0.00819604
v -0.01484540 0.02008986 -0.01045398
v -0.01536274 0.01976842 -0.00966049
v -0.02036649 0.00594876 -0.04795200
v -0.02596027 0.00715193 0.00934816
v -0.02421320 0.00664521 -0.00893118
v -0.02093592 0.00561616 -0.04344781
v -0.02550473 0.00943995 0.01165277
v -0.02526968 0.00980380 0.01044503
v -0.01705650 0.01265658 -0.04795200
v -0.01755809 0.01203602 -0.04795200
v -0.01760049 0.01209852 -0.04729271
v -0.02076388 0.01523256 -0.00275250
v -0.02021504 0.01605848 -0.00175481
v -0.02102073 0.01664555 0.00824545
v -0.02083052 0.01741120 0.01165277
v -0.02015083 0.01823266 0.01161193
v -0.02011933 0.01827730 0.01165277
v -0.01923247 0.01924162 0.01165277
v -0.01634774 0.01857419 -0.01265356
v -0.01484540 0.01664332 -0.03721661
v -0.01484540 0.01608303 -0.04156328
v -0.01996910 0.00725907 -0.04795200
v -0.02529270 0.00767873 0.00446472
v -0.02094077 0.00673227 -0.04014550
v -0.02533268 0.00998461 0.01165277
v -0.02529876 0.00989755 0.01100514
v -0.02418291 0.00985068 0.00014722
v -0.02435132 0.00943102 0.00052646
v -0.01788885 0.01148466 -0.04795200
v -0.01868484 0.01206950 -0.03836017
v -0.01980190 0.01320124 -0.02310890
v -0.02089715 0.01429502 -0.00768261
v -0.02209054 0.01551158 0.00934816
v -0.02183006 0.01619018 0.01165277
v -0.02198877 0.00876805 -0.02410076
v -0.01981765 0.00774123 -0.04795200
v -0.02513883 0.01044445 0.01165277
v -0.02422168 0.00994890 0.00087653
v -0.02090564 0.00881046 -0.03414185
v -0.01794700 0.01138198 -0.04795200
v -0.01844253 0.01050472 -0.04795200
v -0.01881690 0.01121903 -0.04124822
v -0.02086686 0.01313427 -0.01400132
v -0.02225289 0.01383965 0.00162918
v -0.02308766 0.01427717 0.01110433
v -0.02198029 0.01426601 0.00125577
v -0.02202270 0.01433520 0.00198508
v -0.02198998 0.01538658 0.00777286
v -0.02283929 0.01479951 0.01165277
v -0.02223108 0.01568347 0.01154775
v -0.02223714 0.01569239 0.01165277
v -0.01962380 0.00819214 -0.04793450
v -0.01962138 0.00819214 -0.04795200
v -0.02460817 0.01154940 0.01165277
v -0.02420230 0.01100697 0.00547408
v -0.02312643 0.00995336 -0.00904787
v -0.01984188 0.00887743 -0.04325527
v -0.01979948 0.00879930 -0.04399041
v -0.01905437 0.00935736 -0.04795200
v -0.01907012 0.00935066 -0.04784698
v -0.02031197 0.00935066 -0.03684904
v -0.01986369 0.01111858 -0.03244986
v -0.02325001 0.01128376 -0.00165562
v -0.02292652 0.01397582 0.00824545
v -0.02435859 0.01129939 0.00824545
v -0.02417201 0.01204718 0.01014164
v -0.02338692 0.01383296 0.01165277
v -0.02311795 0.01433520 0.01165277
v -0.01910889 0.00925021 -0.04795200
v -0.01970619 0.00858724 -0.04564739
v -0.01964440 0.00844661 -0.04674427
v -0.02203239 0.01106277 -0.01349373
f 1186 1187 1190
f 1186 1190 1198
f 1186 1198 1209
f 1186 1209 1225
f 1186 1225 1244
f 1186 1244 1270
f 1186 1270 1299
f 1186 1299 1318
f 1186 1318 1332
f 1186 1332 1349
f 1186 1349 1365
f 1186 1365 1355
f 1186 1355 1337
f 1186 1337 1336
f 1186 1336 1325
f 1186 1325 1306
f 1186 1306 1305
f 1186 1305 1277
f 1186 1277 1252
f 1186 1252 1235
f 1186 1235 1217
f 1186 1217 1203
f 1186 1203 1194
f 1186 1194 1188
f 1186 1188 1196
f 1186 1196 1205
f 1186 1205 1206
f 1186 1206 1197
f 1186 1197 1189
f 1186 1189 1191
f 1186 1191 1187
f 1187 1191 1192
f 1187 1192 1193
f 1187 1193 1190
f 1188 1194 1195
f 1188 1195 1196
f 1189 1197 1201
f 1189 1201 1191
f 1190 1193 1199
f 1190 1199 1200
f 1190 1200 1198
f 1191 1193 1192
f 1191 1201 1193
f 1193 1201 1202
f 1193 1202 1199
f 1194 1203 1220
f 1194 1220 1238
f 1194 1238 1237
f 1194 1237 1260
f 1194 1260 1292
f 1194 1292 1317
f 1194 1317 1316
f 1194 1316 1297
f 1194 1297 1296
f 1194 1296 1293
f 1194 1293 1266
f 1194 1266 1265
f 1194 1265 1264
f 1194 1264 1263
f 1194 1263 1262
f 1194 1262 1261
f 1194 1261 1239
f 1194 1239 1221
f 1194 1221 1204
f 1194 1204 1195
f 1195 1204 1196
f 1196 1204 1221
f 1196 1221 1242
f 1196 1242 1267
f 1196 1267 1295
f 1196 1295 1287
f 1196 1287 1314
f 1196 1314 1285
f 1196 1285 1313
f 1196 1313 1311
f 1196 1311 1330
f 1196 1330 1347
f 1196 1347 1345
f 1196 1345 1364
f 1196 1364 1363
f 1196 1363 1350
f 1196 1350 1333
f 1196 1333 1321
f 1196 1321 1303
f 1196 1303 1276
f 1196 1276 1249
f 1196 1249 1231
f 1196 1231 1246
f 1196 1246 1243
f 1196 1243 1222
f 1196 1222 1207
f 1196 1207 1205
f 1197 1206 1207
f 1197 1207 1201
f 1198 1208 1209
f 1198 1200 1210
f 1198 1210 1211
f 1198 1211 1212
f 1198 1212 1213
f 1198 1213 1208
f 1199 1202 1214
f 1199 1214 1215
f 1199 1215 1200
f 1200 1215 1216
f 1200 1216 1210
f 1201 1207 1214
f 1201 1214 1202
f 1203 1217 1218
f 1203 1218 1219
f 1203 1219 1220
f 1205 1207 1206
f 1207 1222 1223
f 1207 1223 1215
f 1207 1215 1214
f 1208 1224 1225
f 1208 1225 1209
f 1208 1213 1224
f 1210 1216 1226
f 1210 1226 1211
f 1211 1226 1227
f 1211 1227 1212
f 1212 1227 1228
f 1212 1228 1213
f 1213 1229 1230
f 1213 1230 1224
f 1213 1228 1231
f 1213 1231 1229
f 1215 1223 1232
f 1215 1232 1233
f 1215 1233 1234
f 1215 1234 1216
f 1216 1234 1226
f 1217 1235 1218
f 1218 1235 1219
f 1219 1236 1237
f 1219 1237 1238
f 1219 1238 1220
f 1219 1235 1236
f 1221 1239 1240
f 1221 1240 1241
f 1221 1241 1242
f 1222 1243 1232
f 1222 1232 1223
f 1224 1230 1225
f 1225 1230 1244
f 1226 1234 1227
f 1227 1234 1245
f 1227 1245 1228
f 1228 1245 1246
f 1228 1246 1231
f 1229 1231 1247
f 1229 1247 1230
f 1230 1248 1244
f 1230 1247 1248
f 1231 1249 1250
f 1231 1250 1247
f 1232 1243 1246
f 1232 1246 1251
f 1232 1251 1234
f 1232 1234 1233
f 1234 1251 1245
f 1235 1252 1253
f 1235 1253 1254
f 1235 1254 1255
f 1235 1255 1256
f 1235 1256 1236
f 1236 1257 1258
f 1236 1258 1259
f 1236 1259 1260
f 1236 1260 1237
f 1236 1256 1257
f 1239 1261 1240
f 1240 1261 1262
f 1240 1262 1263
f 1240 1263 1264
f 1240 1264 1265
f 1240 1265 1266
f 1240 1266 1241
f 1241 1267 1242
f 1241 1266 1268
f 1241 1268 1269
f 1241 1269 1267
f 1244 1248 1270
f 1245 1251 1246
f 1247 1250 1271
f 1247 1271 1272
f 1247 1272 1248
f 1248 1273 1270
f 1248 1272 1271
f 1248 1271 1273
f 1249 1274 1275
f 1249 1275 1250
f 1249 1276 1274
f 1250 1275 1271
f 1252 1277 1278
f 1252 1278 1279
f 1252 1279 1253
f 1253 1279 1280
f 1253 1280 1255
f 1253 1255 1254
f 1255 1280 1281
f 1255 1281 1282
f 1255 1282 1256
f 1256 1282 1283
f 1256 1283 1284
f 1256 1284 1285
f 1256 1285 1286
f 1256 1286 1287
f 1256 1287 1288
f 1256 1288 1289
f 1256 1289 1257
f 1257 1290 1258
f 1257 1289 1290
f 1258 1290 1291
f 1258 1291 1259
f 1259 1292 1260
f 1259 1291 1292
f 1266 1293 1268
f 1267 1294 1288
f 1267 1288 1295
f 1267 1269 1294
f 1268 1293 1296
f 1268 1296 1297
f 1268 1297 1269
f 1269 1297 1298
f 1269 1298 1294
f 1270 1273 1299
f 1271 1275 1274
f 1271 1274 1300
f 1271 1300 1301
f 1271 1301 1273
f 1273 1302 1299
f 1273 1301 1302
f 1274 1276 1300
f 1276 1303 1304
f 1276 1304 1300
f 1277 1305 1278
f 1278 1305 1306
f 1278 1306 1307
f 1278 1307 1279
f 1279 1307 1308
f 1279 1308 1309
f 1279 1309 1280
f 1280 1309 1281
f 1281 1310 1311
f 1281 1311 1312
f 1281 1312 1283
f 1281 1283 1282
f 1281 1309 1310
f 1283 1312 1313
f 1283 1313 1284
f 1284 1313 1285
f 1285 1314 1286
f 1286 1314 1287
f 1287 1295 1288
f 1288 1294 1298
f 1288 1298 1315
f 1288 1315 1289
f 1289 1315 1290
f 1290 1316 1317
f 1290 1317 1291
f 1290 1315 1298
f 1290 1298 1297
f 1290 1297 1316
f 1291 1317 1292
f 1299 1302 1318
f 1300 1304 1319
f 1300 1319 1301
f 1301 1319 1320
f 1301 1320 1302
f 1302 1320 1318
f 1303 1321 1322
f 1303 1322 1304
f 1304 1322 1323
f 1304 1323 1324
f 1304 1324 1318
f 1304 1318 1319
f 1306 1325 1307
f 1307 1325 1326
f 1307 1326 1327
f 1307 1327 1328
f 1307 1328 1308
f 1308 1328 1329
f 1308 1329 1310
f 1308 1310 1309
f 1310 1329 1311
f 1311 1313 1312
f 1311 1329 1330
f 1318 1331 1332
f 1318 1320 1319
f 1318 1324 1323
f 1318 1323 1331
f 1321 1333 1334
f 1321 1334 1322
f 1322 1334 1323
f 1323 1334 1335
f 1323 1335 1332
f 1323 1332 1331
f 1325 1336 1326
f 1326 1336 1337
f 1326 1337 1338
f 1326 1338 1327
f 1327 1338 1339
f 1327 1339 1340
f 1327 1340 1341
f 1327 1341 1342
f 1327 1342 1343
f 1327 1343 1328
f 1328 1343 1344
f 1328 1344 1329
f 1329 1344 1343
f 1329 1343 1345
f 1329 1345 1346
f 1329 1346 1330
f 1330 1346 1347
f 1332 1335 1348
f 1332 1348 1349
f 1333 1350 1334
f 1334 1350 1351
f 1334 1351 1352
f 1334 1352 1335
f 1335 1353 1354
f 1335 1354 1348
f 1335 1352 1353
f 1337 1355 1356
f 1337 1356 1353
f 1337 1353 1357
f 1337 1357 1358
f 1337 1358 1338
f 1338 1358 1339
f 1339 1358 1359
f 1339 1359 1360
f 1339 1360 1340
f 1340 1360 1341
f 1341 1360 1361
f 1341 1361 1362
f 1341 1362 1363
f 1341 1363 1364
f 1341 1364 1342
f 1342 1364 1343
f 1343 1364 1345
f 1345 1347 1346
f 1348 1365 1349
f 1348 1354 1366
f 1348 1366 1367
f 1348 1367 1365
f 1350 1363 1362
f 1350 1362 1361
f 1350 1361 1351
f 1351 1361 1359
f 1351 1359 1357
f 1351 1357 1353
f 1351 1353 1352
f 1353 1356 1354
f 1354 1356 1365
f 1354 1365 1366
f 1355 1365 1356
f 1357 1359 1368
f 1357 1368 1358
f 1358 1368 1359
f 1359 1361 1360
f 1365 1367 1366

o part_12
v -0.00000437 -0.02722271 0.01165277
v 0.00055069 -0.02722103 0.01165277
v -0.00000437 -0.02450753 0.01165277
v -0.00000437 -0.02641268 0.00316364
v 0.00014131 -0.02641268 0.00316364
v 0.00055069 -0.02721097 0.01154775
v 0.00065412 -0.02721265 0.01165277
v 0.01487864 -0.01940588 0.01165277
v 0.01487864 -0.01008974 -0.04795200
v -0.00000437 -0.01796359 -0.04795200
v -0.00000437 -0.02201205 -0.04083397
v 0.00055069 -0.02501233 -0.01045398
v 0.00055069 -0.02688226 0.00824545
v 0.00055069 -0.02710196 0.01044503
v 0.00014131 -0.02201205 -0.04083397
v 0.00055069 -0.02127246 -0.04784698
v 0.00175403 -0.02710531 0.01165277
v 0.00165059 -0.02688562 0.00934816
v 0.00165059 -0.02710531 0.01154775
v 0.01487864 -0.02278518 0.01165277
v 0.01487864 -0.01518636 -0.04795200
v -0.00000437 -0.02126072 -0.04795200
v -0.00000437 -0.02127246 -0.04784698
v 0.00125288 -0.02531420 -0.00675493
v 0.00165059 -0.02578546 -0.00165562
v 0.00055069 -0.02126072 -0.04795200
v 0.00154862 -0.02116512 -0.04795200
v 0.00385041 -0.02688897 0.01154775
v 0.00385041 -0.02689903 0.01165277
v 0.00275050 -0.02688729 0.01044503
v 0.01480143 -0.02283884 0.01165277
v 0.01433524 -0.02202379 0.00198508
v 0.01487864 -0.02264263 0.01044503
v 0.01448676 -0.01555532 -0.04795200
v 0.01487864 -0.01536245 -0.04674427
v 0.00165059 -0.02446560 -0.01485315
v 0.00383876 -0.02645126 0.00715440
v 0.00198567 -0.02417882 -0.01739114
v 0.00165059 -0.02115506 -0.04795200
v 0.00275050 -0.02149718 -0.04344781
v 0.00385041 -0.02446896 -0.01265356
v 0.00495032 -0.02676151 0.01154775
v 0.00395385 -0.02688729 0.01165277
v 0.00419714 -0.02637914 0.00679850
v 0.00451764 -0.02641604 0.00752781
v 0.01433524 -0.02311891 0.01165277
v 0.01487864 -0.02199192 0.00494898
v 0.01487864 -0.02212273 0.00604586
v 0.01426677 -0.02198018 0.00124994
v 0.01320037 -0.01979999 -0.02310890
v 0.01429445 -0.02089679 -0.00768261
v 0.01380933 -0.01611211 -0.04795200
v 0.01487864 -0.01551675 -0.04564739
v 0.01487864 -0.01566768 -0.04454468
v 0.01487864 -0.01576998 -0.04378620
v 0.01487864 -0.01581694 -0.04342447
v 0.01487864 -0.01608527 -0.04134740
v 0.01487864 -0.01638211 -0.03904863
v 0.00419714 -0.02527898 -0.00420528
v 0.00264853 -0.02105611 -0.04795200
v 0.00274905 -0.02104605 -0.04795200
v 0.00385041 -0.02226696 -0.03464945
v 0.00383876 -0.02315078 -0.02583943
v 0.00419714 -0.02417882 -0.01520322
v 0.00550538 -0.02640094 0.00878805
v 0.00495032 -0.02677158 0.01165277
v 0.00419714 -0.02307866 -0.02619533
v 0.00446520 -0.02311556 -0.02546602
v 0.01321203 -0.02090685 -0.01326618
v 0.01383409 -0.02338724 0.01165277
v 0.01050232 -0.01844324 -0.04795200
v 0.01264969 -0.02040876 -0.02034921
v 0.01487864 -0.02185776 0.00384627
v 0.01207133 -0.01868306 -0.03836600
v 0.01209900 -0.01759967 -0.04729271
v 0.01477229 -0.02056138 -0.00725086
v 0.01487864 -0.02062678 -0.00605480
v 0.01487864 -0.02076598 -0.00495209
v 0.01487864 -0.02090350 -0.00385521
v 0.01257393 -0.01726761 -0.04685513
v 0.01374960 -0.01815813 -0.03244986
v 0.01264969 -0.01707810 -0.04784698
v 0.01331109 -0.01652131 -0.04795200
v 0.01487864 -0.01666554 -0.03684904
v 0.00370910 -0.02093369 -0.04795200
v 0.00418840 -0.02197683 -0.03717577
v 0.00558259 -0.02532426 -0.00134056
v 0.00634014 -0.02632044 0.01044503
v 0.00609394 -0.02652001 0.01165277
v 0.00578946 -0.02648647 0.01044503
v 0.00505376 -0.02674977 0.01165277
v 0.00445209 -0.02201372 -0.03644646
v 0.00440401 -0.02090015 -0.04730438
v 0.00484252 -0.02072238 -0.04774196
v 0.01154978 -0.02460815 0.01165277
v 0.01154978 -0.02459641 0.01154775
v 0.01154978 -0.02372769 0.00384627
v 0.01148276 -0.02288412 -0.00394856
v 0.00887503 -0.01984024 -0.04325527
v 0.00934996 -0.01906878 -0.04784698
v 0.00935579 -0.01905369 -0.04795200
v 0.01148568 -0.01788980 -0.04795200
v 0.01199848 -0.01864448 -0.03904863
v 0.01075289 -0.01856902 -0.04564739
v 0.01100492 -0.02420230 0.00547408
v 0.01044987 -0.02270132 -0.01045398
v 0.01204656 -0.01756445 -0.04784698
v 0.01258413 -0.01711667 -0.04795200
v 0.01265697 -0.01705797 -0.04795200
v 0.01487864 -0.02047585 -0.00723919
v 0.01487864 -0.02055467 -0.00662074
v 0.01487864 -0.01832081 -0.02398991
v 0.00380962 -0.02092027 -0.04795200
v 0.00404417 -0.02088673 -0.04795200
v 0.00638385 -0.02413354 -0.01045398
v 0.00499403 -0.02101754 -0.04446300
v 0.00989627 -0.02529911 0.01100514
v 0.00704962 -0.02622820 0.01162943
v 0.00649020 -0.02636572 0.01132020
v 0.00669270 -0.02532762 0.00192673
v 0.00715014 -0.02584583 0.00824545
v 0.00824859 -0.02586596 0.01165277
v 0.00417966 -0.02086661 -0.04795200
v 0.00486146 -0.02069387 -0.04795200
v 0.00594825 -0.02036516 -0.04795200
v 0.00724921 -0.01997105 -0.04795200
v 0.01044258 -0.02513811 0.01165277
v 0.00994726 -0.02422243 0.00087653
v 0.00880802 -0.02090350 -0.03414185
v 0.00879782 -0.01979831 -0.04399041
v 0.00924798 -0.01910736 -0.04795200
v 0.01203636 -0.01755774 -0.04795200
v 0.00995017 -0.02312562 -0.00904787
v 0.00984820 -0.02418218 0.00014722
v 0.00998223 -0.02533265 0.01165277
v 0.00943883 -0.02550371 0.01165277
v 0.00945777 -0.02547688 0.01144272
v 0.00934996 -0.02460648 0.00274939
v 0.00876723 -0.02198857 -0.02410076
v 0.00899012 -0.02425764 -0.00165562
v 0.00774016 -0.01981676 -0.04795200
v 0.01034789 -0.02517836 0.01165277
v 0.00819032 -0.01962054 -0.04795200
v 0.00844527 -0.01964234 -0.04674427
f 1369 1370 1375
f 1369 1375 1385
f 1369 1385 1397
f 1369 1397 1411
f 1369 1411 1434
f 1369 1434 1459
f 1369 1459 1457
f 1369 1457 1490
f 1369 1490 1504
f 1369 1504 1503
f 1369 1503 1510
f 1369 1510 1495
f 1369 1495 1463
f 1369 1463 1438
f 1369 1438 1414
f 1369 1414 1399
f 1369 1399 1388
f 1369 1388 1376
f 1369 1376 1371
f 1369 1371 1378
f 1369 1378 1390
f 1369 1390 1391
f 1369 1391 1379
f 1369 1379 1372
f 1369 1372 1373
f 1369 1373 1370
f 1370 1373 1374
f 1370 1374 1375
f 1371 1376 1377
f 1371 1377 1378
f 1372 1379 1383
f 1372 1383 1373
f 1373 1380 1381
f 1373 1381 1382
f 1373 1382 1374
f 1373 1383 1384
f 1373 1384 1380
f 1374 1382 1375
f 1375 1382 1381
f 1375 1381 1386
f 1375 1386 1387
f 1375 1387 1385
f 1376 1388 1401
f 1376 1401 1416
f 1376 1416 1415
f 1376 1415 1441
f 1376 1441 1447
f 1376 1447 1446
f 1376 1446 1445
f 1376 1445 1479
f 1376 1479 1478
f 1376 1478 1480
f 1376 1480 1452
f 1376 1452 1426
f 1376 1426 1425
f 1376 1425 1424
f 1376 1424 1423
f 1376 1423 1422
f 1376 1422 1421
f 1376 1421 1403
f 1376 1403 1389
f 1376 1389 1377
f 1377 1389 1402
f 1377 1402 1420
f 1377 1420 1451
f 1377 1451 1477
f 1377 1477 1476
f 1377 1476 1500
f 1377 1500 1470
f 1377 1470 1439
f 1377 1439 1469
f 1377 1469 1499
f 1377 1499 1511
f 1377 1511 1509
f 1377 1509 1494
f 1377 1494 1493
f 1377 1493 1492
f 1377 1492 1491
f 1377 1491 1482
f 1377 1482 1481
f 1377 1481 1453
f 1377 1453 1429
f 1377 1429 1428
f 1377 1428 1407
f 1377 1407 1395
f 1377 1395 1394
f 1377 1394 1390
f 1377 1390 1378
f 1379 1391 1384
f 1379 1384 1383
f 1380 1392 1381
f 1380 1384 1392
f 1381 1393 1386
f 1381 1392 1393
f 1384 1391 1390
f 1384 1390 1394
f 1384 1394 1395
f 1384 1395 1392
f 1385 1387 1396
f 1385 1396 1397
f 1386 1398 1387
f 1386 1393 1398
f 1387 1398 1396
f 1388 1399 1400
f 1388 1400 1401
f 1389 1403 1402
f 1392 1395 1404
f 1392 1404 1393
f 1393 1405 1398
f 1393 1404 1406
f 1393 1406 1405
f 1395 1407 1408
f 1395 1408 1409
f 1395 1409 1406
f 1395 1406 1404
f 1396 1410 1411
f 1396 1411 1397
f 1396 1398 1405
f 1396 1405 1412
f 1396 1412 1413
f 1396 1413 1410
f 1399 1414 1400
f 1400 1415 1416
f 1400 1416 1401
f 1400 1414 1417
f 1400 1417 1418
f 1400 1418 1419
f 1400 1419 1415
f 1402 1403 1421
f 1402 1421 1422
f 1402 1422 1423
f 1402 1423 1424
f 1402 1424 1425
f 1402 1425 1426
f 1402 1426 1420
f 1405 1406 1409
f 1405 1409 1427
f 1405 1427 1412
f 1407 1428 1408
f 1408 1428 1429
f 1408 1429 1430
f 1408 1430 1431
f 1408 1431 1409
f 1409 1432 1427
f 1409 1431 1432
f 1410 1433 1434
f 1410 1434 1411
f 1410 1413 1435
f 1410 1435 1436
f 1410 1436 1433
f 1412 1427 1413
f 1413 1427 1432
f 1413 1432 1435
f 1414 1437 1417
f 1414 1438 1439
f 1414 1439 1440
f 1414 1440 1437
f 1415 1419 1441
f 1417 1437 1442
f 1417 1442 1418
f 1418 1442 1443
f 1418 1443 1419
f 1419 1444 1445
f 1419 1445 1446
f 1419 1446 1447
f 1419 1447 1441
f 1419 1443 1448
f 1419 1448 1449
f 1419 1449 1444
f 1420 1450 1451
f 1420 1426 1450
f 1426 1452 1450
f 1429 1453 1454
f 1429 1454 1430
f 1430 1454 1435
f 1430 1435 1431
f 1431 1435 1432
f 1433 1455 1456
f 1433 1456 1457
f 1433 1457 1458
f 1433 1458 1459
f 1433 1459 1434
f 1433 1436 1460
f 1433 1460 1461
f 1433 1461 1462
f 1433 1462 1455
f 1435 1454 1436
f 1436 1454 1460
f 1437 1440 1442
f 1438 1463 1464
f 1438 1464 1465
f 1438 1465 1466
f 1438 1466 1439
f 1439 1467 1468
f 1439 1468 1469
f 1439 1470 1471
f 1439 1471 1442
f 1439 1442 1472
f 1439 1472 1440
f 1439 1466 1473
f 1439 1473 1474
f 1439 1474 1467
f 1440 1472 1442
f 1442 1471 1470
f 1442 1470 1443
f 1443 1470 1475
f 1443 1475 1476
f 1443 1476 1477
f 1443 1477 1450
f 1443 1450 1448
f 1444 1478 1479
f 1444 1479 1445
f 1444 1449 1478
f 1448 1450 1449
f 1449 1450 1452
f 1449 1452 1480
f 1449 1480 1478
f 1450 1477 1451
f 1453 1481 1454
f 1454 1481 1482
f 1454 1482 1460
f 1455 1483 1456
f 1455 1462 1484
f 1455 1484 1483
f 1456 1485 1486
f 1456 1486 1487
f 1456 1487 1457
f 1456 1483 1488
f 1456 1488 1489
f 1456 1489 1485
f 1457 1459 1458
f 1457 1487 1486
f 1457 1486 1490
f 1460 1482 1461
f 1461 1482 1491
f 1461 1491 1492
f 1461 1492 1462
f 1462 1492 1493
f 1462 1493 1494
f 1462 1494 1484
f 1463 1495 1496
f 1463 1496 1473
f 1463 1473 1464
f 1464 1473 1465
f 1465 1473 1466
f 1467 1497 1498
f 1467 1498 1468
f 1467 1474 1473
f 1467 1473 1497
f 1468 1498 1469
f 1469 1498 1499
f 1470 1500 1475
f 1473 1496 1501
f 1473 1501 1497
f 1475 1500 1476
f 1483 1484 1494
f 1483 1494 1488
f 1485 1502 1496
f 1485 1496 1503
f 1485 1503 1504
f 1485 1504 1505
f 1485 1505 1490
f 1485 1490 1486
f 1485 1489 1506
f 1485 1506 1494
f 1485 1494 1507
f 1485 1507 1502
f 1488 1508 1489
f 1488 1494 1508
f 1489 1508 1506
f 1490 1505 1504
f 1494 1509 1507
f 1494 1506 1508
f 1495 1510 1496
f 1496 1510 1503
f 1496 1502 1497
f 1496 1497 1501
f 1497 1507 1509
f 1497 1509 1511
f 1497 1511 1498
f 1497 1502 1507
f 1498 1511 1512
f 1498 1512 1499
f 1499 1512 1511

o part_13
v 0.01797625 -0.00000436 -0.04792423
v 0.01484564 0.01015858 -0.04792423
v 0.02126436 -0.00000436 -0.04792423
v 0.02450765 -0.00000436 0.01165276
v 0.01484564 0.01943273 0.01165276
v 0.01484564 0.01522106 -0.04792423
v 0.02126436 0.00055169 -0.04792423
v 0.02201310 -0.00000436 -0.04083284
v 0.02722150 -0.00000436 0.01165276
v 0.01484564 0.02138001 0.01165276
v 0.01500313 0.01507368 -0.04792423
v 0.01484564 0.01532379 -0.04724192
v 0.01536417 0.01536398 -0.04376621
v 0.02115048 0.00172631 -0.04792423
v 0.02149213 0.00055169 -0.04564985
v 0.02201310 0.00014079 -0.04083284
v 0.02641340 -0.00000436 0.00316176
v 0.02722150 0.00055169 0.01165276
v 0.02721181 -0.00000436 0.01154779
v 0.01561981 0.02228889 0.01165276
v 0.01484564 0.02280921 0.01164693
v 0.01507583 0.01500222 -0.04792423
v 0.01521758 0.01521660 -0.04564985
v 0.01504554 0.01504465 -0.04784842
v 0.01484564 0.01545777 -0.04629135
v 0.01484564 0.01558953 -0.04534077
v 0.01541869 0.01541758 -0.04303724
v 0.01555681 0.01448860 -0.04792423
v 0.02104992 0.00274908 -0.04792423
v 0.02138552 0.00165038 -0.04564985
v 0.02527819 0.00087549 -0.00748699
v 0.02160238 0.00055169 -0.04454766
v 0.02641340 0.00014079 0.00316176
v 0.02712579 0.00154766 0.01165276
v 0.02721181 0.00055169 0.01154779
v 0.01569371 0.02223753 0.01165276
v 0.01544656 0.02203655 0.00850363
v 0.01484564 0.02206782 0.00537782
v 0.01538719 0.02198966 0.00776883
v 0.01484564 0.01571012 -0.04443102
v 0.01636854 0.01523893 -0.03684977
v 0.01493892 0.01576595 -0.04342213
v 0.01537992 0.01648278 -0.03506526
v 0.01760552 0.01760380 -0.01213488
v 0.01618317 0.01391245 -0.04674622
v 0.01611169 0.01381420 -0.04792423
v 0.02093725 0.00372272 -0.04792423
v 0.02197675 0.00418944 -0.03717635
v 0.02307925 0.00419837 -0.02619519
v 0.02417933 0.00419837 -0.01520237
v 0.02446888 0.00385001 -0.01265391
v 0.02556896 0.00385001 -0.00165526
v 0.02417933 0.00309074 -0.01629874
v 0.02479721 0.00275131 -0.01045534
v 0.02637827 0.00087549 0.00351166
v 0.02325250 0.00055169 -0.02804968
v 0.02589244 0.00055169 -0.00165526
v 0.02688227 0.00055169 0.00824703
v 0.02677565 0.00165038 0.00824703
v 0.02699736 0.00275131 0.01154779
v 0.02689923 0.00385001 0.01165276
v 0.01624375 0.02178868 0.01165276
v 0.01514731 0.02069221 -0.00385382
v 0.01493771 0.02016073 -0.00931815
v 0.01484564 0.02037288 -0.00825095
v 0.01484564 0.02050240 -0.00724206
v 0.01484564 0.02065425 -0.00605238
v 0.01484564 0.02195616 0.00443891
v 0.01484564 0.02086639 -0.00437284
v 0.01484564 0.01584187 -0.04342213
v 0.01871771 0.01761944 -0.00343393
v 0.01878798 0.01660560 -0.00935314
v 0.01484564 0.01608305 -0.04156181
v 0.01506735 0.01622597 -0.03904833
v 0.01512792 0.01957565 -0.01265391
v 0.01732929 0.01847696 -0.00715458
v 0.01869833 0.01869580 0.00331338
v 0.01656360 0.01327601 -0.04784842
v 0.01971844 0.01529922 -0.01045534
v 0.01706275 0.01265521 -0.04792423
v 0.02089484 0.00401302 -0.04792423
v 0.02090211 0.00440382 -0.04730607
v 0.02201431 0.00445295 -0.03644155
v 0.02311560 0.00446635 -0.02546623
v 0.02677202 0.00495094 0.01165276
v 0.02641583 0.00451771 0.00752972
v 0.02637948 0.00419837 0.00679493
v 0.02633950 0.00163252 0.00386740
v 0.01820765 0.02017636 0.01165276
v 0.01681923 0.02116117 0.01044559
v 0.01485048 0.01923622 -0.01705103
v 0.01484564 0.02008927 -0.01045534
v 0.01949673 0.01832957 0.00714483
v 0.02009038 0.01795217 0.00934923
v 0.01484564 0.01660337 -0.03752625
v 0.01841725 0.01956672 0.00824703
v 0.01858929 0.01970740 0.01044559
v 0.01865471 0.01976100 0.01128536
v 0.01874558 0.01874493 0.00404818
v 0.01976327 0.01865337 0.01128536
v 0.01970875 0.01858861 0.01044559
v 0.01835546 0.01366904 -0.03142626
v 0.02102085 0.01664579 0.00824703
v 0.02056288 0.01477221 -0.00724789
v 0.02009886 0.01466278 -0.01155171
v 0.01759946 0.01209916 -0.04729440
v 0.01755948 0.01203886 -0.04792423
v 0.02080762 0.00442615 -0.04792423
v 0.02069979 0.00485938 -0.04792423
v 0.02057500 0.00605186 -0.04564985
v 0.02457792 0.00605186 -0.00715458
v 0.02595059 0.00605186 0.00604846
v 0.02532423 0.00558291 -0.00134034
v 0.02640007 0.00550475 0.00878355
v 0.02648609 0.00579059 0.01044559
v 0.02652002 0.00609429 0.01165276
v 0.01827913 0.02011607 0.01165276
v 0.02078096 0.01745419 0.01154779
v 0.01923746 0.01923622 0.01165276
v 0.01887521 0.01887445 0.00604846
v 0.02011825 0.01827821 0.01165276
v 0.02171021 0.01614781 0.01044559
v 0.02209063 0.01551137 0.00934923
v 0.02199008 0.01538631 0.00776883
v 0.02089727 0.01429432 -0.00767944
v 0.01980204 0.01320009 -0.02310437
v 0.01868500 0.01207013 -0.03836019
v 0.01789023 0.01148728 -0.04792423
v 0.01758250 0.01200090 -0.04792423
v 0.01997408 0.00725105 -0.04792423
v 0.02034602 0.00605186 -0.04784842
v 0.02103054 0.00720639 -0.03789948
v 0.02574100 0.00825149 0.01044559
v 0.02636615 0.00648956 0.01132035
v 0.02622925 0.00705454 0.01165276
v 0.02119652 0.01696290 0.01165276
v 0.02178775 0.01624160 0.01165276
v 0.02178169 0.01623267 0.01154779
v 0.02223723 0.01569225 0.01165276
v 0.02228811 0.01561856 0.01165276
v 0.02202279 0.01433451 0.00198375
v 0.01881706 0.01121931 -0.04124690
v 0.02198038 0.01426529 0.00125478
v 0.02086698 0.01313533 -0.01400104
v 0.01856869 0.01075482 -0.04564985
v 0.01850690 0.01063870 -0.04674622
v 0.01844269 0.01050918 -0.04792423
v 0.01840271 0.01058064 -0.04792423
v 0.02087304 0.00761058 -0.03823189
v 0.01996681 0.00727338 -0.04792423
v 0.01983475 0.00778477 -0.04762098
v 0.02198886 0.00876957 -0.02410160
v 0.02418296 0.00985041 0.00014675
v 0.02435136 0.00943058 0.00052581
v 0.02529879 0.00989953 0.01100544
v 0.02550475 0.00944174 0.01165276
v 0.02283936 0.01480124 0.01165276
v 0.02296779 0.01458462 0.01165276
v 0.02308773 0.01427645 0.01110458
v 0.02325856 0.01407324 0.01165276
v 0.02429684 0.01118358 0.00714483
v 0.02203248 0.01106299 -0.01349367
v 0.01961546 0.01065433 -0.03684977
v 0.01873467 0.00996429 -0.04792423
v 0.01963121 0.00817556 -0.04792423
v 0.01962394 0.00819343 -0.04792423
v 0.02090575 0.00880977 -0.03414384
v 0.02422173 0.00994866 0.00088155
v 0.02527698 0.01011615 0.01165276
v 0.02537875 0.00983701 0.01165276
v 0.02425686 0.01220635 0.01165276
v 0.02417206 0.01204780 0.01014234
v 0.02459610 0.01154981 0.01154779
v 0.02464819 0.01146719 0.01165276
v 0.02420235 0.01100493 0.00547112
v 0.02312650 0.00995313 -0.00904406
v 0.02083184 0.00977225 -0.03024825
v 0.01905936 0.00935689 -0.04792423
v 0.01964454 0.00844577 -0.04674622
v 0.01976811 0.00872938 -0.04454766
v 0.01979961 0.00879860 -0.04399364
v 0.01989290 0.00897279 -0.04234909
v 0.02513886 0.01044442 0.01165276
v 0.02460700 0.01154981 0.01165276
f 1513 1514 1518
f 1513 1518 1523
f 1513 1523 1534
f 1513 1534 1540
f 1513 1540 1558
f 1513 1558 1592
f 1513 1592 1619
f 1513 1619 1641
f 1513 1641 1640
f 1513 1640 1660
f 1513 1660 1659
f 1513 1659 1676
f 1513 1676 1690
f 1513 1690 1678
f 1513 1678 1677
f 1513 1677 1662
f 1513 1662 1642
f 1513 1642 1621
f 1513 1621 1620
f 1513 1620 1593
f 1513 1593 1559
f 1513 1559 1541
f 1513 1541 1526
f 1513 1526 1519
f 1513 1519 1515
f 1513 1515 1520
f 1513 1520 1529
f 1513 1529 1531
f 1513 1531 1521
f 1513 1521 1516
f 1513 1516 1517
f 1513 1517 1514
f 1514 1517 1522
f 1514 1522 1533
f 1514 1533 1550
f 1514 1550 1580
f 1514 1580 1581
f 1514 1581 1579
f 1514 1579 1578
f 1514 1578 1577
f 1514 1577 1604
f 1514 1604 1607
f 1514 1607 1585
f 1514 1585 1582
f 1514 1582 1552
f 1514 1552 1538
f 1514 1538 1537
f 1514 1537 1524
f 1514 1524 1518
f 1515 1519 1528
f 1515 1528 1520
f 1516 1521 1530
f 1516 1530 1546
f 1516 1546 1573
f 1516 1573 1597
f 1516 1597 1628
f 1516 1628 1647
f 1516 1647 1668
f 1516 1668 1682
f 1516 1682 1681
f 1516 1681 1695
f 1516 1695 1686
f 1516 1686 1696
f 1516 1696 1683
f 1516 1683 1672
f 1516 1672 1670
f 1516 1670 1669
f 1516 1669 1652
f 1516 1652 1651
f 1516 1651 1649
f 1516 1649 1648
f 1516 1648 1633
f 1516 1633 1631
f 1516 1631 1629
f 1516 1629 1601
f 1516 1601 1574
f 1516 1574 1548
f 1516 1548 1532
f 1516 1532 1522
f 1516 1522 1517
f 1518 1524 1525
f 1518 1525 1523
f 1519 1526 1527
f 1519 1527 1528
f 1520 1528 1545
f 1520 1545 1529
f 1521 1531 1547
f 1521 1547 1530
f 1522 1532 1533
f 1523 1525 1535
f 1523 1535 1536
f 1523 1536 1534
f 1524 1537 1525
f 1525 1538 1539
f 1525 1539 1540
f 1525 1540 1534
f 1525 1534 1535
f 1525 1537 1538
f 1526 1541 1542
f 1526 1542 1527
f 1527 1542 1543
f 1527 1543 1544
f 1527 1544 1528
f 1528 1544 1568
f 1528 1568 1545
f 1529 1545 1547
f 1529 1547 1531
f 1530 1547 1546
f 1532 1548 1549
f 1532 1549 1533
f 1533 1549 1551
f 1533 1551 1550
f 1534 1536 1535
f 1538 1552 1539
f 1539 1553 1540
f 1539 1552 1554
f 1539 1554 1555
f 1539 1555 1556
f 1539 1556 1553
f 1540 1557 1558
f 1540 1553 1557
f 1541 1559 1560
f 1541 1560 1561
f 1541 1561 1562
f 1541 1562 1563
f 1541 1563 1564
f 1541 1564 1565
f 1541 1565 1566
f 1541 1566 1542
f 1542 1566 1567
f 1542 1567 1543
f 1543 1567 1568
f 1543 1568 1544
f 1545 1569 1567
f 1545 1567 1570
f 1545 1570 1547
f 1545 1568 1569
f 1546 1571 1572
f 1546 1572 1573
f 1546 1547 1567
f 1546 1567 1571
f 1547 1570 1567
f 1548 1574 1549
f 1549 1574 1575
f 1549 1575 1576
f 1549 1576 1577
f 1549 1577 1578
f 1549 1578 1579
f 1549 1579 1551
f 1550 1551 1580
f 1551 1579 1581
f 1551 1581 1580
f 1552 1582 1554
f 1553 1556 1583
f 1553 1583 1584
f 1553 1584 1557
f 1554 1582 1585
f 1554 1585 1586
f 1554 1586 1555
f 1555 1586 1587
f 1555 1587 1588
f 1555 1588 1556
f 1556 1588 1589
f 1556 1589 1583
f 1557 1590 1558
f 1557 1584 1591
f 1557 1591 1590
f 1558 1590 1592
f 1559 1593 1594
f 1559 1594 1595
f 1559 1595 1560
f 1560 1595 1561
f 1561 1595 1596
f 1561 1596 1597
f 1561 1597 1598
f 1561 1598 1562
f 1562 1598 1599
f 1562 1599 1564
f 1562 1564 1563
f 1564 1566 1565
f 1564 1599 1572
f 1564 1572 1566
f 1566 1572 1600
f 1566 1600 1567
f 1567 1600 1571
f 1567 1569 1568
f 1571 1600 1572
f 1572 1599 1573
f 1573 1598 1597
f 1573 1599 1598
f 1574 1601 1602
f 1574 1602 1587
f 1574 1587 1575
f 1575 1587 1576
f 1576 1587 1603
f 1576 1603 1604
f 1576 1604 1577
f 1583 1589 1605
f 1583 1605 1584
f 1584 1605 1606
f 1584 1606 1615
f 1584 1615 1591
f 1585 1607 1586
f 1586 1607 1587
f 1587 1602 1608
f 1587 1608 1588
f 1587 1607 1603
f 1588 1608 1589
f 1589 1608 1609
f 1589 1609 1610
f 1589 1610 1611
f 1589 1611 1612
f 1589 1612 1613
f 1589 1613 1605
f 1590 1614 1592
f 1590 1591 1614
f 1591 1615 1616
f 1591 1616 1617
f 1591 1617 1614
f 1592 1618 1619
f 1592 1614 1618
f 1593 1620 1594
f 1594 1620 1621
f 1594 1621 1622
f 1594 1622 1623
f 1594 1623 1624
f 1594 1624 1625
f 1594 1625 1626
f 1594 1626 1595
f 1595 1626 1596
f 1596 1626 1597
f 1597 1626 1627
f 1597 1627 1628
f 1601 1629 1610
f 1601 1610 1609
f 1601 1609 1608
f 1601 1608 1602
f 1603 1607 1604
f 1605 1613 1606
f 1606 1613 1630
f 1606 1630 1615
f 1610 1629 1631
f 1610 1631 1632
f 1610 1632 1611
f 1611 1632 1612
f 1612 1631 1633
f 1612 1633 1613
f 1612 1632 1631
f 1613 1633 1630
f 1614 1617 1618
f 1615 1630 1634
f 1615 1634 1635
f 1615 1635 1636
f 1615 1636 1616
f 1616 1637 1618
f 1616 1618 1617
f 1616 1636 1637
f 1618 1638 1639
f 1618 1639 1640
f 1618 1640 1641
f 1618 1641 1619
f 1618 1637 1638
f 1621 1642 1643
f 1621 1643 1622
f 1622 1643 1642
f 1622 1642 1644
f 1622 1644 1645
f 1622 1645 1623
f 1623 1645 1646
f 1623 1646 1624
f 1624 1646 1626
f 1624 1626 1625
f 1626 1646 1628
f 1626 1628 1627
f 1628 1646 1647
f 1630 1633 1648
f 1630 1648 1649
f 1630 1649 1650
f 1630 1650 1634
f 1634 1650 1651
f 1634 1651 1635
f 1635 1651 1652
f 1635 1652 1636
f 1636 1652 1653
f 1636 1653 1637
f 1637 1653 1638
f 1638 1654 1639
f 1638 1653 1655
f 1638 1655 1656
f 1638 1656 1654
f 1639 1654 1657
f 1639 1657 1658
f 1639 1658 1659
f 1639 1659 1660
f 1639 1660 1640
f 1642 1661 1644
f 1642 1662 1663
f 1642 1663 1664
f 1642 1664 1665
f 1642 1665 1666
f 1642 1666 1661
f 1644 1661 1666
f 1644 1666 1645
f 1645 1666 1667
f 1645 1667 1668
f 1645 1668 1647
f 1645 1647 1646
f 1649 1651 1650
f 1652 1669 1653
f 1653 1669 1670
f 1653 1670 1671
f 1653 1671 1655
f 1654 1656 1657
f 1655 1671 1656
f 1656 1671 1672
f 1656 1672 1673
f 1656 1673 1674
f 1656 1674 1675
f 1656 1675 1657
f 1657 1675 1676
f 1657 1676 1658
f 1658 1676 1659
f 1662 1677 1663
f 1663 1677 1678
f 1663 1678 1679
f 1663 1679 1664
f 1664 1679 1665
f 1665 1680 1667
f 1665 1667 1666
f 1665 1679 1680
f 1667 1680 1681
f 1667 1681 1682
f 1667 1682 1668
f 1670 1672 1671
f 1672 1683 1684
f 1672 1684 1673
f 1673 1684 1685
f 1673 1685 1686
f 1673 1686 1680
f 1673 1680 1687
f 1673 1687 1688
f 1673 1688 1679
f 1673 1679 1689
f 1673 1689 1690
f 1673 1690 1675
f 1673 1675 1674
f 1675 1690 1676
f 1678 1690 1691
f 1678 1691 1692
f 1678 1692 1679
f 1679 1692 1693
f 1679 1693 1694
f 1679 1694 1690
f 1679 1690 1689
f 1679 1688 1680
f 1680 1688 1687
f 1680 1686 1695
f 1680 1695 1681
f 1683 1696 1685
f 1683 1685 1684
f 1685 1696 1686
f 1690 1694 1693
f 1690 1693 1692
f 1690 1692 1691

o part_14
v 0.01487985 -0.02278305 0.01165277
v 0.01487985 -0.02278082 0.01162359
v 0.01490402 -0.02276744 0.01165277
v 0.01487985 -0.01940471 0.01165277
v 0.01569304 -0.02223671 0.01165277
v 0.01487985 -0.02276744 0.01150691
v 0.02450765 -0.00000659 0.01165277
v 0.01796225 -0.00000659 -0.04795200
v 0.01487985 -0.01009031 -0.04795200
v 0.01623557 -0.02178181 0.01154775
v 0.01624282 -0.02178850 0.01165277
v 0.01559879 -0.02216090 0.01044503
v 0.01487985 -0.02264256 0.01044503
v 0.01544655 -0.02203602 0.00850216
v 0.02722151 -0.00000659 0.01165277
v 0.02126214 -0.00000659 -0.04795200
v 0.01487985 -0.01518569 -0.04795200
v 0.01786679 -0.02001794 0.00824545
v 0.01858936 -0.01970798 0.01044503
v 0.01868361 -0.01978603 0.01165277
v 0.01630565 -0.02173721 0.01165277
v 0.01487985 -0.02034574 -0.00825439
v 0.01487985 -0.02212299 0.00604586
v 0.01538734 -0.02198919 0.00777286
v 0.01487985 -0.02055535 -0.00662074
v 0.02722272 -0.00055069 0.01165277
v 0.02721185 -0.00000659 0.01154775
v 0.02126214 -0.00055069 -0.04795200
v 0.02201250 -0.00000659 -0.04083397
v 0.01503814 -0.01503629 -0.04795200
v 0.01521818 -0.01521691 -0.04564739
v 0.01536438 -0.01536409 -0.04376870
v 0.01487985 -0.01520130 -0.04784698
v 0.01869811 -0.01869559 0.00331533
v 0.01579817 -0.01902562 -0.01265356
v 0.01487985 -0.01720154 -0.03267157
v 0.01487985 -0.01693172 -0.03476614
v 0.01523993 -0.01636755 -0.03684904
v 0.01756350 -0.01866884 -0.00416444
v 0.01712972 -0.01794188 -0.01256605
v 0.01923218 -0.01924193 0.01165277
v 0.01874644 -0.01874465 0.00405047
v 0.01887573 -0.01887399 0.00604586
v 0.01894702 -0.01894535 0.00714857
v 0.01487985 -0.01949614 -0.01485315
v 0.01487985 -0.02199142 0.00494898
v 0.01487985 -0.02185763 0.00384627
v 0.01533417 -0.02194905 0.00714857
v 0.01487985 -0.02090322 -0.00385521
v 0.01487985 -0.02065570 -0.00582725
v 0.02710551 -0.00175485 0.01165277
v 0.02710551 -0.00165005 0.01154775
v 0.02699556 -0.00165005 0.01044503
v 0.02637811 -0.00087403 0.00351370
v 0.02589237 -0.00055069 -0.00165562
v 0.02641315 -0.00014262 0.00316364
v 0.02641315 -0.00000659 0.00316364
v 0.02201491 -0.00125312 -0.03974876
v 0.02104827 -0.00274940 -0.04795200
v 0.02201250 -0.00014262 -0.04083397
v 0.02311326 -0.00014262 -0.02983019
v 0.02545255 -0.00055069 -0.00605480
v 0.02311326 -0.00000659 -0.02983019
v 0.01555529 -0.01448550 -0.04795200
v 0.01541876 -0.01541760 -0.04303356
v 0.01487985 -0.01576770 -0.04378620
v 0.01487985 -0.01566513 -0.04454468
v 0.01487985 -0.01551572 -0.04564739
v 0.01487985 -0.01535963 -0.04674427
v 0.01840690 -0.01724168 -0.00825439
v 0.01970946 -0.01858856 0.01044503
v 0.01976383 -0.01865323 0.01128519
v 0.01978679 -0.01868221 0.01165277
v 0.01651227 -0.01651027 -0.02758393
v 0.01487985 -0.01626944 -0.03990630
v 0.01487985 -0.01586136 -0.04306273
v 0.02700764 -0.00275163 0.01165277
v 0.02637932 -0.00309281 0.00570162
v 0.02655573 -0.00165005 0.00604586
v 0.02531480 -0.00125312 -0.00675493
v 0.02307943 -0.00419662 -0.02619533
v 0.02204995 -0.00383314 -0.03682570
v 0.02197625 -0.00418993 -0.03717577
v 0.02093589 -0.00371050 -0.04795200
v 0.02545738 -0.00275163 -0.00385521
v 0.02527976 -0.00419885 -0.00420528
v 0.01561450 -0.01441414 -0.04795200
v 0.01570392 -0.01466612 -0.04564739
v 0.01576675 -0.01493817 -0.04341863
v 0.01622711 -0.01506528 -0.03904863
v 0.01762392 -0.01652811 -0.01887893
v 0.01650140 -0.01430041 -0.04180249
v 0.02078848 -0.01746245 0.01165277
v 0.02015895 -0.01822954 0.01165277
v 0.01902677 -0.01579669 -0.01265356
v 0.02014324 -0.01581676 -0.00385521
v 0.02055165 -0.01497385 -0.00605480
v 0.02689889 -0.00385098 0.01165277
v 0.02645061 -0.00383983 0.00715440
v 0.02311568 -0.00446644 -0.02546602
v 0.02641557 -0.00451773 0.00752781
v 0.02677202 -0.00495034 0.01165277
v 0.02201370 -0.00445083 -0.03644646
v 0.02086823 -0.00418101 -0.04795200
v 0.02637932 -0.00419885 0.00679850
v 0.01655698 -0.01326796 -0.04795200
v 0.01611232 -0.01382544 -0.04784698
v 0.02178171 -0.01623376 0.01154775
v 0.02223724 -0.01569188 0.01165277
v 0.02089723 -0.01429372 -0.00768261
v 0.02203666 -0.01544436 0.00850800
v 0.01983391 -0.01434055 -0.01566414
v 0.02640107 -0.00550559 0.00878805
v 0.02651949 -0.00609429 0.01165277
v 0.02648686 -0.00579102 0.01044503
v 0.02090206 -0.00440400 -0.04730438
v 0.02069665 -0.00486114 -0.04795200
v 0.01705722 -0.01265696 -0.04795200
v 0.02208983 -0.01551126 0.00934816
v 0.02283898 -0.01479992 0.01165277
v 0.02202337 -0.01433609 0.00198508
v 0.02198954 -0.01538639 0.00777286
v 0.01759975 -0.01209725 -0.04729271
v 0.01980129 -0.01320106 -0.02310890
v 0.02572200 -0.00605192 0.00384627
v 0.02532447 -0.00558363 -0.00134056
v 0.02638295 -0.00654696 0.01165277
v 0.02622828 -0.00705093 0.01162943
v 0.02086702 -0.00538963 -0.04477223
v 0.02033536 -0.00605192 -0.04795200
v 0.01755746 -0.01203481 -0.04795200
v 0.01756471 -0.01204596 -0.04784698
v 0.02311810 -0.01433386 0.01165277
v 0.02198108 -0.01426696 0.00125577
v 0.01868481 -0.01207049 -0.03836017
v 0.01875490 -0.01110270 -0.04234509
v 0.02081869 -0.01304496 -0.01485315
v 0.02543684 -0.00925409 0.01044503
v 0.02550451 -0.00944141 0.01165277
v 0.02529909 -0.00989854 0.01100514
v 0.01996925 -0.00725831 -0.04795200
v 0.01788854 -0.01148625 -0.04795200
v 0.02325826 -0.01407296 0.01165277
v 0.02308789 -0.01427588 0.01110433
v 0.02255140 -0.01374962 0.00384627
v 0.01794775 -0.01138144 -0.04795200
v 0.01844436 -0.01052069 -0.04784698
v 0.01863044 -0.01087079 -0.04454468
v 0.01870656 -0.01001004 -0.04795200
v 0.01961521 -0.01065448 -0.03684904
v 0.02435903 -0.01129893 0.00824545
v 0.02322080 -0.01342628 0.00824545
v 0.02284864 -0.01366042 0.00605753
v 0.02527009 -0.00980265 0.01044503
v 0.02449194 -0.00935221 0.00164668
v 0.02533172 -0.00998551 0.01165277
v 0.02422249 -0.00994983 0.00087653
v 0.02418262 -0.00984948 0.00014722
v 0.02198954 -0.00876797 -0.02410076
v 0.01981700 -0.00774220 -0.04795200
v 0.02336338 -0.01384551 0.01150107
v 0.02399050 -0.01270379 0.01165277
v 0.01844194 -0.01050285 -0.04795200
v 0.01905455 -0.00935890 -0.04795200
v 0.01907026 -0.00935221 -0.04784698
v 0.01966113 -0.00963987 -0.04124822
v 0.02423457 -0.01106702 0.00604586
v 0.02460794 -0.01154868 0.01165277
v 0.02070752 -0.00953952 -0.03244986
v 0.02043565 -0.00935221 -0.03574633
v 0.02090568 -0.00881034 -0.03414185
v 0.02527734 -0.01011484 0.01165277
v 0.02513839 -0.01044487 0.01165277
v 0.02420195 -0.01100681 0.00547408
v 0.02312655 -0.00995206 -0.00904787
v 0.01962125 -0.00819265 -0.04795200
v 0.02425632 -0.01220651 0.01165277
v 0.01910772 -0.00924963 -0.04795200
v 0.01964421 -0.00844686 -0.04674427
v 0.01980008 -0.00879919 -0.04399041
f 1697 1698 1699
f 1697 1699 1701
f 1697 1701 1707
f 1697 1707 1717
f 1697 1717 1716
f 1697 1716 1737
f 1697 1737 1769
f 1697 1769 1790
f 1697 1790 1789
f 1697 1789 1805
f 1697 1805 1816
f 1697 1816 1829
f 1697 1829 1839
f 1697 1839 1858
f 1697 1858 1873
f 1697 1873 1864
f 1697 1864 1869
f 1697 1869 1868
f 1697 1868 1852
f 1697 1852 1835
f 1697 1835 1823
f 1697 1823 1810
f 1697 1810 1798
f 1697 1798 1794
f 1697 1794 1773
f 1697 1773 1747
f 1697 1747 1722
f 1697 1722 1711
f 1697 1711 1703
f 1697 1703 1700
f 1697 1700 1705
f 1697 1705 1713
f 1697 1713 1729
f 1697 1729 1765
f 1697 1765 1764
f 1697 1764 1763
f 1697 1763 1762
f 1697 1762 1772
f 1697 1772 1771
f 1697 1771 1733
f 1697 1733 1732
f 1697 1732 1741
f 1697 1741 1718
f 1697 1718 1721
f 1697 1721 1746
f 1697 1746 1745
f 1697 1745 1743
f 1697 1743 1742
f 1697 1742 1719
f 1697 1719 1709
f 1697 1709 1702
f 1697 1702 1698
f 1698 1701 1699
f 1698 1702 1701
f 1700 1703 1704
f 1700 1704 1705
f 1701 1706 1707
f 1701 1702 1708
f 1701 1708 1706
f 1702 1709 1710
f 1702 1710 1708
f 1703 1711 1723
f 1703 1723 1753
f 1703 1753 1759
f 1703 1759 1725
f 1703 1725 1712
f 1703 1712 1704
f 1704 1712 1724
f 1704 1724 1755
f 1704 1755 1780
f 1704 1780 1800
f 1704 1800 1813
f 1704 1813 1826
f 1704 1826 1837
f 1704 1837 1856
f 1704 1856 1872
f 1704 1872 1874
f 1704 1874 1860
f 1704 1860 1845
f 1704 1845 1859
f 1704 1859 1842
f 1704 1842 1838
f 1704 1838 1827
f 1704 1827 1814
f 1704 1814 1802
f 1704 1802 1783
f 1704 1783 1760
f 1704 1760 1726
f 1704 1726 1713
f 1704 1713 1705
f 1706 1714 1715
f 1706 1715 1716
f 1706 1716 1717
f 1706 1717 1707
f 1706 1708 1710
f 1706 1710 1718
f 1706 1718 1714
f 1709 1719 1710
f 1710 1719 1720
f 1710 1720 1721
f 1710 1721 1718
f 1711 1722 1723
f 1712 1725 1756
f 1712 1756 1724
f 1713 1726 1727
f 1713 1727 1728
f 1713 1728 1729
f 1714 1718 1715
f 1715 1730 1716
f 1715 1718 1731
f 1715 1731 1732
f 1715 1732 1733
f 1715 1733 1734
f 1715 1734 1735
f 1715 1735 1736
f 1715 1736 1730
f 1716 1730 1738
f 1716 1738 1739
f 1716 1739 1740
f 1716 1740 1737
f 1718 1741 1731
f 1719 1742 1720
f 1720 1742 1743
f 1720 1743 1744
f 1720 1744 1745
f 1720 1745 1746
f 1720 1746 1721
f 1722 1747 1748
f 1722 1748 1749
f 1722 1749 1750
f 1722 1750 1751
f 1722 1751 1752
f 1722 1752 1753
f 1722 1753 1723
f 1724 1754 1755
f 1724 1756 1757
f 1724 1757 1758
f 1724 1758 1754
f 1725 1759 1757
f 1725 1757 1756
f 1726 1760 1727
f 1727 1760 1728
f 1728 1761 1762
f 1728 1762 1763
f 1728 1763 1764
f 1728 1764 1765
f 1728 1765 1729
f 1728 1760 1761
f 1730 1766 1767
f 1730 1767 1768
f 1730 1768 1769
f 1730 1769 1738
f 1730 1736 1734
f 1730 1734 1770
f 1730 1770 1766
f 1731 1741 1732
f 1733 1771 1734
f 1734 1771 1772
f 1734 1772 1762
f 1734 1762 1761
f 1734 1761 1770
f 1734 1736 1735
f 1737 1740 1769
f 1738 1769 1739
f 1739 1769 1740
f 1743 1745 1744
f 1747 1773 1748
f 1748 1773 1749
f 1749 1773 1774
f 1749 1774 1775
f 1749 1775 1776
f 1749 1776 1750
f 1750 1776 1758
f 1750 1758 1751
f 1751 1758 1752
f 1752 1758 1757
f 1752 1757 1759
f 1752 1759 1753
f 1754 1758 1776
f 1754 1776 1755
f 1755 1777 1778
f 1755 1778 1779
f 1755 1779 1780
f 1755 1776 1781
f 1755 1781 1782
f 1755 1782 1777
f 1760 1783 1784
f 1760 1784 1761
f 1761 1784 1785
f 1761 1785 1786
f 1761 1786 1770
f 1766 1770 1787
f 1766 1787 1786
f 1766 1786 1788
f 1766 1788 1767
f 1767 1789 1790
f 1767 1790 1768
f 1767 1788 1791
f 1767 1791 1792
f 1767 1792 1793
f 1767 1793 1789
f 1768 1790 1769
f 1770 1786 1787
f 1773 1794 1795
f 1773 1795 1774
f 1774 1795 1782
f 1774 1782 1781
f 1774 1781 1775
f 1775 1781 1776
f 1777 1796 1779
f 1777 1779 1778
f 1777 1782 1797
f 1777 1797 1798
f 1777 1798 1796
f 1779 1799 1800
f 1779 1800 1780
f 1779 1796 1799
f 1782 1795 1801
f 1782 1801 1797
f 1783 1802 1803
f 1783 1803 1788
f 1783 1788 1786
f 1783 1786 1784
f 1784 1786 1785
f 1788 1803 1802
f 1788 1802 1791
f 1789 1804 1805
f 1789 1793 1804
f 1791 1802 1792
f 1792 1802 1793
f 1793 1806 1807
f 1793 1807 1804
f 1793 1802 1808
f 1793 1808 1806
f 1794 1798 1797
f 1794 1797 1801
f 1794 1801 1795
f 1796 1798 1809
f 1796 1809 1799
f 1798 1810 1811
f 1798 1811 1809
f 1799 1812 1800
f 1799 1809 1812
f 1800 1812 1813
f 1802 1814 1808
f 1804 1807 1815
f 1804 1815 1805
f 1805 1815 1817
f 1805 1817 1816
f 1806 1817 1818
f 1806 1818 1807
f 1806 1808 1819
f 1806 1819 1820
f 1806 1820 1817
f 1807 1818 1817
f 1807 1817 1815
f 1808 1814 1819
f 1809 1811 1821
f 1809 1821 1822
f 1809 1822 1812
f 1810 1823 1811
f 1811 1823 1824
f 1811 1824 1821
f 1812 1822 1813
f 1813 1825 1826
f 1813 1822 1821
f 1813 1821 1825
f 1814 1827 1828
f 1814 1828 1819
f 1816 1817 1829
f 1817 1830 1829
f 1817 1820 1830
f 1819 1828 1831
f 1819 1831 1820
f 1820 1831 1832
f 1820 1832 1833
f 1820 1833 1830
f 1821 1824 1834
f 1821 1834 1825
f 1823 1835 1824
f 1824 1835 1836
f 1824 1836 1834
f 1825 1834 1826
f 1826 1834 1837
f 1827 1838 1828
f 1828 1838 1831
f 1829 1830 1840
f 1829 1840 1839
f 1830 1841 1840
f 1830 1833 1841
f 1831 1838 1842
f 1831 1842 1843
f 1831 1843 1844
f 1831 1844 1832
f 1832 1844 1845
f 1832 1845 1846
f 1832 1846 1833
f 1833 1846 1847
f 1833 1847 1848
f 1833 1848 1849
f 1833 1849 1841
f 1834 1836 1850
f 1834 1850 1851
f 1834 1851 1837
f 1835 1852 1836
f 1836 1852 1853
f 1836 1853 1854
f 1836 1854 1855
f 1836 1855 1837
f 1836 1837 1850
f 1837 1855 1856
f 1837 1851 1850
f 1839 1840 1857
f 1839 1857 1858
f 1840 1841 1849
f 1840 1849 1857
f 1842 1859 1843
f 1843 1859 1845
f 1843 1845 1844
f 1845 1860 1861
f 1845 1861 1846
f 1846 1861 1862
f 1846 1862 1847
f 1847 1863 1864
f 1847 1864 1857
f 1847 1857 1848
f 1847 1862 1865
f 1847 1865 1866
f 1847 1866 1867
f 1847 1867 1863
f 1848 1857 1849
f 1852 1868 1853
f 1853 1868 1869
f 1853 1869 1864
f 1853 1864 1863
f 1853 1863 1870
f 1853 1870 1871
f 1853 1871 1867
f 1853 1867 1854
f 1854 1867 1855
f 1855 1867 1856
f 1856 1867 1872
f 1857 1864 1873
f 1857 1873 1858
f 1860 1874 1875
f 1860 1875 1876
f 1860 1876 1861
f 1861 1876 1867
f 1861 1867 1866
f 1861 1866 1865
f 1861 1865 1862
f 1863 1867 1871
f 1863 1871 1870
f 1867 1876 1872
f 1872 1875 1874
f 1872 1876 1875

o part_15
v -0.00000437 -0.02126235 -0.04795200
v -0.00000437 -0.02092317 -0.05161532
v 0.00026000 -0.02092317 -0.05161532
v 0.00055110 -0.02126027 -0.04795200
v -0.00000437 -0.01796003 -0.04795200
v -0.00000437 -0.01686134 -0.05161532
v 0.00055110 -0.02116247 -0.04895031
v 0.00052437 -0.02089820 -0.05161532
v 0.00154917 -0.02116455 -0.04795200
v 0.01516858 -0.00963246 -0.04795200
v -0.00000437 -0.00000644 -0.04885205
v -0.00000437 -0.00000436 -0.05150165
v 0.01516858 -0.00775762 -0.05161532
v 0.00125212 -0.02091484 -0.05074933
v 0.00163976 -0.02078999 -0.05161532
v 0.00273585 -0.02095022 -0.04893632
v 0.00264822 -0.02105634 -0.04795200
v 0.01516858 -0.00000436 -0.04885922
v 0.01374872 -0.00000436 -0.04885205
v 0.00027188 -0.00000436 -0.04885205
v 0.01516858 -0.01489702 -0.04795200
v 0.01516858 -0.00000436 -0.05150165
v 0.01516858 -0.01435392 -0.05161532
v 0.00275070 -0.02067971 -0.05161532
v 0.00274922 -0.02104594 -0.04795200
v 0.00309082 -0.02087739 -0.04929383
v 0.01503640 -0.01503644 -0.04795200
v 0.01476758 -0.01476801 -0.05161532
v 0.00385125 -0.02054029 -0.05161532
v 0.00341460 -0.02091484 -0.04856052
v 0.00370867 -0.02093357 -0.04795200
v 0.01448687 -0.01555457 -0.04795200
v 0.01423735 -0.01534856 -0.05114987
v 0.01420022 -0.01531735 -0.05161532
v 0.00417948 -0.02086698 -0.04795200
v 0.00414829 -0.02086282 -0.04804308
v 0.00448544 -0.02039463 -0.05161532
v 0.01331206 -0.01652008 -0.04795200
v 0.01388387 -0.01557746 -0.05161532
v 0.01266303 -0.01658043 -0.05161532
v 0.00486119 -0.02069427 -0.04795200
v 0.00495031 -0.02028643 -0.05161532
v 0.01258431 -0.01711521 -0.04795200
v 0.01255312 -0.01687175 -0.05004973
v 0.01246698 -0.01680100 -0.05114987
v 0.01242985 -0.01676979 -0.05161532
v 0.00594837 -0.02036550 -0.04795200
v 0.00657959 -0.01979326 -0.05161532
v 0.00614590 -0.01996598 -0.05121729
v 0.01203627 -0.01755635 -0.04795200
v 0.01168724 -0.01732121 -0.05161532
v 0.00670286 -0.01983072 -0.05089563
v 0.00725833 -0.01996806 -0.04795200
v 0.00712021 -0.01962888 -0.05161532
v 0.01148674 -0.01788720 -0.04795200
v 0.01139168 -0.01783102 -0.04895031
v 0.01113623 -0.01768120 -0.05161532
v 0.00768607 -0.01979535 -0.04835972
v 0.00773954 -0.01981615 -0.04795200
v 0.00778410 -0.01937501 -0.05161532
v 0.01050204 -0.01844071 -0.04795200
v 0.01044857 -0.01805575 -0.05161532
v 0.00824897 -0.01919398 -0.05161532
v 0.00824897 -0.01924600 -0.05114987
v 0.00819105 -0.01962055 -0.04795200
v 0.00995994 -0.01873203 -0.04795200
v 0.01005053 -0.01827008 -0.05161532
v 0.01044857 -0.01823262 -0.05004973
v 0.00872424 -0.01896300 -0.05161532
v 0.00902277 -0.01881734 -0.05161532
v 0.00907178 -0.01884440 -0.05114987
v 0.00924703 -0.01910658 -0.04795200
v 0.00935545 -0.01905248 -0.04795200
v 0.00918762 -0.01890682 -0.05004973
v 0.00925594 -0.01869457 -0.05161532
f 1877 1878 1879
f 1877 1879 1880
f 1877 1880 1885
f 1877 1885 1893
f 1877 1893 1901
f 1877 1901 1907
f 1877 1907 1911
f 1877 1911 1917
f 1877 1917 1923
f 1877 1923 1929
f 1877 1929 1935
f 1877 1935 1941
f 1877 1941 1948
f 1877 1948 1949
f 1877 1949 1942
f 1877 1942 1937
f 1877 1937 1931
f 1877 1931 1926
f 1877 1926 1919
f 1877 1919 1914
f 1877 1914 1908
f 1877 1908 1903
f 1877 1903 1897
f 1877 1897 1886
f 1877 1886 1881
f 1877 1881 1887
f 1877 1887 1888
f 1877 1888 1882
f 1877 1882 1878
f 1878 1882 1889
f 1878 1889 1899
f 1878 1899 1904
f 1878 1904 1910
f 1878 1910 1915
f 1878 1915 1916
f 1878 1916 1922
f 1878 1922 1927
f 1878 1927 1933
f 1878 1933 1938
f 1878 1938 1943
f 1878 1943 1951
f 1878 1951 1946
f 1878 1946 1945
f 1878 1945 1939
f 1878 1939 1936
f 1878 1936 1930
f 1878 1930 1924
f 1878 1924 1918
f 1878 1918 1913
f 1878 1913 1905
f 1878 1905 1900
f 1878 1900 1891
f 1878 1891 1884
f 1878 1884 1879
f 1879 1883 1880
f 1879 1884 1883
f 1880 1883 1885
f 1881 1886 1887
f 1882 1888 1889
f 1883 1884 1890
f 1883 1890 1885
f 1884 1891 1890
f 1885 1890 1892
f 1885 1892 1893
f 1886 1894 1895
f 1886 1895 1896
f 1886 1896 1887
f 1886 1897 1899
f 1886 1899 1889
f 1886 1889 1898
f 1886 1898 1894
f 1887 1896 1888
f 1888 1896 1895
f 1888 1895 1894
f 1888 1894 1898
f 1888 1898 1889
f 1890 1891 1892
f 1891 1900 1892
f 1892 1901 1893
f 1892 1900 1902
f 1892 1902 1901
f 1897 1903 1899
f 1899 1903 1904
f 1900 1905 1906
f 1900 1906 1902
f 1901 1902 1906
f 1901 1906 1907
f 1903 1908 1909
f 1903 1909 1910
f 1903 1910 1904
f 1905 1911 1912
f 1905 1912 1906
f 1905 1913 1911
f 1906 1912 1907
f 1907 1912 1911
f 1908 1914 1909
f 1909 1915 1910
f 1909 1914 1916
f 1909 1916 1915
f 1911 1913 1918
f 1911 1918 1917
f 1914 1919 1920
f 1914 1920 1921
f 1914 1921 1916
f 1916 1921 1922
f 1917 1918 1923
f 1918 1924 1925
f 1918 1925 1923
f 1919 1926 1921
f 1919 1921 1920
f 1921 1926 1922
f 1922 1926 1927
f 1923 1925 1924
f 1923 1924 1928
f 1923 1928 1929
f 1924 1930 1928
f 1926 1931 1932
f 1926 1932 1933
f 1926 1933 1927
f 1928 1930 1929
f 1929 1930 1934
f 1929 1934 1935
f 1930 1936 1934
f 1931 1937 1932
f 1932 1937 1933
f 1933 1937 1938
f 1934 1936 1939
f 1934 1939 1940
f 1934 1940 1941
f 1934 1941 1935
f 1937 1942 1943
f 1937 1943 1944
f 1937 1944 1938
f 1938 1944 1943
f 1939 1945 1940
f 1940 1945 1946
f 1940 1946 1947
f 1940 1947 1948
f 1940 1948 1941
f 1942 1949 1950
f 1942 1950 1951
f 1942 1951 1943
f 1946 1951 1947
f 1947 1951 1950
f 1947 1950 1949
f 1947 1949 1948

o part_16
v 0.02481313 -0.01728240 0.04038370
v 0.02199107 -0.01728240 0.04038370
v 0.02480318 -0.01730389 0.04038370
v 0.02452595 -0.01728240 0.03794821
v 0.01211262 -0.02522180 0.04038370
v 0.02082743 -0.01728240 0.03684858
v 0.01211262 -0.02412050 0.03654204
v 0.01211262 -0.02428733 0.03716076
v 0.02440411 -0.01782384 0.04038370
v 0.02427109 -0.01768771 0.03818445
v 0.02093435 -0.01728240 0.01165277
v 0.01211262 -0.02773862 0.04038370
v 0.02078641 -0.01728240 0.03666859
v 0.01211262 -0.02408672 0.03637049
v 0.02406223 -0.01824041 0.04038370
v 0.02224344 -0.02009706 0.03794821
v 0.01978563 -0.01868359 0.01165277
v 0.02074041 -0.01751985 0.01165277
v 0.02078641 -0.01746356 0.01165277
v 0.01735145 -0.01728240 0.01165277
v 0.01229412 -0.02765879 0.04038370
v 0.01211262 -0.02754415 0.03831100
v 0.01215862 -0.02753085 0.03834194
v 0.02063847 -0.01728240 0.03601332
v 0.02057879 -0.01728240 0.03574896
v 0.01211262 -0.02399563 0.03574896
v 0.02204825 -0.02063338 0.04038370
v 0.02184934 -0.02072141 0.03904784
v 0.02178470 -0.02064771 0.03794821
v 0.01978812 -0.01979001 0.01877082
v 0.01924236 -0.01923219 0.01165277
v 0.01211262 -0.02123931 0.01165277
v 0.01443864 -0.02652576 0.04038370
v 0.01211262 -0.02430678 0.01165277
v 0.01431059 -0.02640498 0.03846850
v 0.01211262 -0.02336514 0.03024800
v 0.01211262 -0.02349104 0.03134763
v 0.01211262 -0.02382265 0.03424154
v 0.01211262 -0.02127820 0.01199868
v 0.01211262 -0.02282473 0.02552326
v 0.02174864 -0.02095272 0.04038370
v 0.02129985 -0.02130072 0.03904784
v 0.02123396 -0.02123521 0.03794821
v 0.01868292 -0.01978694 0.01165277
v 0.01923117 -0.01924345 0.01165277
v 0.01485760 -0.02629444 0.04038370
v 0.01220710 -0.02425663 0.01165277
v 0.01634322 -0.02520747 0.03794821
v 0.01644516 -0.02526786 0.03904784
v 0.01275784 -0.02396288 0.01165277
v 0.01407563 -0.02325870 0.01165277
v 0.01433670 -0.02311848 0.01165277
v 0.02135828 -0.02136008 0.04038370
v 0.02072052 -0.02185034 0.03904784
v 0.02095051 -0.02175004 0.04038370
v 0.02064593 -0.02178484 0.03794821
v 0.01823039 -0.02015847 0.01165277
v 0.02009643 -0.02224440 0.03794821
v 0.01768836 -0.02427095 0.03818445
v 0.01634198 -0.02543981 0.04038370
v 0.01539839 -0.02309801 0.01651250
v 0.01730421 -0.02480318 0.04038370
v 0.01480165 -0.02283906 0.01165277
v 0.02063225 -0.02204993 0.04038370
v 0.01824034 -0.02406216 0.04038370
v 0.01691385 -0.02123931 0.01165277
v 0.01782387 -0.02440401 0.04038370
v 0.01569303 -0.02223826 0.01165277
v 0.01624376 -0.02178893 0.01165277
v 0.01499062 -0.02285134 0.01265115
f 1952 1953 1956
f 1952 1956 1963
f 1952 1963 1972
f 1952 1972 1984
f 1952 1984 1997
f 1952 1997 2011
f 1952 2011 2013
f 1952 2013 2018
f 1952 2018 2016
f 1952 2016 2015
f 1952 2015 2006
f 1952 2006 2004
f 1952 2004 1992
f 1952 1992 1978
f 1952 1978 1966
f 1952 1966 1960
f 1952 1960 1954
f 1952 1954 1955
f 1952 1955 1962
f 1952 1962 1971
f 1952 1971 1976
f 1952 1976 1975
f 1952 1975 1964
f 1952 1964 1957
f 1952 1957 1953
f 1953 1957 1958
f 1953 1958 1959
f 1953 1959 1956
f 1954 1960 1961
f 1954 1961 1955
f 1955 1961 1962
f 1956 1959 1958
f 1956 1958 1965
f 1956 1965 1977
f 1956 1977 1989
f 1956 1989 1988
f 1956 1988 1987
f 1956 1987 1991
f 1956 1991 1990
f 1956 1990 1983
f 1956 1983 1985
f 1956 1985 1973
f 1956 1973 1963
f 1957 1964 1965
f 1957 1965 1958
f 1960 1966 1961
f 1961 1966 1967
f 1961 1967 1968
f 1961 1968 1969
f 1961 1969 1970
f 1961 1970 1962
f 1962 1970 1969
f 1962 1969 1968
f 1962 1968 1982
f 1962 1982 1996
f 1962 1996 1995
f 1962 1995 2008
f 1962 2008 2017
f 1962 2017 2020
f 1962 2020 2019
f 1962 2019 2014
f 1962 2014 2003
f 1962 2003 2002
f 1962 2002 2001
f 1962 2001 1998
f 1962 1998 1985
f 1962 1985 1983
f 1962 1983 1971
f 1963 1973 1974
f 1963 1974 1972
f 1964 1975 1965
f 1965 1975 1976
f 1965 1976 1977
f 1966 1978 1979
f 1966 1979 1967
f 1967 1979 1980
f 1967 1980 1968
f 1968 1981 1982
f 1968 1980 1981
f 1971 1983 1976
f 1972 1974 1984
f 1973 1985 1974
f 1974 1986 1984
f 1974 1985 1986
f 1976 1987 1988
f 1976 1988 1989
f 1976 1989 1977
f 1976 1983 1990
f 1976 1990 1991
f 1976 1991 1987
f 1978 1992 1979
f 1979 1992 1993
f 1979 1993 1994
f 1979 1994 1980
f 1980 1994 1981
f 1981 1995 1996
f 1981 1996 1982
f 1981 1994 1995
f 1984 1986 1997
f 1985 1998 1986
f 1986 1999 2000
f 1986 2000 1997
f 1986 1998 2001
f 1986 2001 2002
f 1986 2002 2003
f 1986 2003 1999
f 1992 2004 1993
f 1993 2005 1994
f 1993 2004 2006
f 1993 2006 2005
f 1994 2005 2007
f 1994 2007 1995
f 1995 2007 2009
f 1995 2009 2010
f 1995 2010 2008
f 1997 2000 2011
f 1999 2010 2000
f 1999 2003 2012
f 1999 2012 2010
f 2000 2010 2013
f 2000 2013 2011
f 2003 2014 2012
f 2005 2006 2015
f 2005 2015 2016
f 2005 2016 2009
f 2005 2009 2007
f 2008 2010 2017
f 2009 2016 2010
f 2010 2016 2018
f 2010 2018 2013
f 2010 2012 2019
f 2010 2019 2020
f 2010 2020 2017
f 2012 2014 2021
f 2012 2021 2019
f 2014 2019 2021

o part_17
v -0.01460161 -0.01137645 -0.04674768
v -0.01506740 -0.01158762 -0.04674768
v -0.01257256 -0.01360488 -0.04674768
v -0.01506740 -0.01077728 -0.04675027
v -0.01506740 -0.01506590 -0.04674768
v -0.01223831 -0.01388816 -0.04675027
v -0.01223831 -0.01447531 -0.04674768
v -0.01223831 0.00000436 -0.04885184
v -0.01374978 0.00000436 -0.04885184
v -0.01506740 0.00000436 -0.04885875
v -0.01506740 -0.01518779 -0.04675027
v -0.01458278 -0.01563073 -0.04674768
v -0.01223831 -0.01753469 -0.04674768
v -0.01223831 0.00000436 -0.05150191
v -0.01506740 0.00000436 -0.05150191
v -0.01506740 -0.01517406 -0.04686084
v -0.01434434 -0.01543673 -0.04978559
v -0.01391261 -0.01618183 -0.04675027
v -0.01391289 -0.01618183 -0.04674768
v -0.01241637 -0.01740764 -0.04674768
v -0.01223831 -0.01750207 -0.04716920
v -0.01506740 -0.01020557 -0.05531031
v -0.01506740 -0.00991200 -0.05522480
v -0.01223831 -0.01416113 -0.05551330
v -0.01458610 -0.01458519 -0.05444998
v -0.01506740 -0.01418173 -0.05359744
v -0.01406492 -0.01520668 -0.05334953
v -0.01342910 -0.01558781 -0.05444998
v -0.01336291 -0.01663335 -0.04675027
v -0.01259333 -0.01726515 -0.04674768
v -0.01223831 -0.01746773 -0.04743698
v -0.01506740 -0.01133181 -0.05555130
v -0.01223831 -0.01484958 -0.05553748
v -0.01397880 -0.01513457 -0.05444998
v -0.01506740 -0.01405469 -0.05444998
v -0.01446702 -0.01446672 -0.05515656
v -0.01223831 -0.01647369 -0.05495184
v -0.01223831 -0.01656468 -0.05444998
v -0.01246760 -0.01680160 -0.05115035
v -0.01374978 -0.01374909 -0.05557117
v -0.01484974 -0.01264861 -0.05553489
v -0.01506740 -0.01243229 -0.05552539
v -0.01223831 -0.01526161 -0.05551675
v -0.01265010 -0.01484958 -0.05553489
v -0.01332386 -0.01550025 -0.05510818
v -0.01506740 -0.01402894 -0.05452254
v -0.01506740 -0.01357913 -0.05522048
v -0.01484004 -0.01371304 -0.05528007
v -0.01371406 -0.01483928 -0.05528007
v -0.01223831 -0.01639300 -0.05508054
v -0.01506740 -0.01346754 -0.05526539
v -0.01223831 -0.01591572 -0.05530081
v -0.01256647 -0.01590027 -0.05521183
v -0.01223831 -0.01616981 -0.05520320
f 2022 2023 2026
f 2022 2026 2033
f 2022 2033 2040
f 2022 2040 2051
f 2022 2051 2041
f 2022 2041 2034
f 2022 2034 2028
f 2022 2028 2024
f 2022 2024 2025
f 2022 2025 2023
f 2023 2025 2031
f 2023 2031 2036
f 2023 2036 2044
f 2023 2044 2043
f 2023 2043 2053
f 2023 2053 2063
f 2023 2063 2072
f 2023 2072 2068
f 2023 2068 2067
f 2023 2067 2056
f 2023 2056 2047
f 2023 2047 2037
f 2023 2037 2032
f 2023 2032 2026
f 2024 2027 2025
f 2024 2028 2027
f 2025 2029 2030
f 2025 2030 2031
f 2025 2027 2029
f 2026 2032 2033
f 2027 2028 2034
f 2027 2034 2042
f 2027 2042 2052
f 2027 2052 2059
f 2027 2059 2058
f 2027 2058 2071
f 2027 2071 2075
f 2027 2075 2073
f 2027 2073 2064
f 2027 2064 2054
f 2027 2054 2045
f 2027 2045 2035
f 2027 2035 2029
f 2029 2035 2036
f 2029 2036 2031
f 2029 2031 2030
f 2032 2037 2033
f 2033 2037 2038
f 2033 2038 2039
f 2033 2039 2040
f 2034 2041 2042
f 2035 2043 2044
f 2035 2044 2036
f 2035 2045 2043
f 2037 2046 2038
f 2037 2047 2046
f 2038 2046 2048
f 2038 2048 2049
f 2038 2049 2050
f 2038 2050 2039
f 2039 2050 2040
f 2040 2050 2051
f 2041 2051 2042
f 2042 2051 2052
f 2043 2045 2053
f 2045 2054 2053
f 2046 2055 2048
f 2046 2047 2056
f 2046 2056 2057
f 2046 2057 2055
f 2048 2055 2049
f 2049 2055 2058
f 2049 2058 2059
f 2049 2059 2060
f 2049 2060 2050
f 2050 2060 2052
f 2050 2052 2051
f 2052 2060 2059
f 2053 2054 2061
f 2053 2061 2062
f 2053 2062 2063
f 2054 2064 2065
f 2054 2065 2061
f 2055 2066 2058
f 2055 2057 2066
f 2056 2067 2057
f 2057 2067 2068
f 2057 2068 2069
f 2057 2069 2070
f 2057 2070 2066
f 2058 2066 2071
f 2061 2069 2062
f 2061 2065 2070
f 2061 2070 2069
f 2062 2069 2063
f 2063 2069 2072
f 2064 2073 2070
f 2064 2070 2065
f 2066 2070 2074
f 2066 2074 2071
f 2068 2072 2069
f 2070 2073 2074
f 2071 2074 2075
f 2073 2075 2074

o part_18
v 0.01490051 0.01517056 -0.04792459
v 0.01503792 0.01503836 -0.04792459
v 0.01437794 0.01517056 -0.05146598
v 0.00968308 0.01517056 -0.04792459
v 0.01507332 0.01500123 -0.04792459
v 0.01531691 0.01419911 -0.05162917
v 0.01507748 0.01445014 -0.05162917
v 0.01476727 0.01476802 -0.05162917
v 0.01445081 0.01507698 -0.05162917
v 0.01435295 0.01517056 -0.05162917
v -0.00000437 0.01517056 -0.04885917
v -0.00000437 0.01374903 -0.04885192
v -0.00000437 -0.00000437 -0.04885192
v 0.01797351 -0.00000288 -0.04792459
v 0.01555634 0.01448876 -0.04792459
v 0.01576870 0.01364951 -0.05162917
v 0.00791756 0.01517056 -0.05162917
v -0.00000437 0.01517056 -0.05150188
v 0.02126512 -0.00000288 -0.04792459
v -0.00000437 -0.00000288 -0.05150188
v 0.01689089 -0.00000288 -0.05162917
v 0.02092160 -0.00000288 -0.05162917
v 0.01579993 0.01368664 -0.05114974
v 0.01706161 0.01265577 -0.04792459
v 0.01631834 0.01297959 -0.05162917
v 0.02126512 0.00003425 -0.04792459
v 0.02092160 0.00025261 -0.05162917
v 0.01751340 0.01209280 -0.04792459
v 0.01677013 0.01242850 -0.05162917
v 0.02126304 0.00055117 -0.04792459
v 0.02094658 0.00052444 -0.05112943
v 0.02125680 0.00062545 -0.04792459
v 0.02089245 0.00056900 -0.05162917
v 0.01755712 0.01203784 -0.04792459
v 0.01749258 0.01194129 -0.04895020
v 0.01708035 0.01201407 -0.05162917
v 0.02087787 0.00087499 -0.05148266
v 0.02115061 0.00172465 -0.04792459
v 0.02084873 0.00102205 -0.05162917
v 0.01758002 0.01200070 -0.04792459
v 0.01767996 0.01113471 -0.05162917
v 0.01747800 0.01144516 -0.05162917
v 0.01731977 0.01168580 -0.05162917
v 0.02074046 0.00213016 -0.05162917
v 0.02091535 0.00235743 -0.04965521
v 0.02084040 0.00273472 -0.05003274
v 0.02104235 0.00281939 -0.04792459
v 0.01776948 0.01128622 -0.05004979
v 0.01788815 0.01148824 -0.04792459
v 0.01844196 0.01050638 -0.04792459
v 0.01790689 0.01072177 -0.05162917
v 0.02067800 0.00275106 -0.05162917
v 0.02087787 0.00309122 -0.04929400
v 0.02091535 0.00341504 -0.04856070
v 0.02093617 0.00372252 -0.04792459
v 0.01873344 0.00996124 -0.04792459
v 0.01870429 0.00990776 -0.04843957
v 0.01810884 0.01044994 -0.05114974
v 0.01805471 0.01044994 -0.05162917
v 0.02061763 0.00322937 -0.05162917
v 0.02053851 0.00385027 -0.05162917
v 0.02086122 0.00414735 -0.04804318
v 0.02089245 0.00401218 -0.04792459
v 0.01905823 0.00935371 -0.04792459
v 0.01865224 0.00933142 -0.05162917
v 0.02042817 0.00433005 -0.05162917
v 0.02069882 0.00485886 -0.04792459
v 0.02080501 0.00442512 -0.04792459
v 0.02028451 0.00495095 -0.05162917
v 0.01904365 0.00855753 -0.05162917
v 0.01881672 0.00902097 -0.05162917
v 0.01962244 0.00819212 -0.04792459
v 0.02015751 0.00537281 -0.05162917
v 0.01996597 0.00614671 -0.05121719
v 0.01997638 0.00724145 -0.04792459
v 0.01924560 0.00824856 -0.05114974
v 0.01919355 0.00824856 -0.05162917
v 0.01996597 0.00727265 -0.04792459
v 0.01979525 0.00768559 -0.04835979
v 0.01962661 0.00712114 -0.05162917
v 0.01970780 0.00739742 -0.05004979
f 2076 2077 2078
f 2076 2078 2085
f 2076 2085 2092
f 2076 2092 2093
f 2076 2093 2086
f 2076 2086 2079
f 2076 2079 2089
f 2076 2089 2094
f 2076 2094 2101
f 2076 2101 2105
f 2076 2105 2107
f 2076 2107 2113
f 2076 2113 2122
f 2076 2122 2130
f 2076 2130 2138
f 2076 2138 2143
f 2076 2143 2142
f 2076 2142 2150
f 2076 2150 2153
f 2076 2153 2147
f 2076 2147 2139
f 2076 2139 2131
f 2076 2131 2125
f 2076 2125 2124
f 2076 2124 2115
f 2076 2115 2109
f 2076 2109 2103
f 2076 2103 2099
f 2076 2099 2090
f 2076 2090 2080
f 2076 2080 2077
f 2077 2080 2081
f 2077 2081 2082
f 2077 2082 2083
f 2077 2083 2084
f 2077 2084 2078
f 2078 2084 2085
f 2079 2086 2087
f 2079 2087 2088
f 2079 2088 2089
f 2080 2090 2081
f 2081 2090 2091
f 2081 2091 2100
f 2081 2100 2104
f 2081 2104 2111
f 2081 2111 2118
f 2081 2118 2117
f 2081 2117 2116
f 2081 2116 2126
f 2081 2126 2134
f 2081 2134 2140
f 2081 2140 2146
f 2081 2146 2145
f 2081 2145 2152
f 2081 2152 2155
f 2081 2155 2148
f 2081 2148 2144
f 2081 2144 2141
f 2081 2141 2136
f 2081 2136 2135
f 2081 2135 2127
f 2081 2127 2119
f 2081 2119 2114
f 2081 2114 2108
f 2081 2108 2102
f 2081 2102 2097
f 2081 2097 2096
f 2081 2096 2092
f 2081 2092 2085
f 2081 2085 2084
f 2081 2084 2083
f 2081 2083 2082
f 2086 2093 2095
f 2086 2095 2088
f 2086 2088 2087
f 2088 2094 2089
f 2088 2095 2096
f 2088 2096 2097
f 2088 2097 2094
f 2090 2098 2091
f 2090 2099 2098
f 2091 2098 2099
f 2091 2099 2100
f 2092 2095 2093
f 2092 2096 2095
f 2094 2097 2102
f 2094 2102 2101
f 2099 2103 2104
f 2099 2104 2100
f 2101 2102 2105
f 2102 2106 2107
f 2102 2107 2105
f 2102 2108 2106
f 2103 2109 2104
f 2104 2109 2110
f 2104 2110 2111
f 2106 2108 2112
f 2106 2112 2107
f 2107 2112 2113
f 2108 2114 2112
f 2109 2115 2116
f 2109 2116 2110
f 2110 2117 2118
f 2110 2118 2111
f 2110 2116 2117
f 2112 2114 2119
f 2112 2119 2113
f 2113 2120 2121
f 2113 2121 2122
f 2113 2119 2120
f 2115 2123 2116
f 2115 2124 2123
f 2116 2123 2125
f 2116 2125 2126
f 2119 2127 2121
f 2119 2121 2120
f 2121 2127 2128
f 2121 2128 2122
f 2122 2129 2130
f 2122 2128 2129
f 2123 2124 2125
f 2125 2131 2132
f 2125 2132 2133
f 2125 2133 2126
f 2126 2133 2134
f 2127 2135 2129
f 2127 2129 2128
f 2129 2135 2136
f 2129 2136 2130
f 2130 2136 2137
f 2130 2137 2138
f 2131 2139 2132
f 2132 2140 2133
f 2132 2139 2140
f 2133 2140 2134
f 2136 2141 2137
f 2137 2142 2143
f 2137 2143 2138
f 2137 2141 2144
f 2137 2144 2142
f 2139 2145 2146
f 2139 2146 2140
f 2139 2147 2145
f 2142 2144 2148
f 2142 2148 2149
f 2142 2149 2150
f 2145 2147 2151
f 2145 2151 2152
f 2147 2153 2154
f 2147 2154 2152
f 2147 2152 2151
f 2148 2155 2149
f 2149 2155 2156
f 2149 2156 2150
f 2150 2156 2154
f 2150 2154 2153
f 2152 2154 2156
f 2152 2156 2155

o part_19
v 0.00055116 0.02841010 0.04717596
v -0.00000512 0.02841010 0.04717596
v 0.00053169 0.02770764 0.05036522
v 0.00479839 0.02826850 0.04717596
v 0.00025911 0.02770764 0.05036522
v -0.00000512 0.02554749 0.04717596
v -0.00000512 0.02770486 0.05036522
v 0.00149128 0.02761324 0.05036522
v 0.00589148 0.02818243 0.04717596
v 0.00495136 0.02825740 0.04717596
v -0.00000512 0.00005050 0.04718814
v 0.02556168 0.00005050 0.04717596
v -0.00000512 0.01807304 0.05036522
v 0.00389721 0.02736612 0.05036522
v 0.00604168 0.02815188 0.04717596
v 0.00463706 0.02727728 0.05036522
v 0.00495136 0.02723840 0.05036522
v -0.00000512 0.00005050 0.04954824
v 0.02840707 0.00005050 0.04717596
v 0.01806297 0.00005050 0.05036522
v 0.00605003 0.02700517 0.05036522
v 0.00689558 0.02792699 0.04717596
v 0.02840985 0.00055028 0.04717596
v 0.02764496 0.00035037 0.05036522
v 0.02764218 0.00005050 0.05036522
v 0.00715703 0.02667754 0.05036522
v 0.00804708 0.02640822 0.05036522
v 0.00935157 0.02600839 0.05036522
v 0.01027222 0.02686635 0.04717596
v 0.02826522 0.00479839 0.04717596
v 0.02764496 0.00055028 0.05036522
v 0.01013593 0.02573907 0.05036522
v 0.01046135 0.02562523 0.05036522
v 0.01044188 0.02679971 0.04717596
v 0.02825409 0.00495110 0.04717596
v 0.02754761 0.00165535 0.05036522
v 0.02818177 0.00589235 0.04717596
v 0.01110943 0.02535591 0.05036522
v 0.01248345 0.02579182 0.04717596
v 0.02752536 0.00188858 0.05036522
v 0.02745304 0.00264102 0.05036522
v 0.02815396 0.00603951 0.04717596
v 0.02721662 0.00495110 0.05036522
v 0.02733344 0.00385992 0.05036522
v 0.01164624 0.02506992 0.05036522
v 0.01464183 0.02467288 0.04717596
v 0.02792866 0.00689746 0.04717596
v 0.02699689 0.00605061 0.05036522
v 0.02706086 0.00573686 0.05036522
v 0.01282834 0.02443965 0.05036522
v 0.01461123 0.02348452 0.05036522
v 0.01485321 0.02335402 0.05036522
v 0.01535943 0.02307637 0.05036522
v 0.01481984 0.02457292 0.04717596
v 0.02686616 0.01027095 0.04717596
v 0.02599836 0.00935192 0.05036522
v 0.02610683 0.00899930 0.05036522
v 0.02649623 0.00772764 0.05036522
v 0.02667146 0.00715290 0.05036522
v 0.02676603 0.00683637 0.05036522
v 0.01547903 0.02298196 0.05036522
v 0.01789331 0.02247108 0.04717596
v 0.02679941 0.01044032 0.04717596
v 0.02561730 0.01045976 0.05036522
v 0.02573134 0.01013490 0.05036522
v 0.01591850 0.02263212 0.05036522
v 0.01810748 0.02230171 0.04717596
v 0.02579253 0.01248386 0.04717596
v 0.02535307 0.01110669 0.05036522
v 0.01646087 0.02219065 0.05036522
v 0.01903647 0.02007770 0.05036522
v 0.01958441 0.01958348 0.05036522
v 0.01921448 0.02126606 0.04717596
v 0.01659716 0.02207959 0.05036522
v 0.02467162 0.01464123 0.04717596
v 0.02435454 0.01297808 0.05036522
v 0.02007672 0.01903372 0.05036522
v 0.02230185 0.01810636 0.04717596
v 0.02126438 0.01921420 0.04717596
v 0.02025751 0.02025818 0.04717596
v 0.02457427 0.01481893 0.04717596
v 0.02313906 0.01524097 0.05036522
v 0.02335045 0.01484947 0.05036522
v 0.02395124 0.01373053 0.05036522
v 0.02107803 0.01781760 0.05036522
v 0.02207934 0.01659592 0.05036522
v 0.02219060 0.01645987 0.05036522
v 0.02263006 0.01591844 0.05036522
v 0.02247152 0.01789256 0.04717596
v 0.02307509 0.01535758 0.05036522
f 2157 2158 2161
f 2157 2161 2159
f 2157 2159 2160
f 2157 2160 2166
f 2157 2166 2165
f 2157 2165 2171
f 2157 2171 2178
f 2157 2178 2185
f 2157 2185 2190
f 2157 2190 2195
f 2157 2195 2202
f 2157 2202 2210
f 2157 2210 2218
f 2157 2218 2223
f 2157 2223 2229
f 2157 2229 2236
f 2157 2236 2235
f 2157 2235 2234
f 2157 2234 2245
f 2157 2245 2237
f 2157 2237 2231
f 2157 2231 2224
f 2157 2224 2219
f 2157 2219 2211
f 2157 2211 2203
f 2157 2203 2198
f 2157 2198 2193
f 2157 2193 2191
f 2157 2191 2186
f 2157 2186 2179
f 2157 2179 2175
f 2157 2175 2168
f 2157 2168 2162
f 2157 2162 2158
f 2158 2162 2167
f 2158 2167 2174
f 2158 2174 2169
f 2158 2169 2163
f 2158 2163 2161
f 2159 2161 2163
f 2159 2163 2169
f 2159 2169 2176
f 2159 2176 2181
f 2159 2181 2180
f 2159 2180 2187
f 2159 2187 2192
f 2159 2192 2196
f 2159 2196 2197
f 2159 2197 2200
f 2159 2200 2199
f 2159 2199 2205
f 2159 2205 2204
f 2159 2204 2216
f 2159 2216 2215
f 2159 2215 2214
f 2159 2214 2213
f 2159 2213 2212
f 2159 2212 2221
f 2159 2221 2220
f 2159 2220 2225
f 2159 2225 2232
f 2159 2232 2240
f 2159 2240 2239
f 2159 2239 2238
f 2159 2238 2246
f 2159 2246 2244
f 2159 2244 2243
f 2159 2243 2242
f 2159 2242 2241
f 2159 2241 2233
f 2159 2233 2228
f 2159 2228 2227
f 2159 2227 2230
f 2159 2230 2226
f 2159 2226 2222
f 2159 2222 2217
f 2159 2217 2209
f 2159 2209 2208
f 2159 2208 2207
f 2159 2207 2206
f 2159 2206 2201
f 2159 2201 2194
f 2159 2194 2189
f 2159 2189 2188
f 2159 2188 2184
f 2159 2184 2183
f 2159 2183 2182
f 2159 2182 2177
f 2159 2177 2173
f 2159 2173 2172
f 2159 2172 2170
f 2159 2170 2164
f 2159 2164 2165
f 2159 2165 2166
f 2159 2166 2160
f 2162 2168 2167
f 2164 2170 2165
f 2165 2170 2172
f 2165 2172 2173
f 2165 2173 2171
f 2167 2168 2175
f 2167 2175 2181
f 2167 2181 2176
f 2167 2176 2174
f 2169 2174 2176
f 2171 2177 2178
f 2171 2173 2177
f 2175 2179 2180
f 2175 2180 2181
f 2177 2182 2178
f 2178 2182 2183
f 2178 2183 2184
f 2178 2184 2185
f 2179 2186 2187
f 2179 2187 2180
f 2184 2188 2185
f 2185 2188 2189
f 2185 2189 2190
f 2186 2191 2187
f 2187 2191 2193
f 2187 2193 2192
f 2189 2194 2190
f 2190 2194 2195
f 2192 2193 2196
f 2193 2197 2196
f 2193 2198 2199
f 2193 2199 2200
f 2193 2200 2197
f 2194 2201 2202
f 2194 2202 2195
f 2198 2203 2204
f 2198 2204 2205
f 2198 2205 2199
f 2201 2206 2202
f 2202 2206 2207
f 2202 2207 2208
f 2202 2208 2209
f 2202 2209 2210
f 2203 2211 2212
f 2203 2212 2213
f 2203 2213 2214
f 2203 2214 2215
f 2203 2215 2216
f 2203 2216 2204
f 2209 2217 2218
f 2209 2218 2210
f 2211 2219 2220
f 2211 2220 2221
f 2211 2221 2212
f 2217 2222 2223
f 2217 2223 2218
f 2219 2224 2225
f 2219 2225 2220
f 2222 2226 2223
f 2223 2227 2228
f 2223 2228 2229
f 2223 2226 2230
f 2223 2230 2227
f 2224 2231 2225
f 2225 2231 2232
f 2228 2233 2234
f 2228 2234 2235
f 2228 2235 2236
f 2228 2236 2229
f 2231 2237 2238
f 2231 2238 2239
f 2231 2239 2240
f 2231 2240 2232
f 2233 2241 2234
f 2234 2242 2243
f 2234 2243 2244
f 2234 2244 2245
f 2234 2241 2242
f 2237 2245 2246
f 2237 2246 2238
f 2244 2246 2245

o part_20
v 0.00791661 0.01517056 -0.05162956
v 0.01435498 0.01517056 -0.05162956
v 0.00960355 0.01517056 -0.05513682
v 0.01828395 -0.00000436 -0.05530222
v 0.01788290 -0.00000436 -0.05444993
v 0.01689111 -0.00000436 -0.05162956
v 0.01476748 0.01476802 -0.05162956
v 0.01472802 0.01472791 -0.05225030
v 0.01458542 0.01458531 -0.05444993
v 0.01423912 0.01517056 -0.05244061
v 0.00965320 0.01517056 -0.05519053
v 0.01924900 -0.00000436 -0.05560500
v 0.02092321 -0.00000436 -0.05162956
v 0.01507813 0.01445014 -0.05162956
v 0.01531749 0.01419911 -0.05162956
v 0.01527802 0.01415009 -0.05225030
v 0.01513543 0.01397778 -0.05444993
v 0.01446702 0.01446648 -0.05515628
v 0.01391829 0.01517056 -0.05451181
v 0.01397940 0.01513492 -0.05444993
v 0.01402141 0.01517056 -0.05391753
v 0.01409653 0.01517056 -0.05341510
v 0.01008226 0.01517056 -0.05531545
v 0.01814900 0.00605016 -0.05560500
v 0.01924900 0.00055118 -0.05560500
v 0.01970480 -0.00000436 -0.05545245
v 0.01123065 0.01517056 -0.05555597
v 0.02092066 -0.00000436 -0.05168094
v 0.02092321 0.00009962 -0.05162956
v 0.01631819 0.01297959 -0.05162956
v 0.01558740 0.01342818 -0.05444993
v 0.01627872 0.01293057 -0.05225030
v 0.01613740 0.01275826 -0.05444993
v 0.01653463 0.01214330 -0.05504303
v 0.01550082 0.01332272 -0.05510841
v 0.01484005 0.01371338 -0.05528004
v 0.01371458 0.01483932 -0.05528004
v 0.01351979 0.01517056 -0.05519442
v 0.01393738 0.01517056 -0.05444993
v 0.01814900 0.00715085 -0.05557036
v 0.01924900 0.00275107 -0.05558671
v 0.01924900 0.00165038 -0.05560305
v 0.01594898 0.01044994 -0.05558788
v 0.02015295 0.00055118 -0.05530222
v 0.02015295 -0.00000436 -0.05530222
v 0.01233066 0.01517056 -0.05552094
v 0.01265022 0.01484972 -0.05553495
v 0.01375023 0.01374903 -0.05557114
v 0.02091302 -0.00000436 -0.05183427
v 0.02091302 0.00014121 -0.05183427
v 0.02092194 0.00025261 -0.05162956
v 0.01677016 0.01242850 -0.05162956
v 0.01672942 0.01238097 -0.05225030
v 0.01665940 0.01229333 -0.05335011
v 0.01658810 0.01220718 -0.05444993
v 0.01704771 0.01154914 -0.05444993
v 0.01750860 0.01085248 -0.05444993
v 0.01772249 0.01012909 -0.05513877
v 0.01673452 0.01154914 -0.05518352
v 0.01590060 0.01256516 -0.05521193
v 0.01594898 0.01154914 -0.05548591
v 0.01484897 0.01264983 -0.05553495
v 0.01335682 0.01517056 -0.05525902
v 0.01822157 0.00830501 -0.05533530
v 0.01897400 0.00715085 -0.05526797
v 0.01924900 0.00385027 -0.05553261
v 0.01704899 0.00934925 -0.05555752
v 0.01791855 0.00934925 -0.05525513
v 0.02007019 0.00275107 -0.05528432
v 0.02011603 0.00165038 -0.05530066
v 0.02058582 0.00055118 -0.05444993
v 0.02058582 -0.00000436 -0.05444993
v 0.02083791 0.00052444 -0.05222072
v 0.02089265 0.00056901 -0.05162956
v 0.02072205 0.00055118 -0.05335011
v 0.01708081 0.01201407 -0.05162956
v 0.01732017 0.01168580 -0.05162956
v 0.01726797 0.01144962 -0.05329096
v 0.01756716 0.01094012 -0.05361786
v 0.01781415 0.01030140 -0.05444993
v 0.01710628 0.01047668 -0.05532518
v 0.01864680 0.00872241 -0.05444993
v 0.01883268 0.00797525 -0.05515550
v 0.01989959 0.00473260 -0.05512709
v 0.01999635 0.00385027 -0.05523023
v 0.02049543 0.00165038 -0.05444993
v 0.02061511 0.00165038 -0.05335011
v 0.02086974 0.00080519 -0.05162956
v 0.02039612 0.00275107 -0.05444993
v 0.01747931 0.01144516 -0.05162956
v 0.01760918 0.01101588 -0.05288505
v 0.01798476 0.01044994 -0.05225030
v 0.01782689 0.01052421 -0.05329096
v 0.01873465 0.00886501 -0.05310999
v 0.01869264 0.00878628 -0.05384281
v 0.01892817 0.00817132 -0.05444993
v 0.01931521 0.00715085 -0.05444993
v 0.01978246 0.00546640 -0.05489865
v 0.02025098 0.00385027 -0.05444993
v 0.02078826 0.00163998 -0.05162956
v 0.02050689 0.00275107 -0.05335011
v 0.02053872 0.00385027 -0.05162956
v 0.01767920 0.01113471 -0.05162956
v 0.01790582 0.01072177 -0.05162956
v 0.01805478 0.01044994 -0.05162956
v 0.01878303 0.00895562 -0.05225030
v 0.01904403 0.00855753 -0.05162956
v 0.01943871 0.00715085 -0.05335011
v 0.01912678 0.00824856 -0.05225030
v 0.01919299 0.00824856 -0.05162956
v 0.01995943 0.00504008 -0.05449896
v 0.02010584 0.00495096 -0.05335011
v 0.02028536 0.00495096 -0.05162956
v 0.02067876 0.00275107 -0.05162956
v 0.01865189 0.00933143 -0.05162956
v 0.01881740 0.00902098 -0.05162956
v 0.01962713 0.00712114 -0.05162956
v 0.01995052 0.00605610 -0.05162956
v 0.01982702 0.00559117 -0.05416544
v 0.01955329 0.00715085 -0.05225030
f 2247 2248 2256
f 2247 2256 2268
f 2247 2268 2267
f 2247 2267 2285
f 2247 2285 2265
f 2247 2265 2284
f 2247 2284 2309
f 2247 2309 2292
f 2247 2292 2273
f 2247 2273 2269
f 2247 2269 2257
f 2247 2257 2249
f 2247 2249 2250
f 2247 2250 2251
f 2247 2251 2252
f 2247 2252 2259
f 2247 2259 2275
f 2247 2275 2297
f 2247 2297 2320
f 2247 2320 2334
f 2247 2334 2346
f 2247 2346 2360
f 2247 2360 2348
f 2247 2348 2359
f 2247 2359 2364
f 2247 2364 2363
f 2247 2363 2356
f 2247 2356 2353
f 2247 2353 2362
f 2247 2362 2361
f 2247 2361 2351
f 2247 2351 2350
f 2247 2350 2349
f 2247 2349 2336
f 2247 2336 2323
f 2247 2323 2322
f 2247 2322 2298
f 2247 2298 2276
f 2247 2276 2261
f 2247 2261 2260
f 2247 2260 2253
f 2247 2253 2248
f 2248 2253 2254
f 2248 2254 2255
f 2248 2255 2256
f 2249 2257 2250
f 2250 2258 2272
f 2250 2272 2291
f 2250 2291 2318
f 2250 2318 2295
f 2250 2295 2274
f 2250 2274 2259
f 2250 2259 2252
f 2250 2252 2251
f 2250 2257 2258
f 2253 2260 2254
f 2254 2260 2255
f 2255 2260 2261
f 2255 2261 2262
f 2255 2262 2263
f 2255 2263 2264
f 2255 2264 2265
f 2255 2265 2266
f 2255 2266 2267
f 2255 2267 2268
f 2255 2268 2256
f 2257 2269 2258
f 2258 2270 2271
f 2258 2271 2272
f 2258 2269 2273
f 2258 2273 2270
f 2259 2274 2275
f 2261 2276 2278
f 2261 2278 2262
f 2262 2277 2263
f 2262 2278 2279
f 2262 2279 2277
f 2263 2277 2280
f 2263 2280 2281
f 2263 2281 2264
f 2264 2282 2283
f 2264 2283 2284
f 2264 2284 2265
f 2264 2281 2282
f 2265 2285 2266
f 2266 2285 2267
f 2270 2286 2287
f 2270 2287 2288
f 2270 2288 2271
f 2270 2273 2289
f 2270 2289 2286
f 2271 2288 2290
f 2271 2290 2272
f 2272 2290 2291
f 2273 2292 2293
f 2273 2293 2294
f 2273 2294 2289
f 2274 2295 2296
f 2274 2296 2275
f 2275 2296 2297
f 2276 2298 2278
f 2277 2279 2280
f 2278 2298 2299
f 2278 2299 2279
f 2279 2299 2300
f 2279 2300 2301
f 2279 2301 2280
f 2280 2301 2302
f 2280 2302 2303
f 2280 2303 2304
f 2280 2304 2305
f 2280 2305 2306
f 2280 2306 2281
f 2281 2306 2282
f 2282 2294 2283
f 2282 2306 2307
f 2282 2307 2308
f 2282 2308 2294
f 2283 2294 2293
f 2283 2293 2292
f 2283 2292 2309
f 2283 2309 2284
f 2286 2310 2311
f 2286 2311 2312
f 2286 2312 2287
f 2286 2289 2313
f 2286 2313 2314
f 2286 2314 2310
f 2287 2315 2316
f 2287 2316 2288
f 2287 2312 2315
f 2288 2316 2290
f 2289 2294 2313
f 2290 2317 2318
f 2290 2318 2291
f 2290 2316 2317
f 2294 2308 2313
f 2295 2318 2317
f 2295 2317 2296
f 2296 2319 2320
f 2296 2320 2297
f 2296 2317 2321
f 2296 2321 2319
f 2298 2322 2299
f 2299 2322 2300
f 2300 2322 2301
f 2301 2322 2323
f 2301 2323 2302
f 2302 2323 2324
f 2302 2324 2325
f 2302 2325 2303
f 2303 2325 2326
f 2303 2326 2304
f 2304 2314 2327
f 2304 2327 2305
f 2304 2326 2328
f 2304 2328 2329
f 2304 2329 2314
f 2305 2307 2306
f 2305 2327 2307
f 2307 2327 2313
f 2307 2313 2308
f 2310 2314 2311
f 2311 2314 2329
f 2311 2329 2330
f 2311 2330 2331
f 2311 2331 2312
f 2312 2331 2315
f 2313 2327 2314
f 2315 2332 2317
f 2315 2317 2316
f 2315 2331 2332
f 2317 2332 2321
f 2319 2321 2333
f 2319 2333 2334
f 2319 2334 2320
f 2321 2332 2335
f 2321 2335 2333
f 2323 2336 2337
f 2323 2337 2325
f 2323 2325 2324
f 2325 2337 2338
f 2325 2338 2339
f 2325 2339 2326
f 2326 2339 2340
f 2326 2340 2341
f 2326 2341 2328
f 2328 2341 2342
f 2328 2342 2329
f 2329 2342 2343
f 2329 2343 2344
f 2329 2344 2330
f 2330 2344 2345
f 2330 2345 2331
f 2331 2345 2335
f 2331 2335 2332
f 2333 2346 2334
f 2333 2335 2347
f 2333 2347 2346
f 2335 2345 2348
f 2335 2348 2347
f 2336 2349 2337
f 2337 2349 2350
f 2337 2350 2351
f 2337 2351 2338
f 2338 2351 2340
f 2338 2340 2339
f 2340 2352 2353
f 2340 2353 2342
f 2340 2342 2341
f 2340 2351 2352
f 2342 2354 2343
f 2342 2353 2355
f 2342 2355 2356
f 2342 2356 2354
f 2343 2354 2357
f 2343 2357 2344
f 2344 2357 2345
f 2345 2357 2358
f 2345 2358 2359
f 2345 2359 2348
f 2346 2347 2360
f 2347 2348 2360
f 2351 2361 2352
f 2352 2361 2362
f 2352 2362 2353
f 2353 2356 2355
f 2354 2363 2364
f 2354 2364 2365
f 2354 2365 2357
f 2354 2356 2366
f 2354 2366 2363
f 2356 2363 2366
f 2357 2365 2364
f 2357 2364 2359
f 2357 2359 2358

o part_21
v -0.00000512 0.03200879 0.04345013
v -0.00000512 0.03197792 0.04402018
v -0.00000512 0.03195734 0.04230474
v -0.00055043 0.03200879 0.04345013
v -0.00000512 0.03194962 0.04453733
v -0.00051004 0.03194962 0.04453733
v -0.00000512 0.03193418 0.04194234
v -0.00060345 0.03195734 0.04230474
v -0.00129013 0.03191746 0.04264134
v -0.00138606 0.03192775 0.04345013
v -0.00129013 0.03191746 0.04416236
v -0.00000512 0.03191746 0.04502074
v -0.00084833 0.03187501 0.04489575
v -0.00011621 0.03190974 0.04512391
v -0.00000512 0.03192260 0.04177436
v -0.00027273 0.03192260 0.04177436
v -0.00100738 0.03187372 0.04190795
v -0.00495076 0.03157656 0.04345013
v -0.00193642 0.03187372 0.04345013
v -0.00495076 0.03151224 0.04454989
v -0.00165619 0.03183770 0.04453733
v -0.00000512 0.03190974 0.04512391
v -0.00051004 0.03160743 0.04555376
v -0.00605147 0.03105041 0.04553128
v -0.00490026 0.03106456 0.04574025
v -0.00000512 0.03024897 0.04042066
v -0.00055043 0.03024897 0.04042066
v -0.00087358 0.03023225 0.04042066
v -0.00306995 0.03007144 0.04042066
v -0.00416814 0.02999040 0.04042066
v -0.00494571 0.02989649 0.04042066
v -0.00715218 0.03091919 0.04169633
v -0.00605147 0.03132185 0.04235037
v -0.00605147 0.03143248 0.04345013
v -0.00605147 0.03136687 0.04454989
v -0.00000512 0.03160743 0.04555376
v -0.00165114 0.03095007 0.04631956
v -0.00055043 0.03100281 0.04635527
v -0.00000512 0.03131413 0.04594261
v -0.00450138 0.03080856 0.04620846
v -0.00385004 0.03084072 0.04623624
v -0.00275186 0.03089475 0.04627988
v -0.00715218 0.03092048 0.04532032
v -0.00715218 0.03055771 0.04586987
v -0.00605147 0.03068507 0.04608149
v -0.00523351 0.03076225 0.04616746
v -0.00000512 0.02803890 0.04042066
v -0.00520826 0.02985661 0.04042066
v -0.00783129 0.03083686 0.04176246
v -0.00596058 0.02971510 0.04042066
v -0.00715218 0.03110830 0.04235037
v -0.00715218 0.03117648 0.04345013
v -0.00715218 0.03110959 0.04454989
v -0.00778585 0.03082529 0.04515234
v -0.00490026 0.03033773 0.04641545
v -0.00385004 0.03024897 0.04651332
v -0.00055043 0.03024897 0.04665881
v -0.00000512 0.03062332 0.04650870
v -0.00000512 0.03100281 0.04635527
v -0.00275186 0.03024897 0.04657020
v -0.00165114 0.03024897 0.04661980
v -0.00605147 0.03013576 0.04643926
v -0.01119402 0.02975756 0.04521451
v -0.01045179 0.02987076 0.04540166
v -0.00895725 0.02974726 0.04623888
v -0.01045179 0.02950413 0.04595121
v -0.00969190 0.02961862 0.04612051
v -0.00825037 0.02985404 0.04631493
v -0.00715218 0.03000712 0.04639693
v -0.00000512 0.02653378 0.04345013
v -0.02066116 0.01886671 0.04042066
v -0.00858109 0.02896769 0.04042066
v -0.00913397 0.02880303 0.04042066
v -0.01123694 0.02976399 0.04173799
v -0.01143385 0.02982574 0.04235037
v -0.00797267 0.03087932 0.04235037
v -0.00804840 0.03090505 0.04345013
v -0.00793732 0.03087160 0.04454989
v -0.01139851 0.02982059 0.04454989
v -0.01194886 0.02965078 0.04454989
v -0.00604137 0.02815467 0.04717596
v -0.00055043 0.02841196 0.04717596
v -0.00000512 0.03024897 0.04665881
v -0.00495076 0.02825759 0.04717596
v -0.01262040 0.02890337 0.04566751
v -0.01155756 0.02937935 0.04560865
v -0.01343584 0.02872585 0.04531238
v -0.01223162 0.02866667 0.04625211
v -0.01155251 0.02879017 0.04633543
v -0.01045179 0.02895483 0.04641413
v -0.00825037 0.02914908 0.04660591
v -0.00000512 0.02583011 0.04564965
v -0.01925750 0.01886671 0.04236690
v -0.02354674 0.01886671 0.04042066
v -0.00952023 0.02867696 0.04042066
v -0.01198421 0.02962763 0.04235037
v -0.01184031 0.02787809 0.04042066
v -0.01230988 0.02767484 0.04042066
v -0.01345098 0.02872070 0.04170691
v -0.01205995 0.02968680 0.04345013
v -0.01045179 0.03017564 0.04345013
v -0.01265070 0.02932789 0.04454989
v -0.01033819 0.02680650 0.04717596
v -0.00000512 0.02841196 0.04717596
v -0.01296374 0.02846213 0.04604578
v -0.01362265 0.02882619 0.04454989
v -0.01558929 0.02760151 0.04527535
v -0.01511468 0.02734294 0.04600875
v -0.01438255 0.02754362 0.04623425
v -0.01594778 0.02657109 0.04630898
v -0.01374888 0.02770571 0.04632816
v -0.01262040 0.02807749 0.04642273
v -0.01155251 0.02804919 0.04662641
v -0.00000512 0.02571819 0.04619457
v -0.01865917 0.01886671 0.04345013
v -0.02545784 0.01886671 0.04170228
v -0.02544774 0.01888987 0.04170493
v -0.02310494 0.02200815 0.04179552
v -0.02340536 0.01904038 0.04042066
v -0.01265070 0.02939993 0.04345013
v -0.01363528 0.02882233 0.04235037
v -0.01445324 0.02654150 0.04042066
v -0.01560697 0.02760151 0.04171815
v -0.01254971 0.02572848 0.04717596
v -0.00000512 0.02554710 0.04717596
v -0.01653601 0.02641929 0.04621508
v -0.01369082 0.02886221 0.04345013
v -0.01484960 0.02824472 0.04345013
v -0.01417301 0.02853288 0.04454989
v -0.01575339 0.02768899 0.04454989
v -0.01630375 0.02739440 0.04454989
v -0.01704850 0.02699561 0.04454989
v -0.01770741 0.02647589 0.04523567
v -0.01696014 0.02661997 0.04562122
v -0.01696014 0.02583912 0.04637181
v -0.01594778 0.02584941 0.04658871
v -0.01478901 0.02696473 0.04640487
v -0.01374888 0.02694930 0.04661252
v -0.00000512 0.02560499 0.04674941
v -0.01765439 0.01886671 0.04547440
v -0.02570777 0.01886671 0.04235037
v -0.02313524 0.02204417 0.04235037
v -0.02259245 0.02259347 0.04235037
v -0.02200675 0.02310676 0.04179552
v -0.02136804 0.02136880 0.04042066
v -0.02173157 0.02098802 0.04042066
v -0.02207997 0.02061882 0.04042066
v -0.02308474 0.01942630 0.04042066
v -0.01576602 0.02768899 0.04235037
v -0.01485212 0.02632152 0.04042066
v -0.01771751 0.02648104 0.04173005
v -0.01470570 0.02459643 0.04717596
v -0.01717220 0.01886671 0.04717596
v -0.01726056 0.01886671 0.04674941
v -0.01743476 0.01886671 0.04603586
v -0.01726813 0.02619931 0.04596907
v -0.01780334 0.02546605 0.04630038
v -0.01582156 0.02772501 0.04345013
v -0.01704850 0.02706894 0.04345013
v -0.01781092 0.02655051 0.04454989
v -0.01836127 0.02612470 0.04454989
v -0.02198151 0.02308746 0.04501215
v -0.01888891 0.02545576 0.04532561
v -0.01812144 0.02582754 0.04564767
v -0.01816183 0.02477911 0.04645050
v -0.01704850 0.02475080 0.04669916
v -0.02577089 0.01886671 0.04311286
v -0.02316048 0.02207633 0.04345013
v -0.02262527 0.02262692 0.04345013
v -0.02579613 0.01886671 0.04345013
v -0.02516499 0.01963728 0.04345013
v -0.02461463 0.02030750 0.04345013
v -0.02367549 0.02145113 0.04345013
v -0.02204209 0.02313634 0.04235037
v -0.02061824 0.02208019 0.04042066
v -0.02098430 0.02173415 0.04042066
v -0.01836885 0.02611956 0.04235037
v -0.01783616 0.02441891 0.04042066
v -0.01823252 0.02409473 0.04042066
v -0.01781849 0.02655437 0.04235037
v -0.01632142 0.02546477 0.04042066
v -0.01734135 0.02479840 0.04042066
v -0.01794219 0.02234134 0.04717596
v -0.02145387 0.01886671 0.04717596
v -0.01853799 0.02516503 0.04605900
v -0.02089594 0.02309904 0.04619854
v -0.02206229 0.02206476 0.04624219
v -0.01898232 0.02443177 0.04632750
v -0.01786141 0.02658653 0.04345013
v -0.01841176 0.02616587 0.04345013
v -0.02204967 0.02314278 0.04427875
v -0.01903533 0.02557411 0.04454989
v -0.02154981 0.02290993 0.04575877
v -0.02124938 0.02338848 0.04546514
v -0.02006788 0.02442277 0.04539967
v -0.01958316 0.02512515 0.04454989
v -0.02154981 0.02350426 0.04460743
v -0.02256721 0.02256903 0.04464578
v -0.02308474 0.02198371 0.04501215
v -0.02231222 0.02231303 0.04564965
v -0.02144882 0.02232204 0.04634800
v -0.01930799 0.02371395 0.04648158
v -0.02144882 0.02145113 0.04661781
v -0.02314028 0.02205061 0.04427875
v -0.02207492 0.02316336 0.04345013
v -0.02573554 0.01886671 0.04425098
v -0.02144882 0.02367793 0.04345013
v -0.01908582 0.02561657 0.04345013
v -0.01911107 0.02130963 0.04717596
v -0.02130745 0.01911113 0.04717596
v -0.02412234 0.01886671 0.04646968
v -0.02290802 0.02155019 0.04575877
v -0.02309737 0.02089926 0.04619854
v -0.02443034 0.01898249 0.04632750
v -0.02231980 0.02145113 0.04634800
v -0.02412234 0.02080664 0.04454989
v -0.02557397 0.01903652 0.04454989
v -0.02571282 0.01886671 0.04454989
v -0.02545531 0.01889115 0.04532561
v -0.02442024 0.02007080 0.04539967
v -0.02338517 0.02125045 0.04546514
v -0.02371336 0.01931053 0.04648158
v -0.02025723 0.02025991 0.04717596
v -0.02447831 0.01886671 0.04634469
v -0.02500342 0.01886671 0.04591748
v -0.02412234 0.01971704 0.04613307
v -0.02461968 0.01886671 0.04625740
v -0.02548309 0.01886671 0.04529122
v -0.02546541 0.01886671 0.04533553
f 2367 2368 2371
f 2367 2371 2378
f 2367 2378 2388
f 2367 2388 2402
f 2367 2402 2405
f 2367 2405 2425
f 2367 2425 2424
f 2367 2424 2449
f 2367 2449 2470
f 2367 2470 2491
f 2367 2491 2505
f 2367 2505 2480
f 2367 2480 2458
f 2367 2458 2436
f 2367 2436 2413
f 2367 2413 2392
f 2367 2392 2381
f 2367 2381 2373
f 2367 2373 2369
f 2367 2369 2374
f 2367 2374 2370
f 2367 2370 2368
f 2368 2370 2372
f 2368 2372 2371
f 2369 2373 2374
f 2370 2374 2375
f 2370 2375 2376
f 2370 2376 2377
f 2370 2377 2372
f 2371 2372 2378
f 2372 2377 2379
f 2372 2379 2380
f 2372 2380 2378
f 2373 2381 2382
f 2373 2382 2374
f 2374 2382 2383
f 2374 2383 2375
f 2375 2383 2384
f 2375 2384 2385
f 2375 2385 2376
f 2376 2385 2377
f 2377 2385 2384
f 2377 2384 2386
f 2377 2386 2387
f 2377 2387 2379
f 2378 2380 2388
f 2379 2387 2386
f 2379 2386 2380
f 2380 2389 2402
f 2380 2402 2388
f 2380 2386 2390
f 2380 2390 2391
f 2380 2391 2389
f 2381 2392 2393
f 2381 2393 2382
f 2382 2393 2394
f 2382 2394 2395
f 2382 2395 2396
f 2382 2396 2397
f 2382 2397 2398
f 2382 2398 2383
f 2383 2398 2399
f 2383 2399 2384
f 2384 2399 2400
f 2384 2400 2386
f 2386 2400 2401
f 2386 2401 2390
f 2389 2403 2404
f 2389 2404 2405
f 2389 2405 2402
f 2389 2391 2406
f 2389 2406 2407
f 2389 2407 2408
f 2389 2408 2403
f 2390 2401 2409
f 2390 2409 2410
f 2390 2410 2411
f 2390 2411 2412
f 2390 2412 2391
f 2391 2412 2406
f 2392 2413 2437
f 2392 2437 2460
f 2392 2460 2485
f 2392 2485 2514
f 2392 2514 2513
f 2392 2513 2512
f 2392 2512 2511
f 2392 2511 2542
f 2392 2542 2541
f 2392 2541 2545
f 2392 2545 2544
f 2392 2544 2548
f 2392 2548 2547
f 2392 2547 2516
f 2392 2516 2488
f 2392 2488 2464
f 2392 2464 2463
f 2392 2463 2461
f 2392 2461 2439
f 2392 2439 2438
f 2392 2438 2416
f 2392 2416 2414
f 2392 2414 2397
f 2392 2397 2396
f 2392 2396 2395
f 2392 2395 2394
f 2392 2394 2393
f 2397 2414 2398
f 2398 2415 2399
f 2398 2414 2416
f 2398 2416 2415
f 2399 2415 2417
f 2399 2417 2400
f 2400 2417 2418
f 2400 2418 2401
f 2401 2418 2419
f 2401 2419 2420
f 2401 2420 2409
f 2403 2408 2421
f 2403 2421 2422
f 2403 2422 2404
f 2404 2423 2424
f 2404 2424 2425
f 2404 2425 2405
f 2404 2422 2426
f 2404 2426 2427
f 2404 2427 2423
f 2406 2412 2428
f 2406 2428 2407
f 2407 2428 2421
f 2407 2421 2408
f 2409 2420 2429
f 2409 2429 2430
f 2409 2430 2410
f 2410 2431 2411
f 2410 2430 2432
f 2410 2432 2433
f 2410 2433 2431
f 2411 2431 2434
f 2411 2434 2435
f 2411 2435 2412
f 2412 2435 2428
f 2413 2436 2437
f 2415 2438 2439
f 2415 2439 2440
f 2415 2440 2441
f 2415 2441 2442
f 2415 2442 2417
f 2415 2416 2438
f 2417 2442 2418
f 2418 2442 2443
f 2418 2443 2419
f 2419 2443 2444
f 2419 2444 2420
f 2420 2444 2445
f 2420 2445 2446
f 2420 2446 2429
f 2421 2428 2422
f 2422 2428 2447
f 2422 2447 2426
f 2423 2448 2470
f 2423 2470 2449
f 2423 2449 2424
f 2423 2427 2447
f 2423 2447 2450
f 2423 2450 2448
f 2426 2447 2427
f 2428 2435 2447
f 2429 2451 2452
f 2429 2452 2430
f 2429 2446 2453
f 2429 2453 2451
f 2430 2452 2432
f 2431 2433 2454
f 2431 2454 2455
f 2431 2455 2434
f 2432 2452 2454
f 2432 2454 2433
f 2434 2455 2456
f 2434 2456 2435
f 2435 2456 2457
f 2435 2457 2447
f 2436 2458 2437
f 2437 2459 2481
f 2437 2481 2506
f 2437 2506 2521
f 2437 2521 2520
f 2437 2520 2519
f 2437 2519 2550
f 2437 2550 2577
f 2437 2577 2590
f 2437 2590 2593
f 2437 2593 2591
f 2437 2591 2595
f 2437 2595 2594
f 2437 2594 2584
f 2437 2584 2572
f 2437 2572 2536
f 2437 2536 2533
f 2437 2533 2507
f 2437 2507 2482
f 2437 2482 2460
f 2437 2458 2459
f 2439 2461 2440
f 2440 2462 2441
f 2440 2461 2463
f 2440 2463 2464
f 2440 2464 2465
f 2440 2465 2462
f 2441 2462 2466
f 2441 2466 2442
f 2442 2466 2467
f 2442 2467 2443
f 2443 2467 2444
f 2444 2467 2445
f 2445 2467 2466
f 2445 2466 2446
f 2446 2466 2468
f 2446 2468 2453
f 2447 2457 2469
f 2447 2469 2490
f 2447 2490 2518
f 2447 2518 2549
f 2447 2549 2575
f 2447 2575 2589
f 2447 2589 2576
f 2447 2576 2550
f 2447 2550 2519
f 2447 2519 2491
f 2447 2491 2470
f 2447 2470 2448
f 2447 2448 2450
f 2451 2454 2452
f 2451 2453 2471
f 2451 2471 2454
f 2453 2472 2473
f 2453 2473 2474
f 2453 2474 2471
f 2453 2468 2472
f 2454 2471 2475
f 2454 2475 2476
f 2454 2476 2477
f 2454 2477 2478
f 2454 2478 2455
f 2455 2478 2479
f 2455 2479 2456
f 2456 2479 2457
f 2457 2479 2469
f 2458 2480 2481
f 2458 2481 2459
f 2460 2482 2483
f 2460 2483 2484
f 2460 2484 2485
f 2462 2486 2466
f 2462 2465 2487
f 2462 2487 2486
f 2464 2488 2489
f 2464 2489 2465
f 2465 2489 2487
f 2466 2486 2468
f 2468 2486 2472
f 2469 2479 2490
f 2471 2474 2492
f 2471 2492 2475
f 2472 2493 2494
f 2472 2494 2495
f 2472 2495 2473
f 2472 2486 2493
f 2473 2495 2496
f 2473 2496 2497
f 2473 2497 2498
f 2473 2498 2499
f 2473 2499 2500
f 2473 2500 2474
f 2474 2500 2492
f 2475 2492 2476
f 2476 2492 2501
f 2476 2501 2502
f 2476 2502 2503
f 2476 2503 2477
f 2477 2503 2478
f 2478 2503 2502
f 2478 2502 2504
f 2478 2504 2479
f 2479 2504 2490
f 2480 2505 2481
f 2481 2505 2506
f 2482 2507 2483
f 2483 2507 2484
f 2484 2508 2509
f 2484 2509 2510
f 2484 2510 2511
f 2484 2511 2512
f 2484 2512 2513
f 2484 2513 2514
f 2484 2514 2485
f 2484 2507 2508
f 2486 2487 2493
f 2487 2489 2515
f 2487 2515 2493
f 2488 2516 2517
f 2488 2517 2489
f 2489 2517 2515
f 2490 2504 2518
f 2491 2519 2520
f 2491 2520 2521
f 2491 2521 2505
f 2492 2500 2522
f 2492 2522 2523
f 2492 2523 2501
f 2493 2515 2494
f 2494 2496 2495
f 2494 2515 2524
f 2494 2524 2496
f 2496 2524 2525
f 2496 2525 2497
f 2497 2525 2498
f 2498 2525 2526
f 2498 2526 2499
f 2499 2526 2527
f 2499 2527 2528
f 2499 2528 2529
f 2499 2529 2530
f 2499 2530 2522
f 2499 2522 2500
f 2501 2523 2531
f 2501 2531 2502
f 2502 2531 2532
f 2502 2532 2518
f 2502 2518 2504
f 2505 2521 2506
f 2507 2533 2508
f 2508 2534 2535
f 2508 2535 2509
f 2508 2533 2536
f 2508 2536 2537
f 2508 2537 2538
f 2508 2538 2539
f 2508 2539 2534
f 2509 2535 2540
f 2509 2540 2510
f 2510 2541 2542
f 2510 2542 2511
f 2510 2540 2543
f 2510 2543 2517
f 2510 2517 2544
f 2510 2544 2545
f 2510 2545 2541
f 2515 2517 2546
f 2515 2546 2525
f 2515 2525 2524
f 2516 2547 2517
f 2517 2547 2548
f 2517 2548 2544
f 2517 2543 2546
f 2518 2532 2549
f 2522 2530 2551
f 2522 2551 2523
f 2523 2551 2552
f 2523 2552 2553
f 2523 2553 2554
f 2523 2554 2531
f 2525 2546 2555
f 2525 2555 2526
f 2526 2555 2556
f 2526 2556 2527
f 2527 2556 2557
f 2527 2557 2558
f 2527 2558 2528
f 2528 2559 2560
f 2528 2560 2561
f 2528 2561 2529
f 2528 2558 2562
f 2528 2562 2563
f 2528 2563 2557
f 2528 2557 2564
f 2528 2564 2565
f 2528 2565 2566
f 2528 2566 2559
f 2529 2561 2551
f 2529 2551 2530
f 2531 2549 2532
f 2531 2554 2567
f 2531 2567 2568
f 2531 2568 2569
f 2531 2569 2549
f 2534 2570 2535
f 2534 2539 2570
f 2535 2570 2557
f 2535 2557 2571
f 2535 2571 2540
f 2536 2572 2570
f 2536 2570 2537
f 2537 2570 2538
f 2538 2570 2539
f 2540 2571 2573
f 2540 2573 2574
f 2540 2574 2556
f 2540 2556 2543
f 2543 2556 2546
f 2546 2556 2555
f 2549 2569 2575
f 2550 2576 2577
f 2551 2561 2559
f 2551 2559 2552
f 2552 2559 2553
f 2553 2569 2567
f 2553 2567 2554
f 2553 2559 2566
f 2553 2566 2578
f 2553 2578 2579
f 2553 2579 2580
f 2553 2580 2581
f 2553 2581 2569
f 2556 2574 2557
f 2557 2563 2562
f 2557 2562 2558
f 2557 2574 2573
f 2557 2573 2571
f 2557 2570 2564
f 2559 2561 2560
f 2564 2570 2565
f 2565 2578 2566
f 2565 2570 2582
f 2565 2582 2583
f 2565 2583 2584
f 2565 2584 2585
f 2565 2585 2586
f 2565 2586 2587
f 2565 2587 2578
f 2567 2569 2568
f 2569 2581 2588
f 2569 2588 2576
f 2569 2576 2589
f 2569 2589 2575
f 2570 2572 2584
f 2570 2584 2583
f 2570 2583 2582
f 2576 2588 2577
f 2577 2588 2581
f 2577 2581 2590
f 2578 2587 2586
f 2578 2586 2579
f 2579 2586 2591
f 2579 2591 2592
f 2579 2592 2580
f 2580 2592 2593
f 2580 2593 2590
f 2580 2590 2581
f 2584 2594 2585
f 2585 2594 2595
f 2585 2595 2591
f 2585 2591 2586
f 2591 2593 2592

o part_22
v 0.00055151 0.03200879 0.04345013
v 0.00129063 0.03191765 0.04416236
v 0.00138647 0.03192777 0.04345013
v 0.00129063 0.03191765 0.04264134
v 0.00060497 0.03195671 0.04230474
v -0.00000328 0.03198420 0.04290917
v -0.00000328 0.03200879 0.04345013
v 0.00050912 0.03194947 0.04453733
v 0.00084826 0.03187569 0.04489575
v 0.00165557 0.03183807 0.04453733
v 0.00495117 0.03151110 0.04454989
v 0.00495117 0.03157620 0.04345013
v 0.00100678 0.03187424 0.04190795
v 0.00027320 0.03192343 0.04177436
v -0.00000328 0.03195671 0.04230474
v -0.00000328 0.03194947 0.04453733
v 0.00011468 0.03191041 0.04512391
v -0.00000328 0.03191765 0.04502074
v 0.00605154 0.03104957 0.04553128
v 0.00605154 0.03136642 0.04454989
v 0.00605154 0.03143297 0.04345013
v 0.00605154 0.03132302 0.04235037
v 0.00715007 0.03091936 0.04169633
v 0.00494564 0.02989648 0.04042066
v 0.00385079 0.03000644 0.04042066
v 0.00055151 0.03024950 0.04042066
v -0.00000328 0.03192343 0.04177436
v -0.00000328 0.03191041 0.04512391
v 0.00050912 0.03160803 0.04555376
v 0.00490140 0.03106404 0.04574025
v 0.00523317 0.03076166 0.04616680
v 0.00605154 0.03068498 0.04608149
v 0.00715007 0.03055766 0.04586987
v 0.00715007 0.03092081 0.04532032
v 0.00778412 0.03082532 0.04515234
v 0.00715007 0.03110889 0.04454989
v 0.00715007 0.03117689 0.04345013
v 0.00715007 0.03110744 0.04235037
v 0.00783020 0.03083690 0.04176246
v 0.00825045 0.02904143 0.04042066
v -0.00000328 0.03024950 0.04042066
v -0.00000328 0.03160803 0.04555376
v 0.00055151 0.03100327 0.04635527
v 0.00165005 0.03094974 0.04631956
v 0.00275042 0.03089477 0.04627988
v 0.00385079 0.03084124 0.04623624
v 0.00450143 0.03080941 0.04620846
v 0.00605154 0.03013520 0.04643926
v 0.00715007 0.03000789 0.04639693
v 0.00825045 0.02985308 0.04631493
v 0.00895822 0.02974602 0.04623888
v 0.00968996 0.02961870 0.04612051
v 0.01044935 0.02950440 0.04595121
v 0.01044935 0.02987044 0.04540166
v 0.01119031 0.02975759 0.04521451
v 0.00935082 0.03044192 0.04454989
v 0.01194785 0.02965053 0.04454989
v 0.01139674 0.02981981 0.04454989
v 0.00804770 0.03090489 0.04345013
v 0.00797213 0.03087885 0.04235037
v 0.00913333 0.02880271 0.04042066
v 0.01142992 0.02982559 0.04235037
v 0.01123639 0.02976483 0.04173799
v -0.00000328 0.02803881 0.04042066
v -0.00000328 0.03100327 0.04635527
v -0.00000328 0.03062277 0.04650870
v 0.00055151 0.03024950 0.04665881
v 0.00165005 0.03024950 0.04661980
v 0.00275042 0.03024950 0.04657020
v 0.00385079 0.03024950 0.04651332
v 0.00490140 0.03033775 0.04641545
v 0.00589119 0.02818204 0.04717596
v 0.00604048 0.02815310 0.04717596
v 0.00825045 0.02914994 0.04660591
v 0.01044935 0.02895462 0.04641413
v 0.01154973 0.02879114 0.04633543
v 0.01222986 0.02866671 0.04625211
v 0.01155341 0.02937853 0.04560865
v 0.01261692 0.02890254 0.04566685
v 0.01343713 0.02872603 0.04531238
v 0.01205844 0.02968670 0.04345013
v 0.01264826 0.02932790 0.04454989
v 0.01154973 0.02796213 0.04042066
v 0.01198103 0.02962738 0.04235037
v 0.01345188 0.02872025 0.04170691
v 0.01230727 0.02767422 0.04042066
v -0.00000328 0.02653415 0.04345013
v 0.01882473 0.02069202 0.04042066
v 0.01882473 0.01927561 0.04238409
v 0.01882473 0.01873017 0.04339788
v 0.01882473 0.01755538 0.04575216
v -0.00000328 0.03024950 0.04665881
v 0.00055151 0.02841208 0.04717596
v 0.00480003 0.02826885 0.04717596
v 0.00495117 0.02825727 0.04717596
v 0.00689387 0.02792885 0.04717596
v 0.01026872 0.02686691 0.04717596
v 0.01154973 0.02804893 0.04662641
v 0.01261692 0.02807787 0.04642273
v 0.01374863 0.02770604 0.04632816
v 0.01594938 0.02657176 0.04630898
v 0.01438268 0.02754401 0.04623425
v 0.01296344 0.02846272 0.04604578
v 0.01362330 0.02882586 0.04454989
v 0.01511627 0.02734290 0.04600875
v 0.01558996 0.02760043 0.04527535
v 0.01264826 0.02939879 0.04345013
v 0.01363435 0.02882152 0.04235037
v 0.01369149 0.02886203 0.04345013
v 0.01560655 0.02760188 0.04171815
v 0.01445272 0.02654138 0.04042066
v -0.00000328 0.02582956 0.04564965
v 0.01882473 0.02352338 0.04042066
v 0.01882473 0.01739623 0.04636519
v -0.00000328 0.02841208 0.04717596
v 0.01043829 0.02680036 0.04717596
v 0.01248053 0.02579339 0.04717596
v 0.01464257 0.02467358 0.04717596
v 0.01374863 0.02694938 0.04661252
v 0.01594938 0.02584982 0.04658871
v 0.01479002 0.02696529 0.04640487
v 0.01696128 0.02583969 0.04637181
v 0.01653551 0.02641841 0.04621508
v 0.01417440 0.02853216 0.04454989
v 0.01726909 0.02619994 0.04596907
v 0.01696128 0.02662096 0.04562122
v 0.01484901 0.02817191 0.04454989
v 0.01770592 0.02647628 0.04523567
v 0.01704975 0.02699567 0.04454989
v 0.01630327 0.02739499 0.04454989
v 0.01576506 0.02768868 0.04235037
v 0.01424260 0.02856833 0.04345013
v 0.01771698 0.02648206 0.04173005
v 0.01595306 0.02566173 0.04042066
v -0.00000328 0.02571816 0.04619457
v 0.01882473 0.01731377 0.04674941
v 0.01882473 0.02547944 0.04169765
v 0.01783679 0.02441894 0.04042066
v -0.00000328 0.02554744 0.04717596
v 0.01481951 0.02457664 0.04717596
v 0.01704975 0.02474881 0.04669916
v 0.01816119 0.02477775 0.04645050
v 0.01780361 0.02546642 0.04630038
v 0.01853719 0.02516259 0.04605900
v 0.01812248 0.02582667 0.04564767
v 0.01637147 0.02743116 0.04345013
v 0.01882473 0.02548667 0.04535272
v 0.01882473 0.02574710 0.04454989
v 0.01836209 0.02612471 0.04454989
v 0.01781098 0.02655006 0.04454989
v 0.01704975 0.02706801 0.04345013
v 0.01782020 0.02655440 0.04235037
v 0.01836947 0.02611892 0.04235037
v 0.01882473 0.02574276 0.04235037
v 0.01882473 0.02553152 0.04178495
v -0.00000328 0.02560531 0.04674941
v 0.01882473 0.01722985 0.04717596
v 0.01789393 0.02247446 0.04717596
v 0.01810773 0.02230374 0.04717596
v 0.01882473 0.02368832 0.04659202
v 0.01882473 0.02449852 0.04635130
v 0.01882473 0.02502370 0.04593534
v 0.01882473 0.02540131 0.04546184
v 0.01882473 0.02582956 0.04345013
v 0.01841186 0.02616666 0.04345013
v 0.01786259 0.02658623 0.04345013
v 0.01882473 0.02153115 0.04717596
f 2596 2597 2598
f 2596 2598 2599
f 2596 2599 2600
f 2596 2600 2601
f 2596 2601 2602
f 2596 2602 2611
f 2596 2611 2603
f 2596 2603 2597
f 2597 2603 2604
f 2597 2604 2605
f 2597 2605 2606
f 2597 2606 2607
f 2597 2607 2598
f 2598 2607 2599
f 2599 2608 2600
f 2599 2607 2608
f 2600 2608 2609
f 2600 2609 2622
f 2600 2622 2610
f 2600 2610 2601
f 2601 2610 2622
f 2601 2622 2636
f 2601 2636 2659
f 2601 2659 2682
f 2601 2682 2707
f 2601 2707 2730
f 2601 2730 2751
f 2601 2751 2734
f 2601 2734 2710
f 2601 2710 2687
f 2601 2687 2661
f 2601 2661 2660
f 2601 2660 2637
f 2601 2637 2623
f 2601 2623 2613
f 2601 2613 2611
f 2601 2611 2602
f 2603 2612 2604
f 2603 2611 2613
f 2603 2613 2612
f 2604 2612 2606
f 2604 2606 2605
f 2606 2614 2615
f 2606 2615 2616
f 2606 2616 2607
f 2606 2612 2614
f 2607 2616 2617
f 2607 2617 2608
f 2608 2617 2618
f 2608 2618 2609
f 2609 2619 2620
f 2609 2620 2621
f 2609 2621 2636
f 2609 2636 2622
f 2609 2618 2619
f 2612 2613 2623
f 2612 2623 2637
f 2612 2637 2624
f 2612 2624 2625
f 2612 2625 2614
f 2614 2625 2626
f 2614 2626 2627
f 2614 2627 2628
f 2614 2628 2629
f 2614 2629 2615
f 2615 2629 2630
f 2615 2630 2631
f 2615 2631 2632
f 2615 2632 2616
f 2616 2632 2633
f 2616 2633 2617
f 2617 2633 2634
f 2617 2634 2618
f 2618 2634 2619
f 2619 2634 2635
f 2619 2635 2656
f 2619 2656 2678
f 2619 2678 2681
f 2619 2681 2706
f 2619 2706 2729
f 2619 2729 2733
f 2619 2733 2708
f 2619 2708 2683
f 2619 2683 2659
f 2619 2659 2636
f 2619 2636 2621
f 2619 2621 2620
f 2624 2637 2660
f 2624 2660 2638
f 2624 2638 2639
f 2624 2639 2640
f 2624 2640 2641
f 2624 2641 2642
f 2624 2642 2625
f 2625 2642 2626
f 2626 2643 2644
f 2626 2644 2627
f 2626 2642 2643
f 2627 2644 2645
f 2627 2645 2646
f 2627 2646 2628
f 2628 2646 2647
f 2628 2647 2648
f 2628 2648 2649
f 2628 2649 2629
f 2629 2649 2650
f 2629 2650 2630
f 2630 2651 2631
f 2630 2650 2652
f 2630 2652 2653
f 2630 2653 2651
f 2631 2654 2632
f 2631 2651 2654
f 2632 2654 2655
f 2632 2655 2633
f 2633 2655 2634
f 2634 2656 2635
f 2634 2655 2657
f 2634 2657 2658
f 2634 2658 2656
f 2638 2660 2661
f 2638 2661 2662
f 2638 2662 2663
f 2638 2663 2664
f 2638 2664 2665
f 2638 2665 2639
f 2639 2665 2666
f 2639 2666 2640
f 2640 2666 2641
f 2641 2666 2643
f 2641 2643 2642
f 2643 2667 2668
f 2643 2668 2644
f 2643 2666 2665
f 2643 2665 2667
f 2644 2668 2669
f 2644 2669 2670
f 2644 2670 2645
f 2645 2670 2671
f 2645 2671 2646
f 2646 2671 2672
f 2646 2672 2647
f 2647 2672 2648
f 2648 2672 2673
f 2648 2673 2650
f 2648 2650 2649
f 2650 2673 2674
f 2650 2674 2675
f 2650 2675 2652
f 2651 2653 2676
f 2651 2676 2654
f 2652 2676 2653
f 2652 2675 2677
f 2652 2677 2676
f 2654 2676 2655
f 2655 2676 2657
f 2656 2658 2678
f 2657 2676 2679
f 2657 2679 2658
f 2658 2679 2680
f 2658 2680 2681
f 2658 2681 2678
f 2659 2683 2684
f 2659 2684 2685
f 2659 2685 2686
f 2659 2686 2682
f 2661 2687 2662
f 2662 2687 2710
f 2662 2710 2688
f 2662 2688 2689
f 2662 2689 2690
f 2662 2690 2667
f 2662 2667 2663
f 2663 2667 2664
f 2664 2667 2665
f 2667 2690 2689
f 2667 2689 2688
f 2667 2688 2710
f 2667 2710 2734
f 2667 2734 2752
f 2667 2752 2762
f 2667 2762 2754
f 2667 2754 2753
f 2667 2753 2735
f 2667 2735 2713
f 2667 2713 2712
f 2667 2712 2711
f 2667 2711 2692
f 2667 2692 2691
f 2667 2691 2668
f 2668 2691 2669
f 2669 2692 2693
f 2669 2693 2670
f 2669 2691 2692
f 2670 2693 2671
f 2671 2693 2694
f 2671 2694 2672
f 2672 2694 2695
f 2672 2695 2696
f 2672 2696 2697
f 2672 2697 2698
f 2672 2698 2674
f 2672 2674 2673
f 2674 2698 2675
f 2675 2699 2677
f 2675 2698 2700
f 2675 2700 2701
f 2675 2701 2699
f 2676 2677 2702
f 2676 2702 2703
f 2676 2703 2679
f 2677 2699 2704
f 2677 2704 2702
f 2679 2703 2680
f 2680 2703 2705
f 2680 2705 2681
f 2681 2705 2706
f 2682 2686 2707
f 2683 2708 2732
f 2683 2732 2750
f 2683 2750 2749
f 2683 2749 2759
f 2683 2759 2743
f 2683 2743 2742
f 2683 2742 2758
f 2683 2758 2757
f 2683 2757 2756
f 2683 2756 2755
f 2683 2755 2762
f 2683 2762 2752
f 2683 2752 2731
f 2683 2731 2709
f 2683 2709 2686
f 2683 2686 2685
f 2683 2685 2684
f 2686 2709 2707
f 2692 2711 2693
f 2693 2712 2713
f 2693 2713 2714
f 2693 2714 2694
f 2693 2711 2712
f 2694 2714 2715
f 2694 2715 2716
f 2694 2716 2695
f 2695 2716 2696
f 2696 2716 2715
f 2696 2715 2717
f 2696 2717 2718
f 2696 2718 2697
f 2697 2718 2698
f 2698 2718 2700
f 2699 2701 2719
f 2699 2719 2727
f 2699 2727 2704
f 2700 2718 2720
f 2700 2720 2721
f 2700 2721 2701
f 2701 2722 2719
f 2701 2721 2723
f 2701 2723 2724
f 2701 2724 2725
f 2701 2725 2722
f 2702 2704 2703
f 2703 2704 2726
f 2703 2726 2705
f 2704 2727 2726
f 2705 2726 2728
f 2705 2728 2706
f 2706 2728 2729
f 2707 2709 2731
f 2707 2731 2730
f 2708 2733 2732
f 2713 2735 2715
f 2713 2715 2714
f 2715 2735 2736
f 2715 2736 2737
f 2715 2737 2717
f 2717 2737 2738
f 2717 2738 2718
f 2718 2738 2720
f 2719 2722 2727
f 2720 2738 2739
f 2720 2739 2740
f 2720 2740 2723
f 2720 2723 2721
f 2722 2725 2741
f 2722 2741 2727
f 2723 2740 2742
f 2723 2742 2743
f 2723 2743 2744
f 2723 2744 2745
f 2723 2745 2724
f 2724 2746 2741
f 2724 2741 2725
f 2724 2745 2746
f 2726 2727 2741
f 2726 2741 2746
f 2726 2746 2747
f 2726 2747 2728
f 2728 2747 2748
f 2728 2748 2749
f 2728 2749 2750
f 2728 2750 2732
f 2728 2732 2733
f 2728 2733 2729
f 2730 2731 2751
f 2731 2752 2751
f 2734 2751 2752
f 2735 2753 2736
f 2736 2753 2737
f 2737 2753 2754
f 2737 2754 2755
f 2737 2755 2756
f 2737 2756 2738
f 2738 2756 2739
f 2739 2756 2757
f 2739 2757 2758
f 2739 2758 2740
f 2740 2758 2742
f 2743 2759 2760
f 2743 2760 2744
f 2744 2760 2745
f 2745 2760 2761
f 2745 2761 2746
f 2746 2761 2747
f 2747 2761 2760
f 2747 2760 2748
f 2748 2760 2759
f 2748 2759 2749
f 2754 2762 2755

o part_23
v 0.00052841 -0.02804573 0.04038370
v -0.01142517 -0.02558997 0.04038370
v 0.00052841 -0.03003348 0.04038370
v 0.00052841 -0.02714604 0.03684858
v -0.01142517 -0.02456948 0.03685421
v -0.01142517 -0.02797561 0.04038370
v -0.00026256 -0.03023623 0.04038370
v 0.00052841 -0.03023369 0.04037808
v 0.00052841 -0.02695090 0.03577145
v -0.01142517 -0.02436251 0.03574896
v -0.01142517 -0.02453484 0.03667422
v -0.00912010 -0.02878659 0.04038370
v -0.01142517 -0.02786748 0.03904784
v -0.01044931 -0.02821975 0.03904784
v -0.00055040 -0.03023623 0.04038370
v 0.00052841 -0.03012810 0.03904784
v 0.00052841 -0.02694752 0.03574896
v -0.01142517 -0.02434477 0.03559709
v -0.00824956 -0.02902482 0.04038370
v -0.01044931 -0.02811753 0.03794821
v -0.00893172 -0.02863960 0.03828007
v -0.00714968 -0.02912113 0.03794821
v -0.00714968 -0.02922081 0.03904784
v -0.01142517 -0.02776104 0.03796227
v -0.00385004 -0.02998786 0.04038370
v -0.00055040 -0.03012810 0.03904784
v 0.00052841 -0.03003011 0.03794821
v -0.01142517 -0.02347212 0.02800094
v -0.01142517 -0.02423579 0.03464933
v 0.00052841 -0.02648205 0.03125483
v -0.01142517 -0.02160601 0.01165277
v -0.00494524 -0.02987467 0.04038370
v -0.00604980 -0.02951310 0.03904784
v -0.00999415 -0.02533822 0.01174276
v -0.00983619 -0.02537962 0.01165277
v -0.00943953 -0.02550549 0.01165277
v -0.00924881 -0.02556378 0.01165277
v -0.00702916 -0.02623622 0.01165277
v -0.00609192 -0.02652006 0.01165277
v -0.00604980 -0.02941511 0.03794821
v -0.01142517 -0.02467001 0.01165277
v -0.01101564 -0.02530866 0.01532569
v -0.01092203 -0.02526726 0.01459448
v -0.01081087 -0.02521996 0.01375078
v -0.01066461 -0.02515744 0.01265115
v -0.01044346 -0.02513970 0.01165277
v -0.01011350 -0.02527824 0.01165277
v -0.00457198 -0.02971669 0.03840100
v -0.00055040 -0.03003011 0.03794821
v 0.00013995 -0.02751267 0.01416700
v 0.00052841 -0.02722207 0.01165277
v 0.00052841 -0.02637138 0.03016364
v 0.00052841 -0.02526304 0.01919829
v 0.00052841 -0.02450443 0.01165277
v -0.00495109 -0.02677181 0.01165277
v -0.00385004 -0.02689937 0.01165277
v -0.00374824 -0.02690951 0.01165277
v -0.00264836 -0.02701764 0.01165277
v -0.00154731 -0.02712577 0.01165277
v -0.00055040 -0.02722207 0.01165277
v -0.00014087 -0.02751267 0.01416700
f 2763 2764 2768
f 2763 2768 2774
f 2763 2774 2781
f 2763 2781 2794
f 2763 2794 2787
f 2763 2787 2777
f 2763 2777 2769
f 2763 2769 2765
f 2763 2765 2770
f 2763 2770 2778
f 2763 2778 2789
f 2763 2789 2813
f 2763 2813 2816
f 2763 2816 2815
f 2763 2815 2814
f 2763 2814 2792
f 2763 2792 2779
f 2763 2779 2771
f 2763 2771 2766
f 2763 2766 2767
f 2763 2767 2764
f 2764 2767 2773
f 2764 2773 2772
f 2764 2772 2780
f 2764 2780 2791
f 2764 2791 2790
f 2764 2790 2793
f 2764 2793 2803
f 2764 2803 2786
f 2764 2786 2775
f 2764 2775 2768
f 2765 2769 2770
f 2766 2771 2772
f 2766 2772 2773
f 2766 2773 2767
f 2768 2775 2776
f 2768 2776 2774
f 2769 2777 2788
f 2769 2788 2778
f 2769 2778 2770
f 2771 2779 2772
f 2772 2779 2780
f 2774 2776 2782
f 2774 2782 2783
f 2774 2783 2784
f 2774 2784 2785
f 2774 2785 2781
f 2775 2786 2782
f 2775 2782 2776
f 2777 2787 2788
f 2778 2788 2811
f 2778 2811 2789
f 2779 2790 2791
f 2779 2791 2780
f 2779 2792 2793
f 2779 2793 2790
f 2781 2785 2795
f 2781 2795 2794
f 2782 2786 2796
f 2782 2796 2797
f 2782 2797 2783
f 2783 2797 2798
f 2783 2798 2799
f 2783 2799 2800
f 2783 2800 2801
f 2783 2801 2784
f 2784 2802 2785
f 2784 2801 2802
f 2785 2802 2795
f 2786 2803 2804
f 2786 2804 2805
f 2786 2805 2806
f 2786 2806 2807
f 2786 2807 2808
f 2786 2808 2809
f 2786 2809 2796
f 2787 2794 2810
f 2787 2810 2811
f 2787 2811 2788
f 2789 2811 2823
f 2789 2823 2812
f 2789 2812 2813
f 2792 2814 2793
f 2793 2814 2815
f 2793 2815 2816
f 2793 2816 2813
f 2793 2813 2822
f 2793 2822 2821
f 2793 2821 2820
f 2793 2820 2819
f 2793 2819 2818
f 2793 2818 2817
f 2793 2817 2801
f 2793 2801 2800
f 2793 2800 2799
f 2793 2799 2798
f 2793 2798 2797
f 2793 2797 2809
f 2793 2809 2808
f 2793 2808 2803
f 2794 2795 2802
f 2794 2802 2817
f 2794 2817 2810
f 2796 2809 2797
f 2801 2817 2802
f 2803 2808 2807
f 2803 2807 2806
f 2803 2806 2805
f 2803 2805 2804
f 2810 2817 2818
f 2810 2818 2819
f 2810 2819 2820
f 2810 2820 2821
f 2810 2821 2822
f 2810 2822 2811
f 2811 2822 2823
f 2812 2823 2822
f 2812 2822 2813

o part_24
v -0.00000512 0.02840993 0.04717596
v -0.00000512 0.02773523 0.05019143
v -0.00000512 0.02554733 0.04717596
v -0.00055008 0.02840993 0.04717596
v -0.00054174 0.02773523 0.05019143
v -0.00000512 0.01784525 0.05019143
v -0.00000512 0.00005050 0.04718806
v -0.02555682 0.00005050 0.04717596
v -0.00495142 0.02825722 0.04717596
v -0.00604133 0.02815449 0.04717596
v -0.00342221 0.02744092 0.05019143
v -0.00000512 0.00005050 0.04954825
v -0.01783570 0.00005050 0.05019143
v -0.02840671 0.00005050 0.04717596
v -0.01033980 0.02680510 0.04717596
v -0.00935276 0.02603878 0.05019143
v -0.00863821 0.02625812 0.05019143
v -0.00715348 0.02671347 0.05019143
v -0.00605245 0.02704110 0.05019143
v -0.00509322 0.02724101 0.05019143
v -0.00495142 0.02726878 0.05019143
v -0.00389488 0.02739095 0.05019143
v -0.02767269 0.00005050 0.05019143
v -0.02840949 0.00055028 0.04717596
v -0.01255020 0.02572781 0.04717596
v -0.01114333 0.02537519 0.05019143
v -0.01057891 0.02561119 0.05019143
v -0.01045657 0.02566117 0.05019143
v -0.02767547 0.00055028 0.05019143
v -0.02825657 0.00495107 0.04717596
v -0.01470778 0.02459498 0.04717596
v -0.01182730 0.02501146 0.05019143
v -0.02747251 0.00275206 0.05019143
v -0.02815370 0.00603947 0.04717596
v -0.01794136 0.02234045 0.04717596
v -0.01572262 0.02283189 0.05019143
v -0.01504976 0.02328447 0.05019143
v -0.01489684 0.02336776 0.05019143
v -0.01376523 0.02397582 0.05019143
v -0.02736685 0.00385990 0.05019143
v -0.02734739 0.00404315 0.05019143
v -0.02725007 0.00495107 0.05019143
v -0.02722227 0.00509267 0.05019143
v -0.02703320 0.00605057 0.05019143
v -0.02671068 0.00715286 0.05019143
v -0.02603505 0.00935186 0.05019143
v -0.02680521 0.01034031 0.04717596
v -0.01910912 0.02130758 0.04717596
v -0.01954008 0.01967776 0.05019143
v -0.01906185 0.02009701 0.05019143
v -0.01839456 0.02064677 0.05019143
v -0.01726017 0.02157968 0.05019143
v -0.01662346 0.02210166 0.05019143
v -0.01599231 0.02261532 0.05019143
v -0.02565692 0.01045414 0.05019143
v -0.02560687 0.01058186 0.05019143
v -0.02537332 0.01113994 0.05019143
v -0.02572642 0.01255042 0.04717596
v -0.02025742 0.02025805 0.04717596
v -0.01961237 0.01961112 0.05019143
v -0.02500909 0.01182297 0.05019143
v -0.02459481 0.01470500 0.04717596
v -0.02130840 0.01910857 0.04717596
v -0.01967632 0.01953893 0.05019143
v -0.02396922 0.01376654 0.05019143
v -0.02327969 0.01505207 0.05019143
v -0.02283483 0.01571566 0.05019143
v -0.02233992 0.01794243 0.04717596
v -0.02009616 0.01906137 0.05019143
v -0.02269025 0.01589613 0.05019143
v -0.02260962 0.01599609 0.05019143
v -0.02210081 0.01662080 0.05019143
v -0.02174214 0.01705950 0.05019143
v -0.02109987 0.01784248 0.05019143
v -0.02070506 0.01832282 0.05019143
v -0.02057716 0.01847830 0.05019143
f 2824 2825 2829
f 2824 2829 2835
f 2824 2835 2830
f 2824 2830 2826
f 2824 2826 2831
f 2824 2831 2837
f 2824 2837 2847
f 2824 2847 2853
f 2824 2853 2857
f 2824 2857 2870
f 2824 2870 2881
f 2824 2881 2885
f 2824 2885 2891
f 2824 2891 2886
f 2824 2886 2882
f 2824 2882 2871
f 2824 2871 2858
f 2824 2858 2854
f 2824 2854 2848
f 2824 2848 2838
f 2824 2838 2833
f 2824 2833 2832
f 2824 2832 2827
f 2824 2827 2828
f 2824 2828 2825
f 2825 2828 2834
f 2825 2834 2845
f 2825 2845 2844
f 2825 2844 2843
f 2825 2843 2842
f 2825 2842 2841
f 2825 2841 2840
f 2825 2840 2839
f 2825 2839 2851
f 2825 2851 2850
f 2825 2850 2849
f 2825 2849 2855
f 2825 2855 2862
f 2825 2862 2861
f 2825 2861 2860
f 2825 2860 2859
f 2825 2859 2877
f 2825 2877 2876
f 2825 2876 2875
f 2825 2875 2874
f 2825 2874 2873
f 2825 2873 2872
f 2825 2872 2883
f 2825 2883 2887
f 2825 2887 2892
f 2825 2892 2899
f 2825 2899 2898
f 2825 2898 2897
f 2825 2897 2896
f 2825 2896 2895
f 2825 2895 2894
f 2825 2894 2893
f 2825 2893 2890
f 2825 2890 2889
f 2825 2889 2888
f 2825 2888 2884
f 2825 2884 2880
f 2825 2880 2879
f 2825 2879 2878
f 2825 2878 2869
f 2825 2869 2868
f 2825 2868 2867
f 2825 2867 2866
f 2825 2866 2865
f 2825 2865 2864
f 2825 2864 2863
f 2825 2863 2856
f 2825 2856 2852
f 2825 2852 2846
f 2825 2846 2836
f 2825 2836 2829
f 2826 2830 2831
f 2827 2832 2828
f 2828 2832 2833
f 2828 2833 2834
f 2829 2836 2835
f 2830 2835 2836
f 2830 2836 2846
f 2830 2846 2837
f 2830 2837 2831
f 2833 2838 2839
f 2833 2839 2840
f 2833 2840 2841
f 2833 2841 2842
f 2833 2842 2843
f 2833 2843 2844
f 2833 2844 2845
f 2833 2845 2834
f 2837 2846 2852
f 2837 2852 2847
f 2838 2848 2849
f 2838 2849 2850
f 2838 2850 2851
f 2838 2851 2839
f 2847 2852 2853
f 2848 2854 2849
f 2849 2854 2855
f 2852 2856 2853
f 2853 2856 2857
f 2854 2858 2859
f 2854 2859 2860
f 2854 2860 2861
f 2854 2861 2862
f 2854 2862 2855
f 2856 2863 2857
f 2857 2863 2864
f 2857 2864 2865
f 2857 2865 2866
f 2857 2866 2867
f 2857 2867 2868
f 2857 2868 2869
f 2857 2869 2870
f 2858 2871 2872
f 2858 2872 2873
f 2858 2873 2874
f 2858 2874 2875
f 2858 2875 2876
f 2858 2876 2877
f 2858 2877 2859
f 2869 2878 2870
f 2870 2878 2879
f 2870 2879 2880
f 2870 2880 2881
f 2871 2882 2872
f 2872 2882 2883
f 2880 2884 2885
f 2880 2885 2881
f 2882 2886 2883
f 2883 2886 2887
f 2884 2888 2885
f 2885 2888 2889
f 2885 2889 2890
f 2885 2890 2891
f 2886 2891 2887
f 2887 2891 2892
f 2890 2893 2891
f 2891 2893 2894
f 2891 2894 2895
f 2891 2895 2896
f 2891 2896 2897
f 2891 2897 2898
f 2891 2898 2899
f 2891 2899 2892

o part_25
v -0.01298916 -0.02383961 0.01164705
v -0.01298916 -0.02076320 0.01164705
v -0.01383498 -0.02338680 0.01164705
v -0.01420997 -0.02305120 0.01044659
v -0.01298916 -0.02083778 -0.01495174
v -0.02222970 -0.01023550 0.01164705
v -0.01298916 -0.02074989 0.01154415
v -0.01546792 -0.01023550 -0.04674682
v -0.01407459 -0.02325762 0.01164705
v -0.01427826 -0.02308716 0.01110398
v -0.01426747 -0.02198045 0.00125448
v -0.01298916 -0.01994016 -0.02289194
v -0.01313652 -0.02086575 -0.01400281
v -0.02522722 -0.01023550 0.01164705
v -0.01298916 -0.01323999 -0.04674682
v -0.01872182 -0.01023550 -0.04674682
v -0.01458616 -0.02296729 0.01164705
v -0.01433696 -0.02202306 0.00198619
v -0.01320241 -0.01980033 -0.02310916
v -0.01298916 -0.01989355 -0.02329781
v -0.02419810 -0.01023550 0.00197476
v -0.02513857 -0.01044459 0.01164705
v -0.01298916 -0.01694233 -0.04674682
v -0.01850617 -0.01063770 -0.04674682
v -0.01856847 -0.01075356 -0.04564925
v -0.01867510 -0.01095200 -0.04376853
v -0.02460783 -0.01155130 0.01164705
v -0.02209073 -0.01023550 -0.01688963
v -0.01480181 -0.02283944 0.01164705
v -0.01562007 -0.02228809 0.01164705
v -0.01544635 -0.02203638 0.00850298
v -0.01538765 -0.02198977 0.00777127
v -0.01429623 -0.02089638 -0.00768038
v -0.01319163 -0.01869229 -0.03184395
v -0.01298916 -0.01742577 -0.04297966
v -0.01298916 -0.01854180 -0.03418771
v -0.01312573 -0.01975372 -0.02384087
v -0.01298916 -0.01980699 -0.02403523
v -0.02405074 -0.01023550 0.00063710
v -0.02416096 -0.01092536 0.00474154
v -0.02420169 -0.01100527 0.00547325
v -0.02423404 -0.01106653 0.00604490
v -0.02464857 -0.01146740 0.01164705
v -0.01391405 -0.01618322 -0.04674682
v -0.01428425 -0.01978568 -0.01639801
v -0.01477305 -0.02056211 -0.00725164
v -0.01532056 -0.02083379 -0.00165521
v -0.01691396 -0.02123865 0.01164705
v -0.01797184 -0.01157660 -0.04674682
v -0.01811681 -0.01155130 -0.04564925
v -0.01868468 -0.01207202 -0.03836074
v -0.01887876 -0.01133422 -0.04015000
v -0.02081721 -0.01304689 -0.01485456
v -0.02292697 -0.01397780 0.00824574
v -0.02338702 -0.01383530 0.01164705
v -0.02301563 -0.01023550 -0.00869220
v -0.01569315 -0.02223748 0.01164705
v -0.01624306 -0.02178867 0.01164705
v -0.01298916 -0.01967115 -0.02513852
v -0.01298916 -0.01971909 -0.02474979
v -0.02327440 -0.01023550 -0.00636559
v -0.02318695 -0.01023550 -0.00715446
v -0.01515403 -0.01629775 -0.03794915
v -0.01506777 -0.01622717 -0.03904672
v -0.01458376 -0.01563187 -0.04674682
v -0.01746387 -0.02078718 0.01164705
v -0.01792991 -0.01164985 -0.04674682
v -0.01781130 -0.01184695 -0.04674682
v -0.01764358 -0.01215726 -0.04655817
v -0.01980006 -0.01320270 -0.02310916
v -0.02198051 -0.01426812 0.00125448
v -0.02308751 -0.01427878 0.01110398
v -0.02325883 -0.01407369 0.01164705
v -0.01760524 -0.01760423 -0.01213923
v -0.01493958 -0.01576771 -0.04341982
v -0.01762081 -0.01871626 -0.00343303
v -0.01513247 -0.01513245 -0.04674682
v -0.01541880 -0.01541878 -0.04303682
v -0.01536489 -0.01536418 -0.04376853
v -0.01530379 -0.01530425 -0.04454597
v -0.01823062 -0.02015725 0.01164705
v -0.01858884 -0.01970844 0.01044659
v -0.01740756 -0.01241829 -0.04674682
v -0.01726619 -0.01259408 -0.04674682
v -0.02089628 -0.01429609 -0.00768038
v -0.02202364 -0.01433738 0.00198619
v -0.02296770 -0.01458642 0.01164705
v -0.01762441 -0.01652948 -0.01887897
v -0.01629817 -0.01515376 -0.03794915
v -0.01869786 -0.01869628 0.00331242
v -0.01563445 -0.01457976 -0.04674682
v -0.01576743 -0.01493934 -0.04341982
v -0.01570394 -0.01466766 -0.04564925
v -0.01827854 -0.02011729 0.01164705
v -0.01865473 -0.01976171 0.01128691
v -0.01988512 -0.01440530 -0.01485456
v -0.02203682 -0.01544675 0.00850298
v -0.01618315 -0.01391387 -0.04674682
v -0.01868827 -0.01648554 -0.01090447
v -0.02199010 -0.01538815 0.00777127
v -0.02228841 -0.01561988 0.01164705
v -0.02283951 -0.01480217 0.01164705
v -0.01970781 -0.01858841 0.01044659
v -0.01880448 -0.01880283 0.00494733
v -0.01976173 -0.01865367 0.01128691
v -0.01923698 -0.01923699 0.01164705
v -0.02101968 -0.01664668 0.00824574
v -0.02119579 -0.01696497 0.01164705
v -0.02178763 -0.01624315 0.01164705
v -0.02219496 -0.01574507 0.01164705
v -0.02223689 -0.01569313 0.01164705
v -0.02011755 -0.01827811 0.01164705
f 2900 2901 2905
f 2900 2905 2913
f 2900 2913 2921
f 2900 2921 2942
f 2900 2942 2926
f 2900 2926 2954
f 2900 2954 2972
f 2900 2972 2986
f 2900 2986 3001
f 2900 3001 3000
f 2900 3000 3010
f 2900 3010 3009
f 2900 3009 3008
f 2900 3008 3007
f 2900 3007 3011
f 2900 3011 3005
f 2900 3005 2993
f 2900 2993 2980
f 2900 2980 2965
f 2900 2965 2947
f 2900 2947 2957
f 2900 2957 2956
f 2900 2956 2929
f 2900 2929 2928
f 2900 2928 2916
f 2900 2916 2908
f 2900 2908 2902
f 2900 2902 2903
f 2900 2903 2904
f 2900 2904 2911
f 2900 2911 2919
f 2900 2919 2937
f 2900 2937 2959
f 2900 2959 2958
f 2900 2958 2935
f 2900 2935 2934
f 2900 2934 2922
f 2900 2922 2914
f 2900 2914 2906
f 2900 2906 2901
f 2901 2906 2907
f 2901 2907 2905
f 2902 2908 2903
f 2903 2908 2909
f 2903 2909 2910
f 2903 2910 2911
f 2903 2911 2912
f 2903 2912 2904
f 2904 2912 2911
f 2905 2907 2915
f 2905 2915 2927
f 2905 2927 2955
f 2905 2955 2961
f 2905 2961 2960
f 2905 2960 2938
f 2905 2938 2920
f 2905 2920 2913
f 2906 2914 2907
f 2907 2914 2922
f 2907 2922 2943
f 2907 2943 2964
f 2907 2964 2976
f 2907 2976 2990
f 2907 2990 2997
f 2907 2997 2983
f 2907 2983 2982
f 2907 2982 2967
f 2907 2967 2966
f 2907 2966 2948
f 2907 2948 2923
f 2907 2923 2915
f 2908 2916 2909
f 2909 2916 2917
f 2909 2917 2910
f 2910 2917 2918
f 2910 2918 2911
f 2911 2918 2919
f 2913 2920 2921
f 2915 2923 2924
f 2915 2924 2925
f 2915 2925 2926
f 2915 2926 2927
f 2916 2928 2917
f 2917 2928 2929
f 2917 2929 2930
f 2917 2930 2931
f 2917 2931 2932
f 2917 2932 2918
f 2918 2933 2934
f 2918 2934 2935
f 2918 2935 2936
f 2918 2936 2937
f 2918 2937 2919
f 2918 2932 2933
f 2920 2938 2939
f 2920 2939 2940
f 2920 2940 2941
f 2920 2941 2926
f 2920 2926 2942
f 2920 2942 2921
f 2922 2934 2933
f 2922 2933 2932
f 2922 2932 2944
f 2922 2944 2945
f 2922 2945 2946
f 2922 2946 2947
f 2922 2947 2943
f 2923 2948 2949
f 2923 2949 2950
f 2923 2950 2924
f 2924 2950 2925
f 2925 2950 2951
f 2925 2951 2952
f 2925 2952 2953
f 2925 2953 2954
f 2925 2954 2926
f 2926 2941 2955
f 2926 2955 2927
f 2929 2956 2930
f 2930 2956 2957
f 2930 2957 2946
f 2930 2946 2945
f 2930 2945 2932
f 2930 2932 2931
f 2932 2945 2944
f 2935 2958 2936
f 2936 2958 2959
f 2936 2959 2937
f 2938 2960 2939
f 2939 2960 2961
f 2939 2961 2955
f 2939 2955 2940
f 2940 2955 2941
f 2943 2962 2963
f 2943 2963 2964
f 2943 2947 2965
f 2943 2965 2962
f 2946 2957 2947
f 2948 2966 2949
f 2949 2966 2950
f 2950 2966 2967
f 2950 2967 2968
f 2950 2968 2969
f 2950 2969 2952
f 2950 2952 2951
f 2952 2969 2970
f 2952 2970 2953
f 2953 2970 2971
f 2953 2971 2954
f 2954 2971 2972
f 2962 2973 2974
f 2962 2974 2964
f 2962 2964 2963
f 2962 2965 2975
f 2962 2975 2973
f 2964 2974 2977
f 2964 2977 2978
f 2964 2978 2979
f 2964 2979 2976
f 2965 2980 2981
f 2965 2981 2975
f 2967 2982 2968
f 2968 2982 2983
f 2968 2983 2984
f 2968 2984 2969
f 2969 2984 2985
f 2969 2985 2970
f 2970 2985 2971
f 2971 2986 2972
f 2971 2985 2986
f 2973 2987 2988
f 2973 2988 2977
f 2973 2977 2974
f 2973 2975 2981
f 2973 2981 2989
f 2973 2989 2987
f 2976 2979 2990
f 2977 2988 2991
f 2977 2991 2992
f 2977 2992 2990
f 2977 2990 2978
f 2978 2990 2979
f 2980 2993 2994
f 2980 2994 2981
f 2981 2994 2989
f 2983 2995 2996
f 2983 2996 2984
f 2983 2997 2998
f 2983 2998 2995
f 2984 2996 2999
f 2984 2999 2985
f 2985 2999 2996
f 2985 2996 3000
f 2985 3000 3001
f 2985 3001 2986
f 2987 2989 3002
f 2987 3002 2998
f 2987 2998 2988
f 2988 2997 2992
f 2988 2992 2991
f 2988 2998 2997
f 2989 2994 3003
f 2989 3003 3004
f 2989 3004 3002
f 2990 2992 2997
f 2993 3005 2994
f 2994 3005 3003
f 2995 2998 2996
f 2996 2998 3006
f 2996 3006 3007
f 2996 3007 3008
f 2996 3008 3009
f 2996 3009 3010
f 2996 3010 3000
f 2998 3002 3011
f 2998 3011 3006
f 3002 3004 3011
f 3003 3005 3004
f 3004 3005 3011
f 3006 3011 3007

o part_26
v -0.03200879 -0.00055073 0.04345049
v -0.03195704 -0.00060398 0.04230469
v -0.03191822 -0.00129119 0.04264138
v -0.03192728 -0.00138501 0.04345049
v -0.03191822 -0.00129119 0.04416246
v -0.03194928 -0.00051015 0.04453707
v -0.03200879 0.00004773 0.04345049
v -0.03187423 -0.00100718 0.04190812
v -0.03195704 0.00004773 0.04230469
v -0.03192340 -0.00027432 0.04177437
v -0.03157664 -0.00495039 0.04345049
v -0.03187553 -0.00084742 0.04489572
v -0.03151195 -0.00495039 0.04454972
v -0.03162063 -0.00385238 0.04454972
v -0.03191046 -0.00011456 0.04512395
v -0.03194928 0.00004773 0.04453707
v -0.03091936 -0.00715149 0.04169652
v -0.03132305 -0.00605094 0.04235060
v -0.03192340 0.00004773 0.04177437
v -0.03023620 -0.00055073 0.04038370
v -0.02998777 -0.00385238 0.04038370
v -0.02987391 -0.00494532 0.04038370
v -0.03143302 -0.00605094 0.04345049
v -0.03136704 -0.00605094 0.04454972
v -0.03105004 -0.00605094 0.04553117
v -0.03160770 -0.00051015 0.04555379
v -0.03191046 0.00004773 0.04512395
v -0.03106427 -0.00490221 0.04574010
v -0.03083655 -0.00783109 0.04176239
v -0.03110697 -0.00715149 0.04235060
v -0.03023620 0.00004773 0.04038370
v -0.02902514 -0.00825204 0.04038370
v -0.03117554 -0.00715149 0.04345049
v -0.03110956 -0.00715149 0.04454972
v -0.03082491 -0.00778544 0.04515189
v -0.03092065 -0.00715149 0.04532024
v -0.03068517 -0.00605094 0.04608145
v -0.03076280 -0.00523440 0.04616728
v -0.03055707 -0.00715149 0.04586985
v -0.03094912 -0.00165128 0.04631966
v -0.03100346 -0.00055073 0.04635492
v -0.03160770 0.00004773 0.04555379
v -0.03080938 -0.00450155 0.04620854
v -0.03084043 -0.00385238 0.04623582
v -0.03089477 -0.00275183 0.04627973
v -0.02878706 -0.00912183 0.04038370
v -0.02976393 -0.01123671 0.04173777
v -0.02982475 -0.01143197 0.04235060
v -0.03087925 -0.00797056 0.04235060
v -0.02804568 0.00004773 0.04038370
v -0.03050920 -0.00935005 0.04345049
v -0.03017538 -0.01045060 0.04345049
v -0.03010810 -0.01045060 0.04454972
v -0.02981957 -0.01139900 0.04454972
v -0.02965137 -0.01194927 0.04454972
v -0.02975747 -0.01119360 0.04521444
v -0.02987003 -0.01045060 0.04540142
v -0.02974711 -0.00895700 0.04623914
v -0.02985321 -0.00825204 0.04631433
v -0.03000718 -0.00715149 0.04639684
v -0.03013527 -0.00605094 0.04643943
v -0.02950387 -0.01045060 0.04595103
v -0.02961902 -0.00969239 0.04612070
v -0.03033712 -0.00490221 0.04641547
v -0.03024914 -0.00385238 0.04651329
v -0.03024914 -0.00055073 0.04665901
v -0.03100346 0.00004773 0.04635492
v -0.03024914 -0.00275183 0.04657051
v -0.03024914 -0.00165128 0.04661975
v -0.02794605 -0.01155115 0.04038370
v -0.02962678 -0.01198224 0.04235060
v -0.02765881 -0.01229415 0.04038370
v -0.02871978 -0.01345048 0.04170717
v -0.02968630 -0.01206085 0.04345049
v -0.02654609 0.00004773 0.04345049
v -0.01879064 -0.02073085 0.04038370
v -0.02932790 -0.01265170 0.04454972
v -0.02872625 -0.01343527 0.04531225
v -0.02890222 -0.01261873 0.04566691
v -0.02937966 -0.01155622 0.04560836
v -0.02866673 -0.01223329 0.04625179
v -0.02879094 -0.01155115 0.04633563
v -0.02895397 -0.01045060 0.04641414
v -0.02914935 -0.00825204 0.04660577
v -0.02814142 -0.00603572 0.04718134
v -0.02817118 -0.00588357 0.04718134
v -0.02840667 -0.00055073 0.04718134
v -0.03024914 0.00004773 0.04665901
v -0.02824882 -0.00495039 0.04718134
v -0.02826176 -0.00479063 0.04718134
v -0.02939906 -0.01265170 0.04345049
v -0.02882200 -0.01363560 0.04235060
v -0.02652538 -0.01443692 0.04038370
v -0.02760188 -0.01560594 0.04171781
v -0.02584093 0.00004773 0.04564961
v -0.01879064 -0.01929557 0.04240516
v -0.01879064 -0.02352026 0.04038370
v -0.02886211 -0.01369139 0.04345049
v -0.02882588 -0.01362292 0.04454972
v -0.02760059 -0.01558819 0.04527566
v -0.02734311 -0.01511652 0.04600892
v -0.02846230 -0.01296361 0.04604551
v -0.02754366 -0.01438367 0.04623382
v -0.02657196 -0.01594828 0.04630901
v -0.02770539 -0.01374971 0.04632831
v -0.02807673 -0.01261873 0.04642279
v -0.02804956 -0.01155115 0.04662640
v -0.02792017 -0.00687508 0.04718134
v -0.02686049 -0.01025281 0.04718134
v -0.02840667 0.00004773 0.04718134
v -0.02648139 -0.01771828 0.04173045
v -0.02768857 -0.01576569 0.04235060
v -0.02564943 -0.01594574 0.04038370
v -0.02573742 0.00004773 0.04615198
v -0.01879064 -0.01877572 0.04344317
v -0.02561579 0.00004773 0.04674950
v -0.01879064 -0.02549567 0.04169386
v -0.01902871 -0.02339347 0.04038370
v -0.02856840 -0.01424166 0.04345049
v -0.02853217 -0.01417319 0.04454972
v -0.02739486 -0.01630329 0.04454972
v -0.02699635 -0.01704882 0.04454972
v -0.02647622 -0.01770560 0.04523574
v -0.02662113 -0.01696007 0.04562166
v -0.02619933 -0.01726944 0.04596900
v -0.02641929 -0.01653405 0.04621519
v -0.02583963 -0.01696007 0.04637156
v -0.02584999 -0.01594828 0.04658914
v -0.02696530 -0.01478940 0.04640483
v -0.02694977 -0.01374971 0.04661243
v -0.02578788 -0.01246912 0.04718134
v -0.02678804 -0.01043792 0.04718134
v -0.02466868 -0.01462711 0.04718134
v -0.02555757 0.00004773 0.04718134
v -0.02655514 -0.01781972 0.04235060
v -0.02440603 -0.01782225 0.04038370
v -0.02310699 -0.02200637 0.04179500
v -0.02706881 -0.01704882 0.04345049
v -0.02743109 -0.01637176 0.04345049
v -0.01879064 -0.01770814 0.04564628
v -0.01879064 -0.01751795 0.04612936
v -0.01879064 -0.01770307 0.04565826
v -0.01879064 -0.02557428 0.04182694
v -0.01888898 -0.02544749 0.04170517
v -0.02200720 -0.02310438 0.04179500
v -0.02023719 -0.02237660 0.04038370
v -0.02654997 -0.01781211 0.04454972
v -0.02612429 -0.01835985 0.04454972
v -0.02308758 -0.02198355 0.04501216
v -0.02545536 -0.01888984 0.04532556
v -0.02582799 -0.01812148 0.04564761
v -0.02516423 -0.01853735 0.04605882
v -0.02546571 -0.01780450 0.04630036
v -0.02477866 -0.01816205 0.04645074
v -0.02475020 -0.01704882 0.04669959
v -0.02456388 -0.01481730 0.04718134
v -0.01879064 -0.01729226 0.04718134
v -0.01879064 -0.01737595 0.04662374
v -0.02658749 -0.01786283 0.04345049
v -0.02611911 -0.01836999 0.04235060
v -0.02616569 -0.01841310 0.04345049
v -0.02339422 -0.01902677 0.04038370
v -0.02237983 -0.02023383 0.04038370
v -0.02136026 -0.02135720 0.04038370
v -0.02259332 -0.02259214 0.04235060
v -0.02313674 -0.02204187 0.04235060
v -0.01879064 -0.02577207 0.04235060
v -0.02204343 -0.02313481 0.04235060
v -0.02314192 -0.02204948 0.04427890
v -0.02557439 -0.01903438 0.04454972
v -0.02291032 -0.02154992 0.04575873
v -0.02338775 -0.02124816 0.04546530
v -0.02442285 -0.02006899 0.04540009
v -0.02512413 -0.01958465 0.04454972
v -0.02350420 -0.02154992 0.04460761
v -0.02256874 -0.02256679 0.04464553
v -0.02198391 -0.02308409 0.04501216
v -0.02231384 -0.02231067 0.04564961
v -0.02309922 -0.02089568 0.04619856
v -0.02206413 -0.02206216 0.04624181
v -0.02443061 -0.01898113 0.04632698
v -0.02229314 -0.01810626 0.04718134
v -0.02247170 -0.01788565 0.04718134
v -0.02232290 -0.02144849 0.04634827
v -0.02371381 -0.01930825 0.04648201
v -0.01879064 -0.02154231 0.04718134
v -0.02516553 -0.01963537 0.04345049
v -0.02262696 -0.02262511 0.04345049
v -0.02316392 -0.02207483 0.04345049
v -0.01879064 -0.02585829 0.04345049
v -0.02207707 -0.02316271 0.04345049
v -0.02205119 -0.02313988 0.04427890
v -0.02155046 -0.02290912 0.04575873
v -0.02155046 -0.02350251 0.04460694
v -0.01903648 -0.02557428 0.04454972
v -0.01879064 -0.02577461 0.04454972
v -0.01889027 -0.02545509 0.04532556
v -0.02007028 -0.02442048 0.04540009
v -0.02125028 -0.02338586 0.04546530
v -0.02145084 -0.02144849 0.04661775
v -0.02089835 -0.02309678 0.04619856
v -0.01898343 -0.02442808 0.04632698
v -0.02145084 -0.02232081 0.04634827
v -0.02125934 -0.01921442 0.04718134
v -0.01902354 -0.02142313 0.04718134
v -0.01879064 -0.02368509 0.04659979
v -0.01879064 -0.02503922 0.04595037
v -0.01879064 -0.02550328 0.04536748
v -0.01930948 -0.02371298 0.04648201
v -0.01921633 -0.02125830 0.04718134
v -0.02025530 -0.02025411 0.04718134
v -0.01971576 -0.02412125 0.04613335
v -0.01879064 -0.02451177 0.04635625
f 3012 3013 3014
f 3012 3014 3015
f 3012 3015 3016
f 3012 3016 3017
f 3012 3017 3027
f 3012 3027 3018
f 3012 3018 3020
f 3012 3020 3013
f 3013 3019 3014
f 3013 3020 3030
f 3013 3030 3021
f 3013 3021 3019
f 3014 3019 3022
f 3014 3022 3015
f 3015 3022 3016
f 3016 3023 3017
f 3016 3022 3024
f 3016 3024 3025
f 3016 3025 3023
f 3017 3023 3026
f 3017 3026 3038
f 3017 3038 3027
f 3018 3027 3038
f 3018 3038 3053
f 3018 3053 3078
f 3018 3078 3099
f 3018 3099 3121
f 3018 3121 3145
f 3018 3145 3127
f 3018 3127 3125
f 3018 3125 3106
f 3018 3106 3086
f 3018 3086 3061
f 3018 3061 3042
f 3018 3042 3030
f 3018 3030 3020
f 3019 3021 3028
f 3019 3028 3029
f 3019 3029 3022
f 3021 3030 3042
f 3021 3042 3031
f 3021 3031 3032
f 3021 3032 3033
f 3021 3033 3028
f 3022 3029 3034
f 3022 3034 3024
f 3023 3025 3024
f 3023 3024 3026
f 3024 3034 3035
f 3024 3035 3036
f 3024 3036 3026
f 3026 3037 3053
f 3026 3053 3038
f 3026 3036 3039
f 3026 3039 3037
f 3028 3040 3029
f 3028 3033 3040
f 3029 3040 3041
f 3029 3041 3034
f 3031 3042 3061
f 3031 3061 3087
f 3031 3087 3108
f 3031 3108 3129
f 3031 3129 3157
f 3031 3157 3175
f 3031 3175 3174
f 3031 3174 3173
f 3031 3173 3147
f 3031 3147 3124
f 3031 3124 3104
f 3031 3104 3083
f 3031 3083 3081
f 3031 3081 3057
f 3031 3057 3043
f 3031 3043 3033
f 3031 3033 3032
f 3033 3043 3040
f 3034 3041 3044
f 3034 3044 3045
f 3034 3045 3035
f 3035 3045 3046
f 3035 3046 3047
f 3035 3047 3036
f 3036 3048 3049
f 3036 3049 3039
f 3036 3047 3050
f 3036 3050 3048
f 3037 3051 3052
f 3037 3052 3078
f 3037 3078 3053
f 3037 3039 3054
f 3037 3054 3055
f 3037 3055 3056
f 3037 3056 3051
f 3039 3049 3054
f 3040 3043 3057
f 3040 3057 3058
f 3040 3058 3059
f 3040 3059 3060
f 3040 3060 3041
f 3041 3060 3044
f 3044 3060 3062
f 3044 3062 3045
f 3045 3062 3063
f 3045 3063 3064
f 3045 3064 3046
f 3046 3064 3065
f 3046 3065 3066
f 3046 3066 3067
f 3046 3067 3047
f 3047 3067 3068
f 3047 3068 3050
f 3048 3050 3069
f 3048 3069 3070
f 3048 3070 3071
f 3048 3071 3049
f 3049 3071 3072
f 3049 3072 3054
f 3050 3068 3073
f 3050 3073 3074
f 3050 3074 3069
f 3051 3056 3075
f 3051 3075 3076
f 3051 3076 3052
f 3052 3077 3099
f 3052 3099 3078
f 3052 3076 3079
f 3052 3079 3080
f 3052 3080 3077
f 3054 3072 3075
f 3054 3075 3055
f 3055 3075 3056
f 3057 3081 3058
f 3058 3082 3059
f 3058 3081 3083
f 3058 3083 3084
f 3058 3084 3082
f 3059 3082 3085
f 3059 3085 3060
f 3060 3085 3063
f 3060 3063 3062
f 3061 3086 3087
f 3063 3085 3064
f 3064 3085 3065
f 3065 3085 3066
f 3066 3085 3088
f 3066 3088 3089
f 3066 3089 3067
f 3067 3090 3091
f 3067 3091 3068
f 3067 3089 3090
f 3068 3091 3073
f 3069 3074 3092
f 3069 3092 3093
f 3069 3093 3070
f 3070 3093 3094
f 3070 3094 3071
f 3071 3094 3095
f 3071 3095 3096
f 3071 3096 3072
f 3072 3096 3097
f 3072 3097 3076
f 3072 3076 3075
f 3073 3091 3092
f 3073 3092 3074
f 3076 3097 3079
f 3077 3098 3121
f 3077 3121 3099
f 3077 3080 3097
f 3077 3097 3100
f 3077 3100 3101
f 3077 3101 3098
f 3079 3097 3080
f 3082 3102 3085
f 3082 3084 3103
f 3082 3103 3102
f 3083 3104 3105
f 3083 3105 3084
f 3084 3105 3103
f 3085 3102 3088
f 3086 3106 3087
f 3087 3107 3126
f 3087 3126 3151
f 3087 3151 3153
f 3087 3153 3152
f 3087 3152 3169
f 3087 3169 3168
f 3087 3168 3197
f 3087 3197 3217
f 3087 3217 3224
f 3087 3224 3218
f 3087 3218 3219
f 3087 3219 3207
f 3087 3207 3201
f 3087 3201 3178
f 3087 3178 3154
f 3087 3154 3128
f 3087 3128 3108
f 3087 3106 3107
f 3088 3102 3109
f 3088 3109 3110
f 3088 3110 3089
f 3089 3110 3111
f 3089 3111 3112
f 3089 3112 3113
f 3089 3113 3090
f 3090 3092 3091
f 3090 3113 3092
f 3092 3113 3114
f 3092 3114 3115
f 3092 3115 3116
f 3092 3116 3117
f 3092 3117 3093
f 3093 3117 3118
f 3093 3118 3094
f 3094 3118 3095
f 3095 3119 3096
f 3095 3118 3120
f 3095 3120 3119
f 3096 3119 3120
f 3096 3120 3143
f 3096 3143 3142
f 3096 3142 3144
f 3096 3144 3167
f 3096 3167 3194
f 3096 3194 3193
f 3096 3193 3215
f 3096 3215 3222
f 3096 3222 3221
f 3096 3221 3216
f 3096 3216 3197
f 3096 3197 3168
f 3096 3168 3145
f 3096 3145 3121
f 3096 3121 3098
f 3096 3098 3101
f 3096 3101 3100
f 3096 3100 3097
f 3102 3103 3109
f 3103 3105 3122
f 3103 3122 3123
f 3103 3123 3109
f 3104 3124 3122
f 3104 3122 3105
f 3106 3125 3107
f 3107 3125 3127
f 3107 3127 3126
f 3108 3128 3129
f 3109 3123 3130
f 3109 3130 3131
f 3109 3131 3110
f 3110 3131 3111
f 3111 3131 3132
f 3111 3132 3133
f 3111 3133 3134
f 3111 3134 3135
f 3111 3135 3112
f 3112 3135 3136
f 3112 3136 3137
f 3112 3137 3113
f 3113 3137 3114
f 3114 3137 3115
f 3115 3137 3138
f 3115 3138 3139
f 3115 3139 3140
f 3115 3140 3116
f 3116 3140 3117
f 3117 3140 3139
f 3117 3139 3141
f 3117 3141 3118
f 3118 3142 3143
f 3118 3143 3120
f 3118 3141 3144
f 3118 3144 3142
f 3122 3146 3123
f 3122 3124 3147
f 3122 3147 3148
f 3122 3148 3146
f 3123 3146 3149
f 3123 3149 3150
f 3123 3150 3130
f 3126 3127 3151
f 3127 3145 3152
f 3127 3152 3153
f 3127 3153 3151
f 3128 3154 3155
f 3128 3155 3129
f 3129 3155 3156
f 3129 3156 3157
f 3130 3150 3132
f 3130 3132 3131
f 3132 3150 3133
f 3133 3149 3158
f 3133 3158 3134
f 3133 3150 3149
f 3134 3158 3159
f 3134 3159 3160
f 3134 3160 3161
f 3134 3161 3162
f 3134 3162 3136
f 3134 3136 3135
f 3136 3162 3163
f 3136 3163 3164
f 3136 3164 3137
f 3137 3164 3138
f 3138 3164 3165
f 3138 3165 3139
f 3139 3165 3166
f 3139 3166 3167
f 3139 3167 3144
f 3139 3144 3141
f 3145 3168 3169
f 3145 3169 3152
f 3146 3170 3149
f 3146 3148 3171
f 3146 3171 3172
f 3146 3172 3170
f 3147 3173 3148
f 3148 3173 3174
f 3148 3174 3175
f 3148 3175 3156
f 3148 3156 3176
f 3148 3176 3177
f 3148 3177 3171
f 3149 3170 3158
f 3154 3178 3156
f 3154 3156 3155
f 3156 3178 3179
f 3156 3179 3176
f 3156 3175 3157
f 3158 3170 3172
f 3158 3172 3159
f 3159 3172 3180
f 3159 3180 3181
f 3159 3181 3160
f 3160 3182 3183
f 3160 3183 3184
f 3160 3184 3161
f 3160 3181 3185
f 3160 3185 3186
f 3160 3186 3180
f 3160 3180 3187
f 3160 3187 3188
f 3160 3188 3189
f 3160 3189 3182
f 3161 3184 3163
f 3161 3163 3162
f 3163 3184 3182
f 3163 3182 3190
f 3163 3190 3164
f 3164 3190 3191
f 3164 3191 3192
f 3164 3192 3165
f 3165 3193 3194
f 3165 3194 3166
f 3165 3192 3195
f 3165 3195 3196
f 3165 3196 3193
f 3166 3194 3167
f 3171 3177 3172
f 3172 3177 3198
f 3172 3198 3180
f 3176 3179 3199
f 3176 3199 3177
f 3177 3199 3200
f 3177 3200 3198
f 3178 3201 3179
f 3179 3202 3199
f 3179 3201 3202
f 3180 3200 3199
f 3180 3199 3203
f 3180 3203 3187
f 3180 3186 3185
f 3180 3185 3181
f 3180 3198 3200
f 3182 3189 3191
f 3182 3191 3190
f 3182 3184 3183
f 3187 3203 3188
f 3188 3204 3189
f 3188 3203 3205
f 3188 3205 3206
f 3188 3206 3207
f 3188 3207 3208
f 3188 3208 3209
f 3188 3209 3210
f 3188 3210 3204
f 3189 3204 3191
f 3191 3211 3195
f 3191 3195 3192
f 3191 3204 3212
f 3191 3212 3213
f 3191 3213 3214
f 3191 3214 3211
f 3193 3196 3211
f 3193 3211 3215
f 3195 3211 3196
f 3197 3216 3217
f 3199 3202 3203
f 3201 3207 3203
f 3201 3203 3202
f 3203 3207 3206
f 3203 3206 3205
f 3204 3210 3209
f 3204 3209 3218
f 3204 3218 3212
f 3207 3219 3208
f 3208 3219 3218
f 3208 3218 3209
f 3211 3214 3220
f 3211 3220 3216
f 3211 3216 3221
f 3211 3221 3222
f 3211 3222 3215
f 3212 3218 3223
f 3212 3223 3213
f 3213 3223 3218
f 3213 3218 3224
f 3213 3224 3214
f 3214 3224 3220
f 3216 3220 3217
f 3217 3220 3224

o part_27
v 0.00157710 0.00004773 0.04954834
v 0.00157710 -0.01821643 0.05060597
v 0.00157710 0.00004773 0.04718804
v -0.01827556 0.00004773 0.05060597
v 0.00157710 -0.02751145 0.05060597
v 0.00157710 -0.02547251 0.04718134
v -0.02555741 0.00004773 0.04718134
v -0.02759139 0.00004773 0.05060597
v 0.00136578 -0.02753374 0.05060597
v 0.00157710 -0.02834708 0.04718134
v -0.02840734 0.00004773 0.04718134
v -0.02759139 -0.00012497 0.05060597
v 0.00119261 -0.02755045 0.05060597
v 0.00054983 -0.02761173 0.05060597
v 0.00054983 -0.02840837 0.04718134
v -0.02840440 -0.00055114 0.04718134
v -0.02758846 -0.00055114 0.05060597
v -0.00055081 -0.02761173 0.05060597
v -0.00055081 -0.02840837 0.04718134
v -0.02826058 -0.00479059 0.04718134
v -0.02755911 -0.00087425 0.05060597
v -0.02824885 -0.00495214 0.04718134
v -0.02816960 -0.00588527 0.04718134
v -0.00136675 -0.02753374 0.05060597
v -0.00588379 -0.02817717 0.04718134
v -0.00495044 -0.02825238 0.04718134
v -0.00479195 -0.02826352 0.04718134
v -0.02745638 -0.00189373 0.05060597
v -0.02736540 -0.00275164 0.05060597
v -0.02741529 -0.00229762 0.05060597
v -0.02814025 -0.00603568 0.04718134
v -0.02710711 -0.00495214 0.05060597
v -0.02717755 -0.00439505 0.05060597
v -0.02724506 -0.00383518 0.05060597
v -0.00275209 -0.02739725 0.05060597
v -0.00327747 -0.02734433 0.05060597
v -0.00385567 -0.02728583 0.05060597
v -0.00439572 -0.02723012 0.05060597
v -0.00495044 -0.02716884 0.05060597
v -0.00603935 -0.02814653 0.04718134
v -0.02792012 -0.00687410 0.04718134
v -0.02686644 -0.00605239 0.05060597
v -0.02698971 -0.00549531 0.05060597
v -0.00549636 -0.02705464 0.05060597
v -0.00605109 -0.02693765 0.05060597
v -0.00688464 -0.02792370 0.04718134
v -0.02686057 -0.01025284 0.04718134
v -0.02586559 -0.00935036 0.05060597
v -0.00659407 -0.02677331 0.05060597
v -0.00714586 -0.02660618 0.05060597
v -0.00935008 -0.02593768 0.05060597
v -0.01025994 -0.02686244 0.04718134
v -0.02678719 -0.01043668 0.04718134
v -0.02549871 -0.01040883 0.05060597
v -0.00989600 -0.02575105 0.05060597
v -0.01045953 -0.02555329 0.05060597
v -0.01044192 -0.02679281 0.04718134
v -0.02578634 -0.01246727 0.04718134
v -0.02527858 -0.01095756 0.05060597
v -0.02539598 -0.01066509 0.05060597
v -0.01104067 -0.02531931 0.05060597
v -0.01247590 -0.02579005 0.04718134
v -0.02466809 -0.01462599 0.04718134
v -0.02497627 -0.01153972 0.05060597
v -0.01131949 -0.02517168 0.05060597
v -0.01463316 -0.02467030 0.04718134
v -0.02456243 -0.01481540 0.04718134
v -0.02301859 -0.01526107 0.05060597
v -0.02329742 -0.01474576 0.05060597
v -0.01157191 -0.02503798 0.05060597
v -0.01317151 -0.02418285 0.05060597
v -0.01477698 -0.02332215 0.05060597
v -0.01529648 -0.02303524 0.05060597
v -0.01481807 -0.02456724 0.04718134
v -0.02246974 -0.01788496 0.04718134
v -0.02250496 -0.01594350 0.05060597
v -0.01594806 -0.02253108 0.05060597
v -0.01788519 -0.02246980 0.04718134
v -0.02229070 -0.01810779 0.04718134
v -0.02202948 -0.01653680 0.05060597
v -0.01654975 -0.02204084 0.05060597
v -0.01810826 -0.02229432 0.04718134
v -0.02125756 -0.01921362 0.04718134
v -0.01953469 -0.01952280 0.05060597
v -0.02003071 -0.01897407 0.05060597
v -0.02062066 -0.01826099 0.05060597
v -0.01832252 -0.02059241 0.05060597
v -0.01864831 -0.02032222 0.05060597
v -0.01898290 -0.02004368 0.05060597
v -0.01921477 -0.02125813 0.04718134
v -0.02025378 -0.02025259 0.04718134
f 3225 3226 3229
f 3225 3229 3234
f 3225 3234 3230
f 3225 3230 3227
f 3225 3227 3231
f 3225 3231 3235
f 3225 3235 3232
f 3225 3232 3228
f 3225 3228 3226
f 3226 3228 3232
f 3226 3232 3236
f 3226 3236 3241
f 3226 3241 3245
f 3226 3245 3252
f 3226 3252 3254
f 3226 3254 3253
f 3226 3253 3258
f 3226 3258 3257
f 3226 3257 3256
f 3226 3256 3267
f 3226 3267 3266
f 3226 3266 3272
f 3226 3272 3278
f 3226 3278 3284
f 3226 3284 3283
f 3226 3283 3288
f 3226 3288 3293
f 3226 3293 3292
f 3226 3292 3300
f 3226 3300 3304
f 3226 3304 3310
f 3226 3310 3309
f 3226 3309 3308
f 3226 3308 3313
f 3226 3313 3312
f 3226 3312 3311
f 3226 3311 3305
f 3226 3305 3301
f 3226 3301 3297
f 3226 3297 3296
f 3226 3296 3295
f 3226 3295 3294
f 3226 3294 3289
f 3226 3289 3285
f 3226 3285 3280
f 3226 3280 3279
f 3226 3279 3275
f 3226 3275 3274
f 3226 3274 3273
f 3226 3273 3269
f 3226 3269 3268
f 3226 3268 3263
f 3226 3263 3262
f 3226 3262 3261
f 3226 3261 3260
f 3226 3260 3259
f 3226 3259 3248
f 3226 3248 3242
f 3226 3242 3238
f 3226 3238 3237
f 3226 3237 3233
f 3226 3233 3229
f 3227 3230 3231
f 3229 3233 3234
f 3230 3234 3239
f 3230 3239 3243
f 3230 3243 3251
f 3230 3251 3250
f 3230 3250 3249
f 3230 3249 3264
f 3230 3264 3270
f 3230 3270 3276
f 3230 3276 3281
f 3230 3281 3286
f 3230 3286 3290
f 3230 3290 3298
f 3230 3298 3302
f 3230 3302 3306
f 3230 3306 3314
f 3230 3314 3315
f 3230 3315 3307
f 3230 3307 3303
f 3230 3303 3299
f 3230 3299 3291
f 3230 3291 3287
f 3230 3287 3282
f 3230 3282 3277
f 3230 3277 3271
f 3230 3271 3265
f 3230 3265 3255
f 3230 3255 3247
f 3230 3247 3246
f 3230 3246 3244
f 3230 3244 3240
f 3230 3240 3235
f 3230 3235 3231
f 3232 3235 3236
f 3233 3237 3234
f 3234 3237 3238
f 3234 3238 3239
f 3235 3240 3236
f 3236 3240 3241
f 3238 3242 3243
f 3238 3243 3239
f 3240 3244 3241
f 3241 3244 3246
f 3241 3246 3247
f 3241 3247 3245
f 3242 3248 3249
f 3242 3249 3250
f 3242 3250 3251
f 3242 3251 3243
f 3245 3247 3252
f 3247 3253 3254
f 3247 3254 3252
f 3247 3255 3256
f 3247 3256 3257
f 3247 3257 3258
f 3247 3258 3253
f 3248 3259 3249
f 3249 3259 3260
f 3249 3260 3261
f 3249 3261 3262
f 3249 3262 3263
f 3249 3263 3264
f 3255 3265 3266
f 3255 3266 3267
f 3255 3267 3256
f 3263 3268 3264
f 3264 3268 3269
f 3264 3269 3270
f 3265 3271 3272
f 3265 3272 3266
f 3269 3273 3270
f 3270 3273 3274
f 3270 3274 3275
f 3270 3275 3276
f 3271 3277 3278
f 3271 3278 3272
f 3275 3279 3276
f 3276 3279 3280
f 3276 3280 3281
f 3277 3282 3283
f 3277 3283 3284
f 3277 3284 3278
f 3280 3285 3281
f 3281 3285 3286
f 3282 3287 3283
f 3283 3287 3288
f 3285 3289 3290
f 3285 3290 3286
f 3287 3291 3292
f 3287 3292 3293
f 3287 3293 3288
f 3289 3294 3290
f 3290 3295 3296
f 3290 3296 3297
f 3290 3297 3298
f 3290 3294 3295
f 3291 3299 3292
f 3292 3299 3300
f 3297 3301 3302
f 3297 3302 3298
f 3299 3303 3304
f 3299 3304 3300
f 3301 3305 3306
f 3301 3306 3302
f 3303 3307 3308
f 3303 3308 3309
f 3303 3309 3310
f 3303 3310 3304
f 3305 3311 3306
f 3306 3311 3312
f 3306 3312 3313
f 3306 3313 3314
f 3307 3315 3308
f 3308 3315 3314
f 3308 3314 3313

o part_28
v -0.01546689 -0.01023417 -0.04674682
v -0.01872115 -0.01023417 -0.04674682
v -0.01853818 0.00000135 -0.04674682
v -0.02426304 0.00000436 0.00931472
v -0.02443680 0.00000436 0.01099537
v -0.02449664 0.00000436 0.01154987
v -0.02222971 -0.01023417 0.01164705
v -0.01880170 -0.01008384 -0.04674682
v -0.01874991 -0.01023417 -0.04649529
v -0.02136206 0.00000436 -0.04674682
v -0.01859917 0.00000436 -0.04628950
v -0.02450815 0.00000436 0.01164705
v -0.02522620 -0.01023417 0.01164705
v -0.01919410 -0.00934922 -0.04674682
v -0.01886269 -0.01020210 -0.04564925
v -0.01931837 -0.00934922 -0.04564925
v -0.01934254 -0.01023417 -0.04124756
v -0.02138278 0.00000436 -0.04674682
v -0.02722271 0.00000436 0.01164705
v -0.02527683 -0.01011391 0.01164705
v -0.02422162 -0.00994754 0.00087720
v -0.02428030 -0.01023417 0.00274649
v -0.01979938 -0.00879801 -0.04399147
v -0.01976831 -0.00872686 -0.04454597
v -0.01970617 -0.00858554 -0.04564925
v -0.01964403 -0.00844524 -0.04674682
v -0.02001686 -0.00920391 -0.04015000
v -0.02033562 -0.01023417 -0.03244990
v -0.02201337 0.00000436 -0.04083026
v -0.02138278 -0.00055086 -0.04674682
v -0.02721235 -0.00055086 0.01154987
v -0.02722156 -0.00055086 0.01164705
v -0.02641260 0.00000436 0.00316379
v -0.02641260 -0.00014096 0.00316379
v -0.02537810 -0.00983529 0.01164705
v -0.02529870 -0.00989643 0.01100680
v -0.02312613 -0.00995055 -0.00904662
v -0.02411575 -0.01023417 0.00122590
v -0.02419745 -0.01023417 0.00197476
v -0.02418249 -0.00984832 0.00014549
v -0.02090522 -0.00880904 -0.03414198
v -0.01988108 -0.00789302 -0.04674682
v -0.02083158 -0.00977015 -0.03024905
v -0.02207206 -0.01023417 -0.01705541
v -0.02201337 -0.00014096 -0.04083026
v -0.02127691 -0.00165028 -0.04674682
v -0.02589247 -0.00055086 -0.00165521
v -0.02711569 -0.00165028 0.01164705
v -0.02666231 -0.00055086 0.00604490
v -0.02637808 -0.00087457 0.00351250
v -0.02550468 -0.00943942 0.01164705
v -0.02526993 -0.00980122 0.01044659
v -0.02294891 -0.01023417 -0.00927528
v -0.02310081 -0.01023417 -0.00792619
v -0.02320207 -0.01023417 -0.00701727
v -0.02327457 -0.01023417 -0.00636559
v -0.02198921 -0.00876694 -0.02410383
v -0.02012618 -0.00714938 -0.04674682
v -0.02116874 -0.00275070 -0.04674682
v -0.02531481 -0.00125240 -0.00675431
v -0.02700752 -0.00275070 0.01164705
v -0.02586600 -0.00824981 0.01164705
v -0.02421932 -0.00886416 -0.00239263
v -0.02024126 -0.00714938 -0.04564925
v -0.02093169 -0.00449755 -0.04674682
v -0.02103756 -0.00385012 -0.04674682
v -0.02197655 -0.00418787 -0.03717743
v -0.02307894 -0.00419688 -0.02619606
v -0.02417904 -0.00419688 -0.01520327
v -0.02446902 -0.00385012 -0.01265372
v -0.02689935 -0.00385012 0.01164705
v -0.02641605 -0.00346427 0.00643362
v -0.02651271 -0.00611511 0.01164705
v -0.02622848 -0.00704816 0.01162990
v -0.02640109 -0.00550376 0.00878309
v -0.02114688 -0.00604996 -0.04015000
v -0.02057497 -0.00604996 -0.04564925
v -0.02201452 -0.00445145 -0.03644572
v -0.02311577 -0.00446548 -0.02546435
v -0.02677162 -0.00495054 0.01164705
v -0.02641605 -0.00451759 0.00753118
v -0.02527913 -0.00419688 -0.00420476
v -0.02637923 -0.00419688 0.00679947
v -0.02651961 -0.00609206 0.01164705
v -0.02648625 -0.00578839 0.01044659
v -0.02652422 -0.00607201 0.01164705
f 3316 3317 3323
f 3316 3323 3329
f 3316 3329 3341
f 3316 3341 3357
f 3316 3357 3373
f 3316 3373 3380
f 3316 3380 3381
f 3316 3381 3374
f 3316 3374 3361
f 3316 3361 3345
f 3316 3345 3333
f 3316 3333 3325
f 3316 3325 3318
f 3316 3318 3319
f 3316 3319 3320
f 3316 3320 3321
f 3316 3321 3322
f 3316 3322 3328
f 3316 3328 3337
f 3316 3337 3354
f 3316 3354 3353
f 3316 3353 3371
f 3316 3371 3370
f 3316 3370 3369
f 3316 3369 3368
f 3316 3368 3359
f 3316 3359 3343
f 3316 3343 3332
f 3316 3332 3324
f 3316 3324 3317
f 3317 3324 3323
f 3318 3325 3326
f 3318 3326 3319
f 3319 3326 3325
f 3319 3325 3333
f 3319 3333 3344
f 3319 3344 3348
f 3319 3348 3334
f 3319 3334 3327
f 3319 3327 3321
f 3319 3321 3320
f 3321 3327 3322
f 3322 3327 3334
f 3322 3334 3347
f 3322 3347 3363
f 3322 3363 3376
f 3322 3376 3386
f 3322 3386 3395
f 3322 3395 3401
f 3322 3401 3399
f 3322 3399 3388
f 3322 3388 3377
f 3322 3377 3366
f 3322 3366 3350
f 3322 3350 3335
f 3322 3335 3328
f 3323 3324 3329
f 3324 3330 3331
f 3324 3331 3329
f 3324 3332 3330
f 3328 3335 3336
f 3328 3336 3337
f 3329 3331 3338
f 3329 3338 3339
f 3329 3339 3340
f 3329 3340 3341
f 3330 3332 3331
f 3331 3332 3342
f 3331 3342 3338
f 3332 3343 3342
f 3333 3345 3360
f 3333 3360 3344
f 3334 3346 3347
f 3334 3348 3349
f 3334 3349 3346
f 3335 3350 3351
f 3335 3351 3336
f 3336 3352 3353
f 3336 3353 3354
f 3336 3354 3337
f 3336 3351 3355
f 3336 3355 3356
f 3336 3356 3352
f 3338 3342 3356
f 3338 3356 3339
f 3339 3356 3340
f 3340 3356 3341
f 3341 3356 3357
f 3342 3343 3358
f 3342 3358 3356
f 3343 3359 3358
f 3344 3360 3349
f 3344 3349 3348
f 3345 3361 3362
f 3345 3362 3360
f 3346 3363 3347
f 3346 3349 3364
f 3346 3364 3365
f 3346 3365 3363
f 3349 3362 3364
f 3349 3360 3362
f 3350 3366 3351
f 3351 3366 3367
f 3351 3367 3355
f 3352 3359 3368
f 3352 3368 3369
f 3352 3369 3370
f 3352 3370 3371
f 3352 3371 3353
f 3352 3356 3359
f 3355 3367 3372
f 3355 3372 3356
f 3356 3372 3357
f 3356 3358 3359
f 3357 3372 3373
f 3361 3374 3376
f 3361 3376 3363
f 3361 3363 3375
f 3361 3375 3365
f 3361 3365 3362
f 3362 3365 3364
f 3363 3365 3375
f 3366 3377 3378
f 3366 3378 3367
f 3367 3378 3379
f 3367 3379 3372
f 3372 3379 3373
f 3373 3379 3380
f 3374 3381 3382
f 3374 3382 3383
f 3374 3383 3384
f 3374 3384 3385
f 3374 3385 3386
f 3374 3386 3387
f 3374 3387 3376
f 3376 3387 3386
f 3377 3388 3389
f 3377 3389 3390
f 3377 3390 3391
f 3377 3391 3392
f 3377 3392 3379
f 3377 3379 3378
f 3379 3392 3380
f 3380 3393 3381
f 3380 3392 3391
f 3380 3391 3390
f 3380 3390 3393
f 3381 3393 3382
f 3382 3393 3383
f 3383 3393 3394
f 3383 3394 3395
f 3383 3395 3396
f 3383 3396 3384
f 3384 3396 3397
f 3384 3397 3385
f 3385 3397 3386
f 3386 3398 3396
f 3386 3396 3395
f 3386 3397 3398
f 3388 3399 3390
f 3388 3390 3389
f 3390 3399 3400
f 3390 3400 3395
f 3390 3395 3394
f 3390 3394 3393
f 3395 3400 3401
f 3396 3398 3397
f 3399 3401 3400

o part_29
v 0.01516858 -0.00775740 -0.05161571
v 0.01516858 -0.01435353 -0.05161571
v 0.01516858 -0.00965840 -0.05519142
v -0.00000437 -0.01828439 -0.05530234
v -0.00000437 -0.01788228 -0.05444980
v -0.00000437 -0.01686155 -0.05161571
v 0.01516858 -0.01426717 -0.05225032
v 0.01476758 -0.01476852 -0.05161571
v 0.01472747 -0.01472728 -0.05225032
v 0.01458489 -0.01458551 -0.05444980
v 0.01516858 -0.01046906 -0.05538396
v -0.00000437 -0.01924971 -0.05560500
v -0.00000437 -0.01876254 -0.05545230
v -0.00000437 -0.02092258 -0.05161571
v 0.01516858 -0.01410736 -0.05335006
v 0.01420022 -0.01531884 -0.05161571
v 0.01415121 -0.01527760 -0.05225032
v 0.01406507 -0.01520672 -0.05335006
v 0.01397744 -0.01513583 -0.05444980
v 0.01446608 -0.01446694 -0.05515628
v 0.01513591 -0.01397977 -0.05444980
v 0.01516858 -0.01155037 -0.05552650
v 0.01484926 -0.01155037 -0.05554291
v 0.00605085 -0.01814907 -0.05560500
v 0.00055110 -0.01924971 -0.05560500
v -0.00000437 -0.02015316 -0.05530234
v 0.01374872 -0.01375036 -0.05557103
v 0.00026000 -0.02092258 -0.05161571
v -0.00000437 -0.02092000 -0.05169030
v 0.01516858 -0.01401844 -0.05394758
v 0.01388387 -0.01557918 -0.05161571
v 0.01298086 -0.01632025 -0.05161571
v 0.01220855 -0.01658832 -0.05444980
v 0.01275808 -0.01613724 -0.05444980
v 0.01214320 -0.01653548 -0.05504341
v 0.01332246 -0.01550056 -0.05510863
v 0.01371307 -0.01483941 -0.05528007
v 0.01483887 -0.01371428 -0.05528007
v 0.01516858 -0.01352095 -0.05519494
v 0.01516858 -0.01393982 -0.05444980
v 0.01516858 -0.01262523 -0.05543707
v 0.01484926 -0.01265101 -0.05553510
v 0.00715140 -0.01814907 -0.05557025
v 0.00275070 -0.01924971 -0.05558704
v 0.00165016 -0.01924971 -0.05560305
v 0.01044857 -0.01594907 -0.05558782
v 0.00055110 -0.02015316 -0.05530234
v -0.00000437 -0.02058620 -0.05444980
v 0.01264966 -0.01484972 -0.05553510
v 0.00934951 -0.01704971 -0.05555774
v 0.00014118 -0.02091227 -0.05183441
v 0.00052437 -0.02089810 -0.05161571
v -0.00000437 -0.02091227 -0.05183441
v 0.01266303 -0.01658059 -0.05161571
v 0.01238083 -0.01673009 -0.05225032
v 0.01168724 -0.01732165 -0.05161571
v 0.01154912 -0.01704842 -0.05444980
v 0.01154912 -0.01673524 -0.05518362
v 0.01256500 -0.01590009 -0.05521212
v 0.01085255 -0.01750982 -0.05444980
v 0.01012925 -0.01772247 -0.05513870
v 0.01154912 -0.01594907 -0.05548628
v 0.00830541 -0.01822124 -0.05533514
v 0.00715140 -0.01897390 -0.05526797
v 0.00385125 -0.01924971 -0.05553275
v 0.00934951 -0.01791966 -0.05525508
v 0.00275070 -0.02007068 -0.05528438
v 0.00165016 -0.02011579 -0.05530077
v 0.00055110 -0.02058620 -0.05444980
v 0.01047679 -0.01710642 -0.05532499
v 0.00055110 -0.02072153 -0.05335006
v 0.00052437 -0.02083752 -0.05222064
v 0.00081101 -0.02087103 -0.05161571
v 0.01242985 -0.01677133 -0.05161571
v 0.01113623 -0.01768123 -0.05161571
v 0.01107682 -0.01764514 -0.05225032
v 0.01101592 -0.01760906 -0.05288650
v 0.01094018 -0.01756781 -0.05361953
v 0.01144961 -0.01726881 -0.05329187
v 0.01030302 -0.01781526 -0.05444980
v 0.00872275 -0.01864783 -0.05444980
v 0.00797569 -0.01883342 -0.05515549
v 0.00473347 -0.01990056 -0.05512738
v 0.00385125 -0.01999722 -0.05523048
v 0.00165016 -0.02049599 -0.05444980
v 0.00275070 -0.02039675 -0.05444980
v 0.00165016 -0.02072539 -0.05225032
v 0.00163976 -0.02078983 -0.05161571
v 0.01044857 -0.01805627 -0.05161571
v 0.01005053 -0.01827021 -0.05161571
v 0.00902277 -0.01881925 -0.05161571
v 0.00895593 -0.01878316 -0.05225032
v 0.00886533 -0.01873418 -0.05311028
v 0.00878662 -0.01869294 -0.05384331
v 0.00817174 -0.01892879 -0.05444980
v 0.00715140 -0.01931544 -0.05444980
v 0.00546568 -0.01978199 -0.05489852
v 0.00385125 -0.02025111 -0.05444980
v 0.00385125 -0.02047537 -0.05225032
v 0.00385125 -0.02053980 -0.05161571
v 0.00275070 -0.02061713 -0.05225032
v 0.00275070 -0.02068029 -0.05161571
v 0.00824897 -0.01919558 -0.05161571
v 0.00778410 -0.01937601 -0.05161571
v 0.00715140 -0.01943916 -0.05335006
v 0.00503942 -0.01995984 -0.05449901
v 0.00495031 -0.02010677 -0.05335006
v 0.00495031 -0.02028720 -0.05161571
v 0.00448544 -0.02039417 -0.05161571
v 0.00712021 -0.01962862 -0.05161571
v 0.00715140 -0.01955258 -0.05225032
v 0.00685881 -0.01970852 -0.05161571
v 0.00559192 -0.01982709 -0.05416549
v 0.00605976 -0.01995082 -0.05161571
f 3402 3403 3408
f 3402 3408 3416
f 3402 3416 3431
f 3402 3431 3441
f 3402 3441 3440
f 3402 3440 3442
f 3402 3442 3423
f 3402 3423 3412
f 3402 3412 3404
f 3402 3404 3405
f 3402 3405 3406
f 3402 3406 3407
f 3402 3407 3415
f 3402 3415 3429
f 3402 3429 3453
f 3402 3453 3474
f 3402 3474 3489
f 3402 3489 3503
f 3402 3503 3501
f 3402 3501 3510
f 3402 3510 3509
f 3402 3509 3515
f 3402 3515 3513
f 3402 3513 3511
f 3402 3511 3505
f 3402 3505 3504
f 3402 3504 3492
f 3402 3492 3491
f 3402 3491 3490
f 3402 3490 3476
f 3402 3476 3457
f 3402 3457 3475
f 3402 3475 3455
f 3402 3455 3433
f 3402 3433 3432
f 3402 3432 3417
f 3402 3417 3409
f 3402 3409 3403
f 3403 3409 3410
f 3403 3410 3411
f 3403 3411 3408
f 3404 3412 3413
f 3404 3413 3414
f 3404 3414 3405
f 3405 3414 3413
f 3405 3413 3427
f 3405 3427 3449
f 3405 3449 3454
f 3405 3454 3430
f 3405 3430 3415
f 3405 3415 3407
f 3405 3407 3406
f 3408 3411 3416
f 3409 3417 3410
f 3410 3417 3411
f 3411 3417 3418
f 3411 3418 3419
f 3411 3419 3420
f 3411 3420 3421
f 3411 3421 3422
f 3411 3422 3416
f 3412 3423 3424
f 3412 3424 3413
f 3413 3425 3426
f 3413 3426 3448
f 3413 3448 3427
f 3413 3424 3428
f 3413 3428 3425
f 3415 3430 3429
f 3416 3422 3431
f 3417 3432 3418
f 3418 3432 3419
f 3419 3432 3433
f 3419 3433 3434
f 3419 3434 3435
f 3419 3435 3420
f 3420 3435 3436
f 3420 3436 3437
f 3420 3437 3421
f 3421 3438 3439
f 3421 3439 3440
f 3421 3440 3441
f 3421 3441 3422
f 3421 3437 3438
f 3422 3441 3431
f 3423 3442 3443
f 3423 3443 3424
f 3424 3443 3428
f 3425 3444 3445
f 3425 3445 3446
f 3425 3446 3426
f 3425 3428 3447
f 3425 3447 3444
f 3426 3446 3448
f 3427 3448 3470
f 3427 3470 3449
f 3428 3443 3439
f 3428 3439 3438
f 3428 3438 3450
f 3428 3450 3451
f 3428 3451 3447
f 3429 3452 3453
f 3429 3430 3452
f 3430 3454 3452
f 3433 3455 3434
f 3434 3436 3435
f 3434 3455 3456
f 3434 3456 3457
f 3434 3457 3458
f 3434 3458 3436
f 3436 3459 3460
f 3436 3460 3437
f 3436 3458 3461
f 3436 3461 3462
f 3436 3462 3459
f 3437 3460 3438
f 3438 3460 3463
f 3438 3463 3450
f 3439 3443 3442
f 3439 3442 3440
f 3444 3464 3465
f 3444 3465 3466
f 3444 3466 3445
f 3444 3447 3451
f 3444 3451 3467
f 3444 3467 3464
f 3445 3466 3468
f 3445 3468 3469
f 3445 3469 3446
f 3446 3469 3448
f 3448 3469 3470
f 3449 3470 3452
f 3449 3452 3454
f 3450 3463 3451
f 3451 3463 3471
f 3451 3471 3467
f 3452 3470 3472
f 3452 3472 3473
f 3452 3473 3453
f 3453 3473 3474
f 3455 3475 3456
f 3456 3475 3457
f 3457 3476 3477
f 3457 3477 3478
f 3457 3478 3479
f 3457 3479 3480
f 3457 3480 3458
f 3458 3480 3479
f 3458 3479 3461
f 3459 3463 3460
f 3459 3462 3471
f 3459 3471 3463
f 3461 3479 3481
f 3461 3481 3462
f 3462 3467 3471
f 3462 3481 3482
f 3462 3482 3483
f 3462 3483 3467
f 3464 3467 3465
f 3465 3467 3483
f 3465 3483 3484
f 3465 3484 3485
f 3465 3485 3466
f 3466 3485 3468
f 3468 3485 3486
f 3468 3486 3470
f 3468 3470 3469
f 3470 3486 3472
f 3472 3486 3487
f 3472 3487 3474
f 3472 3474 3473
f 3474 3487 3488
f 3474 3488 3489
f 3476 3490 3477
f 3477 3490 3478
f 3478 3490 3479
f 3479 3490 3491
f 3479 3491 3481
f 3481 3491 3492
f 3481 3492 3493
f 3481 3493 3494
f 3481 3494 3495
f 3481 3495 3482
f 3482 3495 3496
f 3482 3496 3483
f 3483 3496 3497
f 3483 3497 3498
f 3483 3498 3484
f 3484 3498 3499
f 3484 3499 3485
f 3485 3499 3487
f 3485 3487 3486
f 3487 3499 3500
f 3487 3500 3501
f 3487 3501 3502
f 3487 3502 3488
f 3488 3502 3489
f 3489 3502 3503
f 3492 3504 3496
f 3492 3496 3493
f 3493 3496 3494
f 3494 3496 3495
f 3496 3505 3506
f 3496 3506 3497
f 3496 3504 3505
f 3497 3506 3507
f 3497 3507 3498
f 3498 3507 3499
f 3499 3507 3508
f 3499 3508 3509
f 3499 3509 3510
f 3499 3510 3500
f 3500 3510 3501
f 3501 3503 3502
f 3505 3511 3512
f 3505 3512 3506
f 3506 3512 3511
f 3506 3511 3513
f 3506 3513 3508
f 3506 3508 3514
f 3506 3514 3507
f 3507 3514 3508
f 3508 3513 3515
f 3508 3515 3509

o part_30
v -0.00000585 0.02092193 -0.05162956
v -0.00000585 0.02092066 -0.05168094
v -0.00025230 0.02092193 -0.05162956
v -0.00000585 0.01689138 -0.05162956
v -0.00000585 0.02091302 -0.05183427
v -0.00014095 0.02091302 -0.05183427
v -0.00052546 0.02089647 -0.05162956
v -0.00000585 0.01788311 -0.05444993
v -0.01516960 0.00791748 -0.05162956
v -0.00000585 0.02058584 -0.05444993
v -0.00055070 0.02058584 -0.05444993
v -0.00055070 0.02072206 -0.05335011
v -0.00052546 0.02083791 -0.05222072
v -0.00080457 0.02086974 -0.05162956
v -0.00000585 0.01828413 -0.05530222
v -0.01516960 0.01435033 -0.05162956
v -0.01516960 0.00965141 -0.05519053
v -0.00000585 0.02015300 -0.05530222
v -0.00055070 0.02015300 -0.05530222
v -0.00165079 0.02011608 -0.05530066
v -0.00275089 0.02007025 -0.05528432
v -0.00165079 0.02049546 -0.05444993
v -0.00275089 0.02039615 -0.05444993
v -0.00165079 0.02061512 -0.05335011
v -0.00164040 0.02078826 -0.05162956
v -0.00000585 0.01924912 -0.05560500
v -0.01516960 0.01426376 -0.05225030
v -0.01476727 0.01476790 -0.05162956
v -0.01458615 0.01458585 -0.05444993
v -0.01516960 0.01046872 -0.05538473
v -0.00000585 0.01970488 -0.05545245
v -0.00055070 0.01924912 -0.05560500
v -0.00165079 0.01924912 -0.05560305
v -0.00275089 0.01924912 -0.05558671
v -0.00385098 0.01924912 -0.05553300
v -0.00385098 0.01999641 -0.05523023
v -0.00385098 0.02025102 -0.05444993
v -0.00385098 0.02053874 -0.05162956
v -0.00275089 0.02050691 -0.05335011
v -0.00275089 0.02067878 -0.05162956
v -0.00605116 0.01814918 -0.05560500
v -0.01484893 0.01155084 -0.05554273
v -0.01374883 0.01375071 -0.05557114
v -0.01516960 0.01410462 -0.05335011
v -0.01419867 0.01531786 -0.05162956
v -0.01406506 0.01520711 -0.05335011
v -0.01397747 0.01513581 -0.05444993
v -0.01446590 0.01446618 -0.05515628
v -0.01513546 0.01397986 -0.05444993
v -0.01516960 0.01155084 -0.05552639
v -0.00715125 0.01814918 -0.05557036
v -0.00715125 0.01897413 -0.05526797
v -0.00473283 0.01989966 -0.05512709
v -0.00546623 0.01978253 -0.05489942
v -0.00504015 0.01995949 -0.05449935
v -0.00495107 0.02010589 -0.05335011
v -0.00495107 0.02028540 -0.05162956
v -0.00447154 0.02039615 -0.05162956
v -0.00337145 0.02059985 -0.05162956
v -0.01044856 0.01594931 -0.05558788
v -0.01484893 0.01265077 -0.05553495
v -0.01484002 0.01371506 -0.05528004
v -0.01371320 0.01483919 -0.05528004
v -0.01264874 0.01484937 -0.05553495
v -0.00934995 0.01704924 -0.05555791
v -0.01516960 0.01402187 -0.05390897
v -0.01297981 0.01631850 -0.05162956
v -0.01342816 0.01558776 -0.05444993
v -0.01293082 0.01627903 -0.05225030
v -0.01275860 0.01613772 -0.05444993
v -0.01214249 0.01653492 -0.05504342
v -0.01332275 0.01550119 -0.05510841
v -0.01516960 0.01351901 -0.05519403
v -0.01516960 0.01393658 -0.05444993
v -0.01516960 0.01262531 -0.05543649
v -0.00830479 0.01822175 -0.05533530
v -0.00934995 0.01791875 -0.05525513
v -0.00797521 0.01883282 -0.05515550
v -0.00715125 0.01931532 -0.05444993
v -0.00559242 0.01982709 -0.05416582
v -0.00605710 0.01995058 -0.05162956
v -0.01256561 0.01590093 -0.05521232
v -0.01154865 0.01594931 -0.05548630
v -0.01047677 0.01710653 -0.05532518
v -0.01266953 0.01657311 -0.05162956
v -0.01242902 0.01677044 -0.05162956
v -0.01229392 0.01665968 -0.05335011
v -0.01220782 0.01658839 -0.05444993
v -0.01154865 0.01704797 -0.05444993
v -0.01085237 0.01750882 -0.05444993
v -0.01012937 0.01772270 -0.05513877
v -0.01154865 0.01673479 -0.05518391
v -0.00872197 0.01864695 -0.05444993
v -0.00817266 0.01892830 -0.05444993
v -0.00715125 0.01943880 -0.05335011
v -0.00657671 0.01979272 -0.05163034
v -0.00712156 0.01962722 -0.05162956
v -0.01168524 0.01732041 -0.05162956
v -0.01144918 0.01726821 -0.05329212
v -0.01093996 0.01756738 -0.05361981
v -0.01030307 0.01781436 -0.05444993
v -0.00878729 0.01869278 -0.05384398
v -0.00777033 0.01938024 -0.05162956
v -0.00886449 0.01873479 -0.05311116
v -0.00824986 0.01919437 -0.05162956
v -0.00715125 0.01955338 -0.05225030
v -0.01113593 0.01768069 -0.05162956
v -0.01101568 0.01760940 -0.05288660
v -0.01052427 0.01782709 -0.05329212
v -0.01044856 0.01805497 -0.05162956
v -0.00926088 0.01869024 -0.05162956
v -0.00902185 0.01881754 -0.05162956
f 3516 3517 3518
f 3516 3518 3522
f 3516 3522 3529
f 3516 3529 3540
f 3516 3540 3555
f 3516 3555 3574
f 3516 3574 3553
f 3516 3553 3573
f 3516 3573 3572
f 3516 3572 3596
f 3516 3596 3612
f 3516 3612 3618
f 3516 3618 3620
f 3516 3620 3627
f 3516 3627 3626
f 3516 3626 3625
f 3516 3625 3622
f 3516 3622 3613
f 3516 3613 3601
f 3516 3601 3600
f 3516 3600 3582
f 3516 3582 3560
f 3516 3560 3543
f 3516 3543 3531
f 3516 3531 3524
f 3516 3524 3519
f 3516 3519 3523
f 3516 3523 3530
f 3516 3530 3541
f 3516 3541 3546
f 3516 3546 3533
f 3516 3533 3525
f 3516 3525 3520
f 3516 3520 3517
f 3517 3520 3521
f 3517 3521 3518
f 3518 3521 3522
f 3519 3524 3523
f 3520 3525 3526
f 3520 3526 3521
f 3521 3526 3527
f 3521 3527 3528
f 3521 3528 3522
f 3522 3528 3529
f 3523 3524 3530
f 3524 3531 3542
f 3524 3542 3559
f 3524 3559 3581
f 3524 3581 3589
f 3524 3589 3588
f 3524 3588 3590
f 3524 3590 3565
f 3524 3565 3545
f 3524 3545 3532
f 3524 3532 3530
f 3525 3533 3534
f 3525 3534 3526
f 3526 3534 3535
f 3526 3535 3536
f 3526 3536 3537
f 3526 3537 3527
f 3527 3537 3538
f 3527 3538 3539
f 3527 3539 3528
f 3528 3539 3540
f 3528 3540 3529
f 3530 3532 3541
f 3531 3543 3544
f 3531 3544 3542
f 3532 3545 3541
f 3533 3546 3534
f 3534 3547 3548
f 3534 3548 3535
f 3534 3546 3547
f 3535 3548 3549
f 3535 3549 3536
f 3536 3549 3550
f 3536 3550 3551
f 3536 3551 3537
f 3537 3551 3538
f 3538 3551 3552
f 3538 3552 3553
f 3538 3553 3554
f 3538 3554 3539
f 3539 3554 3540
f 3540 3554 3555
f 3541 3556 3547
f 3541 3547 3546
f 3541 3545 3557
f 3541 3557 3558
f 3541 3558 3556
f 3542 3544 3559
f 3543 3560 3544
f 3544 3560 3561
f 3544 3561 3562
f 3544 3562 3563
f 3544 3563 3564
f 3544 3564 3559
f 3545 3565 3557
f 3547 3556 3548
f 3548 3556 3549
f 3549 3556 3566
f 3549 3566 3550
f 3550 3566 3567
f 3550 3567 3551
f 3551 3567 3568
f 3551 3568 3552
f 3552 3568 3569
f 3552 3569 3570
f 3552 3570 3571
f 3552 3571 3572
f 3552 3572 3573
f 3552 3573 3553
f 3553 3574 3554
f 3554 3574 3555
f 3556 3558 3575
f 3556 3575 3566
f 3557 3565 3576
f 3557 3576 3558
f 3558 3576 3577
f 3558 3577 3578
f 3558 3578 3579
f 3558 3579 3580
f 3558 3580 3575
f 3559 3564 3581
f 3560 3582 3561
f 3561 3583 3562
f 3561 3582 3584
f 3561 3584 3585
f 3561 3585 3583
f 3562 3583 3586
f 3562 3586 3587
f 3562 3587 3563
f 3563 3578 3577
f 3563 3577 3588
f 3563 3588 3589
f 3563 3589 3564
f 3563 3587 3578
f 3564 3589 3581
f 3565 3590 3576
f 3566 3591 3567
f 3566 3575 3580
f 3566 3580 3592
f 3566 3592 3591
f 3567 3591 3592
f 3567 3592 3593
f 3567 3593 3568
f 3568 3593 3569
f 3569 3593 3594
f 3569 3594 3570
f 3570 3594 3595
f 3570 3595 3572
f 3570 3572 3571
f 3572 3595 3596
f 3576 3590 3577
f 3577 3590 3588
f 3578 3587 3597
f 3578 3597 3598
f 3578 3598 3579
f 3579 3598 3580
f 3580 3598 3599
f 3580 3599 3592
f 3582 3600 3584
f 3583 3585 3586
f 3584 3600 3601
f 3584 3601 3585
f 3585 3601 3602
f 3585 3602 3603
f 3585 3603 3586
f 3586 3603 3604
f 3586 3604 3605
f 3586 3605 3606
f 3586 3606 3607
f 3586 3607 3597
f 3586 3597 3587
f 3592 3599 3606
f 3592 3606 3593
f 3593 3608 3609
f 3593 3609 3594
f 3593 3606 3608
f 3594 3609 3610
f 3594 3610 3595
f 3595 3611 3596
f 3595 3610 3611
f 3596 3611 3612
f 3597 3607 3598
f 3598 3607 3599
f 3599 3607 3606
f 3601 3613 3602
f 3602 3613 3603
f 3603 3613 3604
f 3604 3613 3614
f 3604 3614 3615
f 3604 3615 3605
f 3605 3615 3616
f 3605 3616 3606
f 3606 3616 3608
f 3608 3617 3609
f 3608 3616 3617
f 3609 3618 3610
f 3609 3617 3619
f 3609 3619 3620
f 3609 3620 3618
f 3610 3621 3612
f 3610 3612 3611
f 3610 3618 3621
f 3612 3621 3618
f 3613 3622 3623
f 3613 3623 3614
f 3614 3623 3615
f 3615 3624 3616
f 3615 3623 3625
f 3615 3625 3624
f 3616 3624 3619
f 3616 3619 3617
f 3619 3626 3627
f 3619 3627 3620
f 3619 3624 3626
f 3622 3625 3623
f 3624 3625 3626

o part_31
v -0.02722243 0.00004773 0.01165558
v -0.02722243 0.00055001 0.01165558
v -0.02450886 0.00004773 0.01165558
v -0.02751291 0.00004773 0.01416736
v -0.02721274 0.00065296 0.01165558
v -0.02751291 0.00014132 0.01416736
v -0.03002960 0.00055001 0.03794764
v -0.02999087 0.00416791 0.04041718
v -0.02200669 0.01067161 0.01165558
v -0.02482838 0.00004773 0.01485162
v -0.03002960 0.00004773 0.03794764
v -0.02711592 0.00165025 0.01165558
v -0.03012804 0.00055001 0.03904865
v -0.03023213 0.00087343 0.04041718
v -0.03007156 0.00306871 0.04041718
v -0.02989646 0.00494474 0.04041718
v -0.02677218 0.00495098 0.01165558
v -0.02688757 0.00395369 0.01165558
v -0.02689886 0.00385074 0.01165558
v -0.02699731 0.00285345 0.01165558
v -0.02526330 0.00004773 0.01919656
v -0.02502849 0.01067161 0.01165558
v -0.02212772 0.01067161 0.01274252
v -0.02695051 0.00004773 0.03574842
v -0.02648251 0.00004773 0.03125425
v -0.02637116 0.00004773 0.03016449
v -0.03012804 0.00004773 0.03904865
v -0.03024988 0.00055001 0.04041718
v -0.02985612 0.00520680 0.04041718
v -0.02651963 0.00609178 0.01165558
v -0.02971491 0.00595867 0.04041718
v -0.02513984 0.01044282 0.01165558
v -0.02515598 0.01067161 0.01265804
v -0.02472510 0.01067161 0.03574842
v -0.02714577 0.00004773 0.03684944
v -0.03024988 0.00004773 0.04041718
v -0.02651640 0.00610426 0.01165558
v -0.02896854 0.00858032 0.04041718
v -0.02912185 0.00714938 0.03794764
v -0.02533350 0.00998318 0.01165558
v -0.02803658 0.01067161 0.03795046
v -0.02493812 0.01067161 0.03687478
v -0.02803900 0.00004773 0.04041718
v -0.02638326 0.00654414 0.01165558
v -0.02864013 0.00893181 0.03827991
v -0.02880313 0.00913252 0.04041718
v -0.02550537 0.00943930 0.01165558
v -0.02811727 0.01044906 0.03794764
v -0.02805837 0.01067161 0.03817009
v -0.02589832 0.01067161 0.04041718
v -0.02586685 0.00824962 0.01165558
v -0.02867725 0.00951729 0.04041718
v -0.02821974 0.01044906 0.03904865
v -0.02813986 0.01067161 0.03904865
v -0.02825928 0.01067161 0.04041718
f 3628 3629 3632
f 3628 3632 3639
f 3628 3639 3647
f 3628 3647 3646
f 3628 3646 3645
f 3628 3645 3644
f 3628 3644 3657
f 3628 3657 3664
f 3628 3664 3671
f 3628 3671 3678
f 3628 3678 3674
f 3628 3674 3667
f 3628 3667 3659
f 3628 3659 3649
f 3628 3649 3636
f 3628 3636 3630
f 3628 3630 3637
f 3628 3637 3648
f 3628 3648 3653
f 3628 3653 3652
f 3628 3652 3651
f 3628 3651 3662
f 3628 3662 3670
f 3628 3670 3663
f 3628 3663 3654
f 3628 3654 3638
f 3628 3638 3631
f 3628 3631 3633
f 3628 3633 3629
f 3629 3633 3634
f 3629 3634 3635
f 3629 3635 3632
f 3630 3636 3637
f 3631 3638 3634
f 3631 3634 3633
f 3632 3635 3639
f 3634 3638 3654
f 3634 3654 3640
f 3634 3640 3641
f 3634 3641 3642
f 3634 3642 3635
f 3635 3642 3641
f 3635 3641 3655
f 3635 3655 3663
f 3635 3663 3670
f 3635 3670 3677
f 3635 3677 3682
f 3635 3682 3679
f 3635 3679 3673
f 3635 3673 3665
f 3635 3665 3658
f 3635 3658 3656
f 3635 3656 3643
f 3635 3643 3644
f 3635 3644 3645
f 3635 3645 3646
f 3635 3646 3647
f 3635 3647 3639
f 3636 3648 3637
f 3636 3649 3660
f 3636 3660 3668
f 3636 3668 3676
f 3636 3676 3681
f 3636 3681 3682
f 3636 3682 3677
f 3636 3677 3669
f 3636 3669 3661
f 3636 3661 3650
f 3636 3650 3651
f 3636 3651 3652
f 3636 3652 3653
f 3636 3653 3648
f 3640 3654 3663
f 3640 3663 3655
f 3640 3655 3641
f 3643 3656 3644
f 3644 3656 3658
f 3644 3658 3657
f 3649 3659 3660
f 3650 3661 3651
f 3651 3661 3662
f 3657 3658 3664
f 3658 3665 3666
f 3658 3666 3664
f 3659 3667 3668
f 3659 3668 3660
f 3661 3669 3662
f 3662 3669 3670
f 3664 3666 3672
f 3664 3672 3671
f 3665 3673 3672
f 3665 3672 3666
f 3667 3674 3672
f 3667 3672 3675
f 3667 3675 3668
f 3668 3675 3676
f 3669 3677 3670
f 3671 3672 3678
f 3672 3673 3675
f 3672 3674 3678
f 3673 3679 3675
f 3675 3679 3680
f 3675 3680 3676
f 3676 3680 3681
f 3679 3682 3681
f 3679 3681 3680

o part_32
v 0.01211262 -0.02522218 0.04038370
v 0.00052841 -0.02804583 0.04038370
v 0.01211262 -0.02773845 0.04038370
v 0.01211262 -0.02428860 0.03716076
v 0.00052841 -0.03003366 0.04038370
v 0.01211262 -0.02412214 0.03654204
v 0.00052841 -0.02714572 0.03684858
v 0.01180079 -0.02787409 0.04038370
v 0.01211262 -0.02754381 0.03831100
v 0.00052841 -0.03023447 0.04037808
v 0.00055109 -0.03023623 0.04038370
v 0.01211262 -0.02408779 0.03637049
v 0.00052841 -0.02695107 0.03577145
v 0.00952726 -0.02865354 0.04038370
v 0.01044915 -0.02822022 0.03904784
v 0.01044915 -0.02811717 0.03794821
v 0.01160122 -0.02769706 0.03796509
v 0.00998310 -0.02533315 0.01165277
v 0.01044234 -0.02514027 0.01165277
v 0.01066459 -0.02515789 0.01265115
v 0.01081087 -0.02521954 0.01375078
v 0.01154905 -0.02460919 0.01165277
v 0.01211262 -0.02430797 0.01165277
v 0.00052841 -0.03012790 0.03904784
v 0.00055109 -0.03012790 0.03904784
v 0.00083004 -0.03022126 0.04038370
v 0.01211262 -0.02399619 0.03574896
v 0.00052841 -0.02694755 0.03574896
v 0.00912018 -0.02878741 0.04038370
v 0.00893195 -0.02863945 0.03828007
v 0.00943882 -0.02550578 0.01165277
v 0.01211262 -0.02123948 0.01165277
v 0.00052841 -0.03003013 0.03794821
v 0.00412523 -0.02997377 0.04038370
v 0.00055109 -0.03003013 0.03794821
v 0.01211262 -0.02362364 0.03249788
v 0.00052841 -0.02648252 0.03125483
v 0.01211262 -0.02194847 0.01785962
v 0.01211262 -0.02141034 0.01315456
v 0.01211262 -0.02127823 0.01199868
v 0.00853621 -0.02896180 0.04038370
v 0.00714942 -0.02912121 0.03794821
v 0.00610507 -0.02651599 0.01165277
v 0.00654503 -0.02638300 0.01165277
v 0.00052841 -0.02450438 0.01165277
v 0.00052841 -0.02526270 0.01919829
v 0.00052841 -0.02637155 0.03016364
v 0.00052841 -0.02722234 0.01165277
v 0.00494506 -0.02987424 0.04038370
v 0.00055109 -0.02722234 0.01165277
v 0.00065315 -0.02721265 0.01165277
v 0.00457200 -0.02971659 0.03840100
v 0.00595993 -0.02969105 0.04038370
v 0.00605064 -0.02941538 0.03794821
v 0.00609260 -0.02651951 0.01165277
v 0.00516618 -0.02984078 0.04038370
v 0.00495073 -0.02677140 0.01165277
v 0.00165100 -0.02711577 0.01165277
v 0.00385082 -0.02689911 0.01165277
v 0.00395288 -0.02688766 0.01165277
v 0.00505278 -0.02674938 0.01165277
f 3683 3684 3687
f 3683 3687 3693
f 3683 3693 3708
f 3683 3708 3716
f 3683 3716 3731
f 3683 3731 3738
f 3683 3738 3735
f 3683 3735 3723
f 3683 3723 3711
f 3683 3711 3696
f 3683 3696 3690
f 3683 3690 3685
f 3683 3685 3691
f 3683 3691 3705
f 3683 3705 3714
f 3683 3714 3722
f 3683 3722 3721
f 3683 3721 3720
f 3683 3720 3718
f 3683 3718 3709
f 3683 3709 3694
f 3683 3694 3688
f 3683 3688 3686
f 3683 3686 3684
f 3684 3686 3688
f 3684 3688 3689
f 3684 3689 3695
f 3684 3695 3710
f 3684 3710 3719
f 3684 3719 3729
f 3684 3729 3728
f 3684 3728 3727
f 3684 3727 3730
f 3684 3730 3715
f 3684 3715 3706
f 3684 3706 3692
f 3684 3692 3687
f 3685 3690 3691
f 3687 3692 3693
f 3688 3694 3689
f 3689 3694 3695
f 3690 3696 3697
f 3690 3697 3698
f 3690 3698 3699
f 3690 3699 3691
f 3691 3699 3700
f 3691 3700 3701
f 3691 3701 3702
f 3691 3702 3703
f 3691 3703 3704
f 3691 3704 3705
f 3692 3706 3693
f 3693 3706 3707
f 3693 3707 3708
f 3694 3709 3710
f 3694 3710 3695
f 3696 3711 3698
f 3696 3698 3697
f 3698 3711 3712
f 3698 3712 3700
f 3698 3700 3699
f 3700 3713 3726
f 3700 3726 3725
f 3700 3725 3737
f 3700 3737 3743
f 3700 3743 3739
f 3700 3739 3742
f 3700 3742 3741
f 3700 3741 3740
f 3700 3740 3733
f 3700 3733 3732
f 3700 3732 3730
f 3700 3730 3727
f 3700 3727 3714
f 3700 3714 3705
f 3700 3705 3704
f 3700 3704 3701
f 3700 3712 3713
f 3701 3704 3702
f 3702 3704 3703
f 3706 3715 3717
f 3706 3717 3707
f 3707 3716 3708
f 3707 3717 3716
f 3709 3718 3710
f 3710 3718 3720
f 3710 3720 3721
f 3710 3721 3722
f 3710 3722 3714
f 3710 3714 3719
f 3711 3723 3712
f 3712 3723 3724
f 3712 3724 3725
f 3712 3725 3726
f 3712 3726 3713
f 3714 3727 3728
f 3714 3728 3729
f 3714 3729 3719
f 3715 3730 3732
f 3715 3732 3717
f 3716 3717 3732
f 3716 3732 3733
f 3716 3733 3734
f 3716 3734 3731
f 3723 3735 3724
f 3724 3735 3736
f 3724 3736 3737
f 3724 3737 3725
f 3731 3734 3739
f 3731 3739 3738
f 3733 3740 3734
f 3734 3740 3741
f 3734 3741 3742
f 3734 3742 3739
f 3735 3738 3736
f 3736 3738 3739
f 3736 3739 3743
f 3736 3743 3737

o part_33
v 0.00157710 -0.02834865 0.04718166
v 0.00385148 -0.02828472 0.04718166
v 0.00157710 -0.02754534 0.05043976
v 0.00157710 -0.02547176 0.04718166
v 0.00495190 -0.02825136 0.04718166
v 0.00603920 -0.02814851 0.04718166
v 0.00385674 -0.02732019 0.05043976
v 0.00157710 -0.01807247 0.05043976
v 0.00157710 0.00004773 0.04718835
v 0.02556053 0.00004773 0.04718166
v 0.01033321 -0.02680041 0.04718166
v 0.00935097 -0.02596931 0.05043976
v 0.00837398 -0.02626673 0.05043976
v 0.00714750 -0.02663919 0.05043976
v 0.00605233 -0.02696997 0.05043976
v 0.00495190 -0.02720067 0.05043976
v 0.01813071 0.00004773 0.05043976
v 0.00157710 0.00004773 0.04954829
v 0.02840745 0.00004773 0.04718166
v 0.01254456 -0.02572193 0.04718166
v 0.01107645 -0.02533834 0.05043976
v 0.01081645 -0.02544675 0.05043976
v 0.01045664 -0.02558850 0.05043976
v 0.00977380 -0.02582477 0.05043976
v 0.02762744 0.00004773 0.05043976
v 0.02762744 -0.00000230 0.05043976
v 0.02840482 -0.00055266 0.04718166
v 0.01470338 -0.02458785 0.04718166
v 0.01161222 -0.02505204 0.05043976
v 0.02762218 -0.00055266 0.05043976
v 0.02824987 -0.00495277 0.04718166
v 0.01372902 -0.02392074 0.05043976
v 0.01793637 -0.02233360 0.04718166
v 0.01533107 -0.02305907 0.05043593
v 0.01482157 -0.02333425 0.05043976
v 0.02758016 -0.00098350 0.05043976
v 0.02813957 -0.00603681 0.04718166
v 0.02748824 -0.00192579 0.05043976
v 0.01910507 -0.02130514 0.04718166
v 0.01900790 -0.02006544 0.05043976
v 0.01858506 -0.02042123 0.05043976
v 0.01835132 -0.02061580 0.05043976
v 0.01736646 -0.02141911 0.05043976
v 0.01710383 -0.02163314 0.05043976
v 0.01625553 -0.02232248 0.05043976
v 0.01592461 -0.02258932 0.05043976
v 0.01532844 -0.02305907 0.05043976
v 0.02705753 -0.00534191 0.05043976
v 0.02690258 -0.00605071 0.05043976
v 0.02657429 -0.00713753 0.05043976
v 0.02623024 -0.00827161 0.05043976
v 0.02590195 -0.00935009 0.05043976
v 0.02679227 -0.01032573 0.04718166
v 0.02740157 -0.00275133 0.05043976
v 0.02738056 -0.00294312 0.05043976
v 0.02728076 -0.00383259 0.05043976
v 0.02714157 -0.00495277 0.05043976
v 0.02025277 -0.02025446 0.04718166
v 0.01936245 -0.01974023 0.05043976
v 0.02579427 -0.00966975 0.05043976
v 0.02571548 -0.01253829 0.04718166
v 0.02551851 -0.01045637 0.05043976
v 0.02535568 -0.01086219 0.05043976
v 0.02523750 -0.01111792 0.05043976
v 0.01973801 -0.01935387 0.05043976
v 0.01955942 -0.01954844 0.05043976
v 0.02130066 -0.01910370 0.04718166
v 0.02330979 -0.01479255 0.05043976
v 0.02458092 -0.01469248 0.04718166
v 0.02005054 -0.01899808 0.05043976
v 0.02233017 -0.01793071 0.04718166
v 0.02305766 -0.01526508 0.05043976
v 0.02303928 -0.01529843 0.05043976
v 0.02040509 -0.01857002 0.05043976
v 0.02136107 -0.01740259 0.05043976
v 0.02105117 -0.01778339 0.05043976
v 0.02062833 -0.01830040 0.05043976
v 0.02299726 -0.01535402 0.05043976
v 0.02255604 -0.01592106 0.05043976
f 3744 3745 3746
f 3744 3746 3751
f 3744 3751 3761
f 3744 3761 3752
f 3744 3752 3747
f 3744 3747 3753
f 3744 3753 3762
f 3744 3762 3770
f 3744 3770 3774
f 3744 3774 3780
f 3744 3780 3796
f 3744 3796 3804
f 3744 3804 3812
f 3744 3812 3814
f 3744 3814 3810
f 3744 3810 3801
f 3744 3801 3782
f 3744 3782 3776
f 3744 3776 3771
f 3744 3771 3763
f 3744 3763 3754
f 3744 3754 3749
f 3744 3749 3748
f 3744 3748 3745
f 3745 3748 3746
f 3746 3748 3749
f 3746 3749 3750
f 3746 3750 3759
f 3746 3759 3758
f 3746 3758 3757
f 3746 3757 3756
f 3746 3756 3755
f 3746 3755 3767
f 3746 3767 3766
f 3746 3766 3765
f 3746 3765 3764
f 3746 3764 3772
f 3746 3772 3775
f 3746 3775 3778
f 3746 3778 3790
f 3746 3790 3789
f 3746 3789 3788
f 3746 3788 3787
f 3746 3787 3786
f 3746 3786 3785
f 3746 3785 3784
f 3746 3784 3783
f 3746 3783 3802
f 3746 3802 3809
f 3746 3809 3808
f 3746 3808 3813
f 3746 3813 3817
f 3746 3817 3820
f 3746 3820 3819
f 3746 3819 3818
f 3746 3818 3822
f 3746 3822 3821
f 3746 3821 3816
f 3746 3816 3815
f 3746 3815 3811
f 3746 3811 3807
f 3746 3807 3806
f 3746 3806 3805
f 3746 3805 3803
f 3746 3803 3795
f 3746 3795 3794
f 3746 3794 3793
f 3746 3793 3792
f 3746 3792 3791
f 3746 3791 3800
f 3746 3800 3799
f 3746 3799 3798
f 3746 3798 3797
f 3746 3797 3781
f 3746 3781 3779
f 3746 3779 3773
f 3746 3773 3769
f 3746 3769 3768
f 3746 3768 3760
f 3746 3760 3751
f 3747 3752 3753
f 3749 3754 3755
f 3749 3755 3756
f 3749 3756 3757
f 3749 3757 3758
f 3749 3758 3759
f 3749 3759 3750
f 3751 3760 3761
f 3752 3761 3760
f 3752 3760 3768
f 3752 3768 3762
f 3752 3762 3753
f 3754 3763 3764
f 3754 3764 3765
f 3754 3765 3766
f 3754 3766 3767
f 3754 3767 3755
f 3762 3768 3769
f 3762 3769 3770
f 3763 3771 3764
f 3764 3771 3772
f 3769 3773 3770
f 3770 3773 3774
f 3771 3775 3772
f 3771 3776 3777
f 3771 3777 3778
f 3771 3778 3775
f 3773 3779 3774
f 3774 3779 3781
f 3774 3781 3780
f 3776 3782 3783
f 3776 3783 3784
f 3776 3784 3785
f 3776 3785 3786
f 3776 3786 3787
f 3776 3787 3788
f 3776 3788 3789
f 3776 3789 3777
f 3777 3789 3790
f 3777 3790 3778
f 3780 3791 3792
f 3780 3792 3793
f 3780 3793 3794
f 3780 3794 3795
f 3780 3795 3796
f 3780 3781 3797
f 3780 3797 3798
f 3780 3798 3799
f 3780 3799 3800
f 3780 3800 3791
f 3782 3801 3783
f 3783 3801 3802
f 3795 3803 3796
f 3796 3803 3805
f 3796 3805 3806
f 3796 3806 3807
f 3796 3807 3804
f 3801 3808 3809
f 3801 3809 3802
f 3801 3810 3808
f 3804 3811 3812
f 3804 3807 3811
f 3808 3810 3813
f 3810 3814 3813
f 3811 3815 3812
f 3812 3815 3816
f 3812 3816 3814
f 3813 3814 3817
f 3814 3818 3819
f 3814 3819 3820
f 3814 3820 3817
f 3814 3816 3821
f 3814 3821 3822
f 3814 3822 3818

o part_34
v -0.00000437 0.00000324 -0.04885184
v -0.00000437 -0.01156412 -0.04885184
v -0.00000437 0.00000324 -0.05150179
v -0.01223831 0.00000324 -0.04885184
v -0.01223831 -0.01156412 -0.04869231
v -0.00000437 -0.01156412 -0.05150179
v -0.01223831 -0.01156412 -0.05157690
v -0.01223831 0.00000324 -0.05150179
f 3823 3824 3828
f 3823 3828 3825
f 3823 3825 3830
f 3823 3830 3826
f 3823 3826 3827
f 3823 3827 3824
f 3824 3827 3829
f 3824 3829 3828
f 3825 3828 3829
f 3825 3829 3830
f 3826 3830 3829
f 3826 3829 3827

o part_35
v -0.01142656 -0.02558828 0.04038370
v -0.02316817 -0.01584149 0.04038370
v -0.01142656 -0.02797597 0.04038370
v -0.01142656 -0.02456786 0.03685421
v -0.02569500 -0.01584149 0.04038370
v -0.02201161 -0.01584149 0.03684858
v -0.01155088 -0.02794628 0.04038370
v -0.01142656 -0.02786787 0.03904784
v -0.01142656 -0.02453341 0.03667422
v -0.02565030 -0.01594840 0.04038370
v -0.02559303 -0.01584149 0.03904784
v -0.02175739 -0.01584149 0.03574896
v -0.01229398 -0.02765880 0.04038370
v -0.01215849 -0.02753051 0.03834194
v -0.01155088 -0.02782273 0.03904784
v -0.01142656 -0.02776096 0.03796227
v -0.01142656 -0.02436117 0.03574896
v -0.02440435 -0.01782411 0.04038370
v -0.02526758 -0.01644495 0.03904784
v -0.02553576 -0.01584149 0.03846569
v -0.02142355 -0.01584149 0.03324034
v -0.01142656 -0.02345004 0.02781533
v -0.01142656 -0.02234766 0.01815491
v -0.01142656 -0.02160641 0.01165277
v -0.01443809 -0.02652554 0.04038370
v -0.01431098 -0.02640556 0.03846850
v -0.01160256 -0.02769681 0.03796509
v -0.01155088 -0.02460825 0.01165277
v -0.01146847 -0.02464864 0.01165277
v -0.01142656 -0.02466884 0.01165277
v -0.02339305 -0.01902865 0.04038370
v -0.02427025 -0.01768750 0.03818445
v -0.02224348 -0.02009777 0.03794821
v -0.02184958 -0.02072142 0.03904784
v -0.02549246 -0.01584149 0.03802977
v -0.02548408 -0.01584149 0.03794821
v -0.02520751 -0.01634279 0.03794821
v -0.01861596 -0.01584149 0.01165277
v -0.01594944 -0.02565005 0.04038370
v -0.01644531 -0.02526754 0.03904784
v -0.01634334 -0.02520815 0.03794821
v -0.01435568 -0.02312931 0.01183838
v -0.01407492 -0.02325879 0.01165277
v -0.02237757 -0.02023675 0.04038370
v -0.02211637 -0.01584149 0.01165277
v -0.02178812 -0.01624301 0.01165277
v -0.02128945 -0.01685121 0.01165277
v -0.02015804 -0.01823038 0.01165277
v -0.02178393 -0.02064777 0.03794821
v -0.01980883 -0.01871267 0.01202400
v -0.02123358 -0.02123578 0.03794821
v -0.02129923 -0.02130112 0.03904784
v -0.02135929 -0.02136051 0.04038370
v -0.02279801 -0.01584149 0.01697091
v -0.02214710 -0.01584149 0.01188900
v -0.01782396 -0.02440393 0.04038370
v -0.01768847 -0.02427089 0.03818445
v -0.01539910 -0.02309842 0.01651250
v -0.01480266 -0.02283946 0.01165277
v -0.01458615 -0.02296775 0.01165277
v -0.02011753 -0.01827908 0.01165277
v -0.01978788 -0.01979010 0.01877082
v -0.01923614 -0.01923772 0.01165277
v -0.02064552 -0.02178578 0.03794821
v -0.02072095 -0.02185112 0.03904784
v -0.02023486 -0.02237855 0.04038370
v -0.01902801 -0.02339302 0.04038370
v -0.02009658 -0.02224313 0.03794821
v -0.01827932 -0.02011915 0.01165277
v -0.01696492 -0.02119777 0.01165277
v -0.01624277 -0.02178935 0.01165277
v -0.01569382 -0.02223719 0.01165277
v -0.01561979 -0.02228827 0.01165277
v -0.01499123 -0.02285134 0.01265115
v -0.01871094 -0.01981029 0.01202400
v -0.01915233 -0.01931494 0.01165277
f 3831 3832 3835
f 3831 3835 3840
f 3831 3840 3848
f 3831 3848 3861
f 3831 3861 3874
f 3831 3874 3883
f 3831 3883 3896
f 3831 3896 3897
f 3831 3897 3886
f 3831 3886 3869
f 3831 3869 3855
f 3831 3855 3843
f 3831 3843 3837
f 3831 3837 3833
f 3831 3833 3838
f 3831 3838 3846
f 3831 3846 3860
f 3831 3860 3854
f 3831 3854 3853
f 3831 3853 3852
f 3831 3852 3847
f 3831 3847 3839
f 3831 3839 3834
f 3831 3834 3832
f 3832 3834 3836
f 3832 3836 3842
f 3832 3842 3851
f 3832 3851 3868
f 3832 3868 3875
f 3832 3875 3885
f 3832 3885 3884
f 3832 3884 3866
f 3832 3866 3865
f 3832 3865 3850
f 3832 3850 3841
f 3832 3841 3835
f 3833 3837 3838
f 3834 3839 3836
f 3835 3841 3840
f 3836 3839 3842
f 3837 3843 3844
f 3837 3844 3845
f 3837 3845 3838
f 3838 3845 3846
f 3839 3847 3842
f 3840 3841 3849
f 3840 3849 3848
f 3841 3850 3849
f 3842 3847 3852
f 3842 3852 3853
f 3842 3853 3854
f 3842 3854 3851
f 3843 3855 3856
f 3843 3856 3844
f 3844 3857 3845
f 3844 3856 3858
f 3844 3858 3859
f 3844 3859 3860
f 3844 3860 3857
f 3845 3857 3846
f 3846 3857 3860
f 3848 3849 3862
f 3848 3862 3863
f 3848 3863 3864
f 3848 3864 3861
f 3849 3850 3865
f 3849 3865 3866
f 3849 3866 3867
f 3849 3867 3862
f 3851 3854 3868
f 3854 3860 3859
f 3854 3859 3858
f 3854 3858 3873
f 3854 3873 3890
f 3854 3890 3889
f 3854 3889 3903
f 3854 3903 3902
f 3854 3902 3901
f 3854 3901 3900
f 3854 3900 3899
f 3854 3899 3906
f 3854 3906 3893
f 3854 3893 3891
f 3854 3891 3878
f 3854 3878 3877
f 3854 3877 3876
f 3854 3876 3875
f 3854 3875 3868
f 3855 3869 3870
f 3855 3870 3856
f 3856 3870 3871
f 3856 3871 3872
f 3856 3872 3873
f 3856 3873 3858
f 3861 3864 3874
f 3862 3867 3875
f 3862 3875 3876
f 3862 3876 3877
f 3862 3877 3878
f 3862 3878 3863
f 3863 3879 3864
f 3863 3878 3880
f 3863 3880 3879
f 3864 3879 3881
f 3864 3881 3882
f 3864 3882 3883
f 3864 3883 3874
f 3866 3884 3867
f 3867 3884 3885
f 3867 3885 3875
f 3869 3886 3870
f 3870 3886 3887
f 3870 3887 3871
f 3871 3887 3888
f 3871 3888 3872
f 3872 3889 3890
f 3872 3890 3873
f 3872 3888 3889
f 3878 3891 3880
f 3879 3880 3892
f 3879 3892 3881
f 3880 3891 3893
f 3880 3893 3892
f 3881 3894 3895
f 3881 3895 3882
f 3881 3892 3894
f 3882 3895 3883
f 3883 3895 3896
f 3886 3897 3895
f 3886 3895 3887
f 3887 3895 3898
f 3887 3898 3899
f 3887 3899 3900
f 3887 3900 3901
f 3887 3901 3902
f 3887 3902 3888
f 3888 3902 3903
f 3888 3903 3904
f 3888 3904 3889
f 3889 3904 3903
f 3892 3893 3905
f 3892 3905 3894
f 3893 3906 3905
f 3894 3898 3895
f 3894 3905 3899
f 3894 3899 3898
f 3895 3897 3896
f 3899 3905 3906

o part_36
v -0.02136308 0.00000436 -0.04674768
v -0.02138286 0.00000436 -0.04674768
v -0.01853670 0.00000139 -0.04674768
v -0.01853608 0.00000436 -0.04675028
v -0.02091304 0.00000436 -0.05183403
v -0.02091304 -0.00014139 -0.05183403
v -0.02138225 -0.00055037 -0.04675028
v -0.02138225 -0.00055037 -0.04674768
v -0.01506802 0.00000436 -0.04885905
v -0.01515024 -0.01067233 -0.04674768
v -0.01506802 -0.01077793 -0.04675028
v -0.02058663 0.00000436 -0.05444917
v -0.02094704 -0.00052509 -0.05112995
v -0.02058663 -0.00055037 -0.05444917
v -0.02072202 -0.00055037 -0.05334970
v -0.02091489 -0.00125233 -0.05075017
v -0.02127592 -0.00165091 -0.04674768
v -0.01506802 0.00000436 -0.05150193
v -0.01506802 -0.01158846 -0.04674768
v -0.02037150 0.00000436 -0.05487231
v -0.02015266 -0.00055037 -0.05530239
v -0.02011557 -0.00165091 -0.05530066
v -0.02007106 -0.00275144 -0.05528418
v -0.02049638 -0.00165091 -0.05444917
v -0.02039685 -0.00275144 -0.05444917
v -0.02061507 -0.00165091 -0.05334970
v -0.02095013 -0.00273508 -0.04893708
v -0.02116712 -0.00275144 -0.04675028
v -0.02116712 -0.00275144 -0.04674768
v -0.01828448 0.00000436 -0.05530239
v -0.01506802 -0.00991237 -0.05522522
v -0.01506802 -0.01506705 -0.04674768
v -0.02015266 0.00000436 -0.05530239
v -0.01970509 0.00000436 -0.05545239
v -0.01924948 -0.00055037 -0.05560500
v -0.01924948 -0.00165091 -0.05560326
v -0.01924948 -0.00275144 -0.05558679
v -0.01924948 -0.00385049 -0.05553217
v -0.01999749 -0.00385049 -0.05523042
v -0.02025095 -0.00385049 -0.05444917
v -0.02091551 -0.00341474 -0.04856077
v -0.02087904 -0.00309201 -0.04929432
v -0.02072696 -0.00275144 -0.05115076
v -0.02103668 -0.00385049 -0.04674768
v -0.01924948 0.00000436 -0.05560500
v -0.01506802 -0.01020535 -0.05531019
v -0.01506802 -0.01133117 -0.05555124
v -0.01513169 -0.01513100 -0.04674768
v -0.01506802 -0.01518900 -0.04675028
v -0.01815033 -0.00605008 -0.05560500
v -0.01815033 -0.00715062 -0.05557032
v -0.01897438 -0.00715062 -0.05526770
v -0.01990044 -0.00473241 -0.05512724
v -0.02090067 -0.00440374 -0.04730956
v -0.01978236 -0.00546561 -0.05489832
v -0.01995978 -0.00504026 -0.05449859
v -0.02092973 -0.00450040 -0.04675028
v -0.02093035 -0.00449743 -0.04674768
v -0.01595018 -0.01044925 -0.05558766
v -0.01506802 -0.01243171 -0.05552523
v -0.01563429 -0.01457924 -0.04674768
v -0.01543708 -0.01434426 -0.04978596
v -0.01506802 -0.01418216 -0.05359682
v -0.01705057 -0.00934872 -0.05555731
v -0.01791975 -0.00934872 -0.05525469
v -0.01822266 -0.00830469 -0.05533533
v -0.01883344 -0.00797453 -0.05515498
v -0.02033564 -0.00495103 -0.05115076
v -0.01931563 -0.00715062 -0.05444917
v -0.01982749 -0.00559202 -0.05416477
v -0.02076282 -0.00505067 -0.04674768
v -0.02056438 -0.00495103 -0.04895009
v -0.02012546 -0.00715062 -0.04675028
v -0.01595018 -0.01154979 -0.05548621
v -0.01506802 -0.01346829 -0.05526510
v -0.01618262 -0.01391148 -0.04674768
v -0.01618262 -0.01391148 -0.04675028
v -0.01534930 -0.01423718 -0.05115076
v -0.01579934 -0.01385199 -0.05011112
v -0.01520773 -0.01406467 -0.05334970
v -0.01513664 -0.01397841 -0.05444917
v -0.01506802 -0.01405425 -0.05444917
v -0.01710744 -0.01047751 -0.05532493
v -0.01772316 -0.01012950 -0.05513851
v -0.01864736 -0.00872111 -0.05444917
v -0.01892864 -0.00817233 -0.05444917
v -0.01943926 -0.00715062 -0.05334970
v -0.01970756 -0.00739749 -0.05005043
v -0.02012546 -0.00715062 -0.04674768
v -0.01979534 -0.00768453 -0.04835960
v -0.01983367 -0.00778268 -0.04762605
v -0.01988004 -0.00789274 -0.04674768
v -0.01590135 -0.01256556 -0.05521221
v -0.01673591 -0.01154979 -0.05518360
v -0.01506802 -0.01357983 -0.05522088
v -0.01726570 -0.01259233 -0.04674768
v -0.01686573 -0.01273807 -0.04892494
v -0.01565901 -0.01351440 -0.05334970
v -0.01613811 -0.01275741 -0.05444917
v -0.01653623 -0.01214319 -0.05504313
v -0.01550199 -0.01332255 -0.05510816
v -0.01506802 -0.01402748 -0.05452201
v -0.01750988 -0.01085229 -0.05444917
v -0.01781527 -0.01030202 -0.05444917
v -0.01869311 -0.00878655 -0.05384134
v -0.01964327 -0.00844449 -0.04675028
v -0.01964327 -0.00844449 -0.04674768
v -0.01740788 -0.01241684 -0.04674768
v -0.01759952 -0.01209857 -0.04729568
v -0.01658939 -0.01220714 -0.05444917
v -0.01704871 -0.01154979 -0.05444917
v -0.01756861 -0.01094003 -0.05361763
v -0.01847736 -0.00927882 -0.05342514
v -0.01890700 -0.00918810 -0.05005043
v -0.01919322 -0.00934872 -0.04675028
v -0.01919322 -0.00934872 -0.04674768
v -0.01781094 -0.01184574 -0.04674768
v -0.01726879 -0.01144866 -0.05329074
v -0.01792964 -0.01164943 -0.04674768
v -0.01761003 -0.01101588 -0.05288407
v -0.01850579 -0.01063664 -0.04674768
v -0.01798527 -0.01044925 -0.05224937
v -0.01866281 -0.00983057 -0.04917293
v -0.01879943 -0.01008637 -0.04675028
f 3907 3908 3914
f 3907 3914 3923
f 3907 3923 3935
f 3907 3935 3950
f 3907 3950 3964
f 3907 3964 3977
f 3907 3977 3995
f 3907 3995 3998
f 3907 3998 4013
f 3907 4013 4022
f 3907 4022 4027
f 3907 4027 4025
f 3907 4025 4023
f 3907 4023 4014
f 3907 4014 4002
f 3907 4002 3982
f 3907 3982 3967
f 3907 3967 3954
f 3907 3954 3938
f 3907 3938 3925
f 3907 3925 3916
f 3907 3916 3909
f 3907 3909 3910
f 3907 3910 3915
f 3907 3915 3924
f 3907 3924 3936
f 3907 3936 3951
f 3907 3951 3940
f 3907 3940 3939
f 3907 3939 3926
f 3907 3926 3918
f 3907 3918 3911
f 3907 3911 3908
f 3908 3911 3912
f 3908 3912 3913
f 3908 3913 3914
f 3909 3915 3910
f 3909 3916 3917
f 3909 3917 3915
f 3911 3918 3920
f 3911 3920 3912
f 3912 3919 3913
f 3912 3920 3921
f 3912 3921 3919
f 3913 3922 3923
f 3913 3923 3914
f 3913 3919 3922
f 3915 3917 3925
f 3915 3925 3938
f 3915 3938 3955
f 3915 3955 3969
f 3915 3969 3988
f 3915 3988 4008
f 3915 4008 4001
f 3915 4001 3981
f 3915 3981 3966
f 3915 3966 3953
f 3915 3953 3952
f 3915 3952 3937
f 3915 3937 3924
f 3916 3925 3917
f 3918 3926 3920
f 3919 3921 3922
f 3920 3926 3927
f 3920 3927 3928
f 3920 3928 3929
f 3920 3929 3930
f 3920 3930 3921
f 3921 3930 3931
f 3921 3931 3932
f 3921 3932 3922
f 3922 3933 3923
f 3922 3932 3931
f 3922 3931 3933
f 3923 3933 3934
f 3923 3934 3935
f 3924 3937 3936
f 3926 3939 3927
f 3927 3939 3940
f 3927 3940 3941
f 3927 3941 3942
f 3927 3942 3928
f 3928 3942 3943
f 3928 3943 3929
f 3929 3943 3944
f 3929 3944 3945
f 3929 3945 3930
f 3930 3945 3931
f 3931 3945 3946
f 3931 3946 3947
f 3931 3947 3948
f 3931 3948 3949
f 3931 3949 3933
f 3933 3949 3948
f 3933 3948 3934
f 3934 3948 3947
f 3934 3947 3950
f 3934 3950 3935
f 3936 3937 3952
f 3936 3952 3953
f 3936 3953 3951
f 3938 3954 3955
f 3940 3951 3941
f 3941 3951 3956
f 3941 3956 3942
f 3942 3956 3943
f 3943 3956 3957
f 3943 3957 3944
f 3944 3957 3958
f 3944 3958 3945
f 3945 3959 3946
f 3945 3958 3959
f 3946 3960 3947
f 3946 3959 3961
f 3946 3961 3962
f 3946 3962 3960
f 3947 3960 3950
f 3950 3960 3963
f 3950 3963 3964
f 3951 3953 3965
f 3951 3965 3956
f 3953 3966 3965
f 3954 3967 3968
f 3954 3968 3969
f 3954 3969 3955
f 3956 3965 3957
f 3957 3965 3970
f 3957 3970 3971
f 3957 3971 3972
f 3957 3972 3958
f 3958 3972 3971
f 3958 3971 3973
f 3958 3973 3959
f 3959 3973 3961
f 3960 3962 3974
f 3960 3974 3963
f 3961 3973 3975
f 3961 3975 3962
f 3962 3975 3976
f 3962 3976 3974
f 3963 3977 3964
f 3963 3974 3978
f 3963 3978 3979
f 3963 3979 3977
f 3965 3966 3970
f 3966 3980 3970
f 3966 3981 3980
f 3967 3982 3983
f 3967 3983 3968
f 3968 3984 3969
f 3968 3983 3985
f 3968 3985 3984
f 3969 3984 3986
f 3969 3986 3987
f 3969 3987 3988
f 3970 3980 3989
f 3970 3989 3971
f 3971 3989 3990
f 3971 3990 3973
f 3973 3991 3992
f 3973 3992 3975
f 3973 3990 3991
f 3974 3976 3993
f 3974 3993 3994
f 3974 3994 3978
f 3975 3992 3993
f 3975 3993 3976
f 3977 3979 3995
f 3978 3994 3979
f 3979 3994 3996
f 3979 3996 3997
f 3979 3997 3998
f 3979 3998 3995
f 3980 3981 3999
f 3980 3999 4000
f 3980 4000 3989
f 3981 4001 3999
f 3982 4002 3983
f 3983 4002 3985
f 3984 3985 3986
f 3985 4002 4003
f 3985 4003 3986
f 3986 4003 4004
f 3986 4004 4016
f 3986 4016 4005
f 3986 4005 3987
f 3987 4005 4006
f 3987 4006 4007
f 3987 4007 4008
f 3987 4008 3988
f 3989 4000 3990
f 3990 4000 4006
f 3990 4006 4009
f 3990 4009 4010
f 3990 4010 3991
f 3991 4011 3992
f 3991 4010 4011
f 3992 3997 3996
f 3992 3996 3993
f 3992 4011 4012
f 3992 4012 3997
f 3993 3996 3994
f 3997 4012 3998
f 3998 4012 4013
f 3999 4006 4000
f 3999 4001 4007
f 3999 4007 4006
f 4001 4008 4007
f 4002 4014 4015
f 4002 4015 4016
f 4002 4016 4003
f 4003 4016 4004
f 4005 4016 4006
f 4006 4016 4017
f 4006 4017 4009
f 4009 4018 4010
f 4009 4017 4018
f 4010 4018 4019
f 4010 4019 4011
f 4011 4019 4020
f 4011 4020 4021
f 4011 4021 4012
f 4012 4021 4022
f 4012 4022 4013
f 4014 4023 4015
f 4015 4024 4017
f 4015 4017 4016
f 4015 4023 4025
f 4015 4025 4026
f 4015 4026 4018
f 4015 4018 4024
f 4017 4024 4018
f 4018 4026 4027
f 4018 4027 4028
f 4018 4028 4019
f 4019 4028 4020
f 4020 4028 4029
f 4020 4029 4030
f 4020 4030 4021
f 4021 4030 4027
f 4021 4027 4022
f 4025 4027 4026
f 4027 4030 4029
f 4027 4029 4028

o part_37
v -0.03200879 0.00004773 0.04345013
v -0.03197540 0.00004773 0.04406383
v -0.03200879 0.00055062 0.04345013
v -0.03195652 0.00004773 0.04230474
v -0.03194926 0.00004773 0.04453733
v -0.03194926 0.00051010 0.04453733
v -0.03191731 0.00129115 0.04416236
v -0.03192748 0.00138510 0.04345013
v -0.03191731 0.00129115 0.04264134
v -0.03195652 0.00060405 0.04230474
v -0.03192312 0.00004773 0.04177436
v -0.03191441 0.00004773 0.04506108
v -0.03191005 0.00011404 0.04512391
v -0.03187520 0.00084905 0.04489575
v -0.03157607 0.00495142 0.04345013
v -0.03168498 0.00385168 0.04345013
v -0.03187375 0.00193589 0.04345013
v -0.03151218 0.00495142 0.04454989
v -0.03187375 0.00100747 0.04190795
v -0.03192312 0.00027247 0.04177436
v -0.03024887 0.00004773 0.04042066
v -0.03191005 0.00004773 0.04512391
v -0.03183164 0.00004773 0.04523567
v -0.03160802 0.00051010 0.04555376
v -0.03106494 0.00490168 0.04574025
v -0.03105042 0.00605116 0.04553128
v -0.03143232 0.00605116 0.04345013
v -0.03132196 0.00605116 0.04235037
v -0.03136697 0.00605116 0.04454989
v -0.03091973 0.00715090 0.04169633
v -0.02989601 0.00494590 0.04042066
v -0.02999039 0.00416853 0.04042066
v -0.03007171 0.00306879 0.04042066
v -0.03023289 0.00087299 0.04042066
v -0.03024887 0.00055062 0.04042066
v -0.02803879 0.00004773 0.04042066
v -0.03160802 0.00004773 0.04555376
v -0.03129001 0.00004773 0.04597502
v -0.03100250 0.00055062 0.04635527
v -0.03095022 0.00165036 0.04631956
v -0.03089504 0.00275010 0.04627988
v -0.03084132 0.00385168 0.04623624
v -0.03080937 0.00450195 0.04620846
v -0.03076290 0.00523511 0.04616680
v -0.03068594 0.00605116 0.04608149
v -0.03092118 0.00715090 0.04532032
v -0.03117675 0.00715090 0.04345013
v -0.03110705 0.00715090 0.04235037
v -0.03083551 0.00783064 0.04176246
v -0.03082534 0.00778458 0.04515234
v -0.03110850 0.00715090 0.04454989
v -0.02971450 0.00596090 0.04042066
v -0.02985535 0.00520747 0.04042066
v -0.02654604 0.00004773 0.04345013
v -0.02066219 0.01886671 0.04042066
v -0.01925802 0.01886671 0.04236690
v -0.01866121 0.01886671 0.04345013
v -0.01765637 0.01886671 0.04547440
v -0.03100250 0.00004773 0.04635527
v -0.03024887 0.00055062 0.04665881
v -0.03024887 0.00165036 0.04661980
v -0.03024887 0.00275010 0.04657020
v -0.03024887 0.00385168 0.04651332
v -0.03033744 0.00490168 0.04641545
v -0.03013560 0.00605116 0.04643926
v -0.03000782 0.00715090 0.04639693
v -0.02985390 0.00825064 0.04631493
v -0.02974644 0.00895801 0.04623888
v -0.03055671 0.00715090 0.04586987
v -0.02986987 0.01044827 0.04540166
v -0.02975806 0.01119064 0.04521451
v -0.03087907 0.00797064 0.04235037
v -0.03087036 0.00793748 0.04454989
v -0.03044199 0.00935038 0.04454989
v -0.02968691 0.01205828 0.04345013
v -0.02880259 0.00913485 0.04042066
v -0.02896812 0.00858222 0.04042066
v -0.02982486 0.01143012 0.04235037
v -0.02976387 0.01123485 0.04173799
v -0.02965060 0.01194775 0.04454989
v -0.02982050 0.01139696 0.04454989
v -0.02584033 0.00004773 0.04564965
v -0.01743710 0.01886671 0.04603586
v -0.02355039 0.01886671 0.04042066
v -0.03024887 0.00004773 0.04665881
v -0.02840907 0.00055062 0.04717596
v -0.02825660 0.00495142 0.04717596
v -0.02815496 0.00604011 0.04717596
v -0.02914963 0.00825064 0.04660591
v -0.02895506 0.01044827 0.04641413
v -0.02879097 0.01154985 0.04633543
v -0.02961866 0.00968932 0.04612051
v -0.02866609 0.01222959 0.04625211
v -0.02950395 0.01044827 0.04595121
v -0.02937907 0.01155354 0.04560865
v -0.02890278 0.01261828 0.04566685
v -0.02872562 0.01343617 0.04531238
v -0.02932824 0.01264959 0.04454989
v -0.02939939 0.01264959 0.04345013
v -0.02962737 0.01198091 0.04235037
v -0.02867625 0.00951617 0.04042066
v -0.02871982 0.01345275 0.04170691
v -0.02767431 0.01230696 0.04042066
v -0.02787906 0.01183907 0.04042066
v -0.02573723 0.00004773 0.04615225
v -0.01726140 0.01886671 0.04674941
v -0.02545843 0.01886671 0.04170228
v -0.02409492 0.01823302 0.04042066
v -0.02840907 0.00004773 0.04717596
v -0.02680597 0.01033591 0.04717596
v -0.02804895 0.01154985 0.04662641
v -0.02807800 0.01261828 0.04642273
v -0.02770481 0.01374933 0.04632816
v -0.02657073 0.01594881 0.04630898
v -0.02754363 0.01438302 0.04623425
v -0.02846280 0.01296275 0.04604578
v -0.02882582 0.01362407 0.04454989
v -0.02734324 0.01511618 0.04600875
v -0.02760171 0.01558960 0.04527535
v -0.02886212 0.01369223 0.04345013
v -0.02882146 0.01363512 0.04235037
v -0.02760171 0.01560618 0.04171815
v -0.02654169 0.01445302 0.04042066
v -0.02561526 0.00004773 0.04674941
v -0.01717428 0.01886671 0.04717596
v -0.02570819 0.01886671 0.04235037
v -0.02648070 0.01771723 0.04173005
v -0.02442019 0.01783697 0.04042066
v -0.02555863 0.00004773 0.04717596
v -0.02572852 0.01254828 0.04717596
v -0.02694972 0.01374933 0.04661252
v -0.02584904 0.01594881 0.04658871
v -0.02696570 0.01479012 0.04640487
v -0.02583888 0.01696013 0.04637181
v -0.02641826 0.01653644 0.04621508
v -0.02768884 0.01575355 0.04454989
v -0.02619899 0.01726960 0.04596907
v -0.02662010 0.01696013 0.04562122
v -0.02647634 0.01770618 0.04523567
v -0.02699619 0.01704855 0.04454989
v -0.02772514 0.01582171 0.04345013
v -0.02768884 0.01576460 0.04235037
v -0.02632242 0.01485091 0.04042066
v -0.02145648 0.01886671 0.04717596
v -0.02577063 0.01886671 0.04311286
v -0.02611913 0.01836934 0.04235037
v -0.02655476 0.01782039 0.04235037
v -0.02479773 0.01734144 0.04042066
v -0.02546569 0.01632276 0.04042066
v -0.02459444 0.01470723 0.04717596
v -0.02474981 0.01704855 0.04669916
v -0.02477740 0.01816118 0.04645050
v -0.02546569 0.01780381 0.04630038
v -0.02516366 0.01853697 0.04605900
v -0.02582726 0.01812250 0.04564767
v -0.02546714 0.01886671 0.04533553
v -0.02548457 0.01886671 0.04529122
v -0.02571255 0.01886671 0.04454989
v -0.02612494 0.01836197 0.04454989
v -0.02655040 0.01781118 0.04454989
v -0.02706879 0.01704855 0.04345013
v -0.02412541 0.01886671 0.04646968
v -0.02234225 0.01794197 0.04717596
v -0.02579532 0.01886671 0.04345013
v -0.02616560 0.01841171 0.04345013
v -0.02658670 0.01786276 0.04345013
v -0.02447972 0.01886671 0.04634469
v -0.02462058 0.01886671 0.04625740
v -0.02500393 0.01886671 0.04591748
f 4031 4032 4033
f 4031 4033 4040
f 4031 4040 4034
f 4031 4034 4041
f 4031 4041 4051
f 4031 4051 4066
f 4031 4066 4084
f 4031 4084 4112
f 4031 4112 4135
f 4031 4135 4154
f 4031 4154 4159
f 4031 4159 4139
f 4031 4139 4115
f 4031 4115 4089
f 4031 4089 4068
f 4031 4068 4067
f 4031 4067 4053
f 4031 4053 4052
f 4031 4052 4042
f 4031 4042 4035
f 4031 4035 4032
f 4032 4035 4036
f 4032 4036 4033
f 4033 4036 4037
f 4033 4037 4038
f 4033 4038 4039
f 4033 4039 4040
f 4034 4040 4050
f 4034 4050 4041
f 4035 4042 4036
f 4036 4042 4043
f 4036 4043 4044
f 4036 4044 4037
f 4037 4045 4046
f 4037 4046 4047
f 4037 4047 4038
f 4037 4044 4048
f 4037 4048 4045
f 4038 4047 4039
f 4039 4049 4040
f 4039 4047 4046
f 4039 4046 4045
f 4039 4045 4049
f 4040 4049 4050
f 4041 4050 4065
f 4041 4065 4051
f 4042 4052 4043
f 4043 4052 4053
f 4043 4053 4054
f 4043 4054 4055
f 4043 4055 4056
f 4043 4056 4048
f 4043 4048 4044
f 4045 4048 4057
f 4045 4057 4058
f 4045 4058 4049
f 4048 4056 4059
f 4048 4059 4057
f 4049 4058 4060
f 4049 4060 4050
f 4050 4061 4062
f 4050 4062 4063
f 4050 4063 4064
f 4050 4064 4065
f 4050 4060 4061
f 4051 4065 4064
f 4051 4064 4063
f 4051 4063 4062
f 4051 4062 4061
f 4051 4061 4083
f 4051 4083 4082
f 4051 4082 4107
f 4051 4107 4106
f 4051 4106 4131
f 4051 4131 4134
f 4051 4134 4133
f 4051 4133 4153
f 4051 4153 4173
f 4051 4173 4179
f 4051 4179 4178
f 4051 4178 4158
f 4051 4158 4138
f 4051 4138 4114
f 4051 4114 4085
f 4051 4085 4066
f 4053 4067 4054
f 4054 4067 4068
f 4054 4068 4069
f 4054 4069 4070
f 4054 4070 4071
f 4054 4071 4072
f 4054 4072 4073
f 4054 4073 4055
f 4055 4073 4074
f 4055 4074 4056
f 4056 4075 4076
f 4056 4076 4059
f 4056 4074 4075
f 4057 4059 4077
f 4057 4077 4078
f 4057 4078 4058
f 4058 4078 4079
f 4058 4079 4060
f 4059 4076 4080
f 4059 4080 4081
f 4059 4081 4077
f 4060 4079 4082
f 4060 4082 4083
f 4060 4083 4061
f 4066 4085 4086
f 4066 4086 4087
f 4066 4087 4088
f 4066 4088 4084
f 4068 4089 4069
f 4069 4089 4115
f 4069 4115 4090
f 4069 4090 4091
f 4069 4091 4092
f 4069 4092 4093
f 4069 4093 4070
f 4070 4093 4094
f 4070 4094 4071
f 4071 4094 4072
f 4072 4094 4095
f 4072 4095 4073
f 4073 4095 4074
f 4074 4095 4096
f 4074 4096 4075
f 4075 4096 4097
f 4075 4097 4098
f 4075 4098 4099
f 4075 4099 4076
f 4076 4099 4100
f 4076 4100 4101
f 4076 4101 4080
f 4077 4102 4078
f 4077 4081 4103
f 4077 4103 4104
f 4077 4104 4105
f 4077 4105 4102
f 4078 4102 4079
f 4079 4106 4107
f 4079 4107 4082
f 4079 4102 4108
f 4079 4108 4109
f 4079 4109 4106
f 4080 4104 4103
f 4080 4103 4081
f 4080 4101 4110
f 4080 4110 4111
f 4080 4111 4104
f 4084 4088 4113
f 4084 4113 4112
f 4085 4114 4137
f 4085 4137 4156
f 4085 4156 4175
f 4085 4175 4194
f 4085 4194 4188
f 4085 4188 4187
f 4085 4187 4186
f 4085 4186 4199
f 4085 4199 4198
f 4085 4198 4197
f 4085 4197 4192
f 4085 4192 4174
f 4085 4174 4155
f 4085 4155 4136
f 4085 4136 4113
f 4085 4113 4088
f 4085 4088 4087
f 4085 4087 4086
f 4090 4115 4139
f 4090 4139 4116
f 4090 4116 4117
f 4090 4117 4118
f 4090 4118 4091
f 4091 4118 4092
f 4092 4118 4093
f 4093 4118 4095
f 4093 4095 4094
f 4095 4118 4096
f 4096 4118 4119
f 4096 4119 4120
f 4096 4120 4097
f 4097 4120 4121
f 4097 4121 4098
f 4098 4122 4099
f 4098 4121 4123
f 4098 4123 4122
f 4099 4122 4124
f 4099 4124 4100
f 4100 4124 4101
f 4101 4125 4126
f 4101 4126 4127
f 4101 4127 4110
f 4101 4124 4125
f 4102 4105 4108
f 4104 4111 4105
f 4105 4111 4110
f 4105 4110 4128
f 4105 4128 4129
f 4105 4129 4130
f 4105 4130 4108
f 4106 4109 4131
f 4108 4130 4109
f 4109 4130 4132
f 4109 4132 4133
f 4109 4133 4134
f 4109 4134 4131
f 4110 4127 4128
f 4112 4113 4136
f 4112 4136 4135
f 4114 4138 4137
f 4116 4139 4159
f 4116 4159 4155
f 4116 4155 4174
f 4116 4174 4193
f 4116 4193 4180
f 4116 4180 4160
f 4116 4160 4140
f 4116 4140 4118
f 4116 4118 4117
f 4118 4140 4119
f 4119 4140 4141
f 4119 4141 4120
f 4120 4141 4121
f 4121 4141 4142
f 4121 4142 4123
f 4122 4123 4124
f 4123 4142 4143
f 4123 4143 4144
f 4123 4144 4145
f 4123 4145 4146
f 4123 4146 4126
f 4123 4126 4125
f 4123 4125 4124
f 4126 4146 4127
f 4127 4147 4128
f 4127 4146 4148
f 4127 4148 4149
f 4127 4149 4147
f 4128 4147 4150
f 4128 4150 4129
f 4129 4150 4151
f 4129 4151 4130
f 4130 4151 4132
f 4132 4151 4152
f 4132 4152 4133
f 4133 4152 4153
f 4135 4136 4155
f 4135 4155 4154
f 4137 4138 4157
f 4137 4157 4156
f 4138 4158 4157
f 4140 4160 4141
f 4141 4160 4161
f 4141 4161 4142
f 4142 4161 4162
f 4142 4162 4163
f 4142 4163 4143
f 4143 4163 4144
f 4144 4163 4162
f 4144 4162 4164
f 4144 4164 4165
f 4144 4165 4145
f 4145 4165 4146
f 4146 4165 4148
f 4147 4149 4166
f 4147 4166 4171
f 4147 4171 4150
f 4148 4165 4167
f 4148 4167 4168
f 4148 4168 4149
f 4149 4168 4169
f 4149 4169 4170
f 4149 4170 4166
f 4150 4171 4172
f 4150 4172 4151
f 4151 4172 4152
f 4152 4172 4157
f 4152 4157 4153
f 4153 4157 4173
f 4154 4155 4159
f 4156 4157 4176
f 4156 4176 4175
f 4157 4177 4176
f 4157 4158 4178
f 4157 4178 4179
f 4157 4179 4173
f 4157 4172 4177
f 4160 4180 4161
f 4161 4180 4162
f 4162 4180 4181
f 4162 4181 4182
f 4162 4182 4164
f 4164 4182 4183
f 4164 4183 4165
f 4165 4183 4167
f 4166 4170 4171
f 4167 4183 4184
f 4167 4184 4185
f 4167 4185 4169
f 4167 4169 4168
f 4169 4185 4186
f 4169 4186 4187
f 4169 4187 4188
f 4169 4188 4189
f 4169 4189 4190
f 4169 4190 4170
f 4170 4190 4191
f 4170 4191 4171
f 4171 4191 4172
f 4172 4191 4177
f 4174 4192 4193
f 4175 4176 4195
f 4175 4195 4194
f 4176 4177 4195
f 4177 4191 4196
f 4177 4196 4195
f 4180 4193 4181
f 4181 4193 4182
f 4182 4193 4192
f 4182 4192 4197
f 4182 4197 4183
f 4183 4197 4198
f 4183 4198 4184
f 4184 4198 4199
f 4184 4199 4186
f 4184 4186 4185
f 4188 4194 4189
f 4189 4194 4195
f 4189 4195 4190
f 4190 4196 4191
f 4190 4195 4196

o part_38
v -0.01879064 -0.01729283 0.04718134
v -0.01879064 -0.01737782 0.04662374
v -0.01879064 -0.02154513 0.04718134
v 0.00157511 -0.02547333 0.04718134
v 0.00157511 -0.02552230 0.04682269
v 0.00157511 -0.02553239 0.04674950
v -0.01879064 -0.01752043 0.04612936
v 0.00157511 -0.02575422 0.04564961
v -0.01879064 -0.02368569 0.04659979
v -0.01810879 -0.02229562 0.04718134
v 0.00157511 -0.02834853 0.04718134
v -0.01879064 -0.01770481 0.04565826
v 0.00157511 -0.02644421 0.04345049
v -0.01879064 -0.02451253 0.04635625
v -0.01816262 -0.02477757 0.04645074
v -0.01788550 -0.02247280 0.04718134
v 0.00054835 -0.02840759 0.04718134
v 0.00054835 -0.03024997 0.04665901
v 0.00157511 -0.03024997 0.04662241
v -0.01879064 -0.01771057 0.04564628
v 0.00157511 -0.02683170 0.04262940
v -0.01879064 -0.02504118 0.04595037
v -0.01853744 -0.02516362 0.04605882
v -0.01780376 -0.02546613 0.04630036
v -0.01696042 -0.02583921 0.04637156
v -0.01594960 -0.02584929 0.04658914
v -0.01704814 -0.02474877 0.04669959
v -0.01481917 -0.02457015 0.04718134
v -0.00055019 -0.02840759 0.04718134
v 0.00054835 -0.03100334 0.04635492
v -0.00055019 -0.03024997 0.04665901
v 0.00157511 -0.03029894 0.04660245
v -0.01879064 -0.01877797 0.04344317
v 0.00157511 -0.02688356 0.04252161
v -0.01879064 -0.02550358 0.04536748
v -0.01812275 -0.02582769 0.04564761
v -0.01726944 -0.02619933 0.04596900
v -0.01653576 -0.02641828 0.04621519
v -0.01594960 -0.02657098 0.04630901
v -0.01478927 -0.02696567 0.04640483
v -0.01261812 -0.02807772 0.04642279
v -0.01374855 -0.02694982 0.04661243
v -0.01463376 -0.02467098 0.04718134
v -0.00479081 -0.02826354 0.04718134
v 0.00050648 -0.03160834 0.04555379
v 0.00157511 -0.03099181 0.04627108
v 0.00157511 -0.03095292 0.04632232
v -0.00055019 -0.03100334 0.04635492
v -0.00165072 -0.03024997 0.04661975
v -0.00495031 -0.02825202 0.04718134
v -0.00588336 -0.02817711 0.04718134
v -0.01879064 -0.01929654 0.04240516
v 0.00157511 -0.02795240 0.04038370
v -0.01879064 -0.02577439 0.04454972
v -0.01770606 -0.02647590 0.04523574
v -0.01696042 -0.02661995 0.04562166
v -0.01511623 -0.02734307 0.04600892
v -0.01296303 -0.02846233 0.04604551
v -0.01438255 -0.02754474 0.04623382
v -0.01222934 -0.02866688 0.04625179
v -0.01374855 -0.02770464 0.04632831
v -0.01154949 -0.02879076 0.04633563
v -0.01154949 -0.02804891 0.04662640
v -0.01247257 -0.02579167 0.04718134
v -0.00051031 -0.03160834 0.04555379
v 0.00011372 -0.03191084 0.04512395
v 0.00157511 -0.03144701 0.04564362
v -0.00275124 -0.03024997 0.04657051
v -0.00385177 -0.03024997 0.04651329
v -0.00165072 -0.03095004 0.04631966
v -0.00603887 -0.02814830 0.04718134
v -0.00605083 -0.03013617 0.04643943
v -0.01879064 -0.02073414 0.04038370
v 0.00157511 -0.03015201 0.04038370
v -0.01879064 -0.02585794 0.04345049
v -0.01836199 -0.02612443 0.04454972
v -0.01781173 -0.02655081 0.04454972
v -0.01704814 -0.02699592 0.04454972
v -0.01558874 -0.02760092 0.04527566
v -0.01343753 -0.02872594 0.04531225
v -0.01261812 -0.02890312 0.04566691
v -0.01155347 -0.02937847 0.04560836
v -0.01044896 -0.02950380 0.04595103
v -0.00968936 -0.02961903 0.04612070
v -0.00895567 -0.02974724 0.04623914
v -0.01044896 -0.02895497 0.04641414
v -0.00825189 -0.02985383 0.04631433
v -0.00825189 -0.02914944 0.04660577
v -0.01025956 -0.02686339 0.04718134
v -0.01043899 -0.02679281 0.04718134
v -0.00011556 -0.03191084 0.04512395
v -0.00275124 -0.03089530 0.04627973
v -0.00385177 -0.03084057 0.04623582
v -0.00449973 -0.03080887 0.04620854
v -0.00490046 -0.03106384 0.04574010
v 0.00050648 -0.03194973 0.04453707
v 0.00084541 -0.03187483 0.04489572
v 0.00157511 -0.03147582 0.04558107
v -0.00490046 -0.03033640 0.04641547
v -0.00688421 -0.02792503 0.04718134
v -0.00715136 -0.03000796 0.04639684
v -0.00523341 -0.03076278 0.04616728
v -0.01879064 -0.02352292 0.04038370
v 0.00157511 -0.03126551 0.04162067
v 0.00100491 -0.03187339 0.04190812
v 0.00027122 -0.03192237 0.04177437
v 0.00082747 -0.03022116 0.04038370
v -0.01879064 -0.02577151 0.04235060
v -0.01836997 -0.02612010 0.04235060
v -0.01841184 -0.02616620 0.04345049
v -0.01786157 -0.02658682 0.04345049
v -0.01704814 -0.02706794 0.04345049
v -0.01637028 -0.02743094 0.04345049
v -0.01630249 -0.02739493 0.04454972
v -0.01417321 -0.02853291 0.04454972
v -0.01362294 -0.02882677 0.04454972
v -0.01264802 -0.02932806 0.04454972
v -0.01194823 -0.02965073 0.04454972
v -0.01119062 -0.02975732 0.04521444
v -0.01044896 -0.02986968 0.04540142
v -0.00715136 -0.03055679 0.04586985
v -0.00605083 -0.03068499 0.04608145
v -0.00084924 -0.03187483 0.04489572
v -0.00051031 -0.03194973 0.04453707
v -0.00605083 -0.03104943 0.04553117
v -0.00495031 -0.03151183 0.04454972
v 0.00054835 -0.03200736 0.04345049
v 0.00128801 -0.03191805 0.04416246
v 0.00157511 -0.03184602 0.04453707
v 0.00157511 -0.03184170 0.04457168
v -0.01879064 -0.02549638 0.04169386
v -0.01782170 -0.02440593 0.04038370
v 0.00157511 -0.03181865 0.04225811
v 0.00128801 -0.03191805 0.04264138
v 0.00060218 -0.03195694 0.04230469
v -0.00027306 -0.03192237 0.04177437
v 0.00054835 -0.03023556 0.04038370
v -0.01879064 -0.02557560 0.04182694
v -0.01771803 -0.02648167 0.04173045
v -0.01781971 -0.02655513 0.04235060
v -0.01576419 -0.02768879 0.04235060
v -0.01424100 -0.02856892 0.04345049
v -0.01369073 -0.02886278 0.04345049
v -0.01264802 -0.02940008 0.04345049
v -0.01205788 -0.02968674 0.04345049
v -0.01139796 -0.02982070 0.04454972
v -0.00778536 -0.03082472 0.04515189
v -0.00715136 -0.03092123 0.04532024
v -0.00128985 -0.03191805 0.04416246
v -0.00055019 -0.03200736 0.04345049
v -0.00605083 -0.03136634 0.04454972
v -0.00605083 -0.03143260 0.04345049
v -0.00495031 -0.03157665 0.04345049
v 0.00138371 -0.03192669 0.04345049
v 0.00157511 -0.03190796 0.04345049
v 0.00157511 -0.03189788 0.04384507
v 0.00157511 -0.03185466 0.04445789
v -0.01594761 -0.02564907 0.04038370
v 0.00157511 -0.03183306 0.04237588
v -0.00060402 -0.03195694 0.04230469
v -0.00055019 -0.03023556 0.04038370
v -0.00100675 -0.03187339 0.04190812
v -0.00715136 -0.03091979 0.04169652
v -0.00494432 -0.02987400 0.04038370
v -0.00385177 -0.02998780 0.04038370
v -0.01443638 -0.02652632 0.04038370
v -0.01560669 -0.02760092 0.04171781
v -0.01363491 -0.02882101 0.04235060
v -0.01198013 -0.02962768 0.04235060
v -0.01142986 -0.02982502 0.04235060
v -0.00797078 -0.03087946 0.04235060
v -0.01150762 -0.02985383 0.04345049
v -0.00715136 -0.03117620 0.04345049
v -0.00793688 -0.03087081 0.04454972
v -0.00715136 -0.03110849 0.04454972
v -0.00193582 -0.03187339 0.04345049
v -0.00138555 -0.03192669 0.04345049
v -0.00128985 -0.03191805 0.04264138
v -0.00605083 -0.03132169 0.04235060
v -0.00715136 -0.03110705 0.04235060
v -0.00783122 -0.03083624 0.04176239
v -0.00825189 -0.02902412 0.04038370
v -0.01229314 -0.02765854 0.04038370
v -0.01345149 -0.02872017 0.04170717
v -0.01123448 -0.02976452 0.04173777
v -0.00911915 -0.02878644 0.04038370
v -0.01154949 -0.02794664 0.04038370
f 4200 4201 4206
f 4200 4206 4211
f 4200 4211 4219
f 4200 4219 4232
f 4200 4232 4251
f 4200 4251 4272
f 4200 4272 4302
f 4200 4302 4330
f 4200 4330 4337
f 4200 4337 4307
f 4200 4307 4274
f 4200 4274 4253
f 4200 4253 4234
f 4200 4234 4221
f 4200 4221 4213
f 4200 4213 4208
f 4200 4208 4202
f 4200 4202 4209
f 4200 4209 4215
f 4200 4215 4227
f 4200 4227 4242
f 4200 4242 4263
f 4200 4263 4289
f 4200 4289 4288
f 4200 4288 4299
f 4200 4299 4270
f 4200 4270 4250
f 4200 4250 4249
f 4200 4249 4243
f 4200 4243 4228
f 4200 4228 4216
f 4200 4216 4210
f 4200 4210 4203
f 4200 4203 4204
f 4200 4204 4205
f 4200 4205 4201
f 4201 4205 4207
f 4201 4207 4206
f 4202 4208 4209
f 4203 4210 4218
f 4203 4218 4231
f 4203 4231 4246
f 4203 4246 4245
f 4203 4245 4266
f 4203 4266 4297
f 4203 4297 4329
f 4203 4329 4328
f 4203 4328 4356
f 4203 4356 4355
f 4203 4355 4354
f 4203 4354 4358
f 4203 4358 4332
f 4203 4332 4303
f 4203 4303 4273
f 4203 4273 4252
f 4203 4252 4233
f 4203 4233 4220
f 4203 4220 4212
f 4203 4212 4207
f 4203 4207 4205
f 4203 4205 4204
f 4206 4207 4212
f 4206 4212 4211
f 4208 4213 4214
f 4208 4214 4209
f 4209 4214 4215
f 4210 4216 4217
f 4210 4217 4218
f 4211 4212 4220
f 4211 4220 4233
f 4211 4233 4219
f 4213 4221 4222
f 4213 4222 4223
f 4213 4223 4214
f 4214 4223 4224
f 4214 4224 4225
f 4214 4225 4226
f 4214 4226 4215
f 4215 4226 4227
f 4216 4228 4230
f 4216 4230 4217
f 4217 4229 4218
f 4217 4230 4247
f 4217 4247 4229
f 4218 4229 4231
f 4219 4233 4232
f 4221 4234 4222
f 4222 4234 4235
f 4222 4235 4236
f 4222 4236 4223
f 4223 4236 4237
f 4223 4237 4224
f 4224 4237 4238
f 4224 4238 4225
f 4225 4238 4239
f 4225 4239 4240
f 4225 4240 4241
f 4225 4241 4242
f 4225 4242 4227
f 4225 4227 4226
f 4228 4243 4230
f 4229 4244 4245
f 4229 4245 4246
f 4229 4246 4231
f 4229 4247 4264
f 4229 4264 4244
f 4230 4248 4247
f 4230 4243 4249
f 4230 4249 4250
f 4230 4250 4248
f 4232 4233 4251
f 4233 4252 4251
f 4234 4253 4254
f 4234 4254 4235
f 4235 4254 4236
f 4236 4254 4255
f 4236 4255 4256
f 4236 4256 4237
f 4237 4256 4257
f 4237 4257 4258
f 4237 4258 4238
f 4238 4258 4259
f 4238 4259 4260
f 4238 4260 4239
f 4239 4260 4240
f 4240 4259 4261
f 4240 4261 4262
f 4240 4262 4241
f 4240 4260 4259
f 4241 4262 4242
f 4242 4262 4263
f 4244 4264 4290
f 4244 4290 4265
f 4244 4265 4266
f 4244 4266 4245
f 4247 4248 4267
f 4247 4267 4268
f 4247 4268 4269
f 4247 4269 4264
f 4248 4250 4267
f 4250 4270 4271
f 4250 4271 4268
f 4250 4268 4267
f 4251 4252 4272
f 4252 4273 4306
f 4252 4306 4336
f 4252 4336 4360
f 4252 4360 4364
f 4252 4364 4363
f 4252 4363 4381
f 4252 4381 4385
f 4252 4385 4386
f 4252 4386 4382
f 4252 4382 4365
f 4252 4365 4357
f 4252 4357 4331
f 4252 4331 4302
f 4252 4302 4272
f 4253 4274 4275
f 4253 4275 4254
f 4254 4275 4276
f 4254 4276 4277
f 4254 4277 4278
f 4254 4278 4255
f 4255 4278 4256
f 4256 4278 4279
f 4256 4279 4257
f 4257 4280 4259
f 4257 4259 4258
f 4257 4279 4280
f 4259 4280 4281
f 4259 4281 4282
f 4259 4282 4283
f 4259 4283 4284
f 4259 4284 4261
f 4261 4285 4262
f 4261 4284 4286
f 4261 4286 4285
f 4262 4285 4287
f 4262 4287 4288
f 4262 4288 4289
f 4262 4289 4263
f 4264 4269 4291
f 4264 4291 4292
f 4264 4292 4293
f 4264 4293 4294
f 4264 4294 4290
f 4265 4290 4323
f 4265 4323 4295
f 4265 4295 4296
f 4265 4296 4297
f 4265 4297 4266
f 4268 4271 4298
f 4268 4298 4269
f 4269 4298 4291
f 4270 4299 4287
f 4270 4287 4300
f 4270 4300 4271
f 4271 4300 4301
f 4271 4301 4293
f 4271 4293 4292
f 4271 4292 4298
f 4273 4303 4304
f 4273 4304 4305
f 4273 4305 4306
f 4274 4307 4308
f 4274 4308 4309
f 4274 4309 4275
f 4275 4309 4276
f 4276 4310 4311
f 4276 4311 4277
f 4276 4309 4310
f 4277 4311 4312
f 4277 4312 4313
f 4277 4313 4278
f 4278 4314 4315
f 4278 4315 4279
f 4278 4313 4314
f 4279 4315 4316
f 4279 4316 4317
f 4279 4317 4318
f 4279 4318 4280
f 4280 4318 4281
f 4281 4318 4282
f 4282 4318 4319
f 4282 4319 4320
f 4282 4320 4283
f 4283 4320 4284
f 4284 4320 4321
f 4284 4321 4286
f 4285 4286 4300
f 4285 4300 4287
f 4286 4321 4300
f 4287 4299 4288
f 4290 4322 4323
f 4290 4294 4324
f 4290 4324 4325
f 4290 4325 4322
f 4291 4298 4292
f 4293 4301 4294
f 4294 4301 4324
f 4295 4323 4349
f 4295 4349 4326
f 4295 4326 4327
f 4295 4327 4296
f 4296 4327 4328
f 4296 4328 4329
f 4296 4329 4297
f 4300 4321 4301
f 4301 4321 4324
f 4302 4331 4330
f 4303 4332 4304
f 4304 4333 4334
f 4304 4334 4305
f 4304 4332 4333
f 4305 4335 4360
f 4305 4360 4336
f 4305 4336 4306
f 4305 4334 4359
f 4305 4359 4335
f 4307 4337 4338
f 4307 4338 4308
f 4308 4338 4339
f 4308 4339 4309
f 4309 4339 4310
f 4310 4339 4311
f 4311 4339 4340
f 4311 4340 4312
f 4312 4341 4314
f 4312 4314 4313
f 4312 4340 4341
f 4314 4341 4342
f 4314 4342 4315
f 4315 4342 4343
f 4315 4343 4316
f 4316 4343 4344
f 4316 4344 4317
f 4317 4344 4345
f 4317 4345 4346
f 4317 4346 4318
f 4318 4346 4347
f 4318 4347 4319
f 4319 4347 4320
f 4320 4347 4321
f 4321 4347 4324
f 4322 4348 4323
f 4322 4325 4348
f 4323 4348 4349
f 4324 4347 4350
f 4324 4350 4325
f 4325 4350 4351
f 4325 4351 4352
f 4325 4352 4348
f 4326 4334 4333
f 4326 4333 4353
f 4326 4353 4327
f 4326 4349 4359
f 4326 4359 4334
f 4327 4353 4354
f 4327 4354 4355
f 4327 4355 4356
f 4327 4356 4328
f 4330 4331 4338
f 4330 4338 4337
f 4331 4357 4338
f 4332 4358 4333
f 4333 4354 4353
f 4333 4358 4354
f 4335 4359 4361
f 4335 4361 4362
f 4335 4362 4363
f 4335 4363 4364
f 4335 4364 4360
f 4338 4357 4365
f 4338 4365 4366
f 4338 4366 4340
f 4338 4340 4339
f 4340 4366 4367
f 4340 4367 4342
f 4340 4342 4341
f 4342 4367 4343
f 4343 4368 4344
f 4343 4367 4368
f 4344 4368 4369
f 4344 4369 4370
f 4344 4370 4371
f 4344 4371 4345
f 4345 4371 4372
f 4345 4372 4373
f 4345 4373 4346
f 4346 4373 4374
f 4346 4374 4350
f 4346 4350 4347
f 4348 4375 4376
f 4348 4376 4349
f 4348 4352 4375
f 4349 4376 4377
f 4349 4377 4359
f 4350 4374 4372
f 4350 4372 4351
f 4351 4378 4352
f 4351 4372 4379
f 4351 4379 4378
f 4352 4378 4361
f 4352 4361 4377
f 4352 4377 4375
f 4359 4377 4361
f 4361 4378 4362
f 4362 4378 4380
f 4362 4380 4363
f 4363 4380 4381
f 4365 4382 4366
f 4366 4382 4383
f 4366 4383 4367
f 4367 4383 4368
f 4368 4384 4369
f 4368 4383 4384
f 4369 4384 4380
f 4369 4380 4370
f 4370 4380 4379
f 4370 4379 4372
f 4370 4372 4371
f 4372 4374 4373
f 4375 4377 4376
f 4378 4379 4380
f 4380 4385 4381
f 4380 4384 4385
f 4382 4386 4384
f 4382 4384 4383
f 4384 4386 4385

o part_39
v -0.02502754 0.01067296 0.01165558
v -0.02460806 0.01155043 0.01165558
v -0.02200728 0.01067296 0.01165558
v -0.02515953 0.01067296 0.01269746
v -0.02325856 0.01407502 0.01165558
v -0.02526696 0.01092366 0.01459256
v -0.02753011 0.01215833 0.03834186
v -0.02640467 0.01431090 0.03846858
v -0.02212801 0.01067296 0.01274252
v -0.01780736 0.01680180 0.01165558
v -0.01780736 0.02014860 0.03574842
v -0.02803656 0.01067296 0.03795046
v -0.02769688 0.01160300 0.03796453
v -0.02311840 0.01433651 0.01165558
v -0.02787899 0.01184023 0.04041718
v -0.02767437 0.01230929 0.04041718
v -0.02654177 0.01445378 0.04041718
v -0.02632180 0.01485275 0.04041718
v -0.02520761 0.01634351 0.03794764
v -0.02472368 0.01067296 0.03574842
v -0.01780736 0.02050444 0.01165558
v -0.01780736 0.02019982 0.03597933
v -0.02805804 0.01067296 0.03817009
v -0.02309793 0.01539865 0.01651301
v -0.02296902 0.01458722 0.01165558
v -0.02823504 0.01078753 0.04041718
v -0.02546544 0.01632330 0.04041718
v -0.02526798 0.01644460 0.03904865
v -0.02479734 0.01734365 0.04041718
v -0.02427146 0.01768601 0.03818418
v -0.01780736 0.02041009 0.03690012
v -0.02493751 0.01067296 0.03687478
v -0.01825344 0.02013916 0.01165558
v -0.01780736 0.02415182 0.03809125
v -0.02813989 0.01067296 0.03904865
v -0.02223851 0.01569383 0.01165558
v -0.02299255 0.01522342 0.01485162
v -0.02284010 0.01480153 0.01165558
v -0.02825857 0.01067296 0.04041718
v -0.02441879 0.01783697 0.04041718
v -0.02409343 0.01823190 0.04041718
v -0.02224465 0.02009603 0.03794764
v -0.01978608 0.01868210 0.01165558
v -0.02014008 0.01825212 0.01165558
v -0.02078772 0.01746361 0.01165558
v -0.02178936 0.01624377 0.01165558
v -0.01780736 0.02155175 0.04041718
v -0.02589720 0.01067296 0.04041718
v -0.01868315 0.01978602 0.01165558
v -0.02009711 0.02224321 0.03794764
v -0.01823400 0.02409251 0.04041718
v -0.01783703 0.02441870 0.04041718
v -0.01780736 0.02444162 0.04041718
v -0.02285238 0.01499158 0.01265241
v -0.02308668 0.01942613 0.04041718
v -0.02185074 0.02072010 0.03904865
v -0.02178526 0.02064597 0.03794764
v -0.01978915 0.01978871 0.01877136
v -0.01923768 0.01923608 0.01165558
v -0.02123482 0.02123365 0.03794764
v -0.02064755 0.02178358 0.03794764
v -0.02072224 0.02184963 0.03904865
v -0.01942696 0.02308564 0.04041718
v -0.02208095 0.02061766 0.04041718
v -0.02173411 0.02098563 0.04041718
v -0.02130030 0.02129969 0.03904865
v -0.02098723 0.02173237 0.04041718
v -0.02061890 0.02207877 0.04041718
v -0.02136885 0.02136843 0.04041718
f 4387 4388 4391
f 4387 4391 4400
f 4387 4400 4411
f 4387 4411 4424
f 4387 4424 4422
f 4387 4422 4432
f 4387 4432 4431
f 4387 4431 4430
f 4387 4430 4429
f 4387 4429 4445
f 4387 4445 4435
f 4387 4435 4419
f 4387 4419 4407
f 4387 4407 4396
f 4387 4396 4389
f 4387 4389 4395
f 4387 4395 4406
f 4387 4406 4418
f 4387 4418 4434
f 4387 4434 4425
f 4387 4425 4421
f 4387 4421 4409
f 4387 4409 4398
f 4387 4398 4390
f 4387 4390 4388
f 4388 4390 4392
f 4388 4392 4393
f 4388 4393 4394
f 4388 4394 4391
f 4389 4396 4397
f 4389 4397 4395
f 4390 4398 4399
f 4390 4399 4393
f 4390 4393 4392
f 4391 4394 4400
f 4393 4399 4401
f 4393 4401 4402
f 4393 4402 4403
f 4393 4403 4394
f 4394 4403 4404
f 4394 4404 4405
f 4394 4405 4400
f 4395 4397 4406
f 4396 4407 4420
f 4396 4420 4439
f 4396 4439 4433
f 4396 4433 4417
f 4396 4417 4408
f 4396 4408 4397
f 4397 4408 4406
f 4398 4409 4401
f 4398 4401 4399
f 4400 4410 4411
f 4400 4405 4410
f 4401 4412 4425
f 4401 4425 4434
f 4401 4434 4433
f 4401 4433 4439
f 4401 4439 4438
f 4401 4438 4437
f 4401 4437 4449
f 4401 4449 4454
f 4401 4454 4453
f 4401 4453 4455
f 4401 4455 4451
f 4401 4451 4450
f 4401 4450 4441
f 4401 4441 4427
f 4401 4427 4426
f 4401 4426 4415
f 4401 4415 4413
f 4401 4413 4404
f 4401 4404 4403
f 4401 4403 4402
f 4401 4409 4412
f 4404 4413 4414
f 4404 4414 4405
f 4405 4414 4415
f 4405 4415 4416
f 4405 4416 4410
f 4406 4408 4417
f 4406 4417 4418
f 4407 4419 4420
f 4409 4421 4412
f 4410 4422 4423
f 4410 4423 4411
f 4410 4416 4422
f 4411 4423 4424
f 4412 4421 4425
f 4413 4415 4414
f 4415 4426 4416
f 4416 4426 4427
f 4416 4427 4428
f 4416 4428 4429
f 4416 4429 4430
f 4416 4430 4431
f 4416 4431 4432
f 4416 4432 4422
f 4417 4433 4418
f 4418 4433 4434
f 4419 4435 4420
f 4420 4435 4436
f 4420 4436 4437
f 4420 4437 4438
f 4420 4438 4439
f 4422 4424 4440
f 4422 4440 4423
f 4423 4440 4424
f 4427 4441 4442
f 4427 4442 4443
f 4427 4443 4428
f 4428 4443 4429
f 4429 4444 4445
f 4429 4443 4444
f 4435 4445 4444
f 4435 4444 4446
f 4435 4446 4447
f 4435 4447 4436
f 4436 4447 4437
f 4437 4448 4449
f 4437 4447 4448
f 4441 4450 4442
f 4442 4450 4451
f 4442 4451 4452
f 4442 4452 4446
f 4442 4446 4443
f 4443 4446 4444
f 4446 4452 4448
f 4446 4448 4447
f 4448 4452 4453
f 4448 4453 4454
f 4448 4454 4449
f 4451 4455 4452
f 4452 4455 4453

o part_40
v 0.01794321 -0.01818692 0.04718134
v 0.01801618 -0.01818692 0.04676746
v 0.02199106 -0.01818692 0.04718134
v 0.02555978 0.00004773 0.04718134
v 0.02561623 0.00004773 0.04674950
v 0.01803683 -0.01818692 0.04665435
v 0.02475710 -0.01818692 0.04645140
v 0.02233251 -0.01793167 0.04718134
v 0.02840705 0.00004773 0.04718134
v 0.02571812 0.00004773 0.04624713
v 0.01806024 -0.01818692 0.04652992
v 0.02476949 -0.01818692 0.04644741
v 0.02477912 -0.01816193 0.04645074
v 0.02475021 -0.01704993 0.04669959
v 0.02458361 -0.01469385 0.04718134
v 0.03024923 0.00004773 0.04665901
v 0.02840705 -0.00055022 0.04718134
v 0.02584065 0.00004773 0.04564961
v 0.01832459 -0.01818692 0.04564961
v 0.02530782 -0.01818692 0.04617460
v 0.02546616 -0.01780316 0.04630036
v 0.02583928 -0.01696068 0.04637156
v 0.02584891 -0.01594864 0.04658914
v 0.02694899 -0.01374963 0.04661243
v 0.02571674 -0.01253589 0.04718134
v 0.03065952 0.00004773 0.04649399
v 0.03024923 -0.00055022 0.04665901
v 0.02824871 -0.00495002 0.04718134
v 0.02654696 0.00004773 0.04345049
v 0.01954858 -0.01818692 0.04266400
v 0.02572500 -0.01818692 0.04571082
v 0.02620000 -0.01726947 0.04596900
v 0.02641892 -0.01653587 0.04621519
v 0.02657174 -0.01594864 0.04630901
v 0.02696551 -0.01479023 0.04640483
v 0.02807799 -0.01261800 0.04642279
v 0.02804907 -0.01154884 0.04662640
v 0.02679341 -0.01032260 0.04718134
v 0.03100235 0.00004773 0.04635492
v 0.03100235 -0.00055022 0.04635492
v 0.03024923 -0.00165151 0.04661975
v 0.02814132 -0.00603525 0.04718134
v 0.02804494 0.00004773 0.04038370
v 0.02123657 -0.01818692 0.04038370
v 0.02579659 -0.01818692 0.04562033
v 0.02582688 -0.01812266 0.04564761
v 0.02647537 -0.01770678 0.04523574
v 0.02661993 -0.01696068 0.04562166
v 0.02734276 -0.01511687 0.04600892
v 0.02846212 -0.01296427 0.04604551
v 0.02754378 -0.01438327 0.04623382
v 0.02866727 -0.01223067 0.04625179
v 0.02770487 -0.01374963 0.04632831
v 0.02879118 -0.01154884 0.04633563
v 0.02895364 -0.01044933 0.04641414
v 0.02914915 -0.00825032 0.04660577
v 0.03134518 0.00004773 0.04590246
v 0.03160815 -0.00050916 0.04555379
v 0.03024923 -0.00275101 0.04657051
v 0.03024923 -0.00385052 0.04651329
v 0.03095003 -0.00165151 0.04631966
v 0.03000691 -0.00715082 0.04639684
v 0.03013496 -0.00605131 0.04643943
v 0.03023546 0.00004773 0.04038370
v 0.02410724 -0.01818692 0.04038370
v 0.02621928 -0.01818692 0.04473337
v 0.02655109 -0.01781209 0.04454972
v 0.02699580 -0.01704993 0.04454972
v 0.02760161 -0.01558987 0.04527566
v 0.02872647 -0.01343727 0.04531225
v 0.02890270 -0.01261800 0.04566691
v 0.02937908 -0.01155419 0.04560836
v 0.02950437 -0.01044933 0.04595103
v 0.02961865 -0.00968896 0.04612070
v 0.02974669 -0.00895715 0.04623914
v 0.02985408 -0.00825032 0.04631433
v 0.03160815 0.00004773 0.04555379
v 0.03190968 -0.00011470 0.04512395
v 0.03187801 0.00004773 0.04516986
v 0.03089496 -0.00275101 0.04627973
v 0.03084126 -0.00385052 0.04623582
v 0.03080960 -0.00450022 0.04620854
v 0.03106431 -0.00490004 0.04574010
v 0.03033735 -0.00490004 0.04641547
v 0.03068568 -0.00605131 0.04608145
v 0.03076279 -0.00523382 0.04616728
v 0.03192345 0.00004773 0.04177437
v 0.03023546 -0.00055022 0.04038370
v 0.02579109 -0.01818692 0.04162732
v 0.02440601 -0.01782280 0.04038370
v 0.02648087 -0.01771749 0.04173045
v 0.02626058 -0.01818692 0.04454972
v 0.02658689 -0.01786206 0.04345049
v 0.02706878 -0.01704993 0.04345049
v 0.02631152 -0.01818692 0.04386370
v 0.02853234 -0.01417444 0.04454972
v 0.02882560 -0.01362290 0.04454972
v 0.02932814 -0.01264834 0.04454972
v 0.02965169 -0.01194687 0.04454972
v 0.02975771 -0.01119185 0.04521444
v 0.02987060 -0.01044933 0.04540142
v 0.03055764 -0.00715082 0.04586985
v 0.03187526 -0.00084830 0.04489572
v 0.03194961 -0.00050916 0.04453707
v 0.03192069 0.00004773 0.04497157
v 0.03190968 0.00004773 0.04512395
v 0.03105054 -0.00605131 0.04553117
v 0.03151177 -0.00495002 0.04454972
v 0.03195649 0.00004773 0.04230469
v 0.03192345 -0.00027356 0.04177437
v 0.03022032 -0.00083045 0.04038370
v 0.02626471 -0.01818692 0.04235060
v 0.02480391 -0.01730339 0.04038370
v 0.02768835 -0.01576479 0.04235060
v 0.02655522 -0.01781923 0.04235060
v 0.02544000 -0.01633953 0.04038370
v 0.02629500 -0.01485627 0.04038370
v 0.02652631 -0.01443682 0.04038370
v 0.02760161 -0.01560594 0.04171781
v 0.02633906 -0.01818692 0.04345049
v 0.02886277 -0.01369251 0.04345049
v 0.02939973 -0.01264834 0.04345049
v 0.02968611 -0.01205754 0.04345049
v 0.02981966 -0.01139712 0.04454972
v 0.03082474 -0.00778446 0.04515189
v 0.03092112 -0.00715082 0.04532024
v 0.03191794 -0.00129095 0.04416246
v 0.03162054 -0.00385052 0.04454972
v 0.03183808 -0.00165508 0.04453707
v 0.03200743 -0.00055022 0.04345049
v 0.03194961 0.00004773 0.04453707
v 0.03136721 -0.00605131 0.04454972
v 0.03157649 -0.00495002 0.04345049
v 0.03198127 0.00004773 0.04285696
v 0.03195649 -0.00060376 0.04230469
v 0.02997387 -0.00412539 0.04038370
v 0.03187388 -0.00100715 0.04190812
v 0.03091974 -0.00715082 0.04169652
v 0.02987474 -0.00494467 0.04038370
v 0.02882147 -0.01363540 0.04235060
v 0.02765943 -0.01229314 0.04038370
v 0.02872096 -0.01345155 0.04170717
v 0.02962691 -0.01198078 0.04235060
v 0.02982517 -0.01143103 0.04235060
v 0.02985408 -0.01150778 0.04345049
v 0.03044199 -0.00934983 0.04454972
v 0.03110975 -0.00715082 0.04454972
v 0.03192758 -0.00138555 0.04345049
v 0.03191794 -0.00129095 0.04264138
v 0.03200743 0.00004773 0.04345049
v 0.03117583 -0.00715082 0.04345049
v 0.03143192 -0.00605131 0.04345049
v 0.03132177 -0.00605131 0.04235060
v 0.03083576 -0.00783087 0.04176239
v 0.02969162 -0.00596028 0.04038370
v 0.02984032 -0.00516600 0.04038370
v 0.02787422 -0.01180051 0.04038370
v 0.02976459 -0.01123469 0.04173777
v 0.03087982 -0.00797187 0.04235060
v 0.03073800 -0.00859659 0.04345049
v 0.03090460 -0.00804684 0.04345049
v 0.03110699 -0.00715082 0.04235060
v 0.02878705 -0.00911957 0.04038370
v 0.02896191 -0.00853769 0.04038370
v 0.02865350 -0.00952653 0.04038370
f 4456 4457 4461
f 4456 4461 4466
f 4456 4466 4474
f 4456 4474 4485
f 4456 4485 4499
f 4456 4499 4520
f 4456 4520 4544
f 4456 4544 4567
f 4456 4567 4575
f 4456 4575 4550
f 4456 4550 4547
f 4456 4547 4521
f 4456 4521 4500
f 4456 4500 4486
f 4456 4486 4475
f 4456 4475 4467
f 4456 4467 4462
f 4456 4462 4458
f 4456 4458 4463
f 4456 4463 4470
f 4456 4470 4480
f 4456 4480 4493
f 4456 4493 4497
f 4456 4497 4483
f 4456 4483 4472
f 4456 4472 4464
f 4456 4464 4459
f 4456 4459 4460
f 4456 4460 4457
f 4457 4460 4461
f 4458 4462 4463
f 4459 4464 4471
f 4459 4471 4481
f 4459 4481 4494
f 4459 4494 4512
f 4459 4512 4532
f 4459 4532 4534
f 4459 4534 4561
f 4459 4561 4560
f 4459 4560 4586
f 4459 4586 4605
f 4459 4605 4589
f 4459 4589 4564
f 4459 4564 4542
f 4459 4542 4519
f 4459 4519 4498
f 4459 4498 4484
f 4459 4484 4473
f 4459 4473 4465
f 4459 4465 4460
f 4460 4465 4466
f 4460 4466 4461
f 4462 4467 4468
f 4462 4468 4463
f 4463 4468 4469
f 4463 4469 4470
f 4464 4472 4482
f 4464 4482 4471
f 4465 4473 4466
f 4466 4473 4474
f 4467 4475 4476
f 4467 4476 4468
f 4468 4476 4477
f 4468 4477 4478
f 4468 4478 4469
f 4469 4478 4470
f 4470 4479 4480
f 4470 4478 4479
f 4471 4482 4481
f 4472 4483 4482
f 4473 4484 4474
f 4474 4484 4485
f 4475 4486 4487
f 4475 4487 4476
f 4476 4487 4488
f 4476 4488 4477
f 4477 4488 4489
f 4477 4489 4478
f 4478 4489 4490
f 4478 4490 4491
f 4478 4491 4479
f 4479 4491 4492
f 4479 4492 4480
f 4480 4492 4493
f 4481 4482 4495
f 4481 4495 4494
f 4482 4496 4495
f 4482 4483 4497
f 4482 4497 4496
f 4484 4498 4485
f 4485 4498 4499
f 4486 4500 4501
f 4486 4501 4487
f 4487 4501 4502
f 4487 4502 4503
f 4487 4503 4504
f 4487 4504 4488
f 4488 4504 4505
f 4488 4505 4506
f 4488 4506 4489
f 4489 4506 4507
f 4489 4507 4508
f 4489 4508 4490
f 4490 4508 4491
f 4491 4507 4509
f 4491 4509 4492
f 4491 4508 4507
f 4492 4509 4510
f 4492 4510 4511
f 4492 4511 4493
f 4493 4511 4497
f 4494 4495 4512
f 4495 4513 4512
f 4495 4496 4514
f 4495 4514 4515
f 4495 4515 4516
f 4495 4516 4513
f 4496 4497 4514
f 4497 4511 4517
f 4497 4517 4518
f 4497 4518 4515
f 4497 4515 4514
f 4498 4519 4543
f 4498 4543 4566
f 4498 4566 4591
f 4498 4591 4594
f 4498 4594 4611
f 4498 4611 4610
f 4498 4610 4619
f 4498 4619 4618
f 4498 4618 4620
f 4498 4620 4612
f 4498 4612 4596
f 4498 4596 4573
f 4498 4573 4572
f 4498 4572 4571
f 4498 4571 4568
f 4498 4568 4545
f 4498 4545 4520
f 4498 4520 4499
f 4500 4521 4502
f 4500 4502 4501
f 4502 4521 4522
f 4502 4522 4523
f 4502 4523 4524
f 4502 4524 4503
f 4503 4524 4504
f 4504 4524 4525
f 4504 4525 4505
f 4505 4526 4507
f 4505 4507 4506
f 4505 4525 4526
f 4507 4526 4527
f 4507 4527 4528
f 4507 4528 4529
f 4507 4529 4530
f 4507 4530 4509
f 4509 4530 4531
f 4509 4531 4510
f 4510 4531 4517
f 4510 4517 4511
f 4512 4513 4532
f 4513 4533 4534
f 4513 4534 4532
f 4513 4516 4535
f 4513 4535 4536
f 4513 4536 4537
f 4513 4537 4538
f 4513 4538 4533
f 4515 4518 4539
f 4515 4539 4516
f 4516 4539 4535
f 4517 4540 4541
f 4517 4541 4518
f 4517 4531 4540
f 4518 4541 4537
f 4518 4537 4536
f 4518 4536 4539
f 4519 4542 4565
f 4519 4565 4543
f 4520 4545 4546
f 4520 4546 4544
f 4521 4547 4522
f 4522 4548 4549
f 4522 4549 4523
f 4522 4547 4550
f 4522 4550 4548
f 4523 4549 4551
f 4523 4551 4524
f 4524 4551 4552
f 4524 4552 4525
f 4525 4552 4553
f 4525 4553 4554
f 4525 4554 4555
f 4525 4555 4526
f 4526 4555 4527
f 4527 4555 4528
f 4528 4556 4557
f 4528 4557 4529
f 4528 4555 4556
f 4529 4557 4530
f 4530 4557 4540
f 4530 4540 4531
f 4533 4558 4559
f 4533 4559 4560
f 4533 4560 4561
f 4533 4561 4534
f 4533 4538 4562
f 4533 4562 4563
f 4533 4563 4558
f 4535 4539 4536
f 4537 4541 4538
f 4538 4541 4562
f 4540 4562 4541
f 4540 4557 4562
f 4542 4564 4590
f 4542 4590 4565
f 4543 4565 4566
f 4544 4546 4567
f 4545 4568 4546
f 4546 4569 4570
f 4546 4570 4567
f 4546 4568 4571
f 4546 4571 4572
f 4546 4572 4573
f 4546 4573 4574
f 4546 4574 4569
f 4548 4575 4570
f 4548 4570 4549
f 4548 4550 4575
f 4549 4570 4569
f 4549 4569 4576
f 4549 4576 4551
f 4551 4576 4552
f 4552 4576 4553
f 4553 4577 4578
f 4553 4578 4554
f 4553 4576 4577
f 4554 4578 4600
f 4554 4600 4579
f 4554 4579 4580
f 4554 4580 4555
f 4555 4580 4581
f 4555 4581 4556
f 4556 4581 4557
f 4557 4581 4562
f 4558 4582 4559
f 4558 4563 4583
f 4558 4583 4584
f 4558 4584 4582
f 4559 4585 4605
f 4559 4605 4586
f 4559 4586 4560
f 4559 4582 4585
f 4562 4581 4587
f 4562 4587 4563
f 4563 4587 4607
f 4563 4607 4588
f 4563 4588 4582
f 4563 4582 4583
f 4564 4589 4590
f 4565 4591 4566
f 4565 4590 4592
f 4565 4592 4593
f 4565 4593 4594
f 4565 4594 4591
f 4567 4570 4575
f 4569 4574 4595
f 4569 4595 4576
f 4573 4596 4574
f 4574 4596 4597
f 4574 4597 4595
f 4576 4595 4577
f 4577 4595 4598
f 4577 4598 4578
f 4578 4598 4599
f 4578 4599 4600
f 4579 4600 4601
f 4579 4601 4580
f 4580 4601 4602
f 4580 4602 4587
f 4580 4587 4581
f 4582 4603 4585
f 4582 4584 4583
f 4582 4588 4603
f 4585 4603 4604
f 4585 4604 4590
f 4585 4590 4589
f 4585 4589 4605
f 4587 4602 4606
f 4587 4606 4607
f 4588 4607 4608
f 4588 4608 4592
f 4588 4592 4604
f 4588 4604 4603
f 4590 4604 4592
f 4592 4608 4593
f 4593 4608 4609
f 4593 4609 4610
f 4593 4610 4611
f 4593 4611 4594
f 4595 4597 4598
f 4596 4612 4613
f 4596 4613 4597
f 4597 4613 4598
f 4598 4613 4599
f 4599 4613 4609
f 4599 4609 4614
f 4599 4614 4600
f 4600 4614 4615
f 4600 4615 4602
f 4600 4602 4601
f 4602 4615 4616
f 4602 4616 4606
f 4606 4616 4614
f 4606 4614 4617
f 4606 4617 4607
f 4607 4617 4608
f 4608 4617 4609
f 4609 4618 4619
f 4609 4619 4610
f 4609 4617 4614
f 4609 4613 4618
f 4612 4620 4613
f 4613 4620 4618
f 4614 4616 4615

o part_41
v -0.01516960 0.00000436 -0.05150176
v -0.00028050 0.00000436 -0.05150176
v -0.01516960 0.00000436 -0.04885906
v -0.01516960 0.00791784 -0.05162918
v -0.00000585 0.00000644 -0.05150176
v -0.00000585 0.00000436 -0.04885186
v -0.01374883 0.00000436 -0.04885186
v -0.01516960 0.00962830 -0.04795200
v -0.01516960 0.01434976 -0.05162918
v -0.00000585 0.01689048 -0.05162918
v -0.00000585 0.01796003 -0.04795200
v -0.01516960 0.01489286 -0.04795200
v -0.01503599 0.01503644 -0.04795200
v -0.01476727 0.01476801 -0.05162918
v -0.00000585 0.02092317 -0.05162918
v -0.00000585 0.02126235 -0.04795200
v -0.01448668 0.01555457 -0.04795200
v -0.01423727 0.01534856 -0.05114973
v -0.01419867 0.01531735 -0.05162918
v -0.00025230 0.02092317 -0.05162918
v -0.00055070 0.02126027 -0.04795200
v -0.01322477 0.01659083 -0.04795200
v -0.01322180 0.01651800 -0.04854123
v -0.01364937 0.01576890 -0.05162918
v -0.01255373 0.01687175 -0.05004975
v -0.01297981 0.01631824 -0.05162918
v -0.00164040 0.02078791 -0.05162918
v -0.00125292 0.02091484 -0.05074912
v -0.00055070 0.02116247 -0.04895012
v -0.00154836 0.02116455 -0.04795200
v -0.01265765 0.01705486 -0.04795200
v -0.01242902 0.01676979 -0.05162918
v -0.01258342 0.01711521 -0.04795200
v -0.01203560 0.01755635 -0.04795200
v -0.00227136 0.02072549 -0.05162918
v -0.00273456 0.02095022 -0.04893645
v -0.00264845 0.02105634 -0.04795200
v -0.01183666 0.01742109 -0.05004975
v -0.01173126 0.01735034 -0.05114973
v -0.01168524 0.01731913 -0.05162918
v -0.01148630 0.01788720 -0.04795200
v -0.01139128 0.01783102 -0.04895012
v -0.01118195 0.01770617 -0.05114973
v -0.01113593 0.01767912 -0.05162918
v -0.00275089 0.02067763 -0.05162918
v -0.00273456 0.02083993 -0.05003283
v -0.00274940 0.02104594 -0.04795200
v -0.00309086 0.02087739 -0.04929387
v -0.01050201 0.01844071 -0.04795200
v -0.01044856 0.01823262 -0.05004975
v -0.01044856 0.01805367 -0.05162918
v -0.00337145 0.02060064 -0.05162918
v -0.00341450 0.02091484 -0.04856067
v -0.00370846 0.02093357 -0.04795200
v -0.00996013 0.01873203 -0.04795200
v -0.01003881 0.01827424 -0.05162918
v -0.00385098 0.02053821 -0.05162918
v -0.00414790 0.02086282 -0.04804307
v -0.00417908 0.02086698 -0.04795200
v -0.00935589 0.01905456 -0.04795200
v -0.00926088 0.01869041 -0.05162918
v -0.00447154 0.02039671 -0.05162918
v -0.00486051 0.02069427 -0.04795200
v -0.00495107 0.02028435 -0.05162918
v -0.00819048 0.01962055 -0.04795200
v -0.00824986 0.01924600 -0.05114973
v -0.00824986 0.01919398 -0.05162918
v -0.00902185 0.01881734 -0.05162918
v -0.00495107 0.02033429 -0.05114973
v -0.00495107 0.02056318 -0.04895012
v -0.00594872 0.02036550 -0.04795200
v -0.00614618 0.01996598 -0.05121812
v -0.00605710 0.01994933 -0.05162918
v -0.00774064 0.01981615 -0.04795200
v -0.00777033 0.01937917 -0.05162918
v -0.00768571 0.01979535 -0.04836126
v -0.00670290 0.01983072 -0.05089669
v -0.00739770 0.01970795 -0.05004975
v -0.00725815 0.01996806 -0.04795200
v -0.00712156 0.01962680 -0.05162918
f 4621 4622 4626
f 4621 4626 4627
f 4621 4627 4623
f 4621 4623 4628
f 4621 4628 4632
f 4621 4632 4629
f 4621 4629 4624
f 4621 4624 4622
f 4622 4625 4626
f 4622 4624 4625
f 4623 4627 4628
f 4624 4629 4634
f 4624 4634 4639
f 4624 4639 4644
f 4624 4644 4646
f 4624 4646 4652
f 4624 4652 4660
f 4624 4660 4664
f 4624 4664 4671
f 4624 4671 4676
f 4624 4676 4681
f 4624 4681 4688
f 4624 4688 4687
f 4624 4687 4695
f 4624 4695 4700
f 4624 4700 4693
f 4624 4693 4684
f 4624 4684 4682
f 4624 4682 4677
f 4624 4677 4672
f 4624 4672 4665
f 4624 4665 4655
f 4624 4655 4647
f 4624 4647 4640
f 4624 4640 4635
f 4624 4635 4630
f 4624 4630 4625
f 4625 4630 4635
f 4625 4635 4636
f 4625 4636 4631
f 4625 4631 4626
f 4626 4628 4627
f 4626 4631 4628
f 4628 4631 4636
f 4628 4636 4641
f 4628 4641 4650
f 4628 4650 4657
f 4628 4657 4667
f 4628 4667 4674
f 4628 4674 4679
f 4628 4679 4683
f 4628 4683 4691
f 4628 4691 4699
f 4628 4699 4694
f 4628 4694 4685
f 4628 4685 4680
f 4628 4680 4675
f 4628 4675 4669
f 4628 4669 4661
f 4628 4661 4654
f 4628 4654 4653
f 4628 4653 4651
f 4628 4651 4642
f 4628 4642 4637
f 4628 4637 4633
f 4628 4633 4632
f 4629 4632 4633
f 4629 4633 4634
f 4633 4637 4638
f 4633 4638 4639
f 4633 4639 4634
f 4635 4640 4636
f 4636 4640 4641
f 4637 4642 4643
f 4637 4643 4638
f 4638 4644 4639
f 4638 4643 4645
f 4638 4645 4646
f 4638 4646 4644
f 4640 4647 4648
f 4640 4648 4649
f 4640 4649 4641
f 4641 4649 4650
f 4642 4651 4643
f 4643 4651 4645
f 4645 4652 4646
f 4645 4651 4653
f 4645 4653 4654
f 4645 4654 4652
f 4647 4655 4648
f 4648 4656 4650
f 4648 4650 4649
f 4648 4655 4656
f 4650 4656 4657
f 4652 4654 4658
f 4652 4658 4659
f 4652 4659 4660
f 4654 4661 4662
f 4654 4662 4663
f 4654 4663 4664
f 4654 4664 4658
f 4655 4665 4666
f 4655 4666 4656
f 4656 4667 4657
f 4656 4666 4668
f 4656 4668 4667
f 4658 4664 4659
f 4659 4664 4660
f 4661 4669 4662
f 4662 4669 4663
f 4663 4669 4664
f 4664 4670 4671
f 4664 4669 4670
f 4665 4672 4673
f 4665 4673 4668
f 4665 4668 4666
f 4667 4668 4673
f 4667 4673 4674
f 4669 4675 4670
f 4670 4676 4671
f 4670 4675 4676
f 4672 4677 4673
f 4673 4677 4678
f 4673 4678 4674
f 4674 4678 4679
f 4675 4680 4681
f 4675 4681 4676
f 4677 4679 4678
f 4677 4682 4679
f 4679 4682 4684
f 4679 4684 4683
f 4680 4685 4686
f 4680 4686 4687
f 4680 4687 4688
f 4680 4688 4681
f 4683 4684 4689
f 4683 4689 4690
f 4683 4690 4691
f 4684 4692 4689
f 4684 4693 4692
f 4685 4687 4686
f 4685 4694 4687
f 4687 4694 4696
f 4687 4696 4695
f 4689 4692 4690
f 4690 4692 4691
f 4691 4692 4697
f 4691 4697 4698
f 4691 4698 4699
f 4692 4693 4700
f 4692 4700 4697
f 4694 4699 4696
f 4695 4696 4698
f 4695 4698 4700
f 4696 4699 4698
f 4697 4700 4698

o part_42
v 0.01882602 0.01722696 0.04717596
v 0.01882602 0.02152997 0.04717596
v 0.01882602 0.01727491 0.04693458
v 0.02556131 0.00004773 0.04717596
v 0.01903121 0.02142144 0.04717596
v 0.01882602 0.02368525 0.04659202
v 0.01882602 0.01731276 0.04674941
v 0.02561552 0.00004773 0.04674941
v 0.02840952 0.00004773 0.04717596
v 0.01882602 0.01739352 0.04636519
v 0.01882602 0.01755504 0.04575216
v 0.02145096 0.02144921 0.04661781
v 0.01930997 0.02371302 0.04648158
v 0.01921705 0.02126497 0.04717596
v 0.01882602 0.02449538 0.04635130
v 0.02584136 0.00004773 0.04564965
v 0.01882602 0.01872859 0.04339788
v 0.03024982 0.00004773 0.04665881
v 0.02840952 0.00055248 0.04717596
v 0.02371456 0.01930906 0.04648158
v 0.02232207 0.02144921 0.04634800
v 0.02206397 0.02206248 0.04624219
v 0.02145096 0.02231990 0.04634800
v 0.02025980 0.02025799 0.04717596
v 0.02126642 0.01921568 0.04717596
v 0.02230272 0.01810775 0.04717596
v 0.01898346 0.02442976 0.04632750
v 0.01882602 0.02502285 0.04593534
v 0.02654599 0.00004773 0.04345013
v 0.01882602 0.01927372 0.04238409
v 0.01882602 0.02068955 0.04042066
v 0.03100349 0.00004773 0.04635527
v 0.03024982 0.00055248 0.04665881
v 0.02826756 0.00479997 0.04717596
v 0.02477925 0.01816075 0.04645050
v 0.02443081 0.01898097 0.04632750
v 0.02546581 0.01780490 0.04630038
v 0.02309897 0.02089650 0.04619854
v 0.02290927 0.02154763 0.04575877
v 0.02231304 0.02231233 0.04564965
v 0.02155033 0.02290794 0.04575877
v 0.02089861 0.02309722 0.04619854
v 0.02247307 0.01789323 0.04717596
v 0.01971649 0.02412187 0.04613307
v 0.01882602 0.02540141 0.04546184
v 0.02803914 0.00004773 0.04042066
v 0.01882602 0.02352121 0.04042066
v 0.03160746 0.00004773 0.04555376
v 0.03100349 0.00055248 0.04635527
v 0.03024982 0.00165031 0.04661980
v 0.02818239 0.00589275 0.04717596
v 0.02825595 0.00495139 0.04717596
v 0.02475086 0.01704777 0.04669916
v 0.02584910 0.01594993 0.04658871
v 0.02583878 0.01695944 0.04637181
v 0.02641823 0.01653545 0.04621508
v 0.02619884 0.01726986 0.04596907
v 0.02516512 0.01853679 0.04605900
v 0.02442177 0.02006871 0.04539967
v 0.02308736 0.02198172 0.04501215
v 0.02338805 0.02124983 0.04546514
v 0.02198395 0.02308460 0.04501215
v 0.02125093 0.02338493 0.04546514
v 0.02007009 0.02441967 0.04539967
v 0.02457535 0.01481929 0.04717596
v 0.01882602 0.02548722 0.04535272
v 0.03024982 0.00004773 0.04042066
v 0.01882602 0.02547965 0.04169765
v 0.01904025 0.02340512 0.04042066
v 0.03191074 0.00004773 0.04512391
v 0.03160746 0.00050958 0.04555376
v 0.03094929 0.00165031 0.04631956
v 0.03024982 0.00385103 0.04651332
v 0.03024982 0.00275067 0.04657020
v 0.02815529 0.00603913 0.04717596
v 0.03013626 0.00605175 0.04643926
v 0.02657180 0.01594993 0.04630898
v 0.02467472 0.01464263 0.04717596
v 0.02694993 0.01374922 0.04661252
v 0.02807785 0.01262110 0.04642273
v 0.02696541 0.01478900 0.04640487
v 0.02754357 0.01438268 0.04623425
v 0.02846243 0.01296433 0.04604578
v 0.02734225 0.01511709 0.04600875
v 0.02647630 0.01770647 0.04523567
v 0.02582716 0.01812037 0.04564767
v 0.02662084 0.01695944 0.04562122
v 0.02545549 0.01888759 0.04532561
v 0.02314285 0.02204986 0.04427875
v 0.02256857 0.02256723 0.04464578
v 0.02612528 0.01836012 0.04454989
v 0.02512511 0.01958415 0.04454989
v 0.02412366 0.02080564 0.04454989
v 0.02205106 0.02314012 0.04427875
v 0.01958614 0.02512380 0.04454989
v 0.01882602 0.02574717 0.04454989
v 0.01889054 0.02545441 0.04532561
v 0.03192365 0.00004773 0.04177436
v 0.03024982 0.00055248 0.04042066
v 0.01882602 0.02553012 0.04178495
v 0.01888925 0.02544684 0.04170493
v 0.02200718 0.02310479 0.04179552
v 0.02024560 0.02238804 0.04042066
v 0.03192107 0.00004773 0.04497114
v 0.03191074 0.00011587 0.04512391
v 0.03106415 0.00490092 0.04574025
v 0.03080863 0.00450216 0.04620846
v 0.03084089 0.00385103 0.04623624
v 0.03089509 0.00275067 0.04627988
v 0.03033758 0.00490092 0.04641545
v 0.03000720 0.00715211 0.04639693
v 0.02914900 0.00825247 0.04660591
v 0.02792944 0.00689721 0.04717596
v 0.03076217 0.00523405 0.04616746
v 0.02770489 0.01374922 0.04632816
v 0.02866634 0.01223244 0.04625211
v 0.02579361 0.01248229 0.04717596
v 0.02804946 0.01155102 0.04662641
v 0.02879023 0.01155102 0.04633543
v 0.02872699 0.01343627 0.04531238
v 0.02890251 0.01262110 0.04566751
v 0.02760165 0.01558904 0.04527535
v 0.02699510 0.01704777 0.04454989
v 0.02655115 0.01780994 0.04454989
v 0.02316350 0.02207510 0.04345013
v 0.02262664 0.02262528 0.04345013
v 0.02616657 0.01841312 0.04345013
v 0.02516641 0.01963462 0.04345013
v 0.02461664 0.02030594 0.04345013
v 0.02416496 0.02085612 0.04345013
v 0.02207687 0.02316031 0.04345013
v 0.02145096 0.02367516 0.04345013
v 0.01882602 0.02583045 0.04345013
v 0.03192365 0.00027487 0.04177436
v 0.03195720 0.00004773 0.04230474
v 0.03000720 0.00385103 0.04042066
v 0.01882602 0.02574212 0.04235037
v 0.02204332 0.02313507 0.04235037
v 0.02259438 0.02259247 0.04235037
v 0.02310672 0.02200696 0.04179552
v 0.02136966 0.02136844 0.04042066
v 0.03194945 0.00004773 0.04453733
v 0.03194945 0.00050958 0.04453733
v 0.03187461 0.00084776 0.04489575
v 0.03151197 0.00495139 0.04454989
v 0.03104995 0.00605175 0.04553128
v 0.03068602 0.00605175 0.04608149
v 0.02985363 0.00825247 0.04631493
v 0.02895413 0.01045066 0.04641413
v 0.02686733 0.01026895 0.04717596
v 0.02974651 0.00895912 0.04623888
v 0.02961875 0.00969101 0.04612051
v 0.02950389 0.01045066 0.04595121
v 0.02937871 0.01155607 0.04560865
v 0.02679894 0.01044057 0.04717596
v 0.02882636 0.01362303 0.04454989
v 0.02975813 0.01119265 0.04521451
v 0.02965101 0.01194978 0.04454989
v 0.02932838 0.01265138 0.04454989
v 0.02817206 0.01484957 0.04454989
v 0.02739387 0.01630326 0.04454989
v 0.02706866 0.01704777 0.04345013
v 0.02743130 0.01637140 0.04345013
v 0.02658729 0.01786294 0.04345013
v 0.02313640 0.02204229 0.04235037
v 0.02655502 0.01782004 0.04235037
v 0.02612012 0.01837022 0.04235037
v 0.03187461 0.00100676 0.04190729
v 0.03195720 0.00060548 0.04230474
v 0.02989621 0.00494634 0.04042066
v 0.03091961 0.00715211 0.04169633
v 0.03198172 0.00004773 0.04285693
v 0.03200882 0.00055248 0.04345013
v 0.02340741 0.01903901 0.04042066
v 0.02239047 0.02024537 0.04042066
v 0.02648146 0.01771656 0.04173005
v 0.02441919 0.01783518 0.04042066
v 0.03198043 0.00004773 0.04396595
v 0.03191848 0.00129194 0.04416236
v 0.03183847 0.00165536 0.04453733
v 0.03157649 0.00495139 0.04345013
v 0.03143324 0.00605175 0.04345013
v 0.03136742 0.00605175 0.04454989
v 0.03092090 0.00715211 0.04532032
v 0.03055697 0.00715211 0.04587053
v 0.02987040 0.01045066 0.04540166
v 0.02886250 0.01369117 0.04345013
v 0.03082540 0.00778557 0.04515234
v 0.02982007 0.01139960 0.04454989
v 0.02968586 0.01206082 0.04345013
v 0.02939936 0.01265138 0.04345013
v 0.02824433 0.01484957 0.04345013
v 0.02768811 0.01576570 0.04235037
v 0.03191848 0.00129194 0.04264068
v 0.03132226 0.00605175 0.04235037
v 0.02904059 0.00825247 0.04042066
v 0.03083572 0.00783100 0.04176246
v 0.03200753 0.00004773 0.04345013
v 0.03192752 0.00138532 0.04345013
v 0.02760165 0.01560670 0.04171815
v 0.02654212 0.01445334 0.04042066
v 0.02566198 0.01595246 0.04042066
v 0.03179330 0.00275067 0.04345013
v 0.03110803 0.00715211 0.04235037
v 0.03117643 0.00715211 0.04345013
v 0.03110932 0.00715211 0.04454989
v 0.02882120 0.01363565 0.04235037
v 0.03044211 0.00935030 0.04454989
v 0.02985363 0.01151064 0.04345013
v 0.02982524 0.01143240 0.04235037
v 0.02962778 0.01198258 0.04235037
v 0.02880313 0.00913326 0.04042066
v 0.03087960 0.00797233 0.04235037
v 0.02976458 0.01123808 0.04173799
v 0.02872054 0.01345141 0.04170691
v 0.02767392 0.01231067 0.04042066
v 0.03073764 0.00859822 0.04345013
v 0.02796171 0.01155102 0.04042066
f 4701 4702 4706
f 4701 4706 4715
f 4701 4715 4728
f 4701 4728 4745
f 4701 4745 4766
f 4701 4766 4796
f 4701 4796 4833
f 4701 4833 4837
f 4701 4837 4800
f 4701 4800 4768
f 4701 4768 4747
f 4701 4747 4731
f 4701 4731 4730
f 4701 4730 4717
f 4701 4717 4711
f 4701 4711 4710
f 4701 4710 4707
f 4701 4707 4703
f 4701 4703 4704
f 4701 4704 4709
f 4701 4709 4719
f 4701 4719 4734
f 4701 4734 4752
f 4701 4752 4751
f 4701 4751 4775
f 4701 4775 4813
f 4701 4813 4850
f 4701 4850 4855
f 4701 4855 4817
f 4701 4817 4778
f 4701 4778 4765
f 4701 4765 4743
f 4701 4743 4726
f 4701 4726 4725
f 4701 4725 4724
f 4701 4724 4714
f 4701 4714 4705
f 4701 4705 4702
f 4702 4705 4706
f 4703 4707 4704
f 4704 4708 4716
f 4704 4716 4729
f 4704 4729 4746
f 4704 4746 4767
f 4704 4767 4798
f 4704 4798 4835
f 4704 4835 4872
f 4704 4872 4898
f 4704 4898 4878
f 4704 4878 4842
f 4704 4842 4804
f 4704 4804 4770
f 4704 4770 4748
f 4704 4748 4732
f 4704 4732 4718
f 4704 4718 4709
f 4704 4707 4710
f 4704 4710 4711
f 4704 4711 4708
f 4705 4712 4713
f 4705 4713 4706
f 4705 4714 4712
f 4706 4713 4715
f 4708 4711 4717
f 4708 4717 4716
f 4709 4718 4733
f 4709 4733 4719
f 4712 4720 4721
f 4712 4721 4722
f 4712 4722 4723
f 4712 4723 4713
f 4712 4714 4724
f 4712 4724 4725
f 4712 4725 4726
f 4712 4726 4720
f 4713 4723 4715
f 4715 4727 4728
f 4715 4723 4727
f 4716 4717 4730
f 4716 4730 4731
f 4716 4731 4729
f 4718 4732 4749
f 4718 4749 4733
f 4719 4733 4734
f 4720 4726 4735
f 4720 4735 4721
f 4721 4735 4736
f 4721 4736 4722
f 4722 4736 4737
f 4722 4737 4738
f 4722 4738 4739
f 4722 4739 4740
f 4722 4740 4741
f 4722 4741 4742
f 4722 4742 4727
f 4722 4727 4723
f 4726 4743 4735
f 4727 4744 4728
f 4727 4742 4744
f 4728 4744 4742
f 4728 4742 4745
f 4729 4731 4746
f 4731 4747 4769
f 4731 4769 4803
f 4731 4803 4841
f 4731 4841 4875
f 4731 4875 4874
f 4731 4874 4877
f 4731 4877 4902
f 4731 4902 4901
f 4731 4901 4916
f 4731 4916 4918
f 4731 4918 4912
f 4731 4912 4896
f 4731 4896 4870
f 4731 4870 4836
f 4731 4836 4799
f 4731 4799 4767
f 4731 4767 4746
f 4732 4748 4771
f 4732 4771 4749
f 4733 4749 4750
f 4733 4750 4751
f 4733 4751 4752
f 4733 4752 4734
f 4735 4743 4753
f 4735 4753 4754
f 4735 4754 4755
f 4735 4755 4737
f 4735 4737 4736
f 4737 4755 4756
f 4737 4756 4757
f 4737 4757 4758
f 4737 4758 4738
f 4738 4758 4759
f 4738 4759 4739
f 4739 4760 4740
f 4739 4759 4761
f 4739 4761 4760
f 4740 4762 4741
f 4740 4760 4762
f 4741 4762 4763
f 4741 4763 4764
f 4741 4764 4745
f 4741 4745 4742
f 4743 4765 4753
f 4745 4764 4766
f 4747 4768 4769
f 4748 4770 4805
f 4748 4805 4771
f 4749 4771 4772
f 4749 4772 4773
f 4749 4773 4774
f 4749 4774 4750
f 4750 4774 4751
f 4751 4774 4773
f 4751 4773 4776
f 4751 4776 4775
f 4753 4765 4754
f 4754 4777 4755
f 4754 4765 4778
f 4754 4778 4779
f 4754 4779 4780
f 4754 4780 4781
f 4754 4781 4777
f 4755 4777 4756
f 4756 4777 4782
f 4756 4782 4783
f 4756 4783 4784
f 4756 4784 4757
f 4757 4785 4786
f 4757 4786 4758
f 4757 4784 4787
f 4757 4787 4785
f 4758 4788 4759
f 4758 4786 4788
f 4759 4788 4760
f 4759 4760 4761
f 4760 4789 4790
f 4760 4790 4762
f 4760 4788 4785
f 4760 4785 4791
f 4760 4791 4792
f 4760 4792 4793
f 4760 4793 4789
f 4762 4790 4794
f 4762 4794 4795
f 4762 4795 4796
f 4762 4796 4797
f 4762 4797 4764
f 4762 4764 4763
f 4764 4797 4766
f 4766 4797 4796
f 4767 4799 4834
f 4767 4834 4798
f 4768 4800 4801
f 4768 4801 4769
f 4769 4801 4802
f 4769 4802 4803
f 4770 4804 4805
f 4771 4805 4806
f 4771 4806 4807
f 4771 4807 4808
f 4771 4808 4809
f 4771 4809 4772
f 4772 4809 4810
f 4772 4810 4773
f 4773 4810 4776
f 4775 4776 4811
f 4775 4811 4812
f 4775 4812 4813
f 4776 4810 4808
f 4776 4808 4807
f 4776 4807 4814
f 4776 4814 4811
f 4777 4781 4815
f 4777 4815 4816
f 4777 4816 4782
f 4778 4817 4818
f 4778 4818 4779
f 4779 4818 4780
f 4780 4818 4819
f 4780 4819 4816
f 4780 4816 4815
f 4780 4815 4781
f 4782 4816 4783
f 4783 4820 4784
f 4783 4816 4821
f 4783 4821 4820
f 4784 4820 4822
f 4784 4822 4787
f 4785 4823 4824
f 4785 4824 4791
f 4785 4788 4786
f 4785 4787 4822
f 4785 4822 4823
f 4789 4825 4826
f 4789 4826 4794
f 4789 4794 4790
f 4789 4793 4792
f 4789 4792 4791
f 4789 4791 4827
f 4789 4827 4828
f 4789 4828 4829
f 4789 4829 4830
f 4789 4830 4825
f 4791 4824 4827
f 4794 4826 4831
f 4794 4831 4832
f 4794 4832 4833
f 4794 4833 4796
f 4794 4796 4795
f 4798 4834 4869
f 4798 4869 4835
f 4799 4836 4834
f 4800 4837 4802
f 4800 4802 4801
f 4802 4837 4838
f 4802 4838 4839
f 4802 4839 4840
f 4802 4840 4841
f 4802 4841 4803
f 4804 4842 4843
f 4804 4843 4805
f 4805 4843 4844
f 4805 4844 4845
f 4805 4845 4846
f 4805 4846 4806
f 4806 4814 4807
f 4806 4846 4814
f 4808 4810 4809
f 4811 4814 4847
f 4811 4847 4848
f 4811 4848 4849
f 4811 4849 4812
f 4812 4849 4818
f 4812 4818 4850
f 4812 4850 4813
f 4814 4846 4847
f 4816 4819 4851
f 4816 4851 4852
f 4816 4852 4853
f 4816 4853 4854
f 4816 4854 4821
f 4817 4855 4818
f 4818 4855 4850
f 4818 4849 4819
f 4819 4849 4848
f 4819 4848 4851
f 4820 4856 4822
f 4820 4821 4857
f 4820 4857 4858
f 4820 4858 4859
f 4820 4859 4856
f 4821 4854 4857
f 4822 4856 4860
f 4822 4860 4861
f 4822 4861 4823
f 4823 4862 4824
f 4823 4861 4863
f 4823 4863 4862
f 4824 4862 4864
f 4824 4864 4827
f 4825 4830 4865
f 4825 4865 4826
f 4826 4865 4839
f 4826 4839 4838
f 4826 4838 4831
f 4827 4864 4866
f 4827 4866 4867
f 4827 4867 4865
f 4827 4865 4828
f 4828 4865 4829
f 4829 4865 4830
f 4831 4838 4832
f 4832 4838 4833
f 4833 4838 4837
f 4834 4868 4869
f 4834 4836 4870
f 4834 4870 4871
f 4834 4871 4868
f 4835 4869 4873
f 4835 4873 4872
f 4839 4865 4840
f 4840 4874 4875
f 4840 4875 4841
f 4840 4865 4867
f 4840 4867 4866
f 4840 4866 4876
f 4840 4876 4877
f 4840 4877 4874
f 4842 4878 4873
f 4842 4873 4843
f 4843 4873 4879
f 4843 4879 4844
f 4844 4879 4880
f 4844 4880 4845
f 4845 4880 4879
f 4845 4879 4881
f 4845 4881 4882
f 4845 4882 4883
f 4845 4883 4846
f 4846 4883 4884
f 4846 4884 4885
f 4846 4885 4847
f 4847 4885 4851
f 4847 4851 4848
f 4851 4885 4852
f 4852 4885 4853
f 4853 4885 4886
f 4853 4886 4857
f 4853 4857 4854
f 4856 4887 4860
f 4856 4859 4887
f 4857 4886 4884
f 4857 4884 4888
f 4857 4888 4858
f 4858 4889 4890
f 4858 4890 4859
f 4858 4888 4889
f 4859 4890 4891
f 4859 4891 4887
f 4860 4887 4892
f 4860 4892 4863
f 4860 4863 4861
f 4862 4866 4864
f 4862 4863 4893
f 4862 4893 4866
f 4863 4892 4893
f 4866 4893 4876
f 4868 4881 4894
f 4868 4894 4869
f 4868 4871 4895
f 4868 4895 4881
f 4869 4894 4873
f 4870 4896 4897
f 4870 4897 4871
f 4871 4897 4895
f 4872 4873 4898
f 4873 4894 4899
f 4873 4899 4879
f 4873 4878 4898
f 4876 4893 4900
f 4876 4900 4901
f 4876 4901 4902
f 4876 4902 4877
f 4879 4899 4903
f 4879 4903 4881
f 4881 4903 4894
f 4881 4895 4882
f 4882 4895 4904
f 4882 4904 4905
f 4882 4905 4883
f 4883 4905 4906
f 4883 4906 4888
f 4883 4888 4884
f 4884 4886 4885
f 4887 4891 4907
f 4887 4907 4893
f 4887 4893 4892
f 4888 4906 4908
f 4888 4908 4889
f 4889 4909 4890
f 4889 4908 4909
f 4890 4909 4910
f 4890 4910 4911
f 4890 4911 4891
f 4891 4911 4907
f 4893 4907 4900
f 4894 4903 4899
f 4895 4897 4904
f 4896 4912 4897
f 4897 4913 4904
f 4897 4912 4914
f 4897 4914 4910
f 4897 4910 4913
f 4900 4907 4915
f 4900 4915 4916
f 4900 4916 4901
f 4904 4913 4905
f 4905 4913 4917
f 4905 4917 4906
f 4906 4917 4908
f 4907 4911 4915
f 4908 4917 4909
f 4909 4917 4913
f 4909 4913 4910
f 4910 4914 4911
f 4911 4914 4915
f 4912 4918 4914
f 4914 4918 4916
f 4914 4916 4915

o part_43
v 0.02633995 -0.01818826 0.04345049
v 0.02631087 -0.01818826 0.04386370
v 0.02616543 -0.01841392 0.04345049
v 0.02626481 -0.01818826 0.04235060
v 0.02625997 -0.01818826 0.04454972
v 0.02612423 -0.01836288 0.04454972
v 0.02611938 -0.01837094 0.04235060
v 0.02314037 -0.02205131 0.04427890
v 0.02561520 -0.01908686 0.04345049
v 0.02313552 -0.02204325 0.04235060
v 0.02310401 -0.02200699 0.04179500
v 0.02544795 -0.01888941 0.04170517
v 0.02579215 -0.01818826 0.04162732
v 0.02621876 -0.01818826 0.04473337
v 0.02308462 -0.02198415 0.04501216
v 0.02557399 -0.01903582 0.04454972
v 0.02256832 -0.02256979 0.04464553
v 0.02204960 -0.02314199 0.04427890
v 0.02262407 -0.02262620 0.04345049
v 0.02316219 -0.02207683 0.04345049
v 0.02367606 -0.02145090 0.04345049
v 0.02416327 -0.02085721 0.04345049
v 0.02512314 -0.01958653 0.04454972
v 0.02412206 -0.02080616 0.04454972
v 0.02259256 -0.02259397 0.04235060
v 0.02200597 -0.02310573 0.04179500
v 0.02135878 -0.02135956 0.04038370
v 0.02174904 -0.02095257 0.04038370
v 0.02204718 -0.02063423 0.04038370
v 0.02305553 -0.01943744 0.04038370
v 0.02406146 -0.01824064 0.04038370
v 0.02410509 -0.01818826 0.04038370
v 0.02579457 -0.01818826 0.04562033
v 0.02545522 -0.01889076 0.04532556
v 0.02338519 -0.02125076 0.04546530
v 0.02290767 -0.02155030 0.04575873
v 0.02231139 -0.02231324 0.04564961
v 0.02198173 -0.02308692 0.04501216
v 0.02442020 -0.02007009 0.04540009
v 0.02144847 -0.02367793 0.04345049
v 0.02207384 -0.02316348 0.04345049
v 0.02080370 -0.02412388 0.04454972
v 0.02025347 -0.02457519 0.04454972
v 0.01903423 -0.02557453 0.04454972
v 0.01836038 -0.02612525 0.04454972
v 0.01841129 -0.02616555 0.04345049
v 0.01908514 -0.02561618 0.04345049
v 0.02204233 -0.02313662 0.04235060
v 0.01943661 -0.02305603 0.04038370
v 0.02063160 -0.02204997 0.04038370
v 0.02095156 -0.02175043 0.04038370
v 0.01837008 -0.02611988 0.04235060
v 0.01771804 -0.02648120 0.04173045
v 0.01782227 -0.02440595 0.04038370
v 0.01823919 -0.02406343 0.04038370
v 0.02123516 -0.01818826 0.04038370
v 0.02577033 -0.01818826 0.04565161
v 0.02572428 -0.01818826 0.04571082
v 0.02516193 -0.01853884 0.04605882
v 0.02309674 -0.02089884 0.04619856
v 0.02206172 -0.02206474 0.04624181
v 0.02154785 -0.02290962 0.04575873
v 0.02124970 -0.02338780 0.04546530
v 0.02006925 -0.02442207 0.04540009
v 0.01888880 -0.02545499 0.04532556
v 0.01770592 -0.02647582 0.04523574
v 0.01781015 -0.02655104 0.04454972
v 0.01786105 -0.02658731 0.04345049
v 0.01781985 -0.02655507 0.04235060
v 0.01576436 -0.02768874 0.04235060
v 0.01560680 -0.02760143 0.04171781
v 0.01443604 -0.02652552 0.04038370
v 0.01485538 -0.02629449 0.04038370
v 0.01634125 -0.02544021 0.04038370
v 0.01730113 -0.02480488 0.04038370
v 0.01954568 -0.01818826 0.04266400
v 0.00157710 -0.02795201 0.04038370
v 0.00210794 -0.02638986 0.04287759
v 0.02530736 -0.01818826 0.04617460
v 0.02442990 -0.01898344 0.04632698
v 0.02089581 -0.02309901 0.04619856
v 0.02232108 -0.02145090 0.04634827
v 0.02144847 -0.02145090 0.04661775
v 0.02144847 -0.02232264 0.04634827
v 0.01898091 -0.02443147 0.04632698
v 0.01780288 -0.02546574 0.04630036
v 0.01853733 -0.02516352 0.04605882
v 0.01812041 -0.02582706 0.04564761
v 0.01726961 -0.02619912 0.04596900
v 0.01696178 -0.02662089 0.04562166
v 0.01558983 -0.02760143 0.04527566
v 0.01704904 -0.02699564 0.04454972
v 0.01704904 -0.02706818 0.04345049
v 0.01369432 -0.02886270 0.04345049
v 0.01363615 -0.02882106 0.04235060
v 0.01345435 -0.02872032 0.04170717
v 0.01229571 -0.02765919 0.04038370
v 0.01832160 -0.01818826 0.04564961
v 0.00157710 -0.02644493 0.04345049
v 0.00157710 -0.02575452 0.04564961
v 0.00157710 -0.02553155 0.04674950
v 0.00157710 -0.03015217 0.04038370
v 0.00157710 -0.02688416 0.04252161
v 0.00157710 -0.02683177 0.04262940
v 0.00157710 -0.02659671 0.04312778
v 0.02476683 -0.01818826 0.04644741
v 0.02475471 -0.01818826 0.04645140
v 0.02371242 -0.01930983 0.04648201
v 0.02130061 -0.01910567 0.04718134
v 0.02025347 -0.02025545 0.04718134
v 0.01910695 -0.02130583 0.04718134
v 0.01793619 -0.02233607 0.04718134
v 0.01816162 -0.02477936 0.04645074
v 0.01930814 -0.02371420 0.04648201
v 0.01696178 -0.02583915 0.04637156
v 0.01653516 -0.02641941 0.04621519
v 0.01511717 -0.02734219 0.04600892
v 0.01343981 -0.02872703 0.04531225
v 0.01362645 -0.02882643 0.04454972
v 0.01265203 -0.02932879 0.04454972
v 0.01265203 -0.02939998 0.04345049
v 0.01198303 -0.02962698 0.04235060
v 0.01123646 -0.02976399 0.04173777
v 0.01180123 -0.02787410 0.04038370
v 0.01805739 -0.01818826 0.04652992
v 0.00157710 -0.02547380 0.04718134
v 0.00157710 -0.03126569 0.04162067
v 0.00192857 -0.03013471 0.04038370
v 0.02198900 -0.01818826 0.04718134
v 0.01470025 -0.02459131 0.04718134
v 0.01704904 -0.02475115 0.04669959
v 0.01594857 -0.02584989 0.04658914
v 0.01594857 -0.02657119 0.04630901
v 0.01438272 -0.02754367 0.04623382
v 0.01296472 -0.02846242 0.04604551
v 0.01262052 -0.02890299 0.04566691
v 0.01119283 -0.02975727 0.04521444
v 0.01194909 -0.02965116 0.04454972
v 0.01206059 -0.02968608 0.04345049
v 0.01143279 -0.02982577 0.04235060
v 0.00783084 -0.03083586 0.04176239
v 0.00912279 -0.02878614 0.04038370
v 0.00952759 -0.02865316 0.04038370
v 0.01804042 -0.01818826 0.04662041
v 0.00157710 -0.02834825 0.04718134
v 0.01794104 -0.01818826 0.04718134
v 0.01801376 -0.01818826 0.04676746
v 0.00157710 -0.03181909 0.04225811
v 0.00605167 -0.03100645 0.04164329
v 0.00302661 -0.03005546 0.04038370
v 0.01375007 -0.02694998 0.04661243
v 0.01254538 -0.02572363 0.04718134
v 0.01262052 -0.02807692 0.04642279
v 0.01478994 -0.02696475 0.04640483
v 0.01375007 -0.02770485 0.04632831
v 0.01223269 -0.02866659 0.04625179
v 0.01155642 -0.02937849 0.04560836
v 0.01045110 -0.02950475 0.04595103
v 0.01045110 -0.02987010 0.04540142
v 0.00715214 -0.03092049 0.04532024
v 0.00778478 -0.03082512 0.04515189
v 0.01139886 -0.02982040 0.04454972
v 0.01151036 -0.02985398 0.04345049
v 0.00797142 -0.03087885 0.04235060
v 0.00853862 -0.02896210 0.04038370
v 0.00715214 -0.03110719 0.04235060
v 0.00605167 -0.03132210 0.04235060
v 0.00715214 -0.03091914 0.04169652
v 0.00595956 -0.02969145 0.04038370
v 0.00157710 -0.03024888 0.04662241
v 0.00385075 -0.02828512 0.04718134
v 0.00157710 -0.03183386 0.04237588
v 0.00412465 -0.02997353 0.04038370
v 0.00494636 -0.02987413 0.04038370
v 0.01155157 -0.02804871 0.04662640
v 0.01033233 -0.02679954 0.04718134
v 0.01155157 -0.02879016 0.04633563
v 0.00895796 -0.02974653 0.04623914
v 0.00969241 -0.02961892 0.04612070
v 0.00715214 -0.03055782 0.04586985
v 0.00605167 -0.03105078 0.04553117
v 0.00605167 -0.03136643 0.04454972
v 0.00848772 -0.03070423 0.04454972
v 0.00715214 -0.03110853 0.04454972
v 0.00859680 -0.03073781 0.04345049
v 0.00715214 -0.03117569 0.04345049
v 0.00605167 -0.03143224 0.04345049
v 0.00495121 -0.03157597 0.04345049
v 0.00516694 -0.02984055 0.04038370
v 0.00157710 -0.03029993 0.04660245
v 0.00165224 -0.03024888 0.04661975
v 0.00603955 -0.02814811 0.04718134
v 0.00495121 -0.02825288 0.04718134
v 0.00157710 -0.03190908 0.04345049
v 0.00385075 -0.03168477 0.04345049
v 0.00825018 -0.02914880 0.04660577
v 0.01045110 -0.02895403 0.04641414
v 0.00825018 -0.02985398 0.04631433
v 0.00605167 -0.03068543 0.04608145
v 0.00495121 -0.03151149 0.04454972
v 0.00523481 -0.03076199 0.04616728
v 0.00490031 -0.03106421 0.04574010
v 0.00385075 -0.03121868 0.04564961
v 0.00157710 -0.03147523 0.04558107
v 0.00157710 -0.03184192 0.04457168
v 0.00157710 -0.03189834 0.04384507
v 0.00157710 -0.03095272 0.04632232
v 0.00275028 -0.03024888 0.04657051
v 0.00385075 -0.03024888 0.04651329
v 0.00605167 -0.03013606 0.04643943
v 0.00715214 -0.03000710 0.04639684
v 0.00275028 -0.03172909 0.04454972
v 0.00157710 -0.03185536 0.04445789
v 0.00450036 -0.03080900 0.04620854
v 0.00165224 -0.03143627 0.04564961
v 0.00157710 -0.03144702 0.04564362
v 0.00157710 -0.03099167 0.04627108
v 0.00165224 -0.03095004 0.04631966
v 0.00490031 -0.03033753 0.04641547
v 0.00385075 -0.03084124 0.04623582
v 0.00275028 -0.03089496 0.04627973
f 4919 4920 4921
f 4919 4921 4922
f 4919 4922 4931
f 4919 4931 4950
f 4919 4950 4974
f 4919 4974 4994
f 4919 4994 5016
f 4919 5016 5043
f 4919 5043 5062
f 4919 5062 5065
f 4919 5065 5064
f 4919 5064 5047
f 4919 5047 5025
f 4919 5025 5024
f 4919 5024 4997
f 4919 4997 4976
f 4919 4976 4975
f 4919 4975 4951
f 4919 4951 4932
f 4919 4932 4923
f 4919 4923 4920
f 4920 4923 4924
f 4920 4924 4921
f 4921 4925 4922
f 4921 4924 4926
f 4921 4926 4927
f 4921 4927 4928
f 4921 4928 4925
f 4922 4925 4929
f 4922 4929 4930
f 4922 4930 4931
f 4923 4932 4924
f 4924 4932 4933
f 4924 4933 4934
f 4924 4934 4926
f 4925 4928 4929
f 4926 4933 4935
f 4926 4935 4936
f 4926 4936 4937
f 4926 4937 4938
f 4926 4938 4939
f 4926 4939 4940
f 4926 4940 4927
f 4926 4934 4941
f 4926 4941 4942
f 4926 4942 4933
f 4927 4940 4928
f 4928 4939 4938
f 4928 4938 4937
f 4928 4937 4943
f 4928 4943 4929
f 4928 4940 4939
f 4929 4943 4944
f 4929 4944 4945
f 4929 4945 4946
f 4929 4946 4947
f 4929 4947 4948
f 4929 4948 4949
f 4929 4949 4950
f 4929 4950 4930
f 4930 4950 4931
f 4932 4951 4952
f 4932 4952 4933
f 4933 4953 4954
f 4933 4954 4955
f 4933 4955 4956
f 4933 4956 4935
f 4933 4942 4941
f 4933 4941 4934
f 4933 4952 4957
f 4933 4957 4953
f 4935 4956 4936
f 4936 4958 4959
f 4936 4959 4937
f 4936 4956 4960
f 4936 4960 4961
f 4936 4961 4962
f 4936 4962 4963
f 4936 4963 4964
f 4936 4964 4965
f 4936 4965 4958
f 4937 4959 4966
f 4937 4966 4943
f 4943 4966 4944
f 4944 4967 4968
f 4944 4968 4969
f 4944 4969 4945
f 4944 4966 4970
f 4944 4970 4971
f 4944 4971 4972
f 4944 4972 4973
f 4944 4973 4967
f 4945 4969 4968
f 4945 4968 4967
f 4945 4967 4973
f 4945 4973 4972
f 4945 4972 4993
f 4945 4993 4992
f 4945 4992 4991
f 4945 4991 4990
f 4945 4990 5015
f 4945 5015 5042
f 4945 5042 5061
f 4945 5061 5060
f 4945 5060 5083
f 4945 5083 5087
f 4945 5087 5107
f 4945 5107 5092
f 4945 5092 5091
f 4945 5091 5068
f 4945 5068 5046
f 4945 5046 5020
f 4945 5020 4995
f 4945 4995 4974
f 4945 4974 4950
f 4945 4950 4949
f 4945 4949 4948
f 4945 4948 4947
f 4945 4947 4946
f 4951 4975 4952
f 4952 4975 4976
f 4952 4976 4977
f 4952 4977 4957
f 4953 4957 4954
f 4954 4978 4979
f 4954 4979 4955
f 4954 4957 4978
f 4955 4979 4980
f 4955 4980 4956
f 4956 4961 4960
f 4956 4980 4981
f 4956 4981 4982
f 4956 4982 4983
f 4956 4983 4984
f 4956 4984 4963
f 4956 4963 4962
f 4956 4962 4961
f 4957 4977 4978
f 4958 4966 4959
f 4958 4965 4966
f 4963 4984 4985
f 4963 4985 4964
f 4964 4970 4966
f 4964 4966 4965
f 4964 4985 4986
f 4964 4986 4987
f 4964 4987 4970
f 4970 4987 4971
f 4971 4987 4988
f 4971 4988 4989
f 4971 4989 4990
f 4971 4990 4991
f 4971 4991 4992
f 4971 4992 4993
f 4971 4993 4972
f 4974 4995 4996
f 4974 4996 4994
f 4976 4997 4977
f 4977 4997 4978
f 4978 4997 4998
f 4978 4998 4979
f 4979 4999 4980
f 4979 4998 5000
f 4979 5000 5001
f 4979 5001 5002
f 4979 5002 5003
f 4979 5003 5004
f 4979 5004 4999
f 4980 4999 4982
f 4980 4982 4981
f 4982 4999 5005
f 4982 5005 4983
f 4983 5005 5006
f 4983 5006 4984
f 4984 5006 5007
f 4984 5007 5008
f 4984 5008 5009
f 4984 5009 5010
f 4984 5010 4985
f 4985 5010 5011
f 4985 5011 4986
f 4986 5011 4987
f 4987 5011 4988
f 4988 5011 5012
f 4988 5012 5013
f 4988 5013 4989
f 4989 5013 5014
f 4989 5014 5015
f 4989 5015 4990
f 4994 4996 5017
f 4994 5017 5018
f 4994 5018 5019
f 4994 5019 5016
f 4995 5020 5045
f 4995 5045 5066
f 4995 5066 5090
f 4995 5090 5112
f 4995 5112 5124
f 4995 5124 5131
f 4995 5131 5123
f 4995 5123 5122
f 4995 5122 5134
f 4995 5134 5135
f 4995 5135 5125
f 4995 5125 5108
f 4995 5108 5088
f 4995 5088 5063
f 4995 5063 5044
f 4995 5044 5019
f 4995 5019 5018
f 4995 5018 5017
f 4995 5017 5023
f 4995 5023 5022
f 4995 5022 5021
f 4995 5021 4996
f 4996 5021 5022
f 4996 5022 5023
f 4996 5023 5017
f 4997 5024 4998
f 4998 5024 5000
f 4999 5004 5005
f 5000 5024 5025
f 5000 5025 5026
f 5000 5026 5001
f 5001 5027 5028
f 5001 5028 5029
f 5001 5029 5030
f 5001 5030 5031
f 5001 5031 5032
f 5001 5032 5002
f 5001 5026 5025
f 5001 5025 5027
f 5002 5032 5031
f 5002 5031 5003
f 5003 5031 5004
f 5004 5033 5034
f 5004 5034 5007
f 5004 5007 5005
f 5004 5031 5033
f 5005 5007 5006
f 5007 5034 5008
f 5008 5034 5035
f 5008 5035 5009
f 5009 5035 5036
f 5009 5036 5037
f 5009 5037 5010
f 5010 5037 5012
f 5010 5012 5011
f 5012 5037 5038
f 5012 5038 5039
f 5012 5039 5013
f 5013 5039 5040
f 5013 5040 5014
f 5014 5040 5041
f 5014 5041 5015
f 5015 5041 5042
f 5016 5019 5043
f 5019 5044 5043
f 5020 5046 5045
f 5025 5047 5027
f 5027 5047 5064
f 5027 5064 5044
f 5027 5044 5063
f 5027 5063 5089
f 5027 5089 5111
f 5027 5111 5110
f 5027 5110 5094
f 5027 5094 5070
f 5027 5070 5048
f 5027 5048 5030
f 5027 5030 5029
f 5027 5029 5028
f 5030 5048 5049
f 5030 5049 5031
f 5031 5049 5050
f 5031 5050 5033
f 5033 5050 5051
f 5033 5051 5034
f 5034 5051 5052
f 5034 5052 5053
f 5034 5053 5035
f 5035 5053 5036
f 5036 5053 5054
f 5036 5054 5055
f 5036 5055 5056
f 5036 5056 5038
f 5036 5038 5037
f 5038 5056 5057
f 5038 5057 5039
f 5039 5057 5040
f 5040 5057 5058
f 5040 5058 5041
f 5041 5058 5059
f 5041 5059 5060
f 5041 5060 5061
f 5041 5061 5042
f 5043 5044 5062
f 5044 5064 5065
f 5044 5065 5062
f 5045 5046 5067
f 5045 5067 5066
f 5046 5068 5067
f 5048 5069 5050
f 5048 5050 5049
f 5048 5070 5069
f 5050 5069 5071
f 5050 5071 5072
f 5050 5072 5051
f 5051 5072 5073
f 5051 5073 5074
f 5051 5074 5052
f 5052 5074 5053
f 5053 5074 5054
f 5054 5074 5075
f 5054 5075 5055
f 5055 5075 5076
f 5055 5076 5077
f 5055 5077 5078
f 5055 5078 5079
f 5055 5079 5056
f 5056 5079 5080
f 5056 5080 5057
f 5057 5080 5081
f 5057 5081 5058
f 5058 5081 5082
f 5058 5082 5059
f 5059 5083 5060
f 5059 5082 5084
f 5059 5084 5085
f 5059 5085 5086
f 5059 5086 5087
f 5059 5087 5083
f 5063 5088 5089
f 5066 5067 5086
f 5066 5086 5085
f 5066 5085 5090
f 5067 5091 5092
f 5067 5092 5086
f 5067 5068 5091
f 5069 5070 5093
f 5069 5093 5071
f 5070 5094 5093
f 5071 5093 5095
f 5071 5095 5074
f 5071 5074 5073
f 5071 5073 5072
f 5074 5095 5096
f 5074 5096 5097
f 5074 5097 5076
f 5074 5076 5075
f 5076 5097 5098
f 5076 5098 5077
f 5077 5098 5078
f 5078 5098 5099
f 5078 5099 5100
f 5078 5100 5079
f 5079 5101 5080
f 5079 5100 5102
f 5079 5102 5101
f 5080 5101 5081
f 5081 5101 5103
f 5081 5103 5082
f 5082 5103 5104
f 5082 5104 5084
f 5084 5104 5105
f 5084 5105 5085
f 5085 5105 5106
f 5085 5106 5090
f 5086 5092 5107
f 5086 5107 5087
f 5088 5108 5109
f 5088 5109 5110
f 5088 5110 5111
f 5088 5111 5089
f 5090 5106 5113
f 5090 5113 5112
f 5093 5094 5114
f 5093 5114 5115
f 5093 5115 5095
f 5094 5110 5114
f 5095 5115 5116
f 5095 5116 5096
f 5096 5116 5117
f 5096 5117 5098
f 5096 5098 5097
f 5098 5117 5099
f 5099 5118 5100
f 5099 5117 5119
f 5099 5119 5120
f 5099 5120 5121
f 5099 5121 5122
f 5099 5122 5123
f 5099 5123 5118
f 5100 5105 5104
f 5100 5104 5102
f 5100 5118 5105
f 5101 5102 5104
f 5101 5104 5103
f 5105 5118 5106
f 5106 5118 5124
f 5106 5124 5113
f 5108 5125 5126
f 5108 5126 5109
f 5109 5126 5110
f 5110 5126 5127
f 5110 5127 5128
f 5110 5128 5129
f 5110 5129 5114
f 5112 5113 5124
f 5114 5129 5115
f 5115 5129 5116
f 5116 5129 5117
f 5117 5129 5119
f 5118 5123 5130
f 5118 5130 5131
f 5118 5131 5124
f 5119 5129 5128
f 5119 5128 5132
f 5119 5132 5120
f 5120 5132 5133
f 5120 5133 5121
f 5121 5133 5134
f 5121 5134 5122
f 5123 5131 5130
f 5125 5135 5136
f 5125 5136 5126
f 5126 5136 5127
f 5127 5137 5128
f 5127 5136 5137
f 5128 5137 5138
f 5128 5138 5132
f 5132 5138 5134
f 5132 5134 5133
f 5134 5138 5139
f 5134 5139 5135
f 5135 5139 5136
f 5136 5139 5137
f 5137 5139 5138

o part_44
v 0.02762813 0.00004662 0.05043976
v 0.02726260 0.00004662 0.05224970
v 0.02743492 -0.00055070 0.05137867
v 0.02754589 -0.00055070 0.05082849
v 0.02762552 -0.00025259 0.05043976
v 0.01813205 0.00004662 0.05043976
v 0.02725607 -0.00055070 0.05224970
v 0.02674563 0.00004662 0.05339600
v 0.02747539 -0.00196398 0.05048467
v 0.02748845 -0.00192533 0.05043976
v 0.02751195 -0.00123084 0.05066395
v 0.02754197 -0.00138321 0.05043976
v 0.02758114 -0.00098242 0.05043976
v 0.02762291 -0.00055070 0.05043976
v 0.01429132 -0.01123086 0.05043976
v 0.01943101 0.00004662 0.05340320
v 0.02677174 -0.00055070 0.05330791
v 0.02671038 -0.00165041 0.05323386
v 0.02664902 -0.00275011 0.05315262
v 0.02658636 -0.00385092 0.05306727
v 0.02651325 -0.00495062 0.05296546
v 0.02713988 -0.00165041 0.05224970
v 0.02740229 -0.00275011 0.05043976
v 0.02746625 -0.00214395 0.05043976
v 0.02629785 0.00004662 0.05389545
v 0.01568297 -0.01123086 0.05334973
v 0.02517644 -0.01123086 0.05043976
v 0.01981743 0.00004662 0.05385809
v 0.01569341 -0.01123086 0.05336755
v 0.02644798 -0.00565947 0.05287119
v 0.02674824 -0.00495062 0.05224970
v 0.02689184 -0.00385092 0.05224970
v 0.02629654 0.00003779 0.05389511
v 0.02566599 -0.00714893 0.05314713
v 0.02728218 -0.00382994 0.05043976
v 0.02628740 0.00004662 0.05389648
v 0.02286704 -0.01123086 0.05367298
v 0.02523780 -0.01111493 0.05043976
v 0.02508505 -0.01123086 0.05081992
v 0.01985529 0.00000798 0.05389751
v 0.01989315 0.00004662 0.05390539
v 0.01631351 -0.01123086 0.05393453
v 0.02632918 -0.00639261 0.05251777
v 0.02651717 -0.00603487 0.05219074
v 0.02550411 -0.00824974 0.05304258
v 0.02538009 -0.00906789 0.05291198
v 0.02526260 -0.00980103 0.05266586
v 0.02690359 -0.00604922 0.05043976
v 0.02714380 -0.00495062 0.05043976
v 0.02364902 -0.01044914 0.05356191
v 0.02474954 -0.00824974 0.05342548
v 0.02458114 -0.01044914 0.05314576
v 0.02565294 0.00004662 0.05392219
v 0.02254981 -0.01123086 0.05369903
v 0.02371691 -0.01123086 0.05337920
v 0.02535659 -0.01085877 0.05043976
v 0.02528740 -0.01097029 0.05054946
v 0.02485660 -0.01123086 0.05175163
v 0.02027304 0.00004662 0.05393316
v 0.01636573 -0.01123086 0.05393453
v 0.02144928 0.00004662 0.05394173
v 0.02583310 -0.00824974 0.05224970
v 0.02641795 -0.00666201 0.05178488
v 0.02440490 -0.01123086 0.05302442
v 0.02510464 -0.01041823 0.05227953
v 0.02535137 -0.01003068 0.05193297
v 0.02590229 -0.00934944 0.05043976
v 0.02574432 -0.00934944 0.05115003
v 0.02547670 -0.00940023 0.05227953
v 0.02446887 -0.01123086 0.05291644
v 0.02471169 -0.01123086 0.05231484
v 0.02632265 -0.00744483 0.05115003
v 0.02638923 -0.00766455 0.05055254
v 0.02636443 -0.00782907 0.05043976
v 0.02404067 -0.01123086 0.05323455
v 0.02474954 0.00004662 0.05393864
v 0.01677827 -0.01123086 0.05392424
v 0.01720385 -0.01123086 0.05391190
v 0.02551978 -0.01045356 0.05043976
v 0.02521430 -0.01080136 0.05115003
v 0.02254981 0.00004662 0.05394104
v 0.02612944 -0.00860416 0.05043976
v 0.02607853 -0.00824974 0.05115003
v 0.02579393 -0.00966853 0.05043976
f 5140 5141 5142
f 5140 5142 5143
f 5140 5143 5144
f 5140 5144 5153
f 5140 5153 5152
f 5140 5152 5151
f 5140 5151 5149
f 5140 5149 5163
f 5140 5163 5162
f 5140 5162 5174
f 5140 5174 5188
f 5140 5188 5187
f 5140 5187 5213
f 5140 5213 5221
f 5140 5221 5206
f 5140 5206 5223
f 5140 5223 5218
f 5140 5218 5195
f 5140 5195 5177
f 5140 5177 5166
f 5140 5166 5154
f 5140 5154 5145
f 5140 5145 5155
f 5140 5155 5167
f 5140 5167 5180
f 5140 5180 5198
f 5140 5198 5200
f 5140 5200 5220
f 5140 5220 5215
f 5140 5215 5192
f 5140 5192 5175
f 5140 5175 5164
f 5140 5164 5147
f 5140 5147 5141
f 5141 5146 5142
f 5141 5147 5146
f 5142 5146 5148
f 5142 5148 5149
f 5142 5149 5150
f 5142 5150 5143
f 5143 5150 5151
f 5143 5151 5152
f 5143 5152 5153
f 5143 5153 5144
f 5145 5154 5155
f 5146 5147 5156
f 5146 5156 5157
f 5146 5157 5158
f 5146 5158 5159
f 5146 5159 5160
f 5146 5160 5161
f 5146 5161 5162
f 5146 5162 5163
f 5146 5163 5148
f 5147 5164 5156
f 5148 5163 5149
f 5149 5151 5150
f 5154 5165 5155
f 5154 5166 5178
f 5154 5178 5197
f 5154 5197 5210
f 5154 5210 5209
f 5154 5209 5203
f 5154 5203 5214
f 5154 5214 5194
f 5154 5194 5176
f 5154 5176 5193
f 5154 5193 5217
f 5154 5217 5216
f 5154 5216 5199
f 5154 5199 5181
f 5154 5181 5168
f 5154 5168 5165
f 5155 5165 5168
f 5155 5168 5167
f 5156 5164 5157
f 5157 5164 5158
f 5158 5164 5159
f 5159 5164 5160
f 5160 5169 5170
f 5160 5170 5171
f 5160 5171 5161
f 5160 5164 5172
f 5160 5172 5173
f 5160 5173 5169
f 5161 5174 5162
f 5161 5171 5174
f 5164 5175 5176
f 5164 5176 5172
f 5166 5177 5178
f 5167 5179 5180
f 5167 5168 5181
f 5167 5181 5179
f 5169 5182 5183
f 5169 5183 5170
f 5169 5173 5184
f 5169 5184 5185
f 5169 5185 5186
f 5169 5186 5182
f 5170 5183 5187
f 5170 5187 5188
f 5170 5188 5171
f 5171 5188 5174
f 5172 5176 5189
f 5172 5189 5190
f 5172 5190 5173
f 5173 5190 5191
f 5173 5191 5184
f 5175 5192 5193
f 5175 5193 5176
f 5176 5194 5189
f 5177 5195 5196
f 5177 5196 5178
f 5178 5196 5197
f 5179 5181 5180
f 5180 5181 5198
f 5181 5199 5200
f 5181 5200 5198
f 5182 5186 5183
f 5183 5186 5201
f 5183 5201 5202
f 5183 5202 5187
f 5184 5191 5185
f 5185 5191 5203
f 5185 5203 5186
f 5186 5204 5205
f 5186 5205 5206
f 5186 5206 5207
f 5186 5207 5208
f 5186 5208 5201
f 5186 5203 5209
f 5186 5209 5210
f 5186 5210 5204
f 5187 5202 5211
f 5187 5211 5212
f 5187 5212 5213
f 5189 5194 5191
f 5189 5191 5190
f 5191 5194 5214
f 5191 5214 5203
f 5192 5215 5199
f 5192 5199 5216
f 5192 5216 5217
f 5192 5217 5193
f 5195 5218 5196
f 5196 5205 5204
f 5196 5204 5219
f 5196 5219 5197
f 5196 5218 5205
f 5197 5219 5210
f 5199 5215 5220
f 5199 5220 5200
f 5201 5208 5207
f 5201 5207 5221
f 5201 5221 5222
f 5201 5222 5211
f 5201 5211 5202
f 5204 5210 5219
f 5205 5218 5223
f 5205 5223 5206
f 5206 5221 5207
f 5211 5222 5221
f 5211 5221 5212
f 5212 5221 5213

o part_45
v -0.00000512 0.02773760 0.05019195
v -0.00000512 0.02750561 0.05173506
v -0.00000512 0.01784719 0.05019195
v -0.00054225 0.02773451 0.05019195
v -0.00006128 0.02750561 0.05173506
v -0.00000512 0.02713443 0.05334970
v -0.00000512 0.01911229 0.05334970
v -0.01517895 0.01193923 0.05516412
v -0.01512767 0.01193923 0.05506396
v -0.01330877 0.01193923 0.05019195
v -0.00389441 0.02739271 0.05019195
v -0.00047633 0.02738498 0.05216111
v -0.00055202 0.02713289 0.05334970
v -0.00055202 0.02670293 0.05417318
v -0.00000512 0.02670293 0.05417318
v -0.00000512 0.01946801 0.05418749
v -0.01552320 0.01193923 0.05530666
v -0.02494732 0.01193923 0.05019195
v -0.00495157 0.02727053 0.05019195
v -0.00385046 0.02680965 0.05334970
v -0.00165068 0.02702772 0.05334970
v -0.00275179 0.02692100 0.05334970
v -0.00495157 0.02647868 0.05403169
v -0.00385046 0.02655292 0.05411065
v -0.00275179 0.02660705 0.05414139
v -0.00165068 0.02665654 0.05416152
v -0.00715135 0.02543474 0.05511006
v -0.00000512 0.02584922 0.05447364
v -0.00605024 0.02538834 0.05505760
v -0.00000512 0.02034956 0.05448954
v -0.01592360 0.01193923 0.05541264
v -0.02440775 0.01193923 0.05269579
v -0.02302832 0.01416786 0.05356802
v -0.02336524 0.01489630 0.05019195
v -0.00605024 0.02704318 0.05019195
v -0.00558391 0.02642146 0.05394797
v -0.00495157 0.02708649 0.05115003
v -0.00495157 0.02687461 0.05225013
v -0.00495157 0.02666272 0.05334970
v -0.00799122 0.02537442 0.05507562
v -0.00935112 0.02461659 0.05527381
v -0.00831349 0.02483930 0.05524943
v -0.00935112 0.02364998 0.05556632
v -0.00715135 0.02474960 0.05531037
v -0.00605024 0.02034956 0.05540628
v -0.00000512 0.02529400 0.05448795
v -0.00715135 0.02364998 0.05542324
v -0.00715135 0.02254881 0.05546829
v -0.00000512 0.02144918 0.05450331
v -0.00605024 0.01925149 0.05540098
v -0.00530314 0.01861120 0.05508516
v -0.01666093 0.01193923 0.05558169
v -0.02417581 0.01193923 0.05376727
v -0.02415384 0.01201501 0.05368566
v -0.02322363 0.01343478 0.05444979
v -0.02292333 0.01398536 0.05444979
v -0.02233738 0.01493651 0.05449749
v -0.02306494 0.01534326 0.05045797
v -0.02327979 0.01505405 0.05019195
v -0.00581830 0.02648641 0.05334970
v -0.00715379 0.02671376 0.05019195
v -0.00657516 0.02639207 0.05276414
v -0.00637007 0.02633485 0.05334970
v -0.00872366 0.02526616 0.05491294
v -0.01045223 0.02441708 0.05519697
v -0.01045223 0.02364998 0.05549902
v -0.01155090 0.02254881 0.05559016
v -0.01045223 0.02254881 0.05560500
v -0.00935112 0.02254881 0.05559070
v -0.00825002 0.02254881 0.05554724
v -0.00825002 0.02364998 0.05552233
v -0.00000512 0.02474960 0.05450172
v -0.00715135 0.02144918 0.05550326
v -0.00715135 0.02034956 0.05552817
v -0.00715135 0.01925149 0.05554300
v -0.01704912 0.01193923 0.05559440
v -0.00825002 0.01925149 0.05559811
v -0.02401468 0.01193923 0.05444979
v -0.02314063 0.01328012 0.05504912
v -0.02196383 0.01536028 0.05489598
v -0.02269139 0.01589694 0.05019195
v -0.02283300 0.01571754 0.05019195
v -0.02206393 0.01548091 0.05416258
v -0.00935112 0.02604100 0.05019195
v -0.00972955 0.02524760 0.05363426
v -0.00715135 0.02609822 0.05334970
v -0.00899711 0.02535895 0.05418007
v -0.00831349 0.02548423 0.05450755
v -0.00935845 0.02516099 0.05450755
v -0.01045223 0.02476816 0.05444979
v -0.01113341 0.02426861 0.05507721
v -0.01264957 0.02330509 0.05517577
v -0.01151916 0.02367627 0.05527646
v -0.01264957 0.02254881 0.05547835
v -0.01374824 0.02144918 0.05558434
v -0.01484934 0.02034956 0.05560023
v -0.01264957 0.02144918 0.05560500
v -0.00935112 0.02034956 0.05560500
v -0.00935112 0.02144918 0.05560076
v -0.00825002 0.02034956 0.05558592
v -0.00825002 0.02144918 0.05556950
v -0.01776204 0.01193923 0.05560500
v -0.00935112 0.01925149 0.05560500
v -0.01045223 0.01815032 0.05560500
v -0.02397805 0.01193923 0.05452504
v -0.02353370 0.01193923 0.05523618
v -0.02329932 0.01265066 0.05517259
v -0.02220065 0.01462720 0.05517312
v -0.02102630 0.01665477 0.05444979
v -0.02093597 0.01654651 0.05503906
v -0.02002285 0.01787348 0.05444979
v -0.02261082 0.01599747 0.05019195
v -0.02116302 0.01682335 0.05334970
v -0.02098235 0.01770181 0.05115003
v -0.02210055 0.01662384 0.05019195
v -0.01971034 0.01859264 0.05334970
v -0.01045467 0.02566054 0.05019195
v -0.00995173 0.02531874 0.05290086
v -0.01037166 0.02505737 0.05330041
v -0.01086729 0.02524296 0.05143460
v -0.01131408 0.02436604 0.05444979
v -0.01328435 0.02314424 0.05505283
v -0.01462717 0.02220546 0.05517471
v -0.01368964 0.02256273 0.05525738
v -0.01493724 0.02154043 0.05534323
v -0.01594801 0.02034956 0.05547941
v -0.01704912 0.01925149 0.05552499
v -0.01814779 0.01815032 0.05555625
v -0.01594801 0.01925149 0.05560447
v -0.01704912 0.01815032 0.05560500
v -0.02144867 0.01193923 0.05560500
v -0.02325537 0.01193923 0.05534906
v -0.02255955 0.01368842 0.05525420
v -0.02153901 0.01493651 0.05534216
v -0.02117767 0.01595107 0.05517630
v -0.01989833 0.01772346 0.05509470
v -0.01956629 0.01842252 0.05444979
v -0.02034757 0.01814877 0.05224165
v -0.02070646 0.01832353 0.05019195
v -0.02157807 0.01726103 0.05019195
v -0.01901696 0.01902104 0.05444979
v -0.01961024 0.01961339 0.05019195
v -0.01967616 0.01954224 0.05019195
v -0.02009854 0.01906280 0.05019195
v -0.01057919 0.02561105 0.05019195
v -0.01104063 0.02532029 0.05070120
v -0.01161194 0.02445111 0.05333857
v -0.01201967 0.02415571 0.05369785
v -0.01344305 0.02322930 0.05444979
v -0.01399238 0.02292772 0.05444979
v -0.01536206 0.02196729 0.05490075
v -0.01654618 0.02093881 0.05504064
v -0.01594801 0.02118008 0.05517736
v -0.01811361 0.01923911 0.05526056
v -0.01923669 0.01811474 0.05526003
v -0.01924890 0.01705070 0.05552446
v -0.02144867 0.01375028 0.05558380
v -0.02034757 0.01485145 0.05560023
v -0.01924890 0.01595107 0.05560447
v -0.01814779 0.01705070 0.05560500
v -0.02144867 0.01265066 0.05560500
v -0.02216159 0.01193923 0.05559493
v -0.02254979 0.01193923 0.05554883
v -0.02254979 0.01265066 0.05547517
v -0.02034757 0.01595107 0.05547835
v -0.02029874 0.01696873 0.05520121
v -0.01886070 0.01886329 0.05513709
v -0.01842368 0.01957008 0.05444979
v -0.01859214 0.01971392 0.05334970
v -0.01953944 0.01967834 0.05019195
v -0.01114317 0.02537597 0.05019195
v -0.01146545 0.02500942 0.05110075
v -0.01417061 0.02303134 0.05358021
v -0.01493724 0.02234156 0.05450067
v -0.01534497 0.02306537 0.05046327
v -0.01547925 0.02206472 0.05416735
v -0.01665604 0.02102851 0.05444979
v -0.01787434 0.02002478 0.05444979
v -0.01772297 0.01990105 0.05509576
v -0.01696855 0.02030007 0.05520227
v -0.01868247 0.01978815 0.05274666
v -0.01615310 0.02171520 0.05334970
v -0.01906090 0.02009902 0.05019195
v -0.01157532 0.02514552 0.05019195
v -0.01307927 0.02413560 0.05115003
v -0.01443674 0.02317363 0.05225013
v -0.01489817 0.02336695 0.05019195
v -0.01504955 0.02328498 0.05019195
v -0.01182679 0.02501097 0.05019195
v -0.01572340 0.02283183 0.05019195
v -0.01560132 0.02216525 0.05334970
v -0.01832358 0.02070682 0.05019195
v -0.01847983 0.02057846 0.05019195
v -0.01662430 0.02210184 0.05019195
v -0.01599440 0.02261531 0.05019195
v -0.01576734 0.02229826 0.05225013
f 5224 5225 5229
f 5224 5229 5238
f 5224 5238 5251
f 5224 5251 5269
f 5224 5269 5295
f 5224 5295 5272
f 5224 5272 5253
f 5224 5253 5239
f 5224 5239 5230
f 5224 5230 5226
f 5224 5226 5233
f 5224 5233 5241
f 5224 5241 5257
f 5224 5257 5282
f 5224 5282 5305
f 5224 5305 5304
f 5224 5304 5335
f 5224 5335 5338
f 5224 5338 5363
f 5224 5363 5362
f 5224 5362 5367
f 5224 5367 5366
f 5224 5366 5365
f 5224 5365 5393
f 5224 5393 5406
f 5224 5406 5416
f 5224 5416 5415
f 5224 5415 5417
f 5224 5417 5418
f 5224 5418 5413
f 5224 5413 5411
f 5224 5411 5410
f 5224 5410 5412
f 5224 5412 5407
f 5224 5407 5394
f 5224 5394 5368
f 5224 5368 5340
f 5224 5340 5307
f 5224 5307 5284
f 5224 5284 5258
f 5224 5258 5242
f 5224 5242 5234
f 5224 5234 5227
f 5224 5227 5228
f 5224 5228 5225
f 5225 5228 5229
f 5226 5230 5231
f 5226 5231 5232
f 5226 5232 5233
f 5227 5234 5228
f 5228 5235 5236
f 5228 5236 5229
f 5228 5234 5235
f 5229 5236 5237
f 5229 5237 5238
f 5230 5239 5231
f 5231 5240 5254
f 5231 5254 5275
f 5231 5275 5299
f 5231 5299 5325
f 5231 5325 5354
f 5231 5354 5385
f 5231 5385 5386
f 5231 5386 5355
f 5231 5355 5329
f 5231 5329 5328
f 5231 5328 5301
f 5231 5301 5276
f 5231 5276 5255
f 5231 5255 5241
f 5231 5241 5233
f 5231 5233 5232
f 5231 5239 5240
f 5234 5242 5243
f 5234 5243 5235
f 5235 5244 5236
f 5235 5243 5245
f 5235 5245 5244
f 5236 5244 5246
f 5236 5246 5247
f 5236 5247 5248
f 5236 5248 5249
f 5236 5249 5237
f 5237 5249 5250
f 5237 5250 5238
f 5238 5250 5252
f 5238 5252 5251
f 5239 5253 5254
f 5239 5254 5240
f 5241 5255 5256
f 5241 5256 5257
f 5242 5258 5259
f 5242 5259 5260
f 5242 5260 5243
f 5243 5260 5261
f 5243 5261 5262
f 5243 5262 5259
f 5243 5259 5246
f 5243 5246 5245
f 5244 5245 5246
f 5246 5259 5263
f 5246 5263 5247
f 5247 5263 5250
f 5247 5250 5248
f 5248 5250 5249
f 5250 5263 5264
f 5250 5264 5265
f 5250 5265 5266
f 5250 5266 5267
f 5250 5267 5252
f 5251 5268 5269
f 5251 5252 5267
f 5251 5267 5270
f 5251 5270 5271
f 5251 5271 5268
f 5253 5272 5273
f 5253 5273 5274
f 5253 5274 5275
f 5253 5275 5254
f 5255 5276 5277
f 5255 5277 5256
f 5256 5278 5279
f 5256 5279 5280
f 5256 5280 5281
f 5256 5281 5282
f 5256 5282 5257
f 5256 5277 5278
f 5258 5283 5259
f 5258 5284 5285
f 5258 5285 5286
f 5258 5286 5283
f 5259 5262 5261
f 5259 5261 5260
f 5259 5283 5286
f 5259 5286 5287
f 5259 5287 5263
f 5263 5287 5288
f 5263 5288 5264
f 5264 5266 5265
f 5264 5288 5289
f 5264 5289 5266
f 5266 5289 5290
f 5266 5290 5291
f 5266 5291 5292
f 5266 5292 5293
f 5266 5293 5294
f 5266 5294 5267
f 5267 5294 5270
f 5268 5273 5272
f 5268 5272 5295
f 5268 5295 5269
f 5268 5271 5296
f 5268 5296 5297
f 5268 5297 5298
f 5268 5298 5273
f 5270 5294 5271
f 5271 5294 5296
f 5273 5298 5275
f 5273 5275 5274
f 5275 5298 5300
f 5275 5300 5299
f 5276 5301 5278
f 5276 5278 5277
f 5278 5302 5279
f 5278 5301 5302
f 5279 5302 5303
f 5279 5303 5280
f 5280 5303 5281
f 5281 5304 5305
f 5281 5305 5282
f 5281 5303 5306
f 5281 5306 5304
f 5284 5307 5285
f 5285 5307 5308
f 5285 5308 5309
f 5285 5309 5286
f 5286 5309 5310
f 5286 5310 5311
f 5286 5311 5287
f 5287 5311 5310
f 5287 5310 5312
f 5287 5312 5313
f 5287 5313 5314
f 5287 5314 5288
f 5288 5314 5315
f 5288 5315 5316
f 5288 5316 5289
f 5289 5316 5317
f 5289 5317 5318
f 5289 5318 5290
f 5290 5318 5319
f 5290 5319 5320
f 5290 5320 5291
f 5291 5321 5322
f 5291 5322 5292
f 5291 5320 5353
f 5291 5353 5383
f 5291 5383 5384
f 5291 5384 5354
f 5291 5354 5325
f 5291 5325 5327
f 5291 5327 5326
f 5291 5326 5321
f 5292 5322 5300
f 5292 5300 5323
f 5292 5323 5324
f 5292 5324 5293
f 5293 5324 5297
f 5293 5297 5294
f 5294 5297 5296
f 5297 5324 5323
f 5297 5323 5298
f 5298 5323 5300
f 5299 5300 5325
f 5300 5322 5321
f 5300 5321 5326
f 5300 5326 5327
f 5300 5327 5325
f 5301 5328 5302
f 5302 5328 5329
f 5302 5329 5330
f 5302 5330 5331
f 5302 5331 5303
f 5303 5332 5306
f 5303 5331 5333
f 5303 5333 5334
f 5303 5334 5332
f 5304 5306 5335
f 5306 5336 5337
f 5306 5337 5338
f 5306 5338 5335
f 5306 5332 5339
f 5306 5339 5336
f 5307 5340 5341
f 5307 5341 5308
f 5308 5341 5342
f 5308 5342 5313
f 5308 5313 5312
f 5308 5312 5310
f 5308 5310 5309
f 5313 5342 5343
f 5313 5343 5344
f 5313 5344 5314
f 5314 5344 5345
f 5314 5345 5315
f 5315 5345 5346
f 5315 5346 5347
f 5315 5347 5316
f 5316 5347 5317
f 5317 5347 5348
f 5317 5348 5318
f 5318 5348 5349
f 5318 5349 5350
f 5318 5350 5351
f 5318 5351 5319
f 5319 5352 5320
f 5319 5351 5352
f 5320 5352 5353
f 5329 5355 5356
f 5329 5356 5330
f 5330 5356 5331
f 5331 5356 5357
f 5331 5357 5358
f 5331 5358 5333
f 5332 5334 5339
f 5333 5358 5359
f 5333 5359 5360
f 5333 5360 5334
f 5334 5360 5339
f 5336 5339 5361
f 5336 5361 5337
f 5337 5362 5363
f 5337 5363 5338
f 5337 5361 5362
f 5339 5360 5364
f 5339 5364 5365
f 5339 5365 5366
f 5339 5366 5367
f 5339 5367 5361
f 5340 5368 5341
f 5341 5368 5343
f 5341 5343 5342
f 5343 5368 5369
f 5343 5369 5344
f 5344 5369 5370
f 5344 5370 5371
f 5344 5371 5372
f 5344 5372 5345
f 5345 5372 5373
f 5345 5373 5374
f 5345 5374 5346
f 5346 5374 5375
f 5346 5375 5376
f 5346 5376 5348
f 5346 5348 5347
f 5348 5376 5377
f 5348 5377 5349
f 5349 5377 5350
f 5350 5377 5351
f 5351 5377 5378
f 5351 5378 5379
f 5351 5379 5380
f 5351 5380 5381
f 5351 5381 5382
f 5351 5382 5383
f 5351 5383 5353
f 5351 5353 5352
f 5354 5384 5385
f 5355 5386 5387
f 5355 5387 5356
f 5356 5387 5357
f 5357 5380 5388
f 5357 5388 5378
f 5357 5378 5358
f 5357 5387 5380
f 5358 5378 5389
f 5358 5389 5359
f 5359 5389 5378
f 5359 5378 5390
f 5359 5390 5360
f 5360 5390 5364
f 5361 5367 5362
f 5364 5390 5391
f 5364 5391 5392
f 5364 5392 5365
f 5365 5392 5393
f 5368 5394 5369
f 5369 5394 5370
f 5370 5394 5395
f 5370 5395 5396
f 5370 5396 5371
f 5371 5396 5372
f 5372 5396 5373
f 5373 5396 5397
f 5373 5397 5374
f 5374 5397 5398
f 5374 5398 5399
f 5374 5399 5400
f 5374 5400 5401
f 5374 5401 5391
f 5374 5391 5375
f 5375 5391 5402
f 5375 5402 5376
f 5376 5402 5403
f 5376 5403 5377
f 5377 5403 5402
f 5377 5402 5390
f 5377 5390 5378
f 5378 5388 5379
f 5379 5388 5380
f 5380 5387 5386
f 5380 5386 5385
f 5380 5385 5381
f 5381 5385 5384
f 5381 5384 5382
f 5382 5384 5383
f 5390 5402 5391
f 5391 5401 5392
f 5392 5404 5393
f 5392 5401 5400
f 5392 5400 5399
f 5392 5399 5405
f 5392 5405 5404
f 5393 5404 5406
f 5394 5407 5395
f 5395 5407 5396
f 5396 5408 5409
f 5396 5409 5410
f 5396 5410 5411
f 5396 5411 5398
f 5396 5398 5397
f 5396 5407 5412
f 5396 5412 5408
f 5398 5411 5413
f 5398 5413 5399
f 5399 5413 5414
f 5399 5414 5405
f 5404 5415 5416
f 5404 5416 5406
f 5404 5405 5417
f 5404 5417 5415
f 5405 5414 5417
f 5408 5410 5409
f 5408 5412 5410
f 5413 5418 5414
f 5414 5418 5419
f 5414 5419 5417
f 5417 5419 5418

o part_46
v 0.02517682 -0.01123197 0.05043976
v 0.02508442 -0.01123197 0.05081998
v 0.02450921 -0.01164875 0.05233325
v 0.02418811 -0.01208150 0.05275542
v 0.02307696 -0.01425642 0.05270031
v 0.02331028 -0.01479456 0.05043976
v 0.01428944 -0.01123197 0.05043976
v 0.02485572 -0.01123197 0.05175180
v 0.02471018 -0.01123197 0.05231555
v 0.02446763 -0.01123197 0.05291671
v 0.02437753 -0.01134854 0.05300671
v 0.02326639 -0.01352346 0.05303705
v 0.02285057 -0.01481053 0.05230038
v 0.02304000 -0.01530077 0.05043976
v 0.02305848 -0.01526724 0.05043976
v 0.02212290 -0.01555467 0.05303250
v 0.01568242 -0.01123197 0.05334951
v 0.00157710 -0.01807452 0.05043976
v 0.00157710 -0.01905978 0.05444970
v 0.02440525 -0.01123197 0.05302441
v 0.02093321 -0.01654792 0.05392539
v 0.02225457 -0.01571915 0.05225033
v 0.02294760 -0.01514587 0.05115013
v 0.02299842 -0.01535666 0.05043976
v 0.01995605 -0.01779986 0.05403662
v 0.02011776 -0.01799627 0.05334951
v 0.01569165 -0.01123197 0.05336771
v 0.00157710 -0.02754551 0.05043976
v 0.00157710 -0.01908214 0.05450481
v 0.02404026 -0.01123197 0.05323473
v 0.02181566 -0.01485045 0.05379494
v 0.01761595 -0.01981510 0.05500991
v 0.02181335 -0.01627006 0.05225033
v 0.02255720 -0.01592195 0.05043976
v 0.01893500 -0.01895279 0.05416252
v 0.01967653 -0.01854559 0.05334951
v 0.01631076 -0.01123197 0.05393449
v 0.00157710 -0.01944463 0.05529153
v 0.00385714 -0.02732035 0.05043976
v 0.00165102 -0.02718462 0.05225033
v 0.00157710 -0.02699140 0.05327670
v 0.02371685 -0.01123197 0.05337934
v 0.01778920 -0.01995402 0.05444970
v 0.02254796 -0.01265158 0.05371101
v 0.01768987 -0.01925141 0.05502912
v 0.01704998 -0.01925141 0.05520254
v 0.01594807 -0.02034845 0.05536990
v 0.01694833 -0.02024785 0.05509940
v 0.01651404 -0.02091214 0.05501244
v 0.02126355 -0.01695352 0.05225033
v 0.02226151 -0.01628923 0.05043976
v 0.01858849 -0.01970012 0.05334951
v 0.01912674 -0.01915240 0.05334951
v 0.01976663 -0.01866216 0.05267402
v 0.02082002 -0.01750444 0.05225033
v 0.01319909 -0.01429954 0.05500081
v 0.01636389 -0.01123197 0.05393449
v 0.00157710 -0.01950052 0.05530973
v 0.01276017 -0.01486004 0.05514692
v 0.00495212 -0.02720218 0.05043976
v 0.00385021 -0.02696744 0.05225033
v 0.00157710 -0.02697702 0.05334951
v 0.00385021 -0.02675187 0.05334951
v 0.00390566 -0.02651393 0.05453312
v 0.02286675 -0.01123197 0.05367259
v 0.01594807 -0.01925141 0.05541085
v 0.01594807 -0.02114209 0.05513833
v 0.01484848 -0.02034845 0.05553624
v 0.01374888 -0.02144869 0.05557517
v 0.01492240 -0.02152534 0.05532136
v 0.01662262 -0.02099997 0.05444970
v 0.01460592 -0.02219123 0.05516766
v 0.01533821 -0.02194371 0.05484306
v 0.02089394 -0.01759386 0.05167798
v 0.02105103 -0.01778708 0.05043976
v 0.01803638 -0.02015363 0.05334951
v 0.01868089 -0.01978316 0.05273823
v 0.01546527 -0.02205230 0.05410943
v 0.01955872 -0.01955002 0.05043976
v 0.01973660 -0.01935680 0.05043976
v 0.02005076 -0.01900229 0.05043976
v 0.02040652 -0.01857274 0.05043976
v 0.02079692 -0.01809687 0.05043976
v 0.01265160 -0.01595069 0.05543613
v 0.01321295 -0.01429954 0.05500081
v 0.01677508 -0.01123197 0.05392438
v 0.00157710 -0.02034845 0.05556708
v 0.00605172 -0.02697064 0.05043976
v 0.00554350 -0.02641173 0.05396129
v 0.00495212 -0.02645645 0.05418729
v 0.00430761 -0.02638459 0.05495480
v 0.00275062 -0.02664168 0.05444970
v 0.00165102 -0.02674707 0.05444970
v 0.00157710 -0.02675346 0.05444970
v 0.02254796 -0.01123197 0.05369888
v 0.01374888 -0.01595069 0.05531732
v 0.01374888 -0.01705093 0.05544270
v 0.01484848 -0.01925141 0.05550034
v 0.01374888 -0.01925141 0.05555444
v 0.01374888 -0.02034845 0.05558579
v 0.01265160 -0.02144869 0.05560500
v 0.01155200 -0.02254892 0.05558680
v 0.01045010 -0.02364916 0.05548669
v 0.01265160 -0.02254892 0.05546343
v 0.01367496 -0.02255372 0.05524350
v 0.01265160 -0.02328348 0.05516108
v 0.01325915 -0.02313018 0.05503670
v 0.01395217 -0.02290662 0.05444970
v 0.01492240 -0.02231738 0.05446588
v 0.01835055 -0.02061672 0.05043976
v 0.01858618 -0.02042191 0.05043976
v 0.01900892 -0.02006581 0.05043976
v 0.01936236 -0.01974004 0.05043976
v 0.01558308 -0.02214652 0.05334951
v 0.01630152 -0.02183673 0.05225033
v 0.01653483 -0.02202835 0.05071734
v 0.01657641 -0.02206348 0.05043976
v 0.01533590 -0.02305513 0.05043976
v 0.01265160 -0.01705093 0.05552866
v 0.01155200 -0.01705093 0.05556961
v 0.01720244 -0.01123197 0.05391174
v 0.00157710 -0.02482286 0.05548012
v 0.00385021 -0.02474940 0.05560500
v 0.00275062 -0.02034845 0.05558984
v 0.00752785 -0.02652511 0.05043976
v 0.00596624 -0.02617859 0.05437689
v 0.00495212 -0.02632550 0.05473739
v 0.00837565 -0.02626802 0.05043976
v 0.00933202 -0.02540411 0.05326558
v 0.00895086 -0.02534503 0.05412207
v 0.00829942 -0.02546639 0.05447296
v 0.00869906 -0.02525401 0.05485519
v 0.00357532 -0.02642611 0.05503519
v 0.00796446 -0.02537697 0.05509080
v 0.00715131 -0.02549354 0.05519647
v 0.00605172 -0.02564684 0.05527737
v 0.00157710 -0.02653788 0.05509434
v 0.00275062 -0.02646443 0.05508373
v 0.01265160 -0.01815117 0.05556759
v 0.01265160 -0.01925141 0.05559439
v 0.01265160 -0.02034845 0.05560500
v 0.00825091 -0.02364916 0.05560500
v 0.00935050 -0.02364916 0.05559034
v 0.00715131 -0.02474940 0.05549883
v 0.00935050 -0.02459770 0.05528799
v 0.01045010 -0.02439809 0.05518384
v 0.01150349 -0.02366833 0.05526524
v 0.01110616 -0.02425437 0.05506299
v 0.01340237 -0.02320843 0.05444970
v 0.01127479 -0.02434539 0.05444970
v 0.01418318 -0.02303756 0.05334951
v 0.01592497 -0.02259044 0.05043976
v 0.01625531 -0.02232377 0.05043976
v 0.01482076 -0.02333618 0.05043976
v 0.01045010 -0.01815117 0.05560500
v 0.01155200 -0.01815117 0.05559995
v 0.00157710 -0.02584964 0.05544574
v 0.00385021 -0.02034845 0.05560500
v 0.00495212 -0.02474940 0.05560298
v 0.00935050 -0.02597100 0.05043976
v 0.00935050 -0.02582728 0.05115013
v 0.00968546 -0.02523325 0.05357652
v 0.00933202 -0.02513903 0.05447296
v 0.01045010 -0.02472864 0.05444970
v 0.00495212 -0.02577459 0.05530063
v 0.00605172 -0.02474940 0.05557972
v 0.00157710 -0.02651872 0.05514338
v 0.00165102 -0.02651553 0.05514036
v 0.01199554 -0.02414259 0.05364377
v 0.01102992 -0.02531469 0.05066779
v 0.01159820 -0.02443003 0.05330603
v 0.01256843 -0.02391105 0.05330603
v 0.01305817 -0.02412343 0.05115013
v 0.01332614 -0.02413621 0.05043976
v 0.00157710 -0.02589595 0.05542602
v 0.00165102 -0.02584964 0.05544270
v 0.01045703 -0.02559095 0.05043976
v 0.00992340 -0.02530830 0.05284340
v 0.01035538 -0.02503524 0.05326558
v 0.01084743 -0.02523325 0.05140142
v 0.00275062 -0.02584964 0.05538607
v 0.01081509 -0.02544723 0.05043976
v 0.01107613 -0.02533864 0.05043976
v 0.01161206 -0.02505280 0.05043976
v 0.01155200 -0.02468712 0.05225033
f 5420 5421 5422
f 5420 5422 5423
f 5420 5423 5424
f 5420 5424 5425
f 5420 5425 5434
f 5420 5434 5433
f 5420 5433 5443
f 5420 5443 5453
f 5420 5453 5470
f 5420 5470 5494
f 5420 5494 5502
f 5420 5502 5501
f 5420 5501 5500
f 5420 5500 5499
f 5420 5499 5498
f 5420 5498 5532
f 5420 5532 5531
f 5420 5531 5530
f 5420 5530 5529
f 5420 5529 5536
f 5420 5536 5572
f 5420 5572 5571
f 5420 5571 5537
f 5420 5537 5573
f 5420 5573 5593
f 5420 5593 5603
f 5420 5603 5602
f 5420 5602 5601
f 5420 5601 5596
f 5420 5596 5579
f 5420 5579 5547
f 5420 5547 5544
f 5420 5544 5507
f 5420 5507 5479
f 5420 5479 5458
f 5420 5458 5447
f 5420 5447 5437
f 5420 5437 5426
f 5420 5426 5436
f 5420 5436 5446
f 5420 5446 5456
f 5420 5456 5476
f 5420 5476 5505
f 5420 5505 5540
f 5420 5540 5514
f 5420 5514 5484
f 5420 5484 5461
f 5420 5461 5449
f 5420 5449 5439
f 5420 5439 5429
f 5420 5429 5428
f 5420 5428 5427
f 5420 5427 5421
f 5421 5427 5422
f 5422 5427 5428
f 5422 5428 5423
f 5423 5428 5429
f 5423 5429 5430
f 5423 5430 5431
f 5423 5431 5424
f 5424 5432 5433
f 5424 5433 5434
f 5424 5434 5425
f 5424 5431 5435
f 5424 5435 5432
f 5426 5437 5438
f 5426 5438 5436
f 5429 5439 5430
f 5430 5439 5440
f 5430 5440 5431
f 5431 5440 5435
f 5432 5441 5442
f 5432 5442 5433
f 5432 5435 5441
f 5433 5442 5441
f 5433 5441 5443
f 5435 5440 5444
f 5435 5444 5445
f 5435 5445 5441
f 5436 5438 5446
f 5437 5447 5460
f 5437 5460 5481
f 5437 5481 5513
f 5437 5513 5556
f 5437 5556 5586
f 5437 5586 5594
f 5437 5594 5576
f 5437 5576 5541
f 5437 5541 5506
f 5437 5506 5477
f 5437 5477 5457
f 5437 5457 5448
f 5437 5448 5438
f 5438 5448 5446
f 5439 5449 5450
f 5439 5450 5440
f 5440 5450 5451
f 5440 5451 5444
f 5441 5452 5453
f 5441 5453 5443
f 5441 5445 5452
f 5444 5451 5454
f 5444 5454 5455
f 5444 5455 5445
f 5445 5455 5452
f 5446 5448 5457
f 5446 5457 5456
f 5447 5458 5480
f 5447 5480 5459
f 5447 5459 5460
f 5449 5461 5450
f 5450 5461 5451
f 5451 5462 5454
f 5451 5461 5463
f 5451 5463 5464
f 5451 5464 5465
f 5451 5465 5466
f 5451 5466 5467
f 5451 5467 5468
f 5451 5468 5462
f 5452 5469 5453
f 5452 5455 5469
f 5453 5469 5474
f 5453 5474 5470
f 5454 5471 5472
f 5454 5472 5455
f 5454 5462 5471
f 5455 5473 5474
f 5455 5474 5469
f 5455 5472 5473
f 5456 5475 5504
f 5456 5504 5476
f 5456 5457 5475
f 5457 5477 5478
f 5457 5478 5475
f 5458 5479 5480
f 5459 5480 5460
f 5460 5480 5482
f 5460 5482 5483
f 5460 5483 5481
f 5461 5484 5463
f 5462 5468 5471
f 5463 5484 5464
f 5464 5484 5465
f 5465 5485 5466
f 5465 5484 5485
f 5466 5486 5467
f 5466 5485 5487
f 5466 5487 5488
f 5466 5488 5489
f 5466 5489 5486
f 5467 5486 5468
f 5468 5490 5471
f 5468 5486 5491
f 5468 5491 5492
f 5468 5492 5490
f 5470 5474 5493
f 5470 5493 5494
f 5471 5495 5496
f 5471 5496 5472
f 5471 5490 5497
f 5471 5497 5495
f 5472 5496 5498
f 5472 5498 5473
f 5473 5498 5499
f 5473 5499 5500
f 5473 5500 5501
f 5473 5501 5502
f 5473 5502 5494
f 5473 5494 5493
f 5473 5493 5474
f 5475 5478 5503
f 5475 5503 5504
f 5476 5504 5505
f 5477 5506 5478
f 5478 5506 5503
f 5479 5507 5508
f 5479 5508 5509
f 5479 5509 5510
f 5479 5510 5483
f 5479 5483 5480
f 5480 5483 5482
f 5481 5511 5512
f 5481 5512 5513
f 5481 5483 5511
f 5483 5510 5512
f 5483 5512 5511
f 5484 5514 5503
f 5484 5503 5515
f 5484 5515 5516
f 5484 5516 5485
f 5485 5516 5517
f 5485 5517 5487
f 5486 5489 5491
f 5487 5517 5518
f 5487 5518 5519
f 5487 5519 5488
f 5488 5519 5520
f 5488 5520 5521
f 5488 5521 5522
f 5488 5522 5523
f 5488 5523 5489
f 5489 5523 5491
f 5490 5492 5497
f 5491 5523 5524
f 5491 5524 5525
f 5491 5525 5526
f 5491 5526 5492
f 5492 5526 5527
f 5492 5527 5528
f 5492 5528 5497
f 5495 5497 5496
f 5496 5529 5530
f 5496 5530 5531
f 5496 5531 5532
f 5496 5532 5498
f 5496 5497 5533
f 5496 5533 5534
f 5496 5534 5535
f 5496 5535 5536
f 5496 5536 5529
f 5497 5528 5537
f 5497 5537 5533
f 5503 5538 5516
f 5503 5516 5515
f 5503 5514 5504
f 5503 5506 5539
f 5503 5539 5538
f 5504 5514 5540
f 5504 5540 5505
f 5506 5541 5542
f 5506 5542 5543
f 5506 5543 5539
f 5507 5544 5508
f 5508 5545 5546
f 5508 5546 5510
f 5508 5510 5509
f 5508 5544 5547
f 5508 5547 5548
f 5508 5548 5549
f 5508 5549 5550
f 5508 5550 5551
f 5508 5551 5545
f 5510 5552 5513
f 5510 5513 5512
f 5510 5546 5553
f 5510 5553 5554
f 5510 5554 5555
f 5510 5555 5552
f 5513 5552 5557
f 5513 5557 5556
f 5516 5538 5517
f 5517 5538 5518
f 5518 5538 5558
f 5518 5558 5519
f 5519 5558 5559
f 5519 5559 5560
f 5519 5560 5520
f 5520 5560 5574
f 5520 5574 5577
f 5520 5577 5542
f 5520 5542 5561
f 5520 5561 5562
f 5520 5562 5521
f 5521 5562 5522
f 5522 5562 5563
f 5522 5563 5564
f 5522 5564 5565
f 5522 5565 5566
f 5522 5566 5523
f 5523 5566 5524
f 5524 5566 5525
f 5525 5566 5565
f 5525 5565 5567
f 5525 5567 5526
f 5526 5568 5527
f 5526 5567 5569
f 5526 5569 5568
f 5527 5568 5570
f 5527 5570 5528
f 5528 5570 5537
f 5533 5537 5571
f 5533 5571 5572
f 5533 5572 5535
f 5533 5535 5534
f 5535 5572 5536
f 5537 5570 5573
f 5538 5539 5558
f 5539 5543 5574
f 5539 5574 5575
f 5539 5575 5558
f 5541 5576 5542
f 5542 5577 5543
f 5542 5576 5578
f 5542 5578 5561
f 5543 5577 5574
f 5545 5551 5553
f 5545 5553 5546
f 5547 5579 5580
f 5547 5580 5548
f 5548 5580 5581
f 5548 5581 5549
f 5549 5581 5582
f 5549 5582 5551
f 5549 5551 5550
f 5551 5582 5583
f 5551 5583 5567
f 5551 5567 5553
f 5552 5555 5584
f 5552 5584 5557
f 5553 5567 5565
f 5553 5565 5554
f 5554 5565 5564
f 5554 5564 5555
f 5555 5585 5584
f 5555 5564 5563
f 5555 5563 5585
f 5556 5557 5587
f 5556 5587 5586
f 5557 5584 5587
f 5558 5575 5559
f 5559 5575 5560
f 5560 5575 5574
f 5561 5578 5562
f 5562 5578 5585
f 5562 5585 5563
f 5567 5583 5569
f 5568 5588 5570
f 5568 5569 5588
f 5569 5583 5589
f 5569 5589 5590
f 5569 5590 5588
f 5570 5588 5591
f 5570 5591 5592
f 5570 5592 5573
f 5573 5592 5593
f 5576 5594 5595
f 5576 5595 5585
f 5576 5585 5578
f 5579 5596 5597
f 5579 5597 5581
f 5579 5581 5580
f 5581 5597 5583
f 5581 5583 5582
f 5583 5597 5598
f 5583 5598 5599
f 5583 5599 5589
f 5584 5585 5595
f 5584 5595 5600
f 5584 5600 5586
f 5584 5586 5587
f 5586 5600 5594
f 5588 5590 5591
f 5589 5596 5601
f 5589 5601 5602
f 5589 5602 5603
f 5589 5603 5593
f 5589 5593 5592
f 5589 5592 5591
f 5589 5591 5604
f 5589 5604 5590
f 5589 5599 5597
f 5589 5597 5596
f 5590 5604 5591
f 5594 5600 5595
f 5597 5599 5598

o part_47
v -0.00000437 -0.01156508 -0.04885186
v -0.00000437 -0.01853701 -0.04674682
v -0.00000437 -0.01156508 -0.05150197
v -0.01223831 -0.01156508 -0.04869237
v -0.01223831 -0.01389001 -0.04675017
v -0.00000437 -0.02138191 -0.04674682
v -0.01192455 -0.01415721 -0.04674682
v -0.00000437 -0.01691464 -0.05163943
v -0.01223831 -0.01203218 -0.05163943
v -0.01223831 -0.01156508 -0.05157669
v -0.01223831 -0.01447629 -0.04674682
v -0.00000437 -0.02138191 -0.04675017
v -0.00055044 -0.02138287 -0.04674682
v -0.00000437 -0.02092250 -0.05163943
v -0.01223831 -0.01691272 -0.05163943
v -0.01223831 -0.01753456 -0.04674682
v -0.00165097 -0.02116566 -0.04785035
v -0.00125219 -0.02091481 -0.05074904
v -0.00079953 -0.02086963 -0.05163943
v -0.00024747 -0.02092250 -0.05163943
v -0.00165097 -0.02127523 -0.04674682
v -0.00165097 -0.02127523 -0.04675017
v -0.01223831 -0.01746729 -0.04743701
v -0.01195689 -0.01712128 -0.05163943
v -0.01209939 -0.01759896 -0.04729715
v -0.01223831 -0.01750189 -0.04716879
v -0.01184791 -0.01780944 -0.04674682
v -0.00275030 -0.02116758 -0.04674682
v -0.00309159 -0.02087925 -0.04929347
v -0.00214076 -0.02073796 -0.05163943
v -0.01168505 -0.01731927 -0.05163943
v -0.01173175 -0.01735099 -0.05114993
v -0.01194132 -0.01749324 -0.04895005
v -0.01143956 -0.01748170 -0.05163943
v -0.01113419 -0.01767969 -0.05163943
v -0.01118089 -0.01770757 -0.05114993
v -0.01164912 -0.01792958 -0.04674682
v -0.00385083 -0.02103591 -0.04674682
v -0.00385083 -0.02103591 -0.04675017
v -0.00341373 -0.02091577 -0.04856065
v -0.00275030 -0.02067741 -0.05163943
v -0.01072822 -0.01790267 -0.05163943
v -0.01063721 -0.01850529 -0.04674682
v -0.00450228 -0.02092922 -0.04674682
v -0.00440408 -0.02090039 -0.04730960
v -0.00380891 -0.02094172 -0.04774594
v -0.00385083 -0.02053709 -0.05163943
v -0.01044920 -0.01805357 -0.05163943
v -0.01044920 -0.01810931 -0.05114993
v -0.00934987 -0.01919345 -0.04674682
v -0.01051985 -0.01844378 -0.04785035
v -0.00997019 -0.01873788 -0.04785035
v -0.00934987 -0.01919345 -0.04675017
v -0.00484238 -0.02072258 -0.04774594
v -0.00505075 -0.02076295 -0.04674682
v -0.00495016 -0.02028432 -0.05163943
v -0.00434061 -0.02042464 -0.05163943
v -0.00902055 -0.01881765 -0.05163943
v -0.00907204 -0.01884553 -0.05114993
v -0.00941813 -0.01891857 -0.04886479
v -0.00844574 -0.01964325 -0.04674682
v -0.00934987 -0.01906946 -0.04785035
v -0.00844574 -0.01964325 -0.04675017
v -0.00605068 -0.02045924 -0.04675017
v -0.00657400 -0.01979222 -0.05163943
v -0.00538246 -0.02015360 -0.05163943
v -0.00714882 -0.02012573 -0.04674682
v -0.00714882 -0.02012573 -0.04675017
v -0.00824934 -0.01919345 -0.05163943
v -0.00789607 -0.01987969 -0.04675017
v -0.00789727 -0.01987872 -0.04674682
v -0.00778351 -0.01983355 -0.04762763
v -0.00768651 -0.01979511 -0.04836093
v -0.00739670 -0.01970765 -0.05004975
v -0.00710092 -0.01967593 -0.05121794
v -0.00712008 -0.01962595 -0.05163943
f 5605 5606 5610
f 5605 5610 5616
f 5605 5616 5618
f 5605 5618 5612
f 5605 5612 5607
f 5605 5607 5614
f 5605 5614 5608
f 5605 5608 5609
f 5605 5609 5606
f 5606 5609 5611
f 5606 5611 5615
f 5606 5615 5620
f 5606 5620 5631
f 5606 5631 5641
f 5606 5641 5647
f 5606 5647 5654
f 5606 5654 5665
f 5606 5665 5675
f 5606 5675 5671
f 5606 5671 5659
f 5606 5659 5648
f 5606 5648 5642
f 5606 5642 5632
f 5606 5632 5625
f 5606 5625 5617
f 5606 5617 5610
f 5607 5612 5613
f 5607 5613 5614
f 5608 5614 5613
f 5608 5613 5619
f 5608 5619 5627
f 5608 5627 5630
f 5608 5630 5620
f 5608 5620 5615
f 5608 5615 5609
f 5609 5615 5611
f 5610 5617 5616
f 5612 5618 5624
f 5612 5624 5623
f 5612 5623 5634
f 5612 5634 5645
f 5612 5645 5651
f 5612 5651 5661
f 5612 5661 5660
f 5612 5660 5670
f 5612 5670 5669
f 5612 5669 5680
f 5612 5680 5673
f 5612 5673 5662
f 5612 5662 5652
f 5612 5652 5646
f 5612 5646 5639
f 5612 5639 5638
f 5612 5638 5635
f 5612 5635 5628
f 5612 5628 5619
f 5612 5619 5613
f 5616 5617 5618
f 5617 5621 5622
f 5617 5622 5623
f 5617 5623 5624
f 5617 5624 5618
f 5617 5625 5626
f 5617 5626 5621
f 5619 5628 5629
f 5619 5629 5627
f 5620 5630 5629
f 5620 5629 5631
f 5621 5626 5632
f 5621 5632 5633
f 5621 5633 5622
f 5622 5633 5634
f 5622 5634 5623
f 5625 5632 5626
f 5627 5629 5630
f 5628 5635 5636
f 5628 5636 5637
f 5628 5637 5629
f 5629 5637 5638
f 5629 5638 5639
f 5629 5639 5640
f 5629 5640 5641
f 5629 5641 5631
f 5632 5642 5643
f 5632 5643 5644
f 5632 5644 5633
f 5633 5644 5645
f 5633 5645 5634
f 5635 5638 5636
f 5636 5638 5637
f 5639 5646 5647
f 5639 5647 5640
f 5640 5647 5641
f 5642 5648 5643
f 5643 5648 5649
f 5643 5649 5650
f 5643 5650 5644
f 5644 5650 5649
f 5644 5649 5651
f 5644 5651 5645
f 5646 5652 5653
f 5646 5653 5647
f 5647 5653 5655
f 5647 5655 5656
f 5647 5656 5657
f 5647 5657 5654
f 5648 5658 5649
f 5648 5659 5658
f 5649 5658 5660
f 5649 5660 5661
f 5649 5661 5651
f 5652 5662 5653
f 5653 5656 5655
f 5653 5662 5663
f 5653 5663 5664
f 5653 5664 5656
f 5654 5657 5667
f 5654 5667 5665
f 5656 5664 5666
f 5656 5666 5657
f 5657 5666 5663
f 5657 5663 5662
f 5657 5662 5667
f 5658 5659 5668
f 5658 5668 5669
f 5658 5669 5670
f 5658 5670 5660
f 5659 5671 5672
f 5659 5672 5668
f 5662 5673 5667
f 5663 5666 5664
f 5665 5667 5674
f 5665 5674 5675
f 5667 5673 5676
f 5667 5676 5674
f 5668 5672 5677
f 5668 5677 5678
f 5668 5678 5669
f 5669 5678 5679
f 5669 5679 5680
f 5671 5675 5674
f 5671 5674 5672
f 5672 5674 5676
f 5672 5676 5677
f 5673 5680 5678
f 5673 5678 5677
f 5673 5677 5676
f 5678 5680 5679

o part_48
v 0.02348820 0.01459291 0.05036522
v 0.02348656 0.01459291 0.05037804
v 0.02435445 0.01297535 0.05036522
v 0.01082219 0.01459291 0.05036522
v 0.02332022 0.01459291 0.05115047
v 0.02317036 0.01443058 0.05225013
v 0.02419471 0.01319036 0.05057654
v 0.02463277 0.01245563 0.05036522
v 0.01806509 0.00004915 0.05036522
v 0.01237188 0.01459291 0.05444995
v 0.02325600 0.01459291 0.05144231
v 0.02307484 0.01459291 0.05225013
v 0.02302708 0.01416573 0.05356828
v 0.02415354 0.01201279 0.05368573
v 0.02423259 0.01216088 0.05295280
v 0.02531951 0.01103742 0.05069399
v 0.02527340 0.01125527 0.05036522
v 0.01943034 0.00004915 0.05340313
v 0.02764159 0.00004915 0.05036522
v 0.01281489 0.01459291 0.05521623
v 0.02282122 0.01459291 0.05334209
v 0.02278335 0.01459291 0.05350058
v 0.02254785 0.01459291 0.05448022
v 0.02292333 0.01398347 0.05444995
v 0.02322471 0.01343385 0.05444995
v 0.02436104 0.01130369 0.05444995
v 0.02444668 0.01160698 0.05333132
v 0.02524047 0.01086085 0.05142744
v 0.02531457 0.00994101 0.05288099
v 0.02561924 0.01045789 0.05036522
v 0.02535410 0.01110292 0.05036522
v 0.01981570 0.00004915 0.05385807
v 0.02764324 0.00010468 0.05036522
v 0.02763501 0.00004915 0.05040574
v 0.01375854 0.01459291 0.05547011
v 0.01989146 0.00004915 0.05390525
v 0.01861020 0.00530193 0.05508544
v 0.01924918 0.00605091 0.05539779
v 0.02314072 0.01327864 0.05504902
v 0.02221518 0.01459291 0.05517622
v 0.02426552 0.01112570 0.05507415
v 0.02475629 0.01044934 0.05444995
v 0.02505272 0.01036391 0.05328824
v 0.02524211 0.00971319 0.05361393
v 0.02599967 0.00934867 0.05036522
v 0.02573123 0.01013466 0.05036522
v 0.02764653 0.00055037 0.05036522
v 0.02754772 0.00004915 0.05083863
v 0.02743903 0.00055037 0.05139717
v 0.01485041 0.01374995 0.05553833
v 0.01485041 0.01459291 0.05558910
v 0.01924918 0.00715016 0.05554192
v 0.02027188 0.00004915 0.05393295
v 0.01973665 0.00435931 0.05501312
v 0.01932164 0.00494168 0.05512852
v 0.02037234 0.00486052 0.05513263
v 0.02034929 0.00605091 0.05539882
v 0.02330046 0.01264927 0.05517263
v 0.02151362 0.01459291 0.05541164
v 0.02256102 0.01368730 0.05525469
v 0.02441209 0.01044934 0.05519315
v 0.02525858 0.00869937 0.05488951
v 0.02514989 0.00934724 0.05449355
v 0.02535410 0.00897988 0.05415606
v 0.02608531 0.00715016 0.05334979
v 0.02638833 0.00655924 0.05274302
v 0.02646079 0.00679561 0.05200958
v 0.02667324 0.00715301 0.05036522
v 0.02756254 0.00149584 0.05036522
v 0.02751643 0.00129222 0.05068886
v 0.02717388 0.00165104 0.05225013
v 0.02726611 0.00055037 0.05225013
v 0.02726117 0.00004915 0.05225013
v 0.01815072 0.00934867 0.05558295
v 0.01595052 0.01374995 0.05560449
v 0.01595052 0.01459291 0.05560449
v 0.01924918 0.00824941 0.05559731
v 0.02034929 0.00715016 0.05552550
v 0.02034929 0.00824941 0.05558449
v 0.02144939 0.00004915 0.05394167
v 0.02002156 0.00435931 0.05501312
v 0.02474970 0.00004915 0.05393859
v 0.02565218 0.00004915 0.05392218
v 0.02628787 0.00004915 0.05389654
v 0.02144939 0.00605091 0.05535060
v 0.02364960 0.00715016 0.05541728
v 0.02254949 0.00715016 0.05546344
v 0.02144939 0.00715016 0.05549934
v 0.02367430 0.01151442 0.05527418
v 0.02144939 0.01374995 0.05558346
v 0.02254949 0.01264927 0.05547524
v 0.02034929 0.01459291 0.05560142
v 0.02460642 0.00934867 0.05527162
v 0.02536892 0.00796606 0.05507056
v 0.02364960 0.01044934 0.05549525
v 0.02641138 0.00555112 0.05392936
v 0.02547432 0.00829925 0.05449355
v 0.02632904 0.00633284 0.05334979
v 0.02699767 0.00605091 0.05036522
v 0.02676711 0.00683548 0.05036522
v 0.02752631 0.00188741 0.05036522
v 0.02748349 0.00202553 0.05051755
v 0.02707178 0.00275030 0.05225013
v 0.02673582 0.00385097 0.05334979
v 0.02679016 0.00275030 0.05334979
v 0.02650526 0.00385097 0.05403656
v 0.02681322 0.00165104 0.05334979
v 0.02674570 0.00004915 0.05339595
v 0.01815072 0.01044934 0.05560449
v 0.01924918 0.01459291 0.05560449
v 0.02254949 0.00934867 0.05559013
v 0.02144939 0.00934867 0.05560039
v 0.02034929 0.00934867 0.05560449
v 0.01924918 0.00934867 0.05560449
v 0.02364960 0.00824941 0.05551987
v 0.02254949 0.00824941 0.05554500
v 0.02144939 0.00824941 0.05556808
v 0.02254949 0.00004915 0.05394116
v 0.02629775 0.00004915 0.05389551
v 0.02530140 0.00549843 0.05500030
v 0.02474970 0.00605091 0.05514493
v 0.02364960 0.00605091 0.05522443
v 0.02254949 0.00605091 0.05529213
v 0.02474970 0.00715016 0.05529932
v 0.02144939 0.01264927 0.05560449
v 0.02254949 0.01154860 0.05558910
v 0.02034929 0.01374995 0.05560449
v 0.02483534 0.00829925 0.05524546
v 0.02542491 0.00715016 0.05510236
v 0.02364960 0.00934867 0.05556346
v 0.02645585 0.00495023 0.05399347
v 0.02662383 0.00495023 0.05334979
v 0.02684286 0.00495023 0.05225013
v 0.02721670 0.00495023 0.05036522
v 0.02647397 0.00578321 0.05334979
v 0.02745385 0.00264066 0.05036522
v 0.02728916 0.00275030 0.05115047
v 0.02696638 0.00385097 0.05225013
v 0.02650690 0.00275030 0.05400732
v 0.02672758 0.00046351 0.05345698
v 0.02648055 0.00165104 0.05396526
v 0.02644267 0.00077250 0.05393039
v 0.02254949 0.01044934 0.05560449
v 0.02537386 0.00605091 0.05505005
v 0.02725129 0.00463555 0.05036522
v 0.02736821 0.00350924 0.05036522
v 0.02718212 0.00385097 0.05115047
v 0.02733363 0.00385809 0.05036522
f 5681 5682 5683
f 5681 5683 5688
f 5681 5688 5697
f 5681 5697 5711
f 5681 5711 5710
f 5681 5710 5726
f 5681 5726 5725
f 5681 5725 5748
f 5681 5748 5780
f 5681 5780 5779
f 5681 5779 5814
f 5681 5814 5825
f 5681 5825 5828
f 5681 5828 5826
f 5681 5826 5816
f 5681 5816 5781
f 5681 5781 5749
f 5681 5749 5727
f 5681 5727 5713
f 5681 5713 5699
f 5681 5699 5689
f 5681 5689 5684
f 5681 5684 5690
f 5681 5690 5700
f 5681 5700 5715
f 5681 5715 5731
f 5681 5731 5756
f 5681 5756 5790
f 5681 5790 5772
f 5681 5772 5739
f 5681 5739 5720
f 5681 5720 5703
f 5681 5703 5702
f 5681 5702 5701
f 5681 5701 5692
f 5681 5692 5691
f 5681 5691 5685
f 5681 5685 5682
f 5682 5685 5686
f 5682 5686 5687
f 5682 5687 5688
f 5682 5688 5683
f 5684 5689 5690
f 5685 5691 5686
f 5686 5691 5692
f 5686 5692 5693
f 5686 5693 5694
f 5686 5694 5695
f 5686 5695 5687
f 5687 5695 5688
f 5688 5695 5696
f 5688 5696 5697
f 5689 5698 5690
f 5689 5699 5714
f 5689 5714 5728
f 5689 5728 5753
f 5689 5753 5788
f 5689 5788 5799
f 5689 5799 5764
f 5689 5764 5763
f 5689 5763 5762
f 5689 5762 5798
f 5689 5798 5760
f 5689 5760 5733
f 5689 5733 5716
f 5689 5716 5712
f 5689 5712 5698
f 5690 5698 5700
f 5692 5701 5693
f 5693 5701 5702
f 5693 5702 5703
f 5693 5703 5704
f 5693 5704 5705
f 5693 5705 5694
f 5694 5706 5707
f 5694 5707 5695
f 5694 5705 5706
f 5695 5707 5696
f 5696 5708 5709
f 5696 5709 5710
f 5696 5710 5711
f 5696 5711 5697
f 5696 5707 5706
f 5696 5706 5708
f 5698 5712 5700
f 5699 5713 5714
f 5700 5712 5716
f 5700 5716 5717
f 5700 5717 5718
f 5700 5718 5715
f 5703 5719 5704
f 5703 5720 5719
f 5704 5719 5705
f 5705 5719 5706
f 5706 5721 5722
f 5706 5722 5708
f 5706 5719 5721
f 5708 5722 5723
f 5708 5723 5709
f 5709 5723 5724
f 5709 5724 5725
f 5709 5725 5726
f 5709 5726 5710
f 5713 5727 5714
f 5714 5727 5729
f 5714 5729 5728
f 5715 5730 5731
f 5715 5718 5732
f 5715 5732 5730
f 5716 5733 5734
f 5716 5734 5735
f 5716 5735 5717
f 5717 5735 5718
f 5718 5735 5734
f 5718 5734 5736
f 5718 5736 5737
f 5718 5737 5732
f 5719 5720 5738
f 5719 5738 5721
f 5720 5739 5740
f 5720 5740 5738
f 5721 5741 5742
f 5721 5742 5722
f 5721 5738 5741
f 5722 5742 5743
f 5722 5743 5724
f 5722 5724 5723
f 5724 5743 5744
f 5724 5744 5745
f 5724 5745 5746
f 5724 5746 5725
f 5725 5746 5747
f 5725 5747 5748
f 5727 5749 5750
f 5727 5750 5751
f 5727 5751 5729
f 5728 5729 5752
f 5728 5752 5753
f 5729 5751 5752
f 5730 5732 5754
f 5730 5754 5731
f 5731 5755 5756
f 5731 5754 5757
f 5731 5757 5755
f 5732 5737 5758
f 5732 5758 5797
f 5732 5797 5759
f 5732 5759 5757
f 5732 5757 5754
f 5733 5760 5734
f 5734 5760 5761
f 5734 5761 5736
f 5736 5761 5762
f 5736 5762 5763
f 5736 5763 5737
f 5737 5763 5764
f 5737 5764 5765
f 5737 5765 5766
f 5737 5766 5767
f 5737 5767 5768
f 5737 5768 5758
f 5738 5769 5741
f 5738 5740 5769
f 5739 5770 5771
f 5739 5771 5740
f 5739 5772 5770
f 5740 5771 5769
f 5741 5773 5774
f 5741 5774 5742
f 5741 5769 5775
f 5741 5775 5773
f 5742 5774 5776
f 5742 5776 5777
f 5742 5777 5744
f 5742 5744 5743
f 5744 5777 5778
f 5744 5778 5745
f 5745 5778 5746
f 5746 5778 5779
f 5746 5779 5747
f 5747 5779 5780
f 5747 5780 5748
f 5749 5781 5782
f 5749 5782 5751
f 5749 5751 5750
f 5751 5782 5783
f 5751 5783 5784
f 5751 5784 5752
f 5752 5784 5785
f 5752 5785 5786
f 5752 5786 5787
f 5752 5787 5753
f 5753 5787 5788
f 5755 5757 5789
f 5755 5789 5794
f 5755 5794 5793
f 5755 5793 5823
f 5755 5823 5805
f 5755 5805 5807
f 5755 5807 5790
f 5755 5790 5756
f 5757 5759 5791
f 5757 5791 5792
f 5757 5792 5793
f 5757 5793 5794
f 5757 5794 5789
f 5758 5768 5795
f 5758 5795 5796
f 5758 5796 5797
f 5759 5797 5791
f 5760 5798 5761
f 5761 5798 5762
f 5764 5799 5800
f 5764 5800 5801
f 5764 5801 5802
f 5764 5802 5803
f 5764 5803 5765
f 5765 5803 5766
f 5766 5795 5767
f 5766 5803 5802
f 5766 5802 5801
f 5766 5801 5804
f 5766 5804 5795
f 5767 5795 5768
f 5769 5771 5775
f 5770 5805 5806
f 5770 5806 5775
f 5770 5775 5771
f 5770 5772 5805
f 5772 5790 5807
f 5772 5807 5805
f 5773 5808 5809
f 5773 5809 5774
f 5773 5775 5810
f 5773 5810 5808
f 5774 5809 5811
f 5774 5811 5776
f 5775 5806 5810
f 5776 5811 5784
f 5776 5784 5812
f 5776 5812 5813
f 5776 5813 5814
f 5776 5814 5779
f 5776 5779 5815
f 5776 5815 5778
f 5776 5778 5777
f 5778 5815 5779
f 5781 5816 5782
f 5782 5816 5817
f 5782 5817 5783
f 5783 5817 5818
f 5783 5818 5784
f 5784 5811 5786
f 5784 5786 5785
f 5784 5818 5812
f 5786 5819 5787
f 5786 5811 5809
f 5786 5809 5819
f 5787 5819 5820
f 5787 5820 5788
f 5788 5820 5819
f 5788 5819 5821
f 5788 5821 5822
f 5788 5822 5799
f 5791 5796 5795
f 5791 5795 5810
f 5791 5810 5823
f 5791 5823 5792
f 5791 5797 5796
f 5792 5823 5793
f 5795 5804 5810
f 5799 5822 5824
f 5799 5824 5800
f 5800 5824 5804
f 5800 5804 5801
f 5804 5824 5809
f 5804 5809 5808
f 5804 5808 5810
f 5805 5823 5806
f 5806 5823 5810
f 5809 5824 5822
f 5809 5822 5821
f 5809 5821 5819
f 5812 5818 5813
f 5813 5818 5814
f 5814 5818 5825
f 5816 5826 5827
f 5816 5827 5817
f 5817 5827 5818
f 5818 5827 5825
f 5825 5827 5828
f 5826 5828 5827

o part_49
v -0.01827890 0.00004773 0.05060629
v -0.01943161 0.00004773 0.05340293
v -0.01499709 -0.01053531 0.05060629
v -0.02759175 0.00004773 0.05060629
v -0.01985817 0.00004773 0.05390080
v -0.01625705 -0.01053531 0.05333190
v -0.02544785 -0.01053531 0.05060629
v -0.02759052 -0.00055000 0.05060629
v -0.02734149 0.00004773 0.05185228
v -0.01990378 0.00004773 0.05390471
v -0.01720633 -0.01053531 0.05376493
v -0.01699182 -0.01053531 0.05374571
v -0.02532333 -0.01053531 0.05115011
v -0.02550086 -0.01040686 0.05060629
v -0.02752025 -0.00126997 0.05060629
v -0.02751285 -0.00123061 0.05066396
v -0.02743395 -0.00055000 0.05137852
v -0.02725642 -0.00055000 0.05225013
v -0.02726012 0.00004773 0.05225013
v -0.02052267 0.00004773 0.05392589
v -0.01815932 -0.01053531 0.05381869
v -0.02513841 -0.01053531 0.05193570
v -0.02535169 -0.01003082 0.05193309
v -0.02586578 -0.00934918 0.05060629
v -0.02745861 -0.00189360 0.05060629
v -0.02713930 -0.00165016 0.05225013
v -0.02651425 -0.00495063 0.05296566
v -0.02658699 -0.00385047 0.05306732
v -0.02664863 -0.00275031 0.05315269
v -0.02671151 -0.00165016 0.05323414
v -0.02677068 -0.00055000 0.05330778
v -0.02694451 0.00004773 0.05296208
v -0.02110087 0.00004773 0.05393241
v -0.02144976 0.00004773 0.05393469
v -0.02227206 0.00004773 0.05393469
v -0.02474883 0.00004773 0.05393273
v -0.02537511 0.00004773 0.05392622
v -0.02563647 0.00004773 0.05391970
v -0.02589044 0.00004773 0.05391123
v -0.02144976 -0.01053531 0.05369781
v -0.02504841 -0.01053531 0.05228466
v -0.02510512 -0.01041825 0.05227945
v -0.02526292 -0.00980084 0.05266589
v -0.02547744 -0.00940097 0.05227945
v -0.02574496 -0.00934918 0.05115011
v -0.02603468 -0.00879392 0.05060629
v -0.02741546 -0.00229658 0.05060629
v -0.02736614 -0.00275031 0.05060629
v -0.02725149 -0.00275031 0.05115011
v -0.02701602 -0.00275031 0.05225013
v -0.02689150 -0.00385047 0.05225013
v -0.02674849 -0.00495063 0.05225013
v -0.02644768 -0.00565920 0.05287117
v -0.02566606 -0.00714990 0.05314715
v -0.02628371 0.00003737 0.05389494
v -0.02629358 0.00004773 0.05388549
v -0.02674479 0.00004773 0.05339576
v -0.02627508 0.00004773 0.05389624
v -0.02254945 -0.01053531 0.05365740
v -0.02456267 -0.01053531 0.05313249
v -0.02538127 -0.00906740 0.05291190
v -0.02632933 -0.00639264 0.05251796
v -0.02651795 -0.00603524 0.05219082
v -0.02619495 -0.00826560 0.05060629
v -0.02731190 -0.00324652 0.05060629
v -0.02724533 -0.00383493 0.05060629
v -0.02717752 -0.00439433 0.05060629
v -0.02710725 -0.00495063 0.05060629
v -0.02698890 -0.00549345 0.05060629
v -0.02686561 -0.00604975 0.05060629
v -0.02550456 -0.00824902 0.05304255
v -0.02458116 -0.01044933 0.05314584
v -0.02474883 -0.00824902 0.05342541
v -0.02364914 -0.01044933 0.05356193
v -0.02365654 -0.01053531 0.05354206
v -0.02674479 -0.00604975 0.05115011
v -0.02655494 -0.00707842 0.05060629
f 5829 5830 5831
f 5829 5831 5835
f 5829 5835 5842
f 5829 5842 5852
f 5829 5852 5874
f 5829 5874 5892
f 5829 5892 5905
f 5829 5905 5898
f 5829 5898 5897
f 5829 5897 5896
f 5829 5896 5895
f 5829 5895 5894
f 5829 5894 5893
f 5829 5893 5876
f 5829 5876 5875
f 5829 5875 5853
f 5829 5853 5843
f 5829 5843 5836
f 5829 5836 5832
f 5829 5832 5837
f 5829 5837 5847
f 5829 5847 5860
f 5829 5860 5885
f 5829 5885 5884
f 5829 5884 5886
f 5829 5886 5867
f 5829 5867 5866
f 5829 5866 5865
f 5829 5865 5864
f 5829 5864 5863
f 5829 5863 5862
f 5829 5862 5861
f 5829 5861 5848
f 5829 5848 5838
f 5829 5838 5833
f 5829 5833 5830
f 5830 5833 5834
f 5830 5834 5831
f 5831 5834 5840
f 5831 5840 5839
f 5831 5839 5849
f 5831 5849 5868
f 5831 5868 5887
f 5831 5887 5903
f 5831 5903 5888
f 5831 5888 5869
f 5831 5869 5850
f 5831 5850 5841
f 5831 5841 5835
f 5832 5836 5837
f 5833 5838 5839
f 5833 5839 5840
f 5833 5840 5834
f 5835 5841 5842
f 5836 5843 5844
f 5836 5844 5845
f 5836 5845 5837
f 5837 5846 5847
f 5837 5845 5846
f 5838 5848 5849
f 5838 5849 5839
f 5841 5850 5851
f 5841 5851 5842
f 5842 5851 5852
f 5843 5853 5844
f 5844 5853 5846
f 5844 5846 5845
f 5846 5854 5855
f 5846 5855 5856
f 5846 5856 5857
f 5846 5857 5858
f 5846 5858 5859
f 5846 5859 5860
f 5846 5860 5847
f 5846 5853 5854
f 5848 5861 5849
f 5849 5861 5862
f 5849 5862 5863
f 5849 5863 5864
f 5849 5864 5865
f 5849 5865 5866
f 5849 5866 5867
f 5849 5867 5868
f 5850 5869 5870
f 5850 5870 5851
f 5851 5870 5871
f 5851 5871 5852
f 5852 5871 5872
f 5852 5872 5873
f 5852 5873 5874
f 5853 5875 5854
f 5854 5875 5876
f 5854 5876 5877
f 5854 5877 5878
f 5854 5878 5855
f 5855 5878 5879
f 5855 5879 5880
f 5855 5880 5881
f 5855 5881 5882
f 5855 5882 5883
f 5855 5883 5856
f 5856 5883 5857
f 5857 5883 5858
f 5858 5883 5859
f 5859 5883 5884
f 5859 5884 5885
f 5859 5885 5860
f 5867 5886 5887
f 5867 5887 5868
f 5869 5888 5871
f 5869 5871 5870
f 5871 5889 5881
f 5871 5881 5890
f 5871 5890 5891
f 5871 5891 5872
f 5871 5888 5889
f 5872 5892 5874
f 5872 5874 5873
f 5872 5891 5892
f 5876 5893 5877
f 5877 5893 5878
f 5878 5893 5894
f 5878 5894 5879
f 5879 5894 5895
f 5879 5895 5896
f 5879 5896 5880
f 5880 5897 5898
f 5880 5898 5891
f 5880 5891 5881
f 5880 5896 5897
f 5881 5891 5890
f 5881 5889 5899
f 5881 5899 5882
f 5882 5899 5900
f 5882 5900 5901
f 5882 5901 5883
f 5883 5886 5884
f 5883 5901 5902
f 5883 5902 5887
f 5883 5887 5886
f 5887 5902 5903
f 5888 5903 5900
f 5888 5900 5889
f 5889 5900 5899
f 5891 5898 5904
f 5891 5904 5905
f 5891 5905 5892
f 5898 5905 5904
f 5900 5903 5902
f 5900 5902 5901

o part_50
v -0.01331053 0.01193652 0.05019195
v -0.01513008 0.01193652 0.05506396
v -0.01783690 0.00004889 0.05019195
v -0.02494637 0.01193652 0.05019195
v -0.01518211 0.01193652 0.05516412
v -0.01943147 0.00004889 0.05340269
v -0.02767428 0.00004889 0.05019195
v -0.02508276 0.01168280 0.05019195
v -0.02491262 0.01193652 0.05035040
v -0.01552520 0.01193652 0.05530666
v -0.01861028 0.00530138 0.05508569
v -0.01985894 0.00004889 0.05390080
v -0.02734243 0.00004889 0.05185217
v -0.02726369 0.00055051 0.05225013
v -0.02743664 0.00055051 0.05138372
v -0.02767428 0.00055051 0.05019195
v -0.02514463 0.01156758 0.05019195
v -0.02488449 0.01193652 0.05048182
v -0.01592455 0.01193652 0.05541264
v -0.01815047 0.00824942 0.05544020
v -0.01847529 0.00604973 0.05518690
v -0.01925008 0.00604973 0.05539357
v -0.01932460 0.00494058 0.05512596
v -0.01974082 0.00436214 0.05501256
v -0.01990393 0.00004889 0.05390452
v -0.02726088 0.00004889 0.05225013
v -0.02716807 0.00165036 0.05225013
v -0.02681091 0.00165036 0.05334970
v -0.02650578 0.00385005 0.05403646
v -0.02673498 0.00385005 0.05334970
v -0.02766022 0.00071229 0.05019195
v -0.02537383 0.01113811 0.05019195
v -0.02440781 0.01193652 0.05269579
v -0.02461170 0.01193652 0.05174883
v -0.01666278 0.01193652 0.05558169
v -0.01815047 0.00934927 0.05558274
v -0.01925008 0.00714958 0.05553823
v -0.02035109 0.00604973 0.05538561
v -0.02034968 0.00487075 0.05512384
v -0.01998268 0.00436214 0.05501256
v -0.02144929 0.00004889 0.05393419
v -0.02110056 0.00004889 0.05393260
v -0.02052123 0.00004889 0.05392571
v -0.02694449 0.00004889 0.05296180
v -0.02706964 0.00275020 0.05225013
v -0.02674482 0.00004889 0.05339580
v -0.02672795 0.00046322 0.05345674
v -0.02650718 0.00275020 0.05400732
v -0.02645656 0.00495105 0.05399354
v -0.02542445 0.00714958 0.05510264
v -0.02662389 0.00495105 0.05334970
v -0.02696559 0.00385005 0.05225013
v -0.02744649 0.00275020 0.05032920
v -0.02747320 0.00275020 0.05019195
v -0.02560725 0.01057830 0.05019195
v -0.02531899 0.01103686 0.05069378
v -0.02444578 0.01160715 0.05333115
v -0.02431923 0.01193652 0.05310541
v -0.01705087 0.01193652 0.05559440
v -0.01705087 0.01154895 0.05558910
v -0.01815047 0.01044911 0.05560500
v -0.01925008 0.00824942 0.05559493
v -0.02035109 0.00824942 0.05557903
v -0.02144929 0.00824942 0.05555943
v -0.02035109 0.00714958 0.05551703
v -0.02144929 0.00714958 0.05549054
v -0.02254889 0.00714958 0.05545450
v -0.02364990 0.00714958 0.05540894
v -0.02144929 0.00604973 0.05533156
v -0.02627517 0.00004889 0.05389603
v -0.02588989 0.00004889 0.05391087
v -0.02563678 0.00004889 0.05391935
v -0.02537524 0.00004889 0.05392624
v -0.02474950 0.00004889 0.05393260
v -0.02227188 0.00004889 0.05393419
v -0.02742961 0.00321458 0.05019195
v -0.02629345 0.00004889 0.05388544
v -0.02644250 0.00077281 0.05393048
v -0.02648047 0.00165036 0.05396492
v -0.02641157 0.00555160 0.05392942
v -0.02536821 0.00796661 0.05507032
v -0.02537383 0.00604973 0.05504965
v -0.02474950 0.00714958 0.05529606
v -0.02364990 0.00934927 0.05556208
v -0.02483528 0.00829947 0.05524466
v -0.02460608 0.00934927 0.05527169
v -0.02706121 0.00495105 0.05115003
v -0.02725103 0.00495105 0.05019195
v -0.02736774 0.00385936 0.05019195
v -0.02565647 0.01045260 0.05019195
v -0.02531618 0.00994167 0.05288284
v -0.02524025 0.01086112 0.05142718
v -0.02436141 0.01130455 0.05444979
v -0.02417580 0.01193652 0.05376727
v -0.02420814 0.01193652 0.05361889
v -0.01776238 0.01193652 0.05560500
v -0.01925008 0.00934927 0.05560500
v -0.02035109 0.00934927 0.05560500
v -0.02144929 0.00934927 0.05559917
v -0.02254889 0.00934927 0.05558698
v -0.02364990 0.00824942 0.05551545
v -0.02364990 0.00604973 0.05521021
v -0.02254889 0.00604973 0.05527328
v -0.02474950 0.00604973 0.05513974
v -0.02530071 0.00549923 0.05500037
v -0.02633001 0.00633488 0.05334970
v -0.02647484 0.00578670 0.05334970
v -0.02703449 0.00604973 0.05019195
v -0.02525853 0.00869984 0.05488962
v -0.02547507 0.00829947 0.05449378
v -0.02441203 0.01044911 0.05519273
v -0.02254889 0.01044911 0.05560500
v -0.02254889 0.01154895 0.05558910
v -0.02364990 0.01044911 0.05549531
v -0.02603613 0.00934927 0.05019195
v -0.02524306 0.00971472 0.05361571
v -0.02505323 0.01036415 0.05328929
v -0.02475654 0.01044911 0.05444979
v -0.02426579 0.01112531 0.05507403
v -0.02401409 0.01193652 0.05444979
v -0.02144929 0.01193652 0.05560500
v -0.02638907 0.00656299 0.05274984
v -0.02658593 0.00613702 0.05233015
v -0.02535555 0.00898149 0.05415622
v -0.02608675 0.00714958 0.05334970
v -0.02699090 0.00619871 0.05019195
v -0.02646219 0.00679926 0.05201644
v -0.02515026 0.00934810 0.05449378
v -0.02367381 0.01151520 0.05527381
v -0.02353460 0.01193652 0.05523618
v -0.02216220 0.01193652 0.05559493
v -0.02254889 0.01193652 0.05554883
v -0.02325618 0.01193652 0.05534906
v -0.02671107 0.00715074 0.05019195
v -0.02397894 0.01193652 0.05452504
f 5906 5907 5908
f 5906 5908 5912
f 5906 5912 5921
f 5906 5921 5936
f 5906 5936 5959
f 5906 5959 5981
f 5906 5981 5994
f 5906 5994 5993
f 5906 5993 6013
f 5906 6013 6031
f 5906 6031 6039
f 5906 6039 6020
f 5906 6020 5995
f 5906 5995 5960
f 5906 5960 5937
f 5906 5937 5922
f 5906 5922 5913
f 5906 5913 5909
f 5906 5909 5914
f 5906 5914 5923
f 5906 5923 5939
f 5906 5939 5938
f 5906 5938 5963
f 5906 5963 6000
f 5906 6000 5999
f 5906 5999 6025
f 5906 6025 6040
f 5906 6040 6035
f 5906 6035 6038
f 5906 6038 6037
f 5906 6037 6036
f 5906 6036 6026
f 5906 6026 6001
f 5906 6001 5964
f 5906 5964 5940
f 5906 5940 5924
f 5906 5924 5915
f 5906 5915 5910
f 5906 5910 5907
f 5907 5910 5911
f 5907 5911 5908
f 5908 5911 5917
f 5908 5917 5930
f 5908 5930 5948
f 5908 5948 5947
f 5908 5947 5946
f 5908 5946 5980
f 5908 5980 5979
f 5908 5979 5978
f 5908 5978 5977
f 5908 5977 5976
f 5908 5976 5975
f 5908 5975 5982
f 5908 5982 5951
f 5908 5951 5949
f 5908 5949 5931
f 5908 5931 5918
f 5908 5918 5912
f 5909 5913 5914
f 5910 5915 5916
f 5910 5916 5917
f 5910 5917 5911
f 5912 5918 5919
f 5912 5919 5920
f 5912 5920 5921
f 5913 5922 5914
f 5914 5922 5923
f 5915 5924 5925
f 5915 5925 5926
f 5915 5926 5916
f 5916 5926 5927
f 5916 5927 5928
f 5916 5928 5917
f 5917 5928 5929
f 5917 5929 5930
f 5918 5931 5919
f 5919 5932 5920
f 5919 5931 5933
f 5919 5933 5934
f 5919 5934 5935
f 5919 5935 5932
f 5920 5936 5921
f 5920 5932 5936
f 5922 5937 5938
f 5922 5938 5939
f 5922 5939 5923
f 5924 5940 5925
f 5925 5940 5941
f 5925 5941 5942
f 5925 5942 5927
f 5925 5927 5926
f 5927 5942 5943
f 5927 5943 5944
f 5927 5944 5945
f 5927 5945 5929
f 5927 5929 5928
f 5929 5945 5980
f 5929 5980 5946
f 5929 5946 5947
f 5929 5947 5948
f 5929 5948 5930
f 5931 5949 5933
f 5932 5950 5936
f 5932 5935 5950
f 5933 5951 5952
f 5933 5952 5953
f 5933 5953 5934
f 5933 5949 5951
f 5934 5954 5935
f 5934 5953 5955
f 5934 5955 5954
f 5935 5954 5956
f 5935 5956 5957
f 5935 5957 5950
f 5936 5958 5959
f 5936 5950 5958
f 5937 5960 5961
f 5937 5961 5962
f 5937 5962 5938
f 5938 5962 5963
f 5940 5964 5965
f 5940 5965 5941
f 5941 5965 5966
f 5941 5966 5967
f 5941 5967 5942
f 5942 5967 5968
f 5942 5968 5969
f 5942 5969 5970
f 5942 5970 5943
f 5943 5970 5971
f 5943 5971 5972
f 5943 5972 5973
f 5943 5973 5974
f 5943 5974 5975
f 5943 5975 5976
f 5943 5976 5977
f 5943 5977 5978
f 5943 5978 5944
f 5944 5978 5945
f 5945 5978 5979
f 5945 5979 5980
f 5950 5957 5981
f 5950 5981 5958
f 5951 5982 5983
f 5951 5983 5984
f 5951 5984 5953
f 5951 5953 5952
f 5953 5984 5955
f 5954 5985 5956
f 5954 5955 5986
f 5954 5986 5985
f 5955 5987 5988
f 5955 5988 5989
f 5955 5989 5990
f 5955 5990 5991
f 5955 5991 5986
f 5955 5984 5983
f 5955 5983 5987
f 5956 5985 5992
f 5956 5992 5957
f 5957 5992 5993
f 5957 5993 5994
f 5957 5994 5981
f 5958 5981 5959
f 5960 5995 5996
f 5960 5996 5961
f 5961 5996 5997
f 5961 5997 5998
f 5961 5998 5962
f 5962 5998 5999
f 5962 5999 6000
f 5962 6000 5963
f 5964 6001 5966
f 5964 5966 5965
f 5966 6001 6026
f 5966 6026 6017
f 5966 6017 6003
f 5966 6003 6002
f 5966 6002 5967
f 5967 6002 6003
f 5967 6003 6004
f 5967 6004 6005
f 5967 6005 5968
f 5968 6005 5969
f 5969 6005 6006
f 5969 6006 5970
f 5970 6006 5971
f 5971 6006 5972
f 5972 6006 5973
f 5973 6007 6008
f 5973 6008 5974
f 5973 6006 5988
f 5973 5988 6009
f 5973 6009 6007
f 5974 6008 5975
f 5975 6010 5987
f 5975 5987 5983
f 5975 5983 5982
f 5975 6008 6007
f 5975 6007 6010
f 5985 6011 6012
f 5985 6012 6013
f 5985 6013 5993
f 5985 5993 5992
f 5985 5986 6014
f 5985 6014 6015
f 5985 6015 6011
f 5986 5991 6016
f 5986 6016 6014
f 5987 6010 5988
f 5988 6010 6009
f 5988 6006 5989
f 5989 6006 6005
f 5989 6005 6017
f 5989 6017 6018
f 5989 6018 6019
f 5989 6019 5991
f 5989 5991 5990
f 5991 6019 6016
f 5995 6020 5996
f 5996 6021 6022
f 5996 6022 5997
f 5996 6020 6021
f 5997 6022 6023
f 5997 6023 5998
f 5998 6024 6025
f 5998 6025 5999
f 5998 6023 6024
f 6003 6017 6004
f 6004 6017 6005
f 6007 6009 6010
f 6011 6027 6028
f 6011 6028 6012
f 6011 6015 6029
f 6011 6029 6030
f 6011 6030 6027
f 6012 6028 6013
f 6013 6028 6027
f 6013 6027 6032
f 6013 6032 6031
f 6014 6023 6033
f 6014 6033 6029
f 6014 6029 6015
f 6014 6016 6024
f 6014 6024 6023
f 6016 6019 6034
f 6016 6034 6035
f 6016 6035 6024
f 6017 6026 6036
f 6017 6036 6018
f 6018 6036 6037
f 6018 6037 6019
f 6019 6037 6038
f 6019 6038 6034
f 6020 6039 6032
f 6020 6032 6021
f 6021 6029 6033
f 6021 6033 6023
f 6021 6023 6022
f 6021 6032 6027
f 6021 6027 6030
f 6021 6030 6029
f 6024 6040 6025
f 6024 6035 6040
f 6031 6032 6039
f 6034 6038 6035

o part_51
v -0.01223831 -0.01203225 -0.05163991
v -0.01223831 -0.01303139 -0.05509423
v -0.01223831 -0.01691220 -0.05163991
v -0.00000437 -0.01691481 -0.05163991
v -0.01223831 -0.01320371 -0.05520562
v -0.00000437 -0.01788262 -0.05444994
v -0.00000437 -0.01808193 -0.05487261
v -0.00000437 -0.01828472 -0.05530226
v -0.01202036 -0.01707496 -0.05163991
v -0.01223831 -0.01686695 -0.05200785
v -0.00000437 -0.02092270 -0.05163991
v -0.01223831 -0.01376769 -0.05538765
v -0.00000437 -0.01876340 -0.05545247
v -0.01223831 -0.01416195 -0.05551340
v -0.01220837 -0.01658844 -0.05444994
v -0.01168505 -0.01731952 -0.05163991
v -0.01223831 -0.01661281 -0.05407229
v -0.00000437 -0.02091312 -0.05183436
v -0.00024747 -0.02092270 -0.05163991
v -0.00000437 -0.01924992 -0.05560500
v -0.01154973 -0.01485038 -0.05554290
v -0.01223831 -0.01485038 -0.05553786
v -0.01214370 -0.01653535 -0.05504338
v -0.01154973 -0.01704884 -0.05444994
v -0.01223831 -0.01657103 -0.05439871
v -0.01223831 -0.01656407 -0.05444994
v -0.01223831 -0.01647530 -0.05495217
v -0.01143956 -0.01748227 -0.05163991
v -0.01144914 -0.01726904 -0.05329216
v -0.01094019 -0.01756756 -0.05362013
v -0.01101563 -0.01760934 -0.05288657
v -0.00014089 -0.02091312 -0.05183436
v -0.00000437 -0.02058675 -0.05444994
v -0.00054685 -0.02089398 -0.05163991
v -0.00055044 -0.02072165 -0.05335038
v -0.00000437 -0.02015245 -0.05530226
v -0.00055044 -0.01924992 -0.05560500
v -0.00605068 -0.01814982 -0.05560500
v -0.01044920 -0.01595048 -0.05558792
v -0.01223831 -0.01526205 -0.05551690
v -0.01154973 -0.01673553 -0.05518388
v -0.01012946 -0.01772248 -0.05513886
v -0.01085277 -0.01750925 -0.05444994
v -0.01223831 -0.01639436 -0.05508103
v -0.01107671 -0.01764502 -0.05225004
v -0.01113419 -0.01767984 -0.05163991
v -0.01030310 -0.01781474 -0.05444994
v -0.01052345 -0.01782779 -0.05329216
v -0.01044920 -0.01798532 -0.05225004
v -0.01044920 -0.01805408 -0.05163991
v -0.01072822 -0.01790264 -0.05163991
v -0.00055044 -0.02058675 -0.05444994
v -0.00000437 -0.02036829 -0.05487959
v -0.00079953 -0.02086961 -0.05163991
v -0.00165097 -0.02061547 -0.05335038
v -0.00275030 -0.02039702 -0.05444994
v -0.00165097 -0.02049623 -0.05444994
v -0.00055044 -0.02015245 -0.05530226
v -0.00165097 -0.01924992 -0.05560306
v -0.00275030 -0.01924992 -0.05558676
v -0.00714882 -0.01814982 -0.05557046
v -0.00934987 -0.01704971 -0.05555765
v -0.01154973 -0.01595048 -0.05548624
v -0.01223831 -0.01591741 -0.05530071
v -0.01223831 -0.01617068 -0.05520290
v -0.01047794 -0.01710629 -0.05532516
v -0.00934987 -0.01791918 -0.05525530
v -0.00797511 -0.01883303 -0.05515555
v -0.00872237 -0.01864765 -0.05444994
v -0.00927922 -0.01847793 -0.05342684
v -0.00878703 -0.01869290 -0.05384407
v -0.00957022 -0.01852406 -0.05163991
v -0.00275030 -0.02007064 -0.05528441
v -0.00165097 -0.02011590 -0.05530071
v -0.00103304 -0.02084698 -0.05163991
v -0.00214076 -0.02073819 -0.05163991
v -0.00275030 -0.02061721 -0.05225004
v -0.00385083 -0.02053714 -0.05163991
v -0.00385083 -0.02047535 -0.05225004
v -0.00385083 -0.02036307 -0.05335038
v -0.00385083 -0.02025080 -0.05444994
v -0.00385083 -0.01999753 -0.05523046
v -0.00385083 -0.01924992 -0.05553281
v -0.00714882 -0.01897489 -0.05526772
v -0.00830443 -0.01822205 -0.05533525
v -0.00473221 -0.01990005 -0.05512722
v -0.00546629 -0.01978256 -0.05489939
v -0.00714882 -0.01931606 -0.05444994
v -0.00817270 -0.01892876 -0.05444994
v -0.00886487 -0.01873468 -0.05311091
v -0.00895588 -0.01878342 -0.05225004
v -0.00902055 -0.01881736 -0.05163991
v -0.00275030 -0.02067813 -0.05163991
v -0.00495016 -0.02028474 -0.05163991
v -0.00495016 -0.02022121 -0.05225004
v -0.00495016 -0.02010632 -0.05335038
v -0.00503997 -0.01996011 -0.05449962
v -0.00714882 -0.01943965 -0.05335038
v -0.00824934 -0.01919334 -0.05163991
v -0.00856429 -0.01904017 -0.05163991
v -0.00656562 -0.01979475 -0.05163991
v -0.00712008 -0.01962590 -0.05163991
v -0.00714882 -0.01955366 -0.05225004
f 6041 6042 6045
f 6041 6045 6052
f 6041 6052 6054
f 6041 6054 6062
f 6041 6062 6080
f 6041 6080 6104
f 6041 6104 6105
f 6041 6105 6084
f 6041 6084 6067
f 6041 6067 6066
f 6041 6066 6065
f 6041 6065 6057
f 6041 6057 6050
f 6041 6050 6043
f 6041 6043 6049
f 6041 6049 6056
f 6041 6056 6068
f 6041 6068 6086
f 6041 6086 6091
f 6041 6091 6090
f 6041 6090 6112
f 6041 6112 6132
f 6041 6132 6140
f 6041 6140 6139
f 6041 6139 6142
f 6041 6142 6141
f 6041 6141 6134
f 6041 6134 6118
f 6041 6118 6133
f 6041 6133 6116
f 6041 6116 6115
f 6041 6115 6094
f 6041 6094 6074
f 6041 6074 6059
f 6041 6059 6051
f 6041 6051 6044
f 6041 6044 6042
f 6042 6044 6046
f 6042 6046 6047
f 6042 6047 6048
f 6042 6048 6045
f 6043 6050 6049
f 6044 6051 6058
f 6044 6058 6073
f 6044 6073 6093
f 6044 6093 6076
f 6044 6076 6060
f 6044 6060 6053
f 6044 6053 6048
f 6044 6048 6047
f 6044 6047 6046
f 6045 6048 6052
f 6048 6053 6054
f 6048 6054 6052
f 6049 6055 6056
f 6049 6050 6057
f 6049 6057 6055
f 6051 6059 6072
f 6051 6072 6058
f 6053 6060 6054
f 6054 6061 6062
f 6054 6060 6061
f 6055 6063 6064
f 6055 6064 6056
f 6055 6057 6065
f 6055 6065 6066
f 6055 6066 6067
f 6055 6067 6063
f 6056 6064 6069
f 6056 6069 6070
f 6056 6070 6071
f 6056 6071 6068
f 6058 6072 6092
f 6058 6092 6073
f 6059 6074 6075
f 6059 6075 6072
f 6060 6076 6098
f 6060 6098 6077
f 6060 6077 6078
f 6060 6078 6079
f 6060 6079 6061
f 6061 6079 6062
f 6062 6079 6080
f 6063 6081 6082
f 6063 6082 6083
f 6063 6083 6064
f 6063 6067 6084
f 6063 6084 6081
f 6064 6070 6069
f 6064 6083 6070
f 6068 6071 6085
f 6068 6085 6086
f 6070 6083 6087
f 6070 6087 6088
f 6070 6088 6089
f 6070 6089 6090
f 6070 6090 6071
f 6071 6090 6091
f 6071 6091 6086
f 6071 6086 6085
f 6072 6075 6092
f 6073 6092 6093
f 6074 6094 6075
f 6075 6094 6095
f 6075 6095 6096
f 6075 6096 6097
f 6075 6097 6092
f 6076 6093 6098
f 6077 6098 6099
f 6077 6099 6078
f 6078 6099 6100
f 6078 6100 6101
f 6078 6101 6079
f 6079 6101 6102
f 6079 6102 6080
f 6080 6103 6104
f 6080 6102 6103
f 6081 6084 6105
f 6081 6105 6104
f 6081 6104 6103
f 6081 6103 6106
f 6081 6106 6082
f 6082 6087 6083
f 6082 6106 6107
f 6082 6107 6108
f 6082 6108 6109
f 6082 6109 6087
f 6087 6110 6089
f 6087 6089 6088
f 6087 6109 6111
f 6087 6111 6110
f 6089 6110 6112
f 6089 6112 6090
f 6092 6097 6113
f 6092 6113 6114
f 6092 6114 6098
f 6092 6098 6093
f 6094 6115 6095
f 6095 6115 6116
f 6095 6116 6117
f 6095 6117 6096
f 6096 6117 6118
f 6096 6118 6119
f 6096 6119 6120
f 6096 6120 6121
f 6096 6121 6122
f 6096 6122 6097
f 6097 6122 6113
f 6098 6114 6099
f 6099 6114 6100
f 6100 6113 6123
f 6100 6123 6101
f 6100 6114 6113
f 6101 6124 6125
f 6101 6125 6107
f 6101 6107 6102
f 6101 6123 6124
f 6102 6107 6106
f 6102 6106 6103
f 6107 6125 6124
f 6107 6124 6108
f 6108 6124 6126
f 6108 6126 6127
f 6108 6127 6128
f 6108 6128 6129
f 6108 6129 6109
f 6109 6129 6111
f 6110 6111 6130
f 6110 6130 6131
f 6110 6131 6112
f 6111 6129 6130
f 6112 6131 6132
f 6113 6122 6123
f 6116 6133 6117
f 6117 6133 6118
f 6118 6134 6119
f 6119 6134 6120
f 6120 6134 6121
f 6121 6126 6122
f 6121 6134 6135
f 6121 6135 6136
f 6121 6136 6137
f 6121 6137 6127
f 6121 6127 6126
f 6122 6126 6124
f 6122 6124 6123
f 6127 6137 6128
f 6128 6138 6129
f 6128 6137 6138
f 6129 6138 6139
f 6129 6139 6140
f 6129 6140 6131
f 6129 6131 6130
f 6131 6140 6132
f 6134 6141 6137
f 6134 6137 6135
f 6135 6137 6136
f 6137 6141 6138
f 6138 6141 6142
f 6138 6142 6143
f 6138 6143 6139
f 6139 6143 6142

o part_52
v 0.00053073 0.02770949 0.05036522
v 0.00025705 0.02770820 0.05036522
v -0.00000282 0.02750537 0.05173518
v 0.00006617 0.02750537 0.05173518
v 0.00048013 0.02756955 0.05116329
v 0.00079981 0.02746942 0.05153874
v 0.00165993 0.02759652 0.05036522
v -0.00000282 0.02770692 0.05036522
v -0.00000282 0.02713435 0.05334979
v 0.00055143 0.02713435 0.05334979
v 0.00048013 0.02738726 0.05216088
v 0.00165073 0.02725118 0.05225013
v 0.00389764 0.02736672 0.05036522
v -0.00000282 0.01807596 0.05036522
v -0.00000282 0.02670300 0.05417299
v 0.00055143 0.02670300 0.05417299
v 0.00165073 0.02665678 0.05416170
v 0.00275004 0.02660800 0.05414170
v 0.00385164 0.02655536 0.05411144
v 0.00165073 0.02703165 0.05334979
v 0.00275004 0.02692509 0.05334979
v 0.00385164 0.02681341 0.05334979
v 0.00385164 0.02702009 0.05225013
v 0.00463587 0.02727813 0.05036522
v -0.00000282 0.01911197 0.05334979
v 0.01082234 0.01459433 0.05036522
v 0.01237010 0.01459433 0.05444995
v 0.01281166 0.01459433 0.05521623
v -0.00000282 0.02584928 0.05447406
v 0.00605025 0.02538712 0.05505671
v 0.00715185 0.02543590 0.05511006
v 0.00495095 0.02647834 0.05403091
v 0.00799128 0.02537428 0.05507518
v 0.00558109 0.02642057 0.05394680
v 0.00495095 0.02666320 0.05334979
v 0.00495095 0.02708813 0.05115047
v 0.00495095 0.02723962 0.05036522
v -0.00000282 0.01946758 0.05418735
v 0.02348963 0.01459433 0.05036522
v 0.01375688 0.01459433 0.05547011
v -0.00000282 0.02474908 0.05450176
v 0.00605025 0.02035082 0.05539164
v 0.00715185 0.02144975 0.05549371
v 0.00715185 0.02254995 0.05545934
v 0.00715185 0.02364887 0.05541421
v 0.00715185 0.02474908 0.05530599
v 0.00935046 0.02364887 0.05556448
v 0.00831555 0.02484023 0.05524854
v 0.00935046 0.02461685 0.05527367
v 0.01045207 0.02441786 0.05519673
v 0.00872262 0.02526644 0.05491361
v 0.00831555 0.02548469 0.05450791
v 0.00636762 0.02633584 0.05334979
v 0.00581797 0.02648604 0.05334979
v 0.00605025 0.02700597 0.05036522
v 0.00530511 0.01861258 0.05508441
v -0.00000282 0.01990535 0.05433712
v 0.02335165 0.01485237 0.05036522
v 0.02325736 0.01459433 0.05144231
v 0.01484929 0.01459433 0.05558910
v 0.01374998 0.01485108 0.05553781
v 0.00605025 0.01925062 0.05539472
v 0.00605025 0.01848035 0.05518494
v -0.00000282 0.02144975 0.05450330
v 0.00715185 0.01925062 0.05553935
v 0.00715185 0.02035082 0.05551987
v 0.00825116 0.02364887 0.05551781
v 0.00935046 0.02254995 0.05558808
v 0.01045207 0.02254995 0.05560449
v 0.01155137 0.02254995 0.05559013
v 0.01045207 0.02364887 0.05549934
v 0.01152147 0.02367583 0.05527675
v 0.01264838 0.02330482 0.05517622
v 0.01113281 0.02426894 0.05507723
v 0.01045207 0.02476833 0.05444995
v 0.00935966 0.02516117 0.05450791
v 0.00899859 0.02536016 0.05418017
v 0.00657460 0.02639232 0.05276405
v 0.00715185 0.02609962 0.05334979
v 0.00715645 0.02667989 0.05036522
v -0.00000282 0.02035082 0.05448945
v 0.02314006 0.01524264 0.05036522
v 0.02307567 0.01535946 0.05036522
v 0.02306417 0.01534277 0.05045806
v 0.02307337 0.01459433 0.05225013
v 0.01594859 0.01459433 0.05560449
v 0.01484929 0.01485108 0.05560449
v 0.00935046 0.01815042 0.05558141
v 0.00825116 0.01925062 0.05559628
v 0.00825116 0.02035082 0.05558038
v 0.00825116 0.02144975 0.05556141
v 0.00935046 0.02144975 0.05559987
v 0.00935046 0.02035082 0.05560449
v 0.01264838 0.02144975 0.05560449
v 0.01484929 0.02035082 0.05560039
v 0.01374998 0.02144975 0.05558449
v 0.01264838 0.02254995 0.05547883
v 0.01369019 0.02256279 0.05525726
v 0.01328542 0.02314563 0.05505261
v 0.01462851 0.02220590 0.05517468
v 0.01131449 0.02436651 0.05444995
v 0.01066595 0.02515604 0.05225013
v 0.01037157 0.02505847 0.05330208
v 0.00995301 0.02532036 0.05290407
v 0.00973223 0.02524719 0.05363649
v 0.00774290 0.02650144 0.05036522
v 0.00900549 0.02611503 0.05036522
v 0.00935966 0.02542820 0.05330208
v 0.00935046 0.02585442 0.05115047
v 0.02263181 0.01591920 0.05036522
v 0.02206376 0.01548014 0.05416222
v 0.02196487 0.01536075 0.05489566
v 0.02274680 0.01474967 0.05326105
v 0.02282039 0.01459433 0.05334209
v 0.02233744 0.01493710 0.05449714
v 0.01924880 0.01459433 0.05560449
v 0.01045207 0.01815042 0.05560449
v 0.00935046 0.01925062 0.05560449
v 0.01594859 0.01925062 0.05560449
v 0.01814950 0.01815042 0.05555628
v 0.01704790 0.01925062 0.05552499
v 0.01594859 0.02035082 0.05547935
v 0.01493668 0.02153961 0.05534342
v 0.01536214 0.02196711 0.05490079
v 0.01399146 0.02292738 0.05444995
v 0.01344181 0.02322907 0.05444995
v 0.01594859 0.02118015 0.05517725
v 0.01654654 0.02094008 0.05504030
v 0.01417084 0.02303137 0.05358059
v 0.01201823 0.02415597 0.05369856
v 0.01161347 0.02445124 0.05333901
v 0.01104312 0.02532165 0.05070219
v 0.01086833 0.02524205 0.05143564
v 0.01046127 0.02562462 0.05036522
v 0.01013699 0.02573888 0.05036522
v 0.00935046 0.02600847 0.05036522
v 0.02207986 0.01659832 0.05036522
v 0.02216265 0.01560210 0.05334979
v 0.02164060 0.01588838 0.05449714
v 0.02194417 0.01643271 0.05147257
v 0.02122433 0.01710285 0.05216447
v 0.02116224 0.01682298 0.05334979
v 0.02016183 0.01804258 0.05334979
v 0.01971106 0.01859204 0.05334979
v 0.02102655 0.01665480 0.05444995
v 0.02220175 0.01462771 0.05517314
v 0.02254672 0.01459433 0.05448022
v 0.01956848 0.01842258 0.05444995
v 0.02093686 0.01654697 0.05503927
v 0.02034811 0.01459433 0.05560142
v 0.01924880 0.01595001 0.05560449
v 0.01814950 0.01705021 0.05560449
v 0.02034811 0.01485108 0.05560039
v 0.01924880 0.01705021 0.05552448
v 0.01923500 0.01811447 0.05525982
v 0.01811270 0.01923778 0.05526085
v 0.01547943 0.02206468 0.05416735
v 0.01534374 0.02306603 0.05046370
v 0.01493668 0.02234198 0.05450022
v 0.01842318 0.01957028 0.05444995
v 0.01787352 0.02002603 0.05444995
v 0.01720658 0.02057549 0.05444995
v 0.01665463 0.02102995 0.05444995
v 0.01696740 0.02030204 0.05520238
v 0.01772404 0.01990278 0.05509569
v 0.01523795 0.02314563 0.05036522
v 0.01443762 0.02317387 0.05225013
v 0.01110981 0.02535759 0.05036522
v 0.01374998 0.02377725 0.05115047
v 0.01282546 0.02443968 0.05036522
v 0.02062638 0.01836866 0.05036522
v 0.02081957 0.01750339 0.05247426
v 0.02007673 0.01903751 0.05036522
v 0.01958457 0.01958697 0.05036522
v 0.01901652 0.01902082 0.05444995
v 0.02221325 0.01459433 0.05517622
v 0.02117604 0.01595001 0.05517622
v 0.02153940 0.01493710 0.05534240
v 0.01989965 0.01772420 0.05509467
v 0.01886014 0.01886292 0.05513724
v 0.02151181 0.01459433 0.05541164
v 0.02034811 0.01595001 0.05547832
v 0.02029981 0.01696805 0.05520135
v 0.01560362 0.02216481 0.05334979
v 0.01535984 0.02307759 0.05036522
v 0.01804371 0.02016468 0.05334979
v 0.01615327 0.02171549 0.05334979
v 0.01859336 0.01971278 0.05334979
v 0.01485389 0.02335360 0.05036522
v 0.01461011 0.02348455 0.05036522
v 0.01903492 0.02007866 0.05036522
v 0.01891993 0.01998238 0.05115047
v 0.01868305 0.01978724 0.05274661
v 0.01591869 0.02263340 0.05036522
v 0.01646145 0.02219177 0.05036522
v 0.01836798 0.02062941 0.05036522
v 0.01750326 0.02082197 0.05247785
v 0.01781833 0.02108002 0.05036522
v 0.01631656 0.02185029 0.05225013
v 0.01884404 0.02023657 0.05036522
v 0.01654194 0.02203387 0.05074220
f 6144 6145 6146
f 6144 6146 6147
f 6144 6147 6148
f 6144 6148 6149
f 6144 6149 6150
f 6144 6150 6156
f 6144 6156 6167
f 6144 6167 6180
f 6144 6180 6198
f 6144 6198 6223
f 6144 6223 6249
f 6144 6249 6250
f 6144 6250 6279
f 6144 6279 6278
f 6144 6278 6277
f 6144 6277 6311
f 6144 6311 6313
f 6144 6313 6333
f 6144 6333 6332
f 6144 6332 6309
f 6144 6309 6328
f 6144 6328 6337
f 6144 6337 6338
f 6144 6338 6341
f 6144 6341 6339
f 6144 6339 6343
f 6144 6343 6334
f 6144 6334 6317
f 6144 6317 6316
f 6144 6316 6314
f 6144 6314 6280
f 6144 6280 6253
f 6144 6253 6226
f 6144 6226 6225
f 6144 6225 6201
f 6144 6201 6182
f 6144 6182 6169
f 6144 6169 6157
f 6144 6157 6151
f 6144 6151 6145
f 6145 6151 6146
f 6146 6152 6153
f 6146 6153 6147
f 6146 6151 6157
f 6146 6157 6168
f 6146 6168 6181
f 6146 6181 6200
f 6146 6200 6224
f 6146 6224 6207
f 6146 6207 6184
f 6146 6184 6172
f 6146 6172 6158
f 6146 6158 6152
f 6147 6153 6154
f 6147 6154 6148
f 6148 6154 6149
f 6149 6154 6155
f 6149 6155 6156
f 6149 6156 6150
f 6152 6158 6159
f 6152 6159 6153
f 6153 6159 6160
f 6153 6160 6161
f 6153 6161 6162
f 6153 6162 6163
f 6153 6163 6154
f 6154 6163 6164
f 6154 6164 6155
f 6155 6164 6165
f 6155 6165 6166
f 6155 6166 6156
f 6156 6166 6167
f 6157 6169 6170
f 6157 6170 6171
f 6157 6171 6168
f 6158 6172 6173
f 6158 6173 6174
f 6158 6174 6159
f 6159 6174 6160
f 6160 6174 6161
f 6161 6174 6162
f 6162 6175 6163
f 6162 6174 6176
f 6162 6176 6175
f 6163 6175 6164
f 6164 6175 6165
f 6165 6175 6177
f 6165 6177 6178
f 6165 6178 6179
f 6165 6179 6180
f 6165 6180 6166
f 6166 6180 6167
f 6168 6171 6181
f 6169 6182 6202
f 6169 6202 6228
f 6169 6228 6257
f 6169 6257 6290
f 6169 6290 6319
f 6169 6319 6324
f 6169 6324 6293
f 6169 6293 6259
f 6169 6259 6229
f 6169 6229 6203
f 6169 6203 6183
f 6169 6183 6171
f 6169 6171 6170
f 6171 6183 6181
f 6172 6184 6185
f 6172 6185 6186
f 6172 6186 6187
f 6172 6187 6188
f 6172 6188 6189
f 6172 6189 6173
f 6173 6189 6174
f 6174 6189 6190
f 6174 6190 6191
f 6174 6191 6192
f 6174 6192 6176
f 6175 6176 6177
f 6176 6192 6193
f 6176 6193 6194
f 6176 6194 6177
f 6177 6194 6195
f 6177 6195 6196
f 6177 6196 6197
f 6177 6197 6180
f 6177 6180 6179
f 6177 6179 6178
f 6180 6197 6198
f 6181 6199 6200
f 6181 6183 6199
f 6182 6201 6202
f 6183 6203 6204
f 6183 6204 6205
f 6183 6205 6206
f 6183 6206 6199
f 6184 6207 6205
f 6184 6205 6185
f 6185 6205 6208
f 6185 6208 6209
f 6185 6209 6186
f 6186 6210 6187
f 6186 6209 6210
f 6187 6210 6188
f 6188 6210 6189
f 6189 6210 6190
f 6190 6192 6191
f 6190 6210 6211
f 6190 6211 6212
f 6190 6212 6213
f 6190 6213 6214
f 6190 6214 6192
f 6192 6214 6193
f 6193 6214 6215
f 6193 6215 6216
f 6193 6216 6217
f 6193 6217 6194
f 6194 6217 6218
f 6194 6218 6219
f 6194 6219 6220
f 6194 6220 6195
f 6195 6220 6196
f 6196 6221 6198
f 6196 6198 6197
f 6196 6220 6222
f 6196 6222 6221
f 6198 6221 6223
f 6199 6206 6205
f 6199 6205 6224
f 6199 6224 6200
f 6201 6225 6202
f 6202 6225 6226
f 6202 6226 6227
f 6202 6227 6228
f 6203 6229 6230
f 6203 6230 6231
f 6203 6231 6204
f 6204 6231 6208
f 6204 6208 6205
f 6205 6207 6224
f 6208 6232 6233
f 6208 6233 6234
f 6208 6234 6209
f 6208 6231 6232
f 6209 6234 6210
f 6210 6234 6211
f 6211 6235 6212
f 6211 6234 6233
f 6211 6233 6232
f 6211 6232 6235
f 6212 6235 6236
f 6212 6236 6261
f 6212 6261 6260
f 6212 6260 6230
f 6212 6230 6229
f 6212 6229 6259
f 6212 6259 6294
f 6212 6294 6295
f 6212 6295 6262
f 6212 6262 6237
f 6212 6237 6213
f 6213 6237 6238
f 6213 6238 6239
f 6213 6239 6214
f 6214 6239 6240
f 6214 6240 6215
f 6215 6240 6241
f 6215 6241 6216
f 6216 6242 6217
f 6216 6241 6243
f 6216 6243 6242
f 6217 6242 6244
f 6217 6244 6218
f 6218 6245 6246
f 6218 6246 6247
f 6218 6247 6248
f 6218 6248 6219
f 6218 6244 6245
f 6219 6248 6220
f 6220 6248 6222
f 6221 6249 6223
f 6221 6222 6250
f 6221 6250 6249
f 6222 6248 6251
f 6222 6251 6252
f 6222 6252 6250
f 6226 6253 6254
f 6226 6254 6255
f 6226 6255 6227
f 6227 6256 6257
f 6227 6257 6228
f 6227 6255 6258
f 6227 6258 6256
f 6230 6260 6232
f 6230 6232 6231
f 6232 6260 6261
f 6232 6261 6236
f 6232 6236 6235
f 6237 6262 6238
f 6238 6262 6263
f 6238 6263 6239
f 6239 6263 6264
f 6239 6264 6265
f 6239 6265 6266
f 6239 6266 6240
f 6240 6266 6241
f 6241 6266 6243
f 6242 6243 6267
f 6242 6267 6268
f 6242 6268 6269
f 6242 6269 6244
f 6243 6266 6270
f 6243 6270 6271
f 6243 6271 6267
f 6244 6269 6272
f 6244 6272 6273
f 6244 6273 6274
f 6244 6274 6275
f 6244 6275 6276
f 6244 6276 6245
f 6245 6276 6247
f 6245 6247 6246
f 6247 6276 6275
f 6247 6275 6277
f 6247 6277 6278
f 6247 6278 6279
f 6247 6279 6248
f 6248 6279 6252
f 6248 6252 6251
f 6250 6252 6279
f 6253 6280 6281
f 6253 6281 6254
f 6254 6282 6255
f 6254 6281 6280
f 6254 6280 6283
f 6254 6283 6284
f 6254 6284 6285
f 6254 6285 6286
f 6254 6286 6287
f 6254 6287 6288
f 6254 6288 6282
f 6255 6289 6290
f 6255 6290 6258
f 6255 6282 6288
f 6255 6288 6291
f 6255 6291 6292
f 6255 6292 6289
f 6256 6258 6257
f 6257 6258 6290
f 6259 6293 6294
f 6262 6295 6263
f 6263 6295 6294
f 6263 6294 6296
f 6263 6296 6297
f 6263 6297 6298
f 6263 6298 6299
f 6263 6299 6264
f 6264 6299 6265
f 6265 6299 6266
f 6266 6299 6270
f 6267 6300 6301
f 6267 6301 6302
f 6267 6302 6268
f 6267 6271 6303
f 6267 6303 6304
f 6267 6304 6305
f 6267 6305 6306
f 6267 6306 6300
f 6268 6302 6272
f 6268 6272 6269
f 6270 6299 6307
f 6270 6307 6308
f 6270 6308 6271
f 6271 6308 6303
f 6272 6302 6301
f 6272 6301 6309
f 6272 6309 6310
f 6272 6310 6275
f 6272 6275 6274
f 6272 6274 6273
f 6275 6311 6277
f 6275 6310 6312
f 6275 6312 6313
f 6275 6313 6311
f 6280 6314 6287
f 6280 6287 6315
f 6280 6315 6283
f 6283 6315 6284
f 6284 6315 6285
f 6285 6315 6286
f 6286 6315 6287
f 6287 6314 6316
f 6287 6316 6317
f 6287 6317 6318
f 6287 6318 6291
f 6287 6291 6288
f 6289 6319 6290
f 6289 6292 6320
f 6289 6320 6321
f 6289 6321 6319
f 6291 6322 6292
f 6291 6318 6323
f 6291 6323 6322
f 6292 6322 6320
f 6293 6324 6296
f 6293 6296 6294
f 6296 6324 6325
f 6296 6325 6297
f 6297 6325 6298
f 6298 6323 6299
f 6298 6325 6321
f 6298 6321 6320
f 6298 6320 6326
f 6298 6326 6322
f 6298 6322 6323
f 6299 6323 6308
f 6299 6308 6307
f 6300 6327 6328
f 6300 6328 6301
f 6300 6306 6329
f 6300 6329 6330
f 6300 6330 6327
f 6301 6328 6309
f 6303 6331 6304
f 6303 6308 6323
f 6303 6323 6318
f 6303 6318 6331
f 6304 6331 6305
f 6305 6331 6306
f 6306 6331 6329
f 6309 6332 6310
f 6310 6332 6333
f 6310 6333 6312
f 6312 6333 6313
f 6317 6334 6335
f 6317 6335 6336
f 6317 6336 6331
f 6317 6331 6318
f 6319 6321 6324
f 6320 6322 6326
f 6321 6325 6324
f 6327 6337 6328
f 6327 6330 6338
f 6327 6338 6337
f 6329 6331 6336
f 6329 6336 6339
f 6329 6339 6340
f 6329 6340 6330
f 6330 6340 6341
f 6330 6341 6342
f 6330 6342 6338
f 6334 6343 6335
f 6335 6343 6339
f 6335 6339 6336
f 6338 6342 6344
f 6338 6344 6341
f 6339 6341 6340
f 6341 6344 6342

o part_53
v -0.00745383 -0.02651248 0.05060646
v -0.00714355 -0.02660691 0.05060646
v -0.00745383 -0.02646048 0.05086433
v -0.00745383 -0.01677369 0.05060646
v -0.00713913 -0.02651248 0.05107964
v -0.00745383 -0.02632997 0.05150977
v -0.00659370 -0.02677351 0.05060646
v -0.00745383 -0.01762257 0.05444968
v 0.00157710 -0.01906036 0.05444968
v 0.00157710 -0.01821679 0.05060646
v -0.00574595 -0.02647428 0.05334966
v -0.00676520 -0.02644987 0.05194723
v -0.00629579 -0.02630769 0.05334966
v -0.00714974 -0.02604878 0.05334966
v -0.00745383 -0.02595646 0.05334966
v -0.00651945 -0.02637560 0.05268074
v -0.00604916 -0.02693798 0.05060646
v -0.00745383 -0.01783585 0.05512986
v 0.00157710 -0.01908158 0.05450449
v 0.00157710 -0.02751203 0.05060646
v -0.00554086 -0.02641167 0.05396133
v -0.00745383 -0.02572090 0.05445605
v -0.00549401 -0.02705576 0.05060646
v -0.00745383 -0.01812765 0.05529378
v 0.00157710 -0.01944554 0.05529182
v 0.00157710 -0.02750673 0.05063679
v 0.00136583 -0.02753326 0.05060646
v -0.00494946 -0.02716930 0.05060646
v -0.00494946 -0.02662389 0.05334966
v -0.00494946 -0.02645730 0.05418740
v -0.00430591 -0.02638409 0.05495517
v -0.00494946 -0.02632572 0.05473741
v -0.00596429 -0.02617823 0.05437677
v -0.00714974 -0.02581215 0.05444968
v -0.00745383 -0.02544925 0.05515677
v -0.00745383 -0.01925030 0.05559913
v -0.00714974 -0.01925030 0.05559717
v 0.00157710 -0.02035066 0.05556732
v 0.00157710 -0.01950284 0.05530993
v 0.00119256 -0.02755024 0.05060646
v 0.00157710 -0.02697724 0.05334966
v -0.00439343 -0.02723084 0.05060646
v -0.00384977 -0.02675335 0.05334966
v -0.00390369 -0.02651354 0.05453287
v -0.00275007 -0.02664193 0.05444968
v -0.00165038 -0.02674698 0.05444968
v -0.00055068 -0.02684991 0.05444968
v -0.00357308 -0.02642547 0.05503493
v -0.00604916 -0.02564768 0.05527764
v -0.00714974 -0.02549276 0.05519641
v -0.00745383 -0.02477121 0.05544548
v -0.00745383 -0.02035066 0.05560500
v -0.00384977 -0.02035066 0.05560500
v -0.00384977 -0.02474999 0.05560500
v 0.00054989 -0.02584929 0.05549001
v 0.00157710 -0.02482214 0.05548022
v 0.00054989 -0.02761284 0.05060646
v 0.00157710 -0.02676926 0.05437677
v 0.00054989 -0.02707698 0.05334966
v -0.00385419 -0.02728814 0.05060646
v -0.00275007 -0.02739744 0.05060646
v -0.00198542 -0.02747277 0.05060646
v -0.00165038 -0.02696981 0.05334966
v -0.00055068 -0.02707698 0.05334966
v 0.00054989 -0.02684991 0.05444968
v -0.00055068 -0.02656447 0.05518711
v -0.00165038 -0.02651566 0.05514013
v -0.00275007 -0.02646473 0.05508337
v -0.00494946 -0.02577501 0.05530064
v -0.00604916 -0.02474999 0.05558004
v -0.00714974 -0.02474999 0.05549881
v -0.00745383 -0.02364963 0.05560500
v -0.00494946 -0.02474999 0.05560304
v -0.00055068 -0.02584929 0.05549001
v 0.00054989 -0.02656447 0.05518711
v 0.00157710 -0.02589704 0.05542590
v 0.00157710 -0.02584929 0.05544597
v -0.00055068 -0.02761284 0.05060646
v 0.00157710 -0.02675335 0.05444968
v -0.00136662 -0.02753326 0.05060646
v 0.00157710 -0.02653794 0.05509462
v -0.00165038 -0.02584929 0.05544254
v -0.00275007 -0.02584929 0.05538578
v 0.00157710 -0.02651884 0.05514356
f 6345 6346 6347
f 6345 6347 6350
f 6345 6350 6359
f 6345 6359 6366
f 6345 6366 6379
f 6345 6379 6395
f 6345 6395 6416
f 6345 6416 6396
f 6345 6396 6380
f 6345 6380 6368
f 6345 6368 6362
f 6345 6362 6352
f 6345 6352 6348
f 6345 6348 6354
f 6345 6354 6364
f 6345 6364 6371
f 6345 6371 6384
f 6345 6384 6401
f 6345 6401 6422
f 6345 6422 6424
f 6345 6424 6406
f 6345 6406 6405
f 6345 6405 6404
f 6345 6404 6386
f 6345 6386 6372
f 6345 6372 6367
f 6345 6367 6361
f 6345 6361 6351
f 6345 6351 6346
f 6346 6349 6350
f 6346 6350 6347
f 6346 6351 6349
f 6348 6352 6353
f 6348 6353 6354
f 6349 6351 6355
f 6349 6355 6356
f 6349 6356 6350
f 6350 6357 6358
f 6350 6358 6359
f 6350 6356 6360
f 6350 6360 6357
f 6351 6361 6355
f 6352 6362 6353
f 6353 6363 6369
f 6353 6369 6383
f 6353 6383 6382
f 6353 6382 6400
f 6353 6400 6421
f 6353 6421 6420
f 6353 6420 6428
f 6353 6428 6425
f 6353 6425 6423
f 6353 6423 6402
f 6353 6402 6385
f 6353 6385 6370
f 6353 6370 6364
f 6353 6364 6354
f 6353 6362 6363
f 6355 6365 6357
f 6355 6357 6360
f 6355 6360 6356
f 6355 6361 6365
f 6357 6365 6358
f 6358 6365 6359
f 6359 6365 6366
f 6361 6367 6365
f 6362 6368 6369
f 6362 6369 6363
f 6364 6370 6371
f 6365 6367 6372
f 6365 6372 6373
f 6365 6373 6374
f 6365 6374 6375
f 6365 6375 6376
f 6365 6376 6377
f 6365 6377 6378
f 6365 6378 6366
f 6366 6378 6379
f 6368 6380 6381
f 6368 6381 6382
f 6368 6382 6383
f 6368 6383 6369
f 6370 6384 6371
f 6370 6385 6384
f 6372 6386 6387
f 6372 6387 6388
f 6372 6388 6375
f 6372 6375 6373
f 6373 6375 6374
f 6375 6388 6389
f 6375 6389 6390
f 6375 6390 6391
f 6375 6391 6392
f 6375 6392 6393
f 6375 6393 6394
f 6375 6394 6379
f 6375 6379 6376
f 6376 6379 6377
f 6377 6379 6378
f 6379 6394 6395
f 6380 6396 6397
f 6380 6397 6381
f 6381 6397 6382
f 6382 6397 6398
f 6382 6398 6399
f 6382 6399 6400
f 6384 6385 6401
f 6385 6402 6403
f 6385 6403 6401
f 6386 6404 6387
f 6387 6404 6405
f 6387 6405 6406
f 6387 6406 6407
f 6387 6407 6388
f 6388 6407 6408
f 6388 6408 6389
f 6389 6408 6390
f 6390 6408 6391
f 6391 6408 6403
f 6391 6403 6409
f 6391 6409 6419
f 6391 6419 6410
f 6391 6410 6411
f 6391 6411 6412
f 6391 6412 6392
f 6392 6412 6413
f 6392 6413 6393
f 6393 6413 6414
f 6393 6414 6415
f 6393 6415 6394
f 6394 6415 6395
f 6395 6415 6416
f 6396 6416 6398
f 6396 6398 6397
f 6398 6416 6417
f 6398 6417 6418
f 6398 6418 6399
f 6399 6418 6410
f 6399 6410 6419
f 6399 6419 6420
f 6399 6420 6421
f 6399 6421 6400
f 6401 6403 6408
f 6401 6408 6422
f 6402 6409 6403
f 6402 6423 6409
f 6406 6424 6407
f 6407 6424 6422
f 6407 6422 6408
f 6409 6423 6425
f 6409 6425 6419
f 6410 6418 6426
f 6410 6426 6427
f 6410 6427 6413
f 6410 6413 6411
f 6411 6413 6412
f 6413 6427 6426
f 6413 6426 6414
f 6414 6417 6416
f 6414 6416 6415
f 6414 6426 6418
f 6414 6418 6417
f 6419 6425 6428
f 6419 6428 6420

o part_54
v -0.01499810 -0.01053531 0.05060646
v -0.02544875 -0.01053531 0.05060646
v -0.01625753 -0.01053531 0.05333204
v -0.00765288 -0.01758123 0.05502318
v -0.00745383 -0.01677419 0.05060646
v -0.02527965 -0.01095604 0.05060646
v -0.02513873 -0.01053531 0.05193598
v -0.01699029 -0.01053531 0.05374602
v -0.01649180 -0.01099201 0.05390212
v -0.01319790 -0.01429991 0.05500068
v -0.01187682 -0.01523207 0.05512398
v -0.00745383 -0.01783616 0.05512986
v -0.00745383 -0.01762189 0.05444968
v -0.00745383 -0.02651335 0.05060646
v -0.02329626 -0.01474722 0.05060646
v -0.02325223 -0.01459551 0.05115011
v -0.02307608 -0.01425768 0.05270031
v -0.02418932 -0.01208057 0.05275561
v -0.02450990 -0.01164890 0.05233331
v -0.02521448 -0.01080276 0.05115011
v -0.02504890 -0.01053531 0.05228487
v -0.01720519 -0.01053531 0.05376510
v -0.01321023 -0.01429991 0.05500068
v -0.01265009 -0.01595152 0.05543961
v -0.01275930 -0.01485983 0.05514796
v -0.01815813 -0.01053531 0.05381844
v -0.01152629 -0.01590616 0.05529281
v -0.00745383 -0.01812863 0.05529378
v -0.00745383 -0.02595655 0.05334966
v -0.00774447 -0.02641325 0.05066566
v -0.00832046 -0.02625059 0.05060646
v -0.02301795 -0.01526491 0.05060646
v -0.02326632 -0.01352416 0.05303747
v -0.02285062 -0.01480978 0.05230053
v -0.02212314 -0.01555738 0.05303355
v -0.02437779 -0.01134861 0.05300664
v -0.02456274 -0.01053531 0.05313240
v -0.02034937 -0.01053531 0.05373819
v -0.02254941 -0.01053531 0.05365745
v -0.01375100 -0.01595152 0.05533097
v -0.01375100 -0.01705102 0.05545477
v -0.01265009 -0.01705102 0.05553502
v -0.01155095 -0.01705102 0.05557124
v -0.01045005 -0.01705102 0.05547777
v -0.00825001 -0.01815053 0.05545135
v -0.00745383 -0.01924847 0.05559913
v -0.00745383 -0.02572039 0.05445605
v -0.00829933 -0.02546702 0.05447317
v -0.00895106 -0.02534502 0.05412183
v -0.00933153 -0.02540445 0.05326549
v -0.00935091 -0.02560465 0.05225013
v -0.00935091 -0.02593779 0.05060646
v -0.02250537 -0.01594370 0.05060646
v -0.02225701 -0.01572317 0.05225013
v -0.02294750 -0.01514448 0.05115011
v -0.02093417 -0.01654897 0.05392512
v -0.02011862 -0.01799569 0.05334966
v -0.01995656 -0.01780019 0.05403668
v -0.02365736 -0.01053531 0.05354197
v -0.02182193 -0.01485045 0.05379544
v -0.01375100 -0.01815053 0.05552181
v -0.01485014 -0.01815053 0.05543716
v -0.01485014 -0.01924847 0.05550664
v -0.01375100 -0.01924847 0.05556194
v -0.01265009 -0.01815053 0.05557417
v -0.01155095 -0.01815053 0.05560109
v -0.01045005 -0.01815053 0.05560500
v -0.00935091 -0.01815053 0.05558494
v -0.00745383 -0.02034954 0.05560500
v -0.00825001 -0.01924847 0.05560500
v -0.00745383 -0.02544981 0.05515677
v -0.00796465 -0.02537630 0.05509071
v -0.00869741 -0.02525431 0.05485534
v -0.00933153 -0.02513857 0.05447317
v -0.00968382 -0.02523398 0.05357622
v -0.00992338 -0.02530749 0.05284369
v -0.00989520 -0.02575167 0.05060646
v -0.02202978 -0.01653959 0.05060646
v -0.02202098 -0.01652708 0.05068328
v -0.02233099 -0.01600626 0.05108992
v -0.02192586 -0.01640821 0.05141630
v -0.02181665 -0.01627370 0.05225013
v -0.01761561 -0.01981465 0.05500997
v -0.01967826 -0.01854466 0.05334966
v -0.01893669 -0.01894974 0.05416245
v -0.01769311 -0.01924847 0.05503004
v -0.01704842 -0.01924847 0.05520668
v -0.01595104 -0.01924847 0.05541514
v -0.01485014 -0.02034954 0.05553992
v -0.01375100 -0.02034954 0.05558836
v -0.01265009 -0.01924847 0.05559668
v -0.01155095 -0.01924847 0.05560500
v -0.01265009 -0.02034954 0.05560500
v -0.00745383 -0.02364962 0.05560500
v -0.00745383 -0.02477103 0.05544548
v -0.00935091 -0.02459742 0.05528791
v -0.01045005 -0.02439723 0.05518417
v -0.01110531 -0.02425490 0.05506282
v -0.01045005 -0.02472723 0.05444968
v -0.01035493 -0.02503535 0.05326549
v -0.01084638 -0.02523398 0.05140113
v -0.01102957 -0.02531374 0.05066811
v -0.01104190 -0.02532156 0.05060646
v -0.01046062 -0.02555460 0.05060646
v -0.02178494 -0.01683988 0.05060646
v -0.02126708 -0.01695405 0.05225013
v -0.02021374 -0.01823811 0.05228487
v -0.02082143 -0.01750459 0.05225013
v -0.01778823 -0.01995384 0.05444968
v -0.01651470 -0.02091259 0.05501242
v -0.01694802 -0.02024788 0.05509952
v -0.01595104 -0.02034954 0.05537061
v -0.01912692 -0.01914994 0.05334966
v -0.01976633 -0.01866040 0.05267487
v -0.01858792 -0.01970047 0.05334966
v -0.01375100 -0.02144905 0.05557564
v -0.01265009 -0.02144905 0.05560500
v -0.00825001 -0.02364962 0.05560500
v -0.00935091 -0.02364962 0.05559032
v -0.01045005 -0.02364962 0.05548658
v -0.01150339 -0.02366839 0.05526540
v -0.01265009 -0.02328364 0.05516069
v -0.01127617 -0.02434561 0.05444968
v -0.01325955 -0.02313037 0.05503689
v -0.01159851 -0.02443007 0.05330611
v -0.01210405 -0.02475382 0.05060646
v -0.02155596 -0.01711984 0.05060646
v -0.02103104 -0.01776109 0.05060646
v -0.02086195 -0.01796754 0.05060646
v -0.02062063 -0.01826157 0.05060646
v -0.01662215 -0.02100017 0.05444968
v -0.01533982 -0.02194328 0.05484213
v -0.01460706 -0.02219039 0.05516754
v -0.01595104 -0.02114250 0.05513818
v -0.01492412 -0.02152568 0.05532217
v -0.01867952 -0.01978337 0.05273799
v -0.01953382 -0.01952530 0.05060646
v -0.01996185 -0.01889187 0.05115011
v -0.01803659 -0.02015091 0.05334966
v -0.01546664 -0.02205276 0.05410911
v -0.01265009 -0.02254855 0.05546358
v -0.01155095 -0.02254855 0.05558689
v -0.01367525 -0.02255481 0.05524387
v -0.01340575 -0.02320857 0.05444968
v -0.01395532 -0.02290671 0.05444968
v -0.01418431 -0.02303653 0.05334966
v -0.01386021 -0.02342910 0.05235729
v -0.01433580 -0.02356047 0.05060646
v -0.02003055 -0.01897477 0.05060646
v -0.01492412 -0.02231708 0.05446534
v -0.01878344 -0.01987408 0.05200497
v -0.01832194 -0.02059353 0.05060646
v -0.01805068 -0.02081562 0.05060646
v -0.01680534 -0.02183223 0.05060646
v -0.01653408 -0.02202774 0.05071264
v -0.01594928 -0.02252979 0.05060646
v -0.01601445 -0.02235305 0.05110802
v -0.01898425 -0.02004456 0.05060646
v -0.01529931 -0.02303653 0.05060646
v -0.01429881 -0.02309753 0.05279525
v -0.01463700 -0.02327895 0.05115011
v -0.01477792 -0.02332274 0.05060646
v -0.01630861 -0.02223731 0.05060646
f 6429 6430 6435
f 6429 6435 6449
f 6429 6449 6465
f 6429 6465 6487
f 6429 6487 6467
f 6429 6467 6466
f 6429 6466 6454
f 6429 6454 6450
f 6429 6450 6436
f 6429 6436 6431
f 6429 6431 6432
f 6429 6432 6433
f 6429 6433 6442
f 6429 6442 6459
f 6429 6459 6480
f 6429 6480 6505
f 6429 6505 6532
f 6429 6532 6531
f 6429 6531 6554
f 6429 6554 6576
f 6429 6576 6590
f 6429 6590 6587
f 6429 6587 6584
f 6429 6584 6591
f 6429 6591 6582
f 6429 6582 6581
f 6429 6581 6580
f 6429 6580 6586
f 6429 6586 6565
f 6429 6565 6577
f 6429 6577 6558
f 6429 6558 6557
f 6429 6557 6556
f 6429 6556 6555
f 6429 6555 6533
f 6429 6533 6506
f 6429 6506 6481
f 6429 6481 6460
f 6429 6460 6443
f 6429 6443 6434
f 6429 6434 6430
f 6430 6434 6435
f 6431 6436 6437
f 6431 6437 6432
f 6432 6438 6439
f 6432 6439 6440
f 6432 6440 6441
f 6432 6441 6433
f 6432 6437 6438
f 6433 6441 6440
f 6433 6440 6456
f 6433 6456 6474
f 6433 6474 6497
f 6433 6497 6522
f 6433 6522 6523
f 6433 6523 6499
f 6433 6499 6475
f 6433 6475 6457
f 6433 6457 6442
f 6434 6443 6444
f 6434 6444 6445
f 6434 6445 6446
f 6434 6446 6447
f 6434 6447 6448
f 6434 6448 6435
f 6435 6448 6447
f 6435 6447 6449
f 6436 6450 6437
f 6437 6450 6438
f 6438 6451 6452
f 6438 6452 6453
f 6438 6453 6439
f 6438 6450 6454
f 6438 6454 6451
f 6439 6453 6455
f 6439 6455 6456
f 6439 6456 6440
f 6442 6457 6458
f 6442 6458 6459
f 6443 6460 6445
f 6443 6445 6444
f 6445 6461 6446
f 6445 6460 6462
f 6445 6462 6463
f 6445 6463 6461
f 6446 6461 6464
f 6446 6464 6449
f 6446 6449 6447
f 6449 6464 6465
f 6451 6454 6466
f 6451 6466 6467
f 6451 6467 6452
f 6452 6468 6469
f 6452 6469 6470
f 6452 6470 6471
f 6452 6471 6472
f 6452 6472 6455
f 6452 6455 6453
f 6452 6467 6468
f 6455 6472 6473
f 6455 6473 6456
f 6456 6473 6474
f 6457 6475 6476
f 6457 6476 6477
f 6457 6477 6478
f 6457 6478 6458
f 6458 6478 6479
f 6458 6479 6459
f 6459 6479 6480
f 6460 6481 6482
f 6460 6482 6483
f 6460 6483 6462
f 6461 6463 6484
f 6461 6484 6464
f 6462 6483 6482
f 6462 6482 6463
f 6463 6482 6485
f 6463 6485 6486
f 6463 6486 6484
f 6464 6484 6465
f 6465 6484 6488
f 6465 6488 6487
f 6467 6487 6468
f 6468 6487 6469
f 6469 6489 6470
f 6469 6487 6490
f 6469 6490 6491
f 6469 6491 6489
f 6470 6489 6492
f 6470 6492 6493
f 6470 6493 6471
f 6471 6494 6495
f 6471 6495 6496
f 6471 6496 6472
f 6471 6493 6494
f 6472 6496 6474
f 6472 6474 6473
f 6474 6496 6495
f 6474 6495 6498
f 6474 6498 6497
f 6475 6499 6500
f 6475 6500 6501
f 6475 6501 6476
f 6476 6501 6477
f 6477 6501 6502
f 6477 6502 6503
f 6477 6503 6478
f 6478 6503 6479
f 6479 6503 6480
f 6480 6503 6504
f 6480 6504 6505
f 6481 6506 6507
f 6481 6507 6508
f 6481 6508 6482
f 6482 6508 6507
f 6482 6507 6509
f 6482 6509 6510
f 6482 6510 6485
f 6484 6486 6511
f 6484 6511 6488
f 6485 6512 6486
f 6485 6510 6512
f 6486 6512 6513
f 6486 6513 6511
f 6487 6488 6511
f 6487 6511 6514
f 6487 6514 6515
f 6487 6515 6516
f 6487 6516 6490
f 6489 6491 6492
f 6490 6516 6491
f 6491 6516 6517
f 6491 6517 6492
f 6492 6518 6493
f 6492 6517 6518
f 6493 6518 6519
f 6493 6519 6494
f 6494 6520 6495
f 6494 6519 6521
f 6494 6521 6520
f 6495 6520 6521
f 6495 6521 6545
f 6495 6545 6546
f 6495 6546 6522
f 6495 6522 6497
f 6495 6497 6498
f 6499 6523 6524
f 6499 6524 6525
f 6499 6525 6500
f 6500 6525 6526
f 6500 6526 6501
f 6501 6526 6527
f 6501 6527 6502
f 6502 6527 6503
f 6503 6527 6504
f 6504 6527 6528
f 6504 6528 6529
f 6504 6529 6530
f 6504 6530 6531
f 6504 6531 6532
f 6504 6532 6505
f 6506 6533 6507
f 6507 6534 6509
f 6507 6533 6535
f 6507 6535 6536
f 6507 6536 6534
f 6509 6534 6510
f 6510 6534 6512
f 6511 6537 6538
f 6511 6538 6539
f 6511 6539 6540
f 6511 6540 6515
f 6511 6515 6514
f 6511 6513 6537
f 6512 6541 6513
f 6512 6534 6536
f 6512 6536 6542
f 6512 6542 6541
f 6513 6541 6543
f 6513 6543 6537
f 6515 6540 6516
f 6516 6540 6517
f 6517 6540 6544
f 6517 6544 6518
f 6518 6544 6545
f 6518 6545 6521
f 6518 6521 6519
f 6522 6546 6523
f 6523 6546 6547
f 6523 6547 6548
f 6523 6548 6524
f 6524 6548 6525
f 6525 6548 6549
f 6525 6549 6550
f 6525 6550 6526
f 6526 6551 6527
f 6526 6550 6552
f 6526 6552 6551
f 6527 6551 6529
f 6527 6529 6528
f 6529 6551 6530
f 6530 6551 6531
f 6531 6551 6553
f 6531 6553 6554
f 6533 6555 6535
f 6535 6542 6536
f 6535 6555 6556
f 6535 6556 6557
f 6535 6557 6558
f 6535 6558 6542
f 6537 6543 6538
f 6538 6559 6560
f 6538 6560 6561
f 6538 6561 6562
f 6538 6562 6539
f 6538 6543 6559
f 6539 6562 6540
f 6540 6562 6563
f 6540 6563 6544
f 6541 6564 6543
f 6541 6542 6565
f 6541 6565 6564
f 6542 6558 6566
f 6542 6566 6565
f 6543 6564 6567
f 6543 6567 6568
f 6543 6568 6560
f 6543 6560 6559
f 6544 6569 6548
f 6544 6548 6570
f 6544 6570 6545
f 6544 6563 6569
f 6545 6570 6547
f 6545 6547 6546
f 6547 6570 6548
f 6548 6569 6549
f 6549 6569 6571
f 6549 6571 6550
f 6550 6571 6561
f 6550 6561 6552
f 6551 6552 6572
f 6551 6572 6553
f 6552 6573 6572
f 6552 6561 6560
f 6552 6560 6573
f 6553 6572 6574
f 6553 6574 6575
f 6553 6575 6576
f 6553 6576 6554
f 6558 6577 6566
f 6560 6568 6578
f 6560 6578 6573
f 6561 6563 6562
f 6561 6571 6563
f 6563 6571 6569
f 6564 6565 6579
f 6564 6579 6580
f 6564 6580 6581
f 6564 6581 6582
f 6564 6582 6583
f 6564 6583 6584
f 6564 6584 6585
f 6564 6585 6568
f 6564 6568 6567
f 6565 6586 6579
f 6565 6566 6577
f 6568 6585 6584
f 6568 6584 6587
f 6568 6587 6578
f 6572 6573 6574
f 6573 6578 6587
f 6573 6587 6574
f 6574 6588 6575
f 6574 6587 6588
f 6575 6588 6576
f 6576 6588 6589
f 6576 6589 6590
f 6579 6586 6580
f 6582 6591 6583
f 6583 6591 6584
f 6587 6590 6589
f 6587 6589 6588

