
o part_0
v 0.00000000 0.00000000 -0.03102000
v 0.00637005 0.00000000 -0.02972750
v 0.00891225 0.00000000 -0.02843500
v 0.01079594 0.00000000 -0.02714250
v 0.01232679 0.00000000 -0.02585000
v 0.01362426 0.00000000 -0.02455750
v 0.01475006 0.00000000 -0.02326500
v 0.01574108 0.00000000 -0.02197250
v 0.01662144 0.00000000 -0.02068000
v 0.01740793 0.00000000 -0.01938750
v 0.01811279 0.00000000 -0.01809500
v 0.01874523 0.00000000 -0.01680250
v 0.01931237 0.00000000 -0.01551000
v 0.01981980 0.00000000 -0.01421750
v 0.02027202 0.00000000 -0.01292500
v 0.02067265 0.00000000 -0.01163250
v 0.02102464 0.00000000 -0.01034000
v 0.02133040 0.00000000 -0.00904750
v 0.02159188 0.00000000 -0.00775500
v 0.02181069 0.00000000 -0.00646250
v 0.02198810 0.00000000 -0.00517000
v 0.02212510 0.00000000 -0.00387750
v 0.02222243 0.00000000 -0.00258500
v 0.02228063 0.00000000 -0.00129250
v 0.02230000 0.00000000 0.00000000
v 0.02227891 0.00000000 0.00110348
v 0.02221553 0.00000000 0.00220696
v 0.02210949 0.00000000 0.00331043
v 0.02196017 0.00000000 0.00441391
v 0.02176669 0.00000000 0.00551739
v 0.02152784 0.00000000 0.00662087
v 0.02124211 0.00000000 0.00772435
v 0.02090757 0.00000000 0.00882783
v 0.02052183 0.00000000 0.00993130
v 0.02008194 0.00000000 0.01103478
v 0.01958426 0.00000000 0.01213826
v 0.01902424 0.00000000 0.01324174
v 0.01839621 0.00000000 0.01434522
v 0.01769290 0.00000000 0.01544870
v 0.01690495 0.00000000 0.01655217
v 0.01601985 0.00000000 0.01765565
v 0.01502044 0.00000000 0.01875913
v 0.01388206 0.00000000 0.01986261
v 0.01256700 0.00000000 0.02096609
v 0.01101214 0.00000000 0.02206957
v 0.00909533 0.00000000 0.02317304
v 0.00650404 0.00000000 0.02427652
v 0.00000000 0.00000000 0.02538000
v 0.00633937 0.00062437 -0.02972750
v 0.00886934 0.00087355 -0.02843500
v 0.01074396 0.00105819 -0.02714250
v 0.01226743 0.00120824 -0.02585000
v 0.01355865 0.00133541 -0.02455750
v 0.01467904 0.00144576 -0.02326500
v 0.01566528 0.00154290 -0.02197250
v 0.01654140 0.00162919 -0.02068000
v 0.01732411 0.00170628 -0.01938750
v 0.01802557 0.00177536 -0.01809500
v 0.01865497 0.00183735 -0.01680250
v 0.01921937 0.00189294 -0.01551000
v 0.01972436 0.00194268 -0.01421750
v 0.02017441 0.00198701 -0.01292500
v 0.02057311 0.00202627 -0.01163250
v 0.02092340 0.00206078 -0.01034000
v 0.02122768 0.00209074 -0.00904750
v 0.02148791 0.00211637 -0.00775500
v 0.02170567 0.00213782 -0.00646250
v 0.02188222 0.00215521 -0.00517000
v 0.02201856 0.00216864 -0.00387750
v 0.02211543 0.00217818 -0.00258500
v 0.02217335 0.00218388 -0.00129250
v 0.02219262 0.00218578 0.00000000
v 0.02217163 0.00218372 0.00110348
v 0.02210856 0.00217750 0.00220696
v 0.02200303 0.00216711 0.00331043
v 0.02185443 0.00215247 0.00441391
v 0.02166187 0.00213351 0.00551739
v 0.02142418 0.00211010 0.00662087
v 0.02113982 0.00208209 0.00772435
v 0.02080689 0.00204930 0.00882783
v 0.02042301 0.00201149 0.00993130
v 0.01998524 0.00196837 0.01103478
v 0.01948995 0.00191959 0.01213826
v 0.01893264 0.00186470 0.01324174
v 0.01830762 0.00180314 0.01434522
v 0.01760771 0.00173421 0.01544870
v 0.01682355 0.00165697 0.01655217
v 0.01594271 0.00157022 0.01765565
v 0.01494811 0.00147226 0.01875913
v 0.01381522 0.00136068 0.01986261
v 0.01250649 0.00123178 0.02096609
v 0.01095912 0.00107938 0.02206957
v 0.00905153 0.00089150 0.02317304
v 0.00647272 0.00063751 0.02427652
v 0.00624765 0.00124273 -0.02972750
v 0.00874101 0.00173869 -0.02843500
v 0.01058850 0.00210618 -0.02714250
v 0.01208993 0.00240484 -0.02585000
v 0.01336247 0.00265796 -0.02455750
v 0.01446665 0.00287759 -0.02326500
v 0.01543862 0.00307093 -0.02197250
v 0.01630206 0.00324268 -0.02068000
v 0.01707344 0.00339612 -0.01938750
v 0.01776476 0.00353363 -0.01809500
v 0.01838505 0.00365701 -0.01680250
v 0.01894128 0.00376766 -0.01551000
v 0.01943897 0.00386665 -0.01421750
v 0.01988250 0.00395488 -0.01292500
v 0.02027543 0.00403303 -0.01163250
v 0.02062066 0.00410170 -0.01034000
v 0.02092054 0.00416135 -0.00904750
v 0.02117700 0.00421237 -0.00775500
v 0.02139160 0.00425505 -0.00646250
v 0.02156560 0.00428966 -0.00517000
v 0.02169997 0.00431639 -0.00387750
v 0.02179544 0.00433538 -0.00258500
v 0.02185252 0.00434674 -0.00129250
v 0.02187151 0.00435051 0.00000000
v 0.02185083 0.00434640 0.00110348
v 0.02178866 0.00433403 0.00220696
v 0.02168466 0.00431335 0.00331043
v 0.02153821 0.00428422 0.00441391
v 0.02134844 0.00424647 0.00551739
v 0.02111419 0.00419987 0.00662087
v 0.02083395 0.00414413 0.00772435
v 0.02050583 0.00407886 0.00882783
v 0.02012751 0.00400361 0.00993130
v 0.01969607 0.00391779 0.01103478
v 0.01920795 0.00382070 0.01213826
v 0.01865870 0.00371145 0.01324174
v 0.01804273 0.00358892 0.01434522
v 0.01735294 0.00345171 0.01544870
v 0.01658012 0.00329799 0.01655217
v 0.01571203 0.00312532 0.01765565
v 0.01473183 0.00293034 0.01875913
v 0.01361532 0.00270826 0.01986261
v 0.01232553 0.00245170 0.02096609
v 0.01080055 0.00214836 0.02206957
v 0.00892056 0.00177441 0.02317304
v 0.00637907 0.00126888 0.02427652
v 0.00609575 0.00184913 -0.02972750
v 0.00852849 0.00258709 -0.02843500
v 0.01033107 0.00313390 -0.02714250
v 0.01179600 0.00357828 -0.02585000
v 0.01303760 0.00395491 -0.02455750
v 0.01411493 0.00428172 -0.02326500
v 0.01506328 0.00456939 -0.02197250
v 0.01590573 0.00482495 -0.02068000
v 0.01665835 0.00505326 -0.01938750
v 0.01733286 0.00525787 -0.01809500
v 0.01793807 0.00544145 -0.01680250
v 0.01848078 0.00560608 -0.01551000
v 0.01896637 0.00575338 -0.01421750
v 0.01939912 0.00588466 -0.01292500
v 0.01978250 0.00600095 -0.01163250
v 0.02011933 0.00610313 -0.01034000
v 0.02041192 0.00619189 -0.00904750
v 0.02066214 0.00626779 -0.00775500
v 0.02087153 0.00633131 -0.00646250
v 0.02104130 0.00638281 -0.00517000
v 0.02117240 0.00642258 -0.00387750
v 0.02126554 0.00645083 -0.00258500
v 0.02132124 0.00646773 -0.00129250
v 0.02133977 0.00647335 0.00000000
v 0.02131959 0.00646723 0.00110348
v 0.02125894 0.00644883 0.00220696
v 0.02115746 0.00641805 0.00331043
v 0.02101457 0.00637470 0.00441391
v 0.02082942 0.00631854 0.00551739
v 0.02060086 0.00624920 0.00662087
v 0.02032743 0.00616626 0.00772435
v 0.02000729 0.00606915 0.00882783
v 0.01963816 0.00595717 0.00993130
v 0.01921722 0.00582948 0.01103478
v 0.01874097 0.00568501 0.01213826
v 0.01820507 0.00552245 0.01324174
v 0.01760407 0.00534014 0.01434522
v 0.01693105 0.00513598 0.01544870
v 0.01617703 0.00490725 0.01655217
v 0.01533004 0.00465032 0.01765565
v 0.01437366 0.00436020 0.01875913
v 0.01328430 0.00402975 0.01986261
v 0.01202587 0.00364801 0.02096609
v 0.01053796 0.00319666 0.02206957
v 0.00870369 0.00264023 0.02317304
v 0.00622398 0.00188802 0.02427652
v 0.00588515 0.00243771 -0.02972750
v 0.00823385 0.00341057 -0.02843500
v 0.00997415 0.00413143 -0.02714250
v 0.01138847 0.00471726 -0.02585000
v 0.01258717 0.00521378 -0.02455750
v 0.01362728 0.00564460 -0.02326500
v 0.01454286 0.00602385 -0.02197250
v 0.01535621 0.00636075 -0.02068000
v 0.01608283 0.00666173 -0.01938750
v 0.01673404 0.00693147 -0.01809500
v 0.01731834 0.00717349 -0.01680250
v 0.01784230 0.00739052 -0.01551000
v 0.01831111 0.00758471 -0.01421750
v 0.01872891 0.00775777 -0.01292500
v 0.01909904 0.00791108 -0.01163250
v 0.01942424 0.00804578 -0.01034000
v 0.01970672 0.00816279 -0.00904750
v 0.01994830 0.00826286 -0.00775500
v 0.02015045 0.00834659 -0.00646250
v 0.02031435 0.00841448 -0.00517000
v 0.02044092 0.00846691 -0.00387750
v 0.02053085 0.00850416 -0.00258500
v 0.02058462 0.00852643 -0.00129250
v 0.02060251 0.00853384 0.00000000
v 0.02058303 0.00852577 0.00110348
v 0.02052447 0.00850152 0.00220696
v 0.02042650 0.00846094 0.00331043
v 0.02028855 0.00840379 0.00441391
v 0.02010979 0.00832975 0.00551739
v 0.01988913 0.00823835 0.00662087
v 0.01962515 0.00812900 0.00772435
v 0.01931607 0.00800098 0.00882783
v 0.01895970 0.00785336 0.00993130
v 0.01855329 0.00768503 0.01103478
v 0.01809349 0.00749457 0.01213826
v 0.01757611 0.00728026 0.01324174
v 0.01699588 0.00703992 0.01434522
v 0.01634611 0.00677078 0.01544870
v 0.01561813 0.00646924 0.01655217
v 0.01480041 0.00613053 0.01765565
v 0.01387708 0.00574807 0.01875913
v 0.01282535 0.00531243 0.01986261
v 0.01161040 0.00480918 0.02096609
v 0.01017389 0.00421417 0.02206957
v 0.00840299 0.00348063 0.02317304
v 0.00600895 0.00248899 0.02427652
v 0.00561788 0.00300282 -0.02972750
v 0.00785991 0.00420121 -0.02843500
v 0.00952117 0.00508917 -0.02714250
v 0.01087126 0.00581081 -0.02585000
v 0.01201552 0.00642243 -0.02455750
v 0.01300839 0.00695313 -0.02326500
v 0.01388239 0.00742029 -0.02197250
v 0.01465880 0.00783529 -0.02068000
v 0.01535243 0.00820604 -0.01938750
v 0.01597406 0.00853831 -0.01809500
v 0.01653182 0.00883644 -0.01680250
v 0.01703199 0.00910379 -0.01551000
v 0.01747951 0.00934299 -0.01421750
v 0.01787833 0.00955617 -0.01292500
v 0.01823165 0.00974502 -0.01163250
v 0.01854208 0.00991095 -0.01034000
v 0.01881173 0.01005508 -0.00904750
v 0.01904234 0.01017834 -0.00775500
v 0.01923531 0.01028149 -0.00646250
v 0.01939177 0.01036512 -0.00517000
v 0.01951259 0.01042970 -0.00387750
v 0.01959844 0.01047558 -0.00258500
v 0.01964976 0.01050302 -0.00129250
v 0.01966684 0.01051215 0.00000000
v 0.01964825 0.01050221 0.00110348
v 0.01959235 0.01047233 0.00220696
v 0.01949883 0.01042234 0.00331043
v 0.01936714 0.01035195 0.00441391
v 0.01919650 0.01026074 0.00551739
v 0.01898586 0.01014815 0.00662087
v 0.01873387 0.01001346 0.00772435
v 0.01843883 0.00985576 0.00882783
v 0.01809864 0.00967392 0.00993130
v 0.01771069 0.00946656 0.01103478
v 0.01727177 0.00923196 0.01213826
v 0.01677788 0.00896797 0.01324174
v 0.01622401 0.00867191 0.01434522
v 0.01560375 0.00834038 0.01544870
v 0.01490883 0.00796894 0.01655217
v 0.01412824 0.00755170 0.01765565
v 0.01324685 0.00708059 0.01875913
v 0.01224289 0.00654396 0.01986261
v 0.01108311 0.00592404 0.02096609
v 0.00971184 0.00519109 0.02206957
v 0.00802136 0.00428751 0.02317304
v 0.00573605 0.00306598 0.02427652
v 0.00529650 0.00353901 -0.02972750
v 0.00741027 0.00495138 -0.02843500
v 0.00897650 0.00599790 -0.02714250
v 0.01024935 0.00684840 -0.02585000
v 0.01132816 0.00756923 -0.02455750
v 0.01226423 0.00819470 -0.02326500
v 0.01308823 0.00874528 -0.02197250
v 0.01382022 0.00923438 -0.02068000
v 0.01447417 0.00967133 -0.01938750
v 0.01506024 0.01006293 -0.01809500
v 0.01558609 0.01041429 -0.01680250
v 0.01605765 0.01072938 -0.01551000
v 0.01647956 0.01101129 -0.01421750
v 0.01685557 0.01126253 -0.01292500
v 0.01718868 0.01148511 -0.01163250
v 0.01748135 0.01168067 -0.01034000
v 0.01773558 0.01185053 -0.00904750
v 0.01795299 0.01199581 -0.00775500
v 0.01813493 0.01211737 -0.00646250
v 0.01828243 0.01221593 -0.00517000
v 0.01839634 0.01229204 -0.00387750
v 0.01847728 0.01234612 -0.00258500
v 0.01852567 0.01237846 -0.00129250
v 0.01854177 0.01238922 0.00000000
v 0.01852424 0.01237750 0.00110348
v 0.01847154 0.01234229 0.00220696
v 0.01838337 0.01228337 0.00331043
v 0.01825921 0.01220042 0.00441391
v 0.01809834 0.01209292 0.00551739
v 0.01789975 0.01196023 0.00662087
v 0.01766217 0.01180148 0.00772435
v 0.01738401 0.01161562 0.00882783
v 0.01706328 0.01140132 0.00993130
v 0.01669752 0.01115693 0.01103478
v 0.01628371 0.01088043 0.01213826
v 0.01581808 0.01056930 0.01324174
v 0.01529589 0.01022038 0.01434522
v 0.01471111 0.00982965 0.01544870
v 0.01405595 0.00939189 0.01655217
v 0.01332002 0.00890015 0.01765565
v 0.01248904 0.00834491 0.01875913
v 0.01154251 0.00771246 0.01986261
v 0.01044908 0.00698185 0.02096609
v 0.00915626 0.00611802 0.02206957
v 0.00756249 0.00505309 0.02317304
v 0.00540791 0.00361345 0.02427652
v 0.00492411 0.00404111 -0.02972750
v 0.00688927 0.00565387 -0.02843500
v 0.00834538 0.00684887 -0.02714250
v 0.00952874 0.00782003 -0.02585000
v 0.01053169 0.00864314 -0.02455750
v 0.01140195 0.00935734 -0.02326500
v 0.01216802 0.00998604 -0.02197250
v 0.01284855 0.01054453 -0.02068000
v 0.01345651 0.01104348 -0.01938750
v 0.01400138 0.01149063 -0.01809500
v 0.01449026 0.01189185 -0.01680250
v 0.01492866 0.01225164 -0.01551000
v 0.01532091 0.01257355 -0.01421750
v 0.01567049 0.01286044 -0.01292500
v 0.01598018 0.01311459 -0.01163250
v 0.01625227 0.01333789 -0.01034000
v 0.01648862 0.01353186 -0.00904750
v 0.01669075 0.01369775 -0.00775500
v 0.01685989 0.01383656 -0.00646250
v 0.01699703 0.01394910 -0.00517000
v 0.01710293 0.01403601 -0.00387750
v 0.01717817 0.01409776 -0.00258500
v 0.01722316 0.01413468 -0.00129250
v 0.01723813 0.01414697 0.00000000
v 0.01722183 0.01413359 0.00110348
v 0.01717284 0.01409338 0.00220696
v 0.01709087 0.01402611 0.00331043
v 0.01697544 0.01393138 0.00441391
v 0.01682588 0.01380864 0.00551739
v 0.01664125 0.01365712 0.00662087
v 0.01642037 0.01347585 0.00772435
v 0.01616177 0.01326362 0.00882783
v 0.01586359 0.01301891 0.00993130
v 0.01552355 0.01273985 0.01103478
v 0.01513884 0.01242412 0.01213826
v 0.01470594 0.01206885 0.01324174
v 0.01422046 0.01167043 0.01434522
v 0.01367680 0.01122426 0.01544870
v 0.01306770 0.01072438 0.01655217
v 0.01238351 0.01016288 0.01765565
v 0.01161096 0.00952887 0.01875913
v 0.01073098 0.00880669 0.01986261
v 0.00971442 0.00797242 0.02096609
v 0.00851250 0.00698603 0.02206957
v 0.00703078 0.00577001 0.02317304
v 0.00502769 0.00412612 0.02427652
v 0.00450430 0.00450430 -0.02972750
v 0.00630191 0.00630191 -0.02843500
v 0.00763388 0.00763388 -0.02714250
v 0.00871636 0.00871636 -0.02585000
v 0.00963381 0.00963381 -0.02455750
v 0.01042987 0.01042987 -0.02326500
v 0.01113063 0.01113063 -0.02197250
v 0.01175313 0.01175313 -0.02068000
v 0.01230927 0.01230927 -0.01938750
v 0.01280768 0.01280768 -0.01809500
v 0.01325488 0.01325488 -0.01680250
v 0.01365591 0.01365591 -0.01551000
v 0.01401472 0.01401472 -0.01421750
v 0.01433449 0.01433449 -0.01292500
v 0.01461777 0.01461777 -0.01163250
v 0.01486667 0.01486667 -0.01034000
v 0.01508287 0.01508287 -0.00904750
v 0.01526777 0.01526777 -0.00775500
v 0.01542249 0.01542249 -0.00646250
v 0.01554793 0.01554793 -0.00517000
v 0.01564480 0.01564480 -0.00387750
v 0.01571363 0.01571363 -0.00258500
v 0.01575479 0.01575479 -0.00129250
v 0.01576848 0.01576848 0.00000000
v 0.01575357 0.01575357 0.00110348
v 0.01570875 0.01570875 0.00220696
v 0.01563377 0.01563377 0.00331043
v 0.01552819 0.01552819 0.00441391
v 0.01539137 0.01539137 0.00551739
v 0.01522248 0.01522248 0.00662087
v 0.01502044 0.01502044 0.00772435
v 0.01478388 0.01478388 0.00882783
v 0.01451112 0.01451112 0.00993130
v 0.01420008 0.01420008 0.01103478
v 0.01384816 0.01384816 0.01213826
v 0.01345217 0.01345217 0.01324174
v 0.01300808 0.01300808 0.01434522
v 0.01251077 0.01251077 0.01544870
v 0.01195360 0.01195360 0.01655217
v 0.01132774 0.01132774 0.01765565
v 0.01062105 0.01062105 0.01875913
v 0.00981610 0.00981610 0.01986261
v 0.00888621 0.00888621 0.02096609
v 0.00778676 0.00778676 0.02206957
v 0.00643137 0.00643137 0.02317304
v 0.00459905 0.00459905 0.02427652
v 0.00404111 0.00492411 -0.02972750
v 0.00565387 0.00688927 -0.02843500
v 0.00684887 0.00834538 -0.02714250
v 0.00782003 0.00952874 -0.02585000
v 0.00864314 0.01053169 -0.02455750
v 0.00935734 0.01140195 -0.02326500
v 0.00998604 0.01216802 -0.02197250
v 0.01054453 0.01284855 -0.02068000
v 0.01104348 0.01345651 -0.01938750
v 0.01149063 0.01400138 -0.01809500
v 0.01189185 0.01449026 -0.01680250
v 0.01225164 0.01492866 -0.01551000
v 0.01257355 0.01532091 -0.01421750
v 0.01286044 0.01567049 -0.01292500
v 0.01311459 0.01598018 -0.01163250
v 0.01333789 0.01625227 -0.01034000
v 0.01353186 0.01648862 -0.00904750
v 0.01369775 0.01669075 -0.00775500
v 0.01383656 0.01685989 -0.00646250
v 0.01394910 0.01699703 -0.00517000
v 0.01403601 0.01710293 -0.00387750
v 0.01409776 0.01717817 -0.00258500
v 0.01413468 0.01722316 -0.00129250
v 0.01414697 0.01723813 0.00000000
v 0.01413359 0.01722183 0.00110348
v 0.01409338 0.01717284 0.00220696
v 0.01402611 0.01709087 0.00331043
v 0.01393138 0.01697544 0.00441391
v 0.01380864 0.01682588 0.00551739
v 0.01365712 0.01664125 0.00662087
v 0.01347585 0.01642037 0.00772435
v 0.01326362 0.01616177 0.00882783
v 0.01301891 0.01586359 0.00993130
v 0.01273985 0.01552355 0.01103478
v 0.01242412 0.01513884 0.01213826
v 0.01206885 0.01470594 0.01324174
v 0.01167043 0.01422046 0.01434522
v 0.01122426 0.01367680 0.01544870
v 0.01072438 0.01306770 0.01655217
v 0.01016288 0.01238351 0.01765565
v 0.00952887 0.01161096 0.01875913
v 0.00880669 0.01073098 0.01986261
v 0.00797242 0.00971442 0.02096609
v 0.00698603 0.00851250 0.02206957
v 0.00577001 0.00703078 0.02317304
v 0.00412612 0.00502769 0.02427652
v 0.00353901 0.00529650 -0.02972750
v 0.00495138 0.00741027 -0.02843500
v 0.00599790 0.00897650 -0.02714250
v 0.00684840 0.01024935 -0.02585000
v 0.00756923 0.01132816 -0.02455750
v 0.00819470 0.01226423 -0.02326500
v 0.00874528 0.01308823 -0.02197250
v 0.00923438 0.01382022 -0.02068000
v 0.00967133 0.01447417 -0.01938750
v 0.01006293 0.01506024 -0.01809500
v 0.01041429 0.01558609 -0.01680250
v 0.01072938 0.01605765 -0.01551000
v 0.01101129 0.01647956 -0.01421750
v 0.01126253 0.01685557 -0.01292500
v 0.01148511 0.01718868 -0.01163250
v 0.01168067 0.01748135 -0.01034000
v 0.01185053 0.01773558 -0.00904750
v 0.01199581 0.01795299 -0.00775500
v 0.01211737 0.01813493 -0.00646250
v 0.01221593 0.01828243 -0.00517000
v 0.01229204 0.01839634 -0.00387750
v 0.01234612 0.01847728 -0.00258500
v 0.01237846 0.01852567 -0.00129250
v 0.01238922 0.01854177 0.00000000
v 0.01237750 0.01852424 0.00110348
v 0.01234229 0.01847154 0.00220696
v 0.01228337 0.01838337 0.00331043
v 0.01220042 0.01825921 0.00441391
v 0.01209292 0.01809834 0.00551739
v 0.01196023 0.01789975 0.00662087
v 0.01180148 0.01766217 0.00772435
v 0.01161562 0.01738401 0.00882783
v 0.01140132 0.01706328 0.00993130
v 0.01115693 0.01669752 0.01103478
v 0.01088043 0.01628371 0.01213826
v 0.01056930 0.01581808 0.01324174
v 0.01022038 0.01529589 0.01434522
v 0.00982965 0.01471111 0.01544870
v 0.00939189 0.01405595 0.01655217
v 0.00890015 0.01332002 0.01765565
v 0.00834491 0.01248904 0.01875913
v 0.00771246 0.01154251 0.01986261
v 0.00698185 0.01044908 0.02096609
v 0.00611802 0.00915626 0.02206957
v 0.00505309 0.00756249 0.02317304
v 0.00361345 0.00540791 0.02427652
v 0.00300282 0.00561788 -0.02972750
v 0.00420121 0.00785991 -0.02843500
v 0.00508917 0.00952117 -0.02714250
v 0.00581081 0.01087126 -0.02585000
v 0.00642243 0.01201552 -0.02455750
v 0.00695313 0.01300839 -0.02326500
v 0.00742029 0.01388239 -0.02197250
v 0.00783529 0.01465880 -0.02068000
v 0.00820604 0.01535243 -0.01938750
v 0.00853831 0.01597406 -0.01809500
v 0.00883644 0.01653182 -0.01680250
v 0.00910379 0.01703199 -0.01551000
v 0.00934299 0.01747951 -0.01421750
v 0.00955617 0.01787833 -0.01292500
v 0.00974502 0.01823165 -0.01163250
v 0.00991095 0.01854208 -0.01034000
v 0.01005508 0.01881173 -0.00904750
v 0.01017834 0.01904234 -0.00775500
v 0.01028149 0.01923531 -0.00646250
v 0.01036512 0.01939177 -0.00517000
v 0.01042970 0.01951259 -0.00387750
v 0.01047558 0.01959844 -0.00258500
v 0.01050302 0.01964976 -0.00129250
v 0.01051215 0.01966684 0.00000000
v 0.01050221 0.01964825 0.00110348
v 0.01047233 0.01959235 0.00220696
v 0.01042234 0.01949883 0.00331043
v 0.01035195 0.01936714 0.00441391
v 0.01026074 0.01919650 0.00551739
v 0.01014815 0.01898586 0.00662087
v 0.01001346 0.01873387 0.00772435
v 0.00985576 0.01843883 0.00882783
v 0.00967392 0.01809864 0.00993130
v 0.00946656 0.01771069 0.01103478
v 0.00923196 0.01727177 0.01213826
v 0.00896797 0.01677788 0.01324174
v 0.00867191 0.01622401 0.01434522
v 0.00834038 0.01560375 0.01544870
v 0.00796894 0.01490883 0.01655217
v 0.00755170 0.01412824 0.01765565
v 0.00708059 0.01324685 0.01875913
v 0.00654396 0.01224289 0.01986261
v 0.00592404 0.01108311 0.02096609
v 0.00519109 0.00971184 0.02206957
v 0.00428751 0.00802136 0.02317304
v 0.00306598 0.00573605 0.02427652
v 0.00243771 0.00588515 -0.02972750
v 0.00341057 0.00823385 -0.02843500
v 0.00413143 0.00997415 -0.02714250
v 0.00471726 0.01138847 -0.02585000
v 0.00521378 0.01258717 -0.02455750
v 0.00564460 0.01362728 -0.02326500
v 0.00602385 0.01454286 -0.02197250
v 0.00636075 0.01535621 -0.02068000
v 0.00666173 0.01608283 -0.01938750
v 0.00693147 0.01673404 -0.01809500
v 0.00717349 0.01731834 -0.01680250
v 0.00739052 0.01784230 -0.01551000
v 0.00758471 0.01831111 -0.01421750
v 0.00775777 0.01872891 -0.01292500
v 0.00791108 0.01909904 -0.01163250
v 0.00804578 0.01942424 -0.01034000
v 0.00816279 0.01970672 -0.00904750
v 0.00826286 0.01994830 -0.00775500
v 0.00834659 0.02015045 -0.00646250
v 0.00841448 0.02031435 -0.00517000
v 0.00846691 0.02044092 -0.00387750
v 0.00850416 0.02053085 -0.00258500
v 0.00852643 0.02058462 -0.00129250
v 0.00853384 0.02060251 0.00000000
v 0.00852577 0.02058303 0.00110348
v 0.00850152 0.02052447 0.00220696
v 0.00846094 0.02042650 0.00331043
v 0.00840379 0.02028855 0.00441391
v 0.00832975 0.02010979 0.00551739
v 0.00823835 0.01988913 0.00662087
v 0.00812900 0.01962515 0.00772435
v 0.00800098 0.01931607 0.00882783
v 0.00785336 0.01895970 0.00993130
v 0.00768503 0.01855329 0.01103478
v 0.00749457 0.01809349 0.01213826
v 0.00728026 0.01757611 0.01324174
v 0.00703992 0.01699588 0.01434522
v 0.00677078 0.01634611 0.01544870
v 0.00646924 0.01561813 0.01655217
v 0.00613053 0.01480041 0.01765565
v 0.00574807 0.01387708 0.01875913
v 0.00531243 0.01282535 0.01986261
v 0.00480918 0.01161040 0.02096609
v 0.00421417 0.01017389 0.02206957
v 0.00348063 0.00840299 0.02317304
v 0.00248899 0.00600895 0.02427652
v 0.00184913 0.00609575 -0.02972750
v 0.00258709 0.00852849 -0.02843500
v 0.00313390 0.01033107 -0.02714250
v 0.00357828 0.01179600 -0.02585000
v 0.00395491 0.01303760 -0.02455750
v 0.00428172 0.01411493 -0.02326500
v 0.00456939 0.01506328 -0.02197250
v 0.00482495 0.01590573 -0.02068000
v 0.00505326 0.01665835 -0.01938750
v 0.00525787 0.01733286 -0.01809500
v 0.00544145 0.01793807 -0.01680250
v 0.00560608 0.01848078 -0.01551000
v 0.00575338 0.01896637 -0.01421750
v 0.00588466 0.01939912 -0.01292500
v 0.00600095 0.01978250 -0.01163250
v 0.00610313 0.02011933 -0.01034000
v 0.00619189 0.02041192 -0.00904750
v 0.00626779 0.02066214 -0.00775500
v 0.00633131 0.02087153 -0.00646250
v 0.00638281 0.02104130 -0.00517000
v 0.00642258 0.02117240 -0.00387750
v 0.00645083 0.02126554 -0.00258500
v 0.00646773 0.02132124 -0.00129250
v 0.00647335 0.02133977 0.00000000
v 0.00646723 0.02131959 0.00110348
v 0.00644883 0.02125894 0.00220696
v 0.00641805 0.02115746 0.00331043
v 0.00637470 0.02101457 0.00441391
v 0.00631854 0.02082942 0.00551739
v 0.00624920 0.02060086 0.00662087
v 0.00616626 0.02032743 0.00772435
v 0.00606915 0.02000729 0.00882783
v 0.00595717 0.01963816 0.00993130
v 0.00582948 0.01921722 0.01103478
v 0.00568501 0.01874097 0.01213826
v 0.00552245 0.01820507 0.01324174
v 0.00534014 0.01760407 0.01434522
v 0.00513598 0.01693105 0.01544870
v 0.00490725 0.01617703 0.01655217
v 0.00465032 0.01533004 0.01765565
v 0.00436020 0.01437366 0.01875913
v 0.00402975 0.01328430 0.01986261
v 0.00364801 0.01202587 0.02096609
v 0.00319666 0.01053796 0.02206957
v 0.00264023 0.00870369 0.02317304
v 0.00188802 0.00622398 0.02427652
v 0.00124273 0.00624765 -0.02972750
v 0.00173869 0.00874101 -0.02843500
v 0.00210618 0.01058850 -0.02714250
v 0.00240484 0.01208993 -0.02585000
v 0.00265796 0.01336247 -0.02455750
v 0.00287759 0.01446665 -0.02326500
v 0.00307093 0.01543862 -0.02197250
v 0.00324268 0.01630206 -0.02068000
v 0.00339612 0.01707344 -0.01938750
v 0.00353363 0.01776476 -0.01809500
v 0.00365701 0.01838505 -0.01680250
v 0.00376766 0.01894128 -0.01551000
v 0.00386665 0.01943897 -0.01421750
v 0.00395488 0.01988250 -0.01292500
v 0.00403303 0.02027543 -0.01163250
v 0.00410170 0.02062066 -0.01034000
v 0.00416135 0.02092054 -0.00904750
v 0.00421237 0.02117700 -0.00775500
v 0.00425505 0.02139160 -0.00646250
v 0.00428966 0.02156560 -0.00517000
v 0.00431639 0.02169997 -0.00387750
v 0.00433538 0.02179544 -0.00258500
v 0.00434674 0.02185252 -0.00129250
v 0.00435051 0.02187151 0.00000000
v 0.00434640 0.02185083 0.00110348
v 0.00433403 0.02178866 0.00220696
v 0.00431335 0.02168466 0.00331043
v 0.00428422 0.02153821 0.00441391
v 0.00424647 0.02134844 0.00551739
v 0.00419987 0.02111419 0.00662087
v 0.00414413 0.02083395 0.00772435
v 0.00407886 0.02050583 0.00882783
v 0.00400361 0.02012751 0.00993130
v 0.00391779 0.01969607 0.01103478
v 0.00382070 0.01920795 0.01213826
v 0.00371145 0.01865870 0.01324174
v 0.00358892 0.01804273 0.01434522
v 0.00345171 0.01735294 0.01544870
v 0.00329799 0.01658012 0.01655217
v 0.00312532 0.01571203 0.01765565
v 0.00293034 0.01473183 0.01875913
v 0.00270826 0.01361532 0.01986261
v 0.00245170 0.01232553 0.02096609
v 0.00214836 0.01080055 0.02206957
v 0.00177441 0.00892056 0.02317304
v 0.00126888 0.00637907 0.02427652
v 0.00062437 0.00633937 -0.02972750
v 0.00087355 0.00886934 -0.02843500
v 0.00105819 0.01074396 -0.02714250
v 0.00120824 0.01226743 -0.02585000
v 0.00133541 0.01355865 -0.02455750
v 0.00144576 0.01467904 -0.02326500
v 0.00154290 0.01566528 -0.02197250
v 0.00162919 0.01654140 -0.02068000
v 0.00170628 0.01732411 -0.01938750
v 0.00177536 0.01802557 -0.01809500
v 0.00183735 0.01865497 -0.01680250
v 0.00189294 0.01921937 -0.01551000
v 0.00194268 0.01972436 -0.01421750
v 0.00198701 0.02017441 -0.01292500
v 0.00202627 0.02057311 -0.01163250
v 0.00206078 0.02092340 -0.01034000
v 0.00209074 0.02122768 -0.00904750
v 0.00211637 0.02148791 -0.00775500
v 0.00213782 0.02170567 -0.00646250
v 0.00215521 0.02188222 -0.00517000
v 0.00216864 0.02201856 -0.00387750
v 0.00217818 0.02211543 -0.00258500
v 0.00218388 0.02217335 -0.00129250
v 0.00218578 0.02219262 0.00000000
v 0.00218372 0.02217163 0.00110348
v 0.00217750 0.02210856 0.00220696
v 0.00216711 0.02200303 0.00331043
v 0.00215247 0.02185443 0.00441391
v 0.00213351 0.02166187 0.00551739
v 0.00211010 0.02142418 0.00662087
v 0.00208209 0.02113982 0.00772435
v 0.00204930 0.02080689 0.00882783
v 0.00201149 0.02042301 0.00993130
v 0.00196837 0.01998524 0.01103478
v 0.00191959 0.01948995 0.01213826
v 0.00186470 0.01893264 0.01324174
v 0.00180314 0.01830762 0.01434522
v 0.00173421 0.01760771 0.01544870
v 0.00165697 0.01682355 0.01655217
v 0.00157022 0.01594271 0.01765565
v 0.00147226 0.01494811 0.01875913
v 0.00136068 0.01381522 0.01986261
v 0.00123178 0.01250649 0.02096609
v 0.00107938 0.01095912 0.02206957
v 0.00089150 0.00905153 0.02317304
v 0.00063751 0.00647272 0.02427652
v 0.00000000 0.00637005 -0.02972750
v 0.00000000 0.00891225 -0.02843500
v 0.00000000 0.01079594 -0.02714250
v 0.00000000 0.01232679 -0.02585000
v 0.00000000 0.01362426 -0.02455750
v 0.00000000 0.01475006 -0.02326500
v 0.00000000 0.01574108 -0.02197250
v 0.00000000 0.01662144 -0.02068000
v 0.00000000 0.01740793 -0.01938750
v 0.00000000 0.01811279 -0.01809500
v 0.00000000 0.01874523 -0.01680250
v 0.00000000 0.01931237 -0.01551000
v 0.00000000 0.01981980 -0.01421750
v 0.00000000 0.02027202 -0.01292500
v 0.00000000 0.02067265 -0.01163250
v 0.00000000 0.02102464 -0.01034000
v 0.00000000 0.02133040 -0.00904750
v 0.00000000 0.02159188 -0.00775500
v 0.00000000 0.02181069 -0.00646250
v 0.00000000 0.02198810 -0.00517000
v 0.00000000 0.02212510 -0.00387750
v 0.00000000 0.02222243 -0.00258500
v 0.00000000 0.02228063 -0.00129250
v 0.00000000 0.02230000 0.00000000
v 0.00000000 0.02227891 0.00110348
v 0.00000000 0.02221553 0.00220696
v 0.00000000 0.02210949 0.00331043
v 0.00000000 0.02196017 0.00441391
v 0.00000000 0.02176669 0.00551739
v 0.00000000 0.02152784 0.00662087
v 0.00000000 0.02124211 0.00772435
v 0.00000000 0.02090757 0.00882783
v 0.00000000 0.02052183 0.00993130
v 0.00000000 0.02008194 0.01103478
v 0.00000000 0.01958426 0.01213826
v 0.00000000 0.01902424 0.01324174
v 0.00000000 0.01839621 0.01434522
v 0.00000000 0.01769290 0.01544870
v 0.00000000 0.01690495 0.01655217
v 0.00000000 0.01601985 0.01765565
v 0.00000000 0.01502044 0.01875913
v 0.00000000 0.01388206 0.01986261
v 0.00000000 0.01256700 0.02096609
v 0.00000000 0.01101214 0.02206957
v 0.00000000 0.00909533 0.02317304
v 0.00000000 0.00650404 0.02427652
v -0.00062437 0.00633937 -0.02972750
v -0.00087355 0.00886934 -0.02843500
v -0.00105819 0.01074396 -0.02714250
v -0.00120824 0.01226743 -0.02585000
v -0.00133541 0.01355865 -0.02455750
v -0.00144576 0.01467904 -0.02326500
v -0.00154290 0.01566528 -0.02197250
v -0.00162919 0.01654140 -0.02068000
v -0.00170628 0.01732411 -0.01938750
v -0.00177536 0.01802557 -0.01809500
v -0.00183735 0.01865497 -0.01680250
v -0.00189294 0.01921937 -0.01551000
v -0.00194268 0.01972436 -0.01421750
v -0.00198701 0.02017441 -0.01292500
v -0.00202627 0.02057311 -0.01163250
v -0.00206078 0.02092340 -0.01034000
v -0.00209074 0.02122768 -0.00904750
v -0.00211637 0.02148791 -0.00775500
v -0.00213782 0.02170567 -0.00646250
v -0.00215521 0.02188222 -0.00517000
v -0.00216864 0.02201856 -0.00387750
v -0.00217818 0.02211543 -0.00258500
v -0.00218388 0.02217335 -0.00129250
v -0.00218578 0.02219262 0.00000000
v -0.00218372 0.02217163 0.00110348
v -0.00217750 0.02210856 0.00220696
v -0.00216711 0.02200303 0.00331043
v -0.00215247 0.02185443 0.00441391
v -0.00213351 0.02166187 0.00551739
v -0.00211010 0.02142418 0.00662087
v -0.00208209 0.02113982 0.00772435
v -0.00204930 0.02080689 0.00882783
v -0.00201149 0.02042301 0.00993130
v -0.00196837 0.01998524 0.01103478
v -0.00191959 0.01948995 0.01213826
v -0.00186470 0.01893264 0.01324174
v -0.00180314 0.01830762 0.01434522
v -0.00173421 0.01760771 0.01544870
v -0.00165697 0.01682355 0.01655217
v -0.00157022 0.01594271 0.01765565
v -0.00147226 0.01494811 0.01875913
v -0.00136068 0.01381522 0.01986261
v -0.00123178 0.01250649 0.02096609
v -0.00107938 0.01095912 0.02206957
v -0.00089150 0.00905153 0.02317304
v -0.00063751 0.00647272 0.02427652
v -0.00124273 0.00624765 -0.02972750
v -0.00173869 0.00874101 -0.02843500
v -0.00210618 0.01058850 -0.02714250
v -0.00240484 0.01208993 -0.02585000
v -0.00265796 0.01336247 -0.02455750
v -0.00287759 0.01446665 -0.02326500
v -0.00307093 0.01543862 -0.02197250
v -0.00324268 0.01630206 -0.02068000
v -0.00339612 0.01707344 -0.01938750
v -0.00353363 0.01776476 -0.01809500
v -0.00365701 0.01838505 -0.01680250
v -0.00376766 0.01894128 -0.01551000
v -0.00386665 0.01943897 -0.01421750
v -0.00395488 0.01988250 -0.01292500
v -0.00403303 0.02027543 -0.01163250
v -0.00410170 0.02062066 -0.01034000
v -0.00416135 0.02092054 -0.00904750
v -0.00421237 0.02117700 -0.00775500
v -0.00425505 0.02139160 -0.00646250
v -0.00428966 0.02156560 -0.00517000
v -0.00431639 0.02169997 -0.00387750
v -0.00433538 0.02179544 -0.00258500
v -0.00434674 0.02185252 -0.00129250
v -0.00435051 0.02187151 0.00000000
v -0.00434640 0.02185083 0.00110348
v -0.00433403 0.02178866 0.00220696
v -0.00431335 0.02168466 0.00331043
v -0.00428422 0.02153821 0.00441391
v -0.00424647 0.02134844 0.00551739
v -0.00419987 0.02111419 0.00662087
v -0.00414413 0.02083395 0.00772435
v -0.00407886 0.02050583 0.00882783
v -0.00400361 0.02012751 0.00993130
v -0.00391779 0.01969607 0.01103478
v -0.00382070 0.01920795 0.01213826
v -0.00371145 0.01865870 0.01324174
v -0.00358892 0.01804273 0.01434522
v -0.00345171 0.01735294 0.01544870
v -0.00329799 0.01658012 0.01655217
v -0.00312532 0.01571203 0.01765565
v -0.00293034 0.01473183 0.01875913
v -0.00270826 0.01361532 0.01986261
v -0.00245170 0.01232553 0.02096609
v -0.00214836 0.01080055 0.02206957
v -0.00177441 0.00892056 0.02317304
v -0.00126888 0.00637907 0.02427652
v -0.00184913 0.00609575 -0.02972750
v -0.00258709 0.00852849 -0.02843500
v -0.00313390 0.01033107 -0.02714250
v -0.00357828 0.01179600 -0.02585000
v -0.00395491 0.01303760 -0.02455750
v -0.00428172 0.01411493 -0.02326500
v -0.00456939 0.01506328 -0.02197250
v -0.00482495 0.01590573 -0.02068000
v -0.00505326 0.01665835 -0.01938750
v -0.00525787 0.01733286 -0.01809500
v -0.00544145 0.01793807 -0.01680250
v -0.00560608 0.01848078 -0.01551000
v -0.00575338 0.01896637 -0.01421750
v -0.00588466 0.01939912 -0.01292500
v -0.00600095 0.01978250 -0.01163250
v -0.00610313 0.02011933 -0.01034000
v -0.00619189 0.02041192 -0.00904750
v -0.00626779 0.02066214 -0.00775500
v -0.00633131 0.02087153 -0.00646250
v -0.00638281 0.02104130 -0.00517000
v -0.00642258 0.02117240 -0.00387750
v -0.00645083 0.02126554 -0.00258500
v -0.00646773 0.02132124 -0.00129250
v -0.00647335 0.02133977 0.00000000
v -0.00646723 0.02131959 0.00110348
v -0.00644883 0.02125894 0.00220696
v -0.00641805 0.02115746 0.00331043
v -0.00637470 0.02101457 0.00441391
v -0.00631854 0.02082942 0.00551739
v -0.00624920 0.02060086 0.00662087
v -0.00616626 0.02032743 0.00772435
v -0.00606915 0.02000729 0.00882783
v -0.00595717 0.01963816 0.00993130
v -0.00582948 0.01921722 0.01103478
v -0.00568501 0.01874097 0.01213826
v -0.00552245 0.01820507 0.01324174
v -0.00534014 0.01760407 0.01434522
v -0.00513598 0.01693105 0.01544870
v -0.00490725 0.01617703 0.01655217
v -0.00465032 0.01533004 0.01765565
v -0.00436020 0.01437366 0.01875913
v -0.00402975 0.01328430 0.01986261
v -0.00364801 0.01202587 0.02096609
v -0.00319666 0.01053796 0.02206957
v -0.00264023 0.00870369 0.02317304
v -0.00188802 0.00622398 0.02427652
v -0.00243771 0.00588515 -0.02972750
v -0.00341057 0.00823385 -0.02843500
v -0.00413143 0.00997415 -0.02714250
v -0.00471726 0.01138847 -0.02585000
v -0.00521378 0.01258717 -0.02455750
v -0.00564460 0.01362728 -0.02326500
v -0.00602385 0.01454286 -0.02197250
v -0.00636075 0.01535621 -0.02068000
v -0.00666173 0.01608283 -0.01938750
v -0.00693147 0.01673404 -0.01809500
v -0.00717349 0.01731834 -0.01680250
v -0.00739052 0.01784230 -0.01551000
v -0.00758471 0.01831111 -0.01421750
v -0.00775777 0.01872891 -0.01292500
v -0.00791108 0.01909904 -0.01163250
v -0.00804578 0.01942424 -0.01034000
v -0.00816279 0.01970672 -0.00904750
v -0.00826286 0.01994830 -0.00775500
v -0.00834659 0.02015045 -0.00646250
v -0.00841448 0.02031435 -0.00517000
v -0.00846691 0.02044092 -0.00387750
v -0.00850416 0.02053085 -0.00258500
v -0.00852643 0.02058462 -0.00129250
v -0.00853384 0.02060251 0.00000000
v -0.00852577 0.02058303 0.00110348
v -0.00850152 0.02052447 0.00220696
v -0.00846094 0.02042650 0.00331043
v -0.00840379 0.02028855 0.00441391
v -0.00832975 0.02010979 0.00551739
v -0.00823835 0.01988913 0.00662087
v -0.00812900 0.01962515 0.00772435
v -0.00800098 0.01931607 0.00882783
v -0.00785336 0.01895970 0.00993130
v -0.00768503 0.01855329 0.01103478
v -0.00749457 0.01809349 0.01213826
v -0.00728026 0.01757611 0.01324174
v -0.00703992 0.01699588 0.01434522
v -0.00677078 0.01634611 0.01544870
v -0.00646924 0.01561813 0.01655217
v -0.00613053 0.01480041 0.01765565
v -0.00574807 0.01387708 0.01875913
v -0.00531243 0.01282535 0.01986261
v -0.00480918 0.01161040 0.02096609
v -0.00421417 0.01017389 0.02206957
v -0.00348063 0.00840299 0.02317304
v -0.00248899 0.00600895 0.02427652
v -0.00300282 0.00561788 -0.02972750
v -0.00420121 0.00785991 -0.02843500
v -0.00508917 0.00952117 -0.02714250
v -0.00581081 0.01087126 -0.02585000
v -0.00642243 0.01201552 -0.02455750
v -0.00695313 0.01300839 -0.02326500
v -0.00742029 0.01388239 -0.02197250
v -0.00783529 0.01465880 -0.02068000
v -0.00820604 0.01535243 -0.01938750
v -0.00853831 0.01597406 -0.01809500
v -0.00883644 0.01653182 -0.01680250
v -0.00910379 0.01703199 -0.01551000
v -0.00934299 0.01747951 -0.01421750
v -0.00955617 0.01787833 -0.01292500
v -0.00974502 0.01823165 -0.01163250
v -0.00991095 0.01854208 -0.01034000
v -0.01005508 0.01881173 -0.00904750
v -0.01017834 0.01904234 -0.00775500
v -0.01028149 0.01923531 -0.00646250
v -0.01036512 0.01939177 -0.00517000
v -0.01042970 0.01951259 -0.00387750
v -0.01047558 0.01959844 -0.00258500
v -0.01050302 0.01964976 -0.00129250
v -0.01051215 0.01966684 0.00000000
v -0.01050221 0.01964825 0.00110348
v -0.01047233 0.01959235 0.00220696
v -0.01042234 0.01949883 0.00331043
v -0.01035195 0.01936714 0.00441391
v -0.01026074 0.01919650 0.00551739
v -0.01014815 0.01898586 0.00662087
v -0.01001346 0.01873387 0.00772435
v -0.00985576 0.01843883 0.00882783
v -0.00967392 0.01809864 0.00993130
v -0.00946656 0.01771069 0.01103478
v -0.00923196 0.01727177 0.01213826
v -0.00896797 0.01677788 0.01324174
v -0.00867191 0.01622401 0.01434522
v -0.00834038 0.01560375 0.01544870
v -0.00796894 0.01490883 0.01655217
v -0.00755170 0.01412824 0.01765565
v -0.00708059 0.01324685 0.01875913
v -0.00654396 0.01224289 0.01986261
v -0.00592404 0.01108311 0.02096609
v -0.00519109 0.00971184 0.02206957
v -0.00428751 0.00802136 0.02317304
v -0.00306598 0.00573605 0.02427652
v -0.00353901 0.00529650 -0.02972750
v -0.00495138 0.00741027 -0.02843500
v -0.00599790 0.00897650 -0.02714250
v -0.00684840 0.01024935 -0.02585000
v -0.00756923 0.01132816 -0.02455750
v -0.00819470 0.01226423 -0.02326500
v -0.00874528 0.01308823 -0.02197250
v -0.00923438 0.01382022 -0.02068000
v -0.00967133 0.01447417 -0.01938750
v -0.01006293 0.01506024 -0.01809500
v -0.01041429 0.01558609 -0.01680250
v -0.01072938 0.01605765 -0.01551000
v -0.01101129 0.01647956 -0.01421750
v -0.01126253 0.01685557 -0.01292500
v -0.01148511 0.01718868 -0.01163250
v -0.01168067 0.01748135 -0.01034000
v -0.01185053 0.01773558 -0.00904750
v -0.01199581 0.01795299 -0.00775500
v -0.01211737 0.01813493 -0.00646250
v -0.01221593 0.01828243 -0.00517000
v -0.01229204 0.01839634 -0.00387750
v -0.01234612 0.01847728 -0.00258500
v -0.01237846 0.01852567 -0.00129250
v -0.01238922 0.01854177 0.00000000
v -0.01237750 0.01852424 0.00110348
v -0.01234229 0.01847154 0.00220696
v -0.01228337 0.01838337 0.00331043
v -0.01220042 0.01825921 0.00441391
v -0.01209292 0.01809834 0.00551739
v -0.01196023 0.01789975 0.00662087
v -0.01180148 0.01766217 0.00772435
v -0.01161562 0.01738401 0.00882783
v -0.01140132 0.01706328 0.00993130
v -0.01115693 0.01669752 0.01103478
v -0.01088043 0.01628371 0.01213826
v -0.01056930 0.01581808 0.01324174
v -0.01022038 0.01529589 0.01434522
v -0.00982965 0.01471111 0.01544870
v -0.00939189 0.01405595 0.01655217
v -0.00890015 0.01332002 0.01765565
v -0.00834491 0.01248904 0.01875913
v -0.00771246 0.01154251 0.01986261
v -0.00698185 0.01044908 0.02096609
v -0.00611802 0.00915626 0.02206957
v -0.00505309 0.00756249 0.02317304
v -0.00361345 0.00540791 0.02427652
v -0.00404111 0.00492411 -0.02972750
v -0.00565387 0.00688927 -0.02843500
v -0.00684887 0.00834538 -0.02714250
v -0.00782003 0.00952874 -0.02585000
v -0.00864314 0.01053169 -0.02455750
v -0.00935734 0.01140195 -0.02326500
v -0.00998604 0.01216802 -0.02197250
v -0.01054453 0.01284855 -0.02068000
v -0.01104348 0.01345651 -0.01938750
v -0.01149063 0.01400138 -0.01809500
v -0.01189185 0.01449026 -0.01680250
v -0.01225164 0.01492866 -0.01551000
v -0.01257355 0.01532091 -0.01421750
v -0.01286044 0.01567049 -0.01292500
v -0.01311459 0.01598018 -0.01163250
v -0.01333789 0.01625227 -0.01034000
v -0.01353186 0.01648862 -0.00904750
v -0.01369775 0.01669075 -0.00775500
v -0.01383656 0.01685989 -0.00646250
v -0.01394910 0.01699703 -0.00517000
v -0.01403601 0.01710293 -0.00387750
v -0.01409776 0.01717817 -0.00258500
v -0.01413468 0.01722316 -0.00129250
v -0.01414697 0.01723813 0.00000000
v -0.01413359 0.01722183 0.00110348
v -0.01409338 0.01717284 0.00220696
v -0.01402611 0.01709087 0.00331043
v -0.01393138 0.01697544 0.00441391
v -0.01380864 0.01682588 0.00551739
v -0.01365712 0.01664125 0.00662087
v -0.01347585 0.01642037 0.00772435
v -0.01326362 0.01616177 0.00882783
v -0.01301891 0.01586359 0.00993130
v -0.01273985 0.01552355 0.01103478
v -0.01242412 0.01513884 0.01213826
v -0.01206885 0.01470594 0.01324174
v -0.01167043 0.01422046 0.01434522
v -0.01122426 0.01367680 0.01544870
v -0.01072438 0.01306770 0.01655217
v -0.01016288 0.01238351 0.01765565
v -0.00952887 0.01161096 0.01875913
v -0.00880669 0.01073098 0.01986261
v -0.00797242 0.00971442 0.02096609
v -0.00698603 0.00851250 0.02206957
v -0.00577001 0.00703078 0.02317304
v -0.00412612 0.00502769 0.02427652
v -0.00450430 0.00450430 -0.02972750
v -0.00630191 0.00630191 -0.02843500
v -0.00763388 0.00763388 -0.02714250
v -0.00871636 0.00871636 -0.02585000
v -0.00963381 0.00963381 -0.02455750
v -0.01042987 0.01042987 -0.02326500
v -0.01113063 0.01113063 -0.02197250
v -0.01175313 0.01175313 -0.02068000
v -0.01230927 0.01230927 -0.01938750
v -0.01280768 0.01280768 -0.01809500
v -0.01325488 0.01325488 -0.01680250
v -0.01365591 0.01365591 -0.01551000
v -0.01401472 0.01401472 -0.01421750
v -0.01433449 0.01433449 -0.01292500
v -0.01461777 0.01461777 -0.01163250
v -0.01486667 0.01486667 -0.01034000
v -0.01508287 0.01508287 -0.00904750
v -0.01526777 0.01526777 -0.00775500
v -0.01542249 0.01542249 -0.00646250
v -0.01554793 0.01554793 -0.00517000
v -0.01564480 0.01564480 -0.00387750
v -0.01571363 0.01571363 -0.00258500
v -0.01575479 0.01575479 -0.00129250
v -0.01576848 0.01576848 0.00000000
v -0.01575357 0.01575357 0.00110348
v -0.01570875 0.01570875 0.00220696
v -0.01563377 0.01563377 0.00331043
v -0.01552819 0.01552819 0.00441391
v -0.01539137 0.01539137 0.00551739
v -0.01522248 0.01522248 0.00662087
v -0.01502044 0.01502044 0.00772435
v -0.01478388 0.01478388 0.00882783
v -0.01451112 0.01451112 0.00993130
v -0.01420008 0.01420008 0.01103478
v -0.01384816 0.01384816 0.01213826
v -0.01345217 0.01345217 0.01324174
v -0.01300808 0.01300808 0.01434522
v -0.01251077 0.01251077 0.01544870
v -0.01195360 0.01195360 0.01655217
v -0.01132774 0.01132774 0.01765565
v -0.01062105 0.01062105 0.01875913
v -0.00981610 0.00981610 0.01986261
v -0.00888621 0.00888621 0.02096609
v -0.00778676 0.00778676 0.02206957
v -0.00643137 0.00643137 0.02317304
v -0.00459905 0.00459905 0.02427652
v -0.00492411 0.00404111 -0.02972750
v -0.00688927 0.00565387 -0.02843500
v -0.00834538 0.00684887 -0.02714250
v -0.00952874 0.00782003 -0.02585000
v -0.01053169 0.00864314 -0.02455750
v -0.01140195 0.00935734 -0.02326500
v -0.01216802 0.00998604 -0.02197250
v -0.01284855 0.01054453 -0.02068000
v -0.01345651 0.01104348 -0.01938750
v -0.01400138 0.01149063 -0.01809500
v -0.01449026 0.01189185 -0.01680250
v -0.01492866 0.01225164 -0.01551000
v -0.01532091 0.01257355 -0.01421750
v -0.01567049 0.01286044 -0.01292500
v -0.01598018 0.01311459 -0.01163250
v -0.01625227 0.01333789 -0.01034000
v -0.01648862 0.01353186 -0.00904750
v -0.01669075 0.01369775 -0.00775500
v -0.01685989 0.01383656 -0.00646250
v -0.01699703 0.01394910 -0.00517000
v -0.01710293 0.01403601 -0.00387750
v -0.01717817 0.01409776 -0.00258500
v -0.01722316 0.01413468 -0.00129250
v -0.01723813 0.01414697 0.00000000
v -0.01722183 0.01413359 0.00110348
v -0.01717284 0.01409338 0.00220696
v -0.01709087 0.01402611 0.00331043
v -0.01697544 0.01393138 0.00441391
v -0.01682588 0.01380864 0.00551739
v -0.01664125 0.01365712 0.00662087
v -0.01642037 0.01347585 0.00772435
v -0.01616177 0.01326362 0.00882783
v -0.01586359 0.01301891 0.00993130
v -0.01552355 0.01273985 0.01103478
v -0.01513884 0.01242412 0.01213826
v -0.01470594 0.01206885 0.01324174
v -0.01422046 0.01167043 0.01434522
v -0.01367680 0.01122426 0.01544870
v -0.01306770 0.01072438 0.01655217
v -0.01238351 0.01016288 0.01765565
v -0.01161096 0.00952887 0.01875913
v -0.01073098 0.00880669 0.01986261
v -0.00971442 0.00797242 0.02096609
v -0.00851250 0.00698603 0.02206957
v -0.00703078 0.00577001 0.02317304
v -0.00502769 0.00412612 0.02427652
v -0.00529650 0.00353901 -0.02972750
v -0.00741027 0.00495138 -0.02843500
v -0.00897650 0.00599790 -0.02714250
v -0.01024935 0.00684840 -0.02585000
v -0.01132816 0.00756923 -0.02455750
v -0.01226423 0.00819470 -0.02326500
v -0.01308823 0.00874528 -0.02197250
v -0.01382022 0.00923438 -0.02068000
v -0.01447417 0.00967133 -0.01938750
v -0.01506024 0.01006293 -0.01809500
v -0.01558609 0.01041429 -0.01680250
v -0.01605765 0.01072938 -0.01551000
v -0.01647956 0.01101129 -0.01421750
v -0.01685557 0.01126253 -0.01292500
v -0.01718868 0.01148511 -0.01163250
v -0.01748135 0.01168067 -0.01034000
v -0.01773558 0.01185053 -0.00904750
v -0.01795299 0.01199581 -0.00775500
v -0.01813493 0.01211737 -0.00646250
v -0.01828243 0.01221593 -0.00517000
v -0.01839634 0.01229204 -0.00387750
v -0.01847728 0.01234612 -0.00258500
v -0.01852567 0.01237846 -0.00129250
v -0.01854177 0.01238922 0.00000000
v -0.01852424 0.01237750 0.00110348
v -0.01847154 0.01234229 0.00220696
v -0.01838337 0.01228337 0.00331043
v -0.01825921 0.01220042 0.00441391
v -0.01809834 0.01209292 0.00551739
v -0.01789975 0.01196023 0.00662087
v -0.01766217 0.01180148 0.00772435
v -0.01738401 0.01161562 0.00882783
v -0.01706328 0.01140132 0.00993130
v -0.01669752 0.01115693 0.01103478
v -0.01628371 0.01088043 0.01213826
v -0.01581808 0.01056930 0.01324174
v -0.01529589 0.01022038 0.01434522
v -0.01471111 0.00982965 0.01544870
v -0.01405595 0.00939189 0.01655217
v -0.01332002 0.00890015 0.01765565
v -0.01248904 0.00834491 0.01875913
v -0.01154251 0.00771246 0.01986261
v -0.01044908 0.00698185 0.02096609
v -0.00915626 0.00611802 0.02206957
v -0.00756249 0.00505309 0.02317304
v -0.00540791 0.00361345 0.02427652
v -0.00561788 0.00300282 -0.02972750
v -0.00785991 0.00420121 -0.02843500
v -0.00952117 0.00508917 -0.02714250
v -0.01087126 0.00581081 -0.02585000
v -0.01201552 0.00642243 -0.02455750
v -0.01300839 0.00695313 -0.02326500
v -0.01388239 0.00742029 -0.02197250
v -0.01465880 0.00783529 -0.02068000
v -0.01535243 0.00820604 -0.01938750
v -0.01597406 0.00853831 -0.01809500
v -0.01653182 0.00883644 -0.01680250
v -0.01703199 0.00910379 -0.01551000
v -0.01747951 0.00934299 -0.01421750
v -0.01787833 0.00955617 -0.01292500
v -0.01823165 0.00974502 -0.01163250
v -0.01854208 0.00991095 -0.01034000
v -0.01881173 0.01005508 -0.00904750
v -0.01904234 0.01017834 -0.00775500
v -0.01923531 0.01028149 -0.00646250
v -0.01939177 0.01036512 -0.00517000
v -0.01951259 0.01042970 -0.00387750
v -0.01959844 0.01047558 -0.00258500
v -0.01964976 0.01050302 -0.00129250
v -0.01966684 0.01051215 0.00000000
v -0.01964825 0.01050221 0.00110348
v -0.01959235 0.01047233 0.00220696
v -0.01949883 0.01042234 0.00331043
v -0.01936714 0.01035195 0.00441391
v -0.01919650 0.01026074 0.00551739
v -0.01898586 0.01014815 0.00662087
v -0.01873387 0.01001346 0.00772435
v -0.01843883 0.00985576 0.00882783
v -0.01809864 0.00967392 0.00993130
v -0.01771069 0.00946656 0.01103478
v -0.01727177 0.00923196 0.01213826
v -0.01677788 0.00896797 0.01324174
v -0.01622401 0.00867191 0.01434522
v -0.01560375 0.00834038 0.01544870
v -0.01490883 0.00796894 0.01655217
v -0.01412824 0.00755170 0.01765565
v -0.01324685 0.00708059 0.01875913
v -0.01224289 0.00654396 0.01986261
v -0.01108311 0.00592404 0.02096609
v -0.00971184 0.00519109 0.02206957
v -0.00802136 0.00428751 0.02317304
v -0.00573605 0.00306598 0.02427652
v -0.00588515 0.00243771 -0.02972750
v -0.00823385 0.00341057 -0.02843500
v -0.00997415 0.00413143 -0.02714250
v -0.01138847 0.00471726 -0.02585000
v -0.01258717 0.00521378 -0.02455750
v -0.01362728 0.00564460 -0.02326500
v -0.01454286 0.00602385 -0.02197250
v -0.01535621 0.00636075 -0.02068000
v -0.01608283 0.00666173 -0.01938750
v -0.01673404 0.00693147 -0.01809500
v -0.01731834 0.00717349 -0.01680250
v -0.01784230 0.00739052 -0.01551000
v -0.01831111 0.00758471 -0.01421750
v -0.01872891 0.00775777 -0.01292500
v -0.01909904 0.00791108 -0.01163250
v -0.01942424 0.00804578 -0.01034000
v -0.01970672 0.00816279 -0.00904750
v -0.01994830 0.00826286 -0.00775500
v -0.02015045 0.00834659 -0.00646250
v -0.02031435 0.00841448 -0.00517000
v -0.02044092 0.00846691 -0.00387750
v -0.02053085 0.00850416 -0.00258500
v -0.02058462 0.00852643 -0.00129250
v -0.02060251 0.00853384 0.00000000
v -0.02058303 0.00852577 0.00110348
v -0.02052447 0.00850152 0.00220696
v -0.02042650 0.00846094 0.00331043
v -0.02028855 0.00840379 0.00441391
v -0.02010979 0.00832975 0.00551739
v -0.01988913 0.00823835 0.00662087
v -0.01962515 0.00812900 0.00772435
v -0.01931607 0.00800098 0.00882783
v -0.01895970 0.00785336 0.00993130
v -0.01855329 0.00768503 0.01103478
v -0.01809349 0.00749457 0.01213826
v -0.01757611 0.00728026 0.01324174
v -0.01699588 0.00703992 0.01434522
v -0.01634611 0.00677078 0.01544870
v -0.01561813 0.00646924 0.01655217
v -0.01480041 0.00613053 0.01765565
v -0.01387708 0.00574807 0.01875913
v -0.01282535 0.00531243 0.01986261
v -0.01161040 0.00480918 0.02096609
v -0.01017389 0.00421417 0.02206957
v -0.00840299 0.00348063 0.02317304
v -0.00600895 0.00248899 0.02427652
v -0.00609575 0.00184913 -0.02972750
v -0.00852849 0.00258709 -0.02843500
v -0.01033107 0.00313390 -0.02714250
v -0.01179600 0.00357828 -0.02585000
v -0.01303760 0.00395491 -0.02455750
v -0.01411493 0.00428172 -0.02326500
v -0.01506328 0.00456939 -0.02197250
v -0.01590573 0.00482495 -0.02068000
v -0.01665835 0.00505326 -0.01938750
v -0.01733286 0.00525787 -0.01809500
v -0.01793807 0.00544145 -0.01680250
v -0.01848078 0.00560608 -0.01551000
v -0.01896637 0.00575338 -0.01421750
v -0.01939912 0.00588466 -0.01292500
v -0.01978250 0.00600095 -0.01163250
v -0.02011933 0.00610313 -0.01034000
v -0.02041192 0.00619189 -0.00904750
v -0.02066214 0.00626779 -0.00775500
v -0.02087153 0.00633131 -0.00646250
v -0.02104130 0.00638281 -0.00517000
v -0.02117240 0.00642258 -0.00387750
v -0.02126554 0.00645083 -0.00258500
v -0.02132124 0.00646773 -0.00129250
v -0.02133977 0.00647335 0.00000000
v -0.02131959 0.00646723 0.00110348
v -0.02125894 0.00644883 0.00220696
v -0.02115746 0.00641805 0.00331043
v -0.02101457 0.00637470 0.00441391
v -0.02082942 0.00631854 0.00551739
v -0.02060086 0.00624920 0.00662087
v -0.02032743 0.00616626 0.00772435
v -0.02000729 0.00606915 0.00882783
v -0.01963816 0.00595717 0.00993130
v -0.01921722 0.00582948 0.01103478
v -0.01874097 0.00568501 0.01213826
v -0.01820507 0.00552245 0.01324174
v -0.01760407 0.00534014 0.01434522
v -0.01693105 0.00513598 0.01544870
v -0.01617703 0.00490725 0.01655217
v -0.01533004 0.00465032 0.01765565
v -0.01437366 0.00436020 0.01875913
v -0.01328430 0.00402975 0.01986261
v -0.01202587 0.00364801 0.02096609
v -0.01053796 0.00319666 0.02206957
v -0.00870369 0.00264023 0.02317304
v -0.00622398 0.00188802 0.02427652
v -0.00624765 0.00124273 -0.02972750
v -0.00874101 0.00173869 -0.02843500
v -0.01058850 0.00210618 -0.02714250
v -0.01208993 0.00240484 -0.02585000
v -0.01336247 0.00265796 -0.02455750
v -0.01446665 0.00287759 -0.02326500
v -0.01543862 0.00307093 -0.02197250
v -0.01630206 0.00324268 -0.02068000
v -0.01707344 0.00339612 -0.01938750
v -0.01776476 0.00353363 -0.01809500
v -0.01838505 0.00365701 -0.01680250
v -0.01894128 0.00376766 -0.01551000
v -0.01943897 0.00386665 -0.01421750
v -0.01988250 0.00395488 -0.01292500
v -0.02027543 0.00403303 -0.01163250
v -0.02062066 0.00410170 -0.01034000
v -0.02092054 0.00416135 -0.00904750
v -0.02117700 0.00421237 -0.00775500
v -0.02139160 0.00425505 -0.00646250
v -0.02156560 0.00428966 -0.00517000
v -0.02169997 0.00431639 -0.00387750
v -0.02179544 0.00433538 -0.00258500
v -0.02185252 0.00434674 -0.00129250
v -0.02187151 0.00435051 0.00000000
v -0.02185083 0.00434640 0.00110348
v -0.02178866 0.00433403 0.00220696
v -0.02168466 0.00431335 0.00331043
v -0.02153821 0.00428422 0.00441391
v -0.02134844 0.00424647 0.00551739
v -0.02111419 0.00419987 0.00662087
v -0.02083395 0.00414413 0.00772435
v -0.02050583 0.00407886 0.00882783
v -0.02012751 0.00400361 0.00993130
v -0.01969607 0.00391779 0.01103478
v -0.01920795 0.00382070 0.01213826
v -0.01865870 0.00371145 0.01324174
v -0.01804273 0.00358892 0.01434522
v -0.01735294 0.00345171 0.01544870
v -0.01658012 0.00329799 0.01655217
v -0.01571203 0.00312532 0.01765565
v -0.01473183 0.00293034 0.01875913
v -0.01361532 0.00270826 0.01986261
v -0.01232553 0.00245170 0.02096609
v -0.01080055 0.00214836 0.02206957
v -0.00892056 0.00177441 0.02317304
v -0.00637907 0.00126888 0.02427652
v -0.00633937 0.00062437 -0.02972750
v -0.00886934 0.00087355 -0.02843500
v -0.01074396 0.00105819 -0.02714250
v -0.01226743 0.00120824 -0.02585000
v -0.01355865 0.00133541 -0.02455750
v -0.01467904 0.00144576 -0.02326500
v -0.01566528 0.00154290 -0.02197250
v -0.01654140 0.00162919 -0.02068000
v -0.01732411 0.00170628 -0.01938750
v -0.01802557 0.00177536 -0.01809500
v -0.01865497 0.00183735 -0.01680250
v -0.01921937 0.00189294 -0.01551000
v -0.01972436 0.00194268 -0.01421750
v -0.02017441 0.00198701 -0.01292500
v -0.02057311 0.00202627 -0.01163250
v -0.02092340 0.00206078 -0.01034000
v -0.02122768 0.00209074 -0.00904750
v -0.02148791 0.00211637 -0.00775500
v -0.02170567 0.00213782 -0.00646250
v -0.02188222 0.00215521 -0.00517000
v -0.02201856 0.00216864 -0.00387750
v -0.02211543 0.00217818 -0.00258500
v -0.02217335 0.00218388 -0.00129250
v -0.02219262 0.00218578 0.00000000
v -0.02217163 0.00218372 0.00110348
v -0.02210856 0.00217750 0.00220696
v -0.02200303 0.00216711 0.00331043
v -0.02185443 0.00215247 0.00441391
v -0.02166187 0.00213351 0.00551739
v -0.02142418 0.00211010 0.00662087
v -0.02113982 0.00208209 0.00772435
v -0.02080689 0.00204930 0.00882783
v -0.02042301 0.00201149 0.00993130
v -0.01998524 0.00196837 0.01103478
v -0.01948995 0.00191959 0.01213826
v -0.01893264 0.00186470 0.01324174
v -0.01830762 0.00180314 0.01434522
v -0.01760771 0.00173421 0.01544870
v -0.01682355 0.00165697 0.01655217
v -0.01594271 0.00157022 0.01765565
v -0.01494811 0.00147226 0.01875913
v -0.01381522 0.00136068 0.01986261
v -0.01250649 0.00123178 0.02096609
v -0.01095912 0.00107938 0.02206957
v -0.00905153 0.00089150 0.02317304
v -0.00647272 0.00063751 0.02427652
v -0.00637005 0.00000000 -0.02972750
v -0.00891225 0.00000000 -0.02843500
v -0.01079594 0.00000000 -0.02714250
v -0.01232679 0.00000000 -0.02585000
v -0.01362426 0.00000000 -0.02455750
v -0.01475006 0.00000000 -0.02326500
v -0.01574108 0.00000000 -0.02197250
v -0.01662144 0.00000000 -0.02068000
v -0.01740793 0.00000000 -0.01938750
v -0.01811279 0.00000000 -0.01809500
v -0.01874523 0.00000000 -0.01680250
v -0.01931237 0.00000000 -0.01551000
v -0.01981980 0.00000000 -0.01421750
v -0.02027202 0.00000000 -0.01292500
v -0.02067265 0.00000000 -0.01163250
v -0.02102464 0.00000000 -0.01034000
v -0.02133040 0.00000000 -0.00904750
v -0.02159188 0.00000000 -0.00775500
v -0.02181069 0.00000000 -0.00646250
v -0.02198810 0.00000000 -0.00517000
v -0.02212510 0.00000000 -0.00387750
v -0.02222243 0.00000000 -0.00258500
v -0.02228063 0.00000000 -0.00129250
v -0.02230000 0.00000000 0.00000000
v -0.02227891 0.00000000 0.00110348
v -0.02221553 0.00000000 0.00220696
v -0.02210949 0.00000000 0.00331043
v -0.02196017 0.00000000 0.00441391
v -0.02176669 0.00000000 0.00551739
v -0.02152784 0.00000000 0.00662087
v -0.02124211 0.00000000 0.00772435
v -0.02090757 0.00000000 0.00882783
v -0.02052183 0.00000000 0.00993130
v -0.02008194 0.00000000 0.01103478
v -0.01958426 0.00000000 0.01213826
v -0.01902424 0.00000000 0.01324174
v -0.01839621 0.00000000 0.01434522
v -0.01769290 0.00000000 0.01544870
v -0.01690495 0.00000000 0.01655217
v -0.01601985 0.00000000 0.01765565
v -0.01502044 0.00000000 0.01875913
v -0.01388206 0.00000000 0.01986261
v -0.01256700 0.00000000 0.02096609
v -0.01101214 0.00000000 0.02206957
v -0.00909533 0.00000000 0.02317304
v -0.00650404 0.00000000 0.02427652
v -0.00633937 -0.00062437 -0.02972750
v -0.00886934 -0.00087355 -0.02843500
v -0.01074396 -0.00105819 -0.02714250
v -0.01226743 -0.00120824 -0.02585000
v -0.01355865 -0.00133541 -0.02455750
v -0.01467904 -0.00144576 -0.02326500
v -0.01566528 -0.00154290 -0.02197250
v -0.01654140 -0.00162919 -0.02068000
v -0.01732411 -0.00170628 -0.01938750
v -0.01802557 -0.00177536 -0.01809500
v -0.01865497 -0.00183735 -0.01680250
v -0.01921937 -0.00189294 -0.01551000
v -0.01972436 -0.00194268 -0.01421750
v -0.02017441 -0.00198701 -0.01292500
v -0.02057311 -0.00202627 -0.01163250
v -0.02092340 -0.00206078 -0.01034000
v -0.02122768 -0.00209074 -0.00904750
v -0.02148791 -0.00211637 -0.00775500
v -0.02170567 -0.00213782 -0.00646250
v -0.02188222 -0.00215521 -0.00517000
v -0.02201856 -0.00216864 -0.00387750
v -0.02211543 -0.00217818 -0.00258500
v -0.02217335 -0.00218388 -0.00129250
v -0.02219262 -0.00218578 0.00000000
v -0.02217163 -0.00218372 0.00110348
v -0.02210856 -0.00217750 0.00220696
v -0.02200303 -0.00216711 0.00331043
v -0.02185443 -0.00215247 0.00441391
v -0.02166187 -0.00213351 0.00551739
v -0.02142418 -0.00211010 0.00662087
v -0.02113982 -0.00208209 0.00772435
v -0.02080689 -0.00204930 0.00882783
v -0.02042301 -0.00201149 0.00993130
v -0.01998524 -0.00196837 0.01103478
v -0.01948995 -0.00191959 0.01213826
v -0.01893264 -0.00186470 0.01324174
v -0.01830762 -0.00180314 0.01434522
v -0.01760771 -0.00173421 0.01544870
v -0.01682355 -0.00165697 0.01655217
v -0.01594271 -0.00157022 0.01765565
v -0.01494811 -0.00147226 0.01875913
v -0.01381522 -0.00136068 0.01986261
v -0.01250649 -0.00123178 0.02096609
v -0.01095912 -0.00107938 0.02206957
v -0.00905153 -0.00089150 0.02317304
v -0.00647272 -0.00063751 0.02427652
v -0.00624765 -0.00124273 -0.02972750
v -0.00874101 -0.00173869 -0.02843500
v -0.01058850 -0.00210618 -0.02714250
v -0.01208993 -0.00240484 -0.02585000
v -0.01336247 -0.00265796 -0.02455750
v -0.01446665 -0.00287759 -0.02326500
v -0.01543862 -0.00307093 -0.02197250
v -0.01630206 -0.00324268 -0.02068000
v -0.01707344 -0.00339612 -0.01938750
v -0.01776476 -0.00353363 -0.01809500
v -0.01838505 -0.00365701 -0.01680250
v -0.01894128 -0.00376766 -0.01551000
v -0.01943897 -0.00386665 -0.01421750
v -0.01988250 -0.00395488 -0.01292500
v -0.02027543 -0.00403303 -0.01163250
v -0.02062066 -0.00410170 -0.01034000
v -0.02092054 -0.00416135 -0.00904750
v -0.02117700 -0.00421237 -0.00775500
v -0.02139160 -0.00425505 -0.00646250
v -0.02156560 -0.00428966 -0.00517000
v -0.02169997 -0.00431639 -0.00387750
v -0.02179544 -0.00433538 -0.00258500
v -0.02185252 -0.00434674 -0.00129250
v -0.02187151 -0.00435051 0.00000000
v -0.02185083 -0.00434640 0.00110348
v -0.02178866 -0.00433403 0.00220696
v -0.02168466 -0.00431335 0.00331043
v -0.02153821 -0.00428422 0.00441391
v -0.02134844 -0.00424647 0.00551739
v -0.02111419 -0.00419987 0.00662087
v -0.02083395 -0.00414413 0.00772435
v -0.02050583 -0.00407886 0.00882783
v -0.02012751 -0.00400361 0.00993130
v -0.01969607 -0.00391779 0.01103478
v -0.01920795 -0.00382070 0.01213826
v -0.01865870 -0.00371145 0.01324174
v -0.01804273 -0.00358892 0.01434522
v -0.01735294 -0.00345171 0.01544870
v -0.01658012 -0.00329799 0.01655217
v -0.01571203 -0.00312532 0.01765565
v -0.01473183 -0.00293034 0.01875913
v -0.01361532 -0.00270826 0.01986261
v -0.01232553 -0.00245170 0.02096609
v -0.01080055 -0.00214836 0.02206957
v -0.00892056 -0.00177441 0.02317304
v -0.00637907 -0.00126888 0.02427652
v -0.00609575 -0.00184913 -0.02972750
v -0.00852849 -0.00258709 -0.02843500
v -0.01033107 -0.00313390 -0.02714250
v -0.01179600 -0.00357828 -0.02585000
v -0.01303760 -0.00395491 -0.02455750
v -0.01411493 -0.00428172 -0.02326500
v -0.01506328 -0.00456939 -0.02197250
v -0.01590573 -0.00482495 -0.02068000
v -0.01665835 -0.00505326 -0.01938750
v -0.01733286 -0.00525787 -0.01809500
v -0.01793807 -0.00544145 -0.01680250
v -0.01848078 -0.00560608 -0.01551000
v -0.01896637 -0.00575338 -0.01421750
v -0.01939912 -0.00588466 -0.01292500
v -0.01978250 -0.00600095 -0.01163250
v -0.02011933 -0.00610313 -0.01034000
v -0.02041192 -0.00619189 -0.00904750
v -0.02066214 -0.00626779 -0.00775500
v -0.02087153 -0.00633131 -0.00646250
v -0.02104130 -0.00638281 -0.00517000
v -0.02117240 -0.00642258 -0.00387750
v -0.02126554 -0.00645083 -0.00258500
v -0.02132124 -0.00646773 -0.00129250
v -0.02133977 -0.00647335 0.00000000
v -0.02131959 -0.00646723 0.00110348
v -0.02125894 -0.00644883 0.00220696
v -0.02115746 -0.00641805 0.00331043
v -0.02101457 -0.00637470 0.00441391
v -0.02082942 -0.00631854 0.00551739
v -0.02060086 -0.00624920 0.00662087
v -0.02032743 -0.00616626 0.00772435
v -0.02000729 -0.00606915 0.00882783
v -0.01963816 -0.00595717 0.00993130
v -0.01921722 -0.00582948 0.01103478
v -0.01874097 -0.00568501 0.01213826
v -0.01820507 -0.00552245 0.01324174
v -0.01760407 -0.00534014 0.01434522
v -0.01693105 -0.00513598 0.01544870
v -0.01617703 -0.00490725 0.01655217
v -0.01533004 -0.00465032 0.01765565
v -0.01437366 -0.00436020 0.01875913
v -0.01328430 -0.00402975 0.01986261
v -0.01202587 -0.00364801 0.02096609
v -0.01053796 -0.00319666 0.02206957
v -0.00870369 -0.00264023 0.02317304
v -0.00622398 -0.00188802 0.02427652
v -0.00588515 -0.00243771 -0.02972750
v -0.00823385 -0.00341057 -0.02843500
v -0.00997415 -0.00413143 -0.02714250
v -0.01138847 -0.00471726 -0.02585000
v -0.01258717 -0.00521378 -0.02455750
v -0.01362728 -0.00564460 -0.02326500
v -0.01454286 -0.00602385 -0.02197250
v -0.01535621 -0.00636075 -0.02068000
v -0.01608283 -0.00666173 -0.01938750
v -0.01673404 -0.00693147 -0.01809500
v -0.01731834 -0.00717349 -0.01680250
v -0.01784230 -0.00739052 -0.01551000
v -0.01831111 -0.00758471 -0.01421750
v -0.01872891 -0.00775777 -0.01292500
v -0.01909904 -0.00791108 -0.01163250
v -0.01942424 -0.00804578 -0.01034000
v -0.01970672 -0.00816279 -0.00904750
v -0.01994830 -0.00826286 -0.00775500
v -0.02015045 -0.00834659 -0.00646250
v -0.02031435 -0.00841448 -0.00517000
v -0.02044092 -0.00846691 -0.00387750
v -0.02053085 -0.00850416 -0.00258500
v -0.02058462 -0.00852643 -0.00129250
v -0.02060251 -0.00853384 0.00000000
v -0.02058303 -0.00852577 0.00110348
v -0.02052447 -0.00850152 0.00220696
v -0.02042650 -0.00846094 0.00331043
v -0.02028855 -0.00840379 0.00441391
v -0.02010979 -0.00832975 0.00551739
v -0.01988913 -0.00823835 0.00662087
v -0.01962515 -0.00812900 0.00772435
v -0.01931607 -0.00800098 0.00882783
v -0.01895970 -0.00785336 0.00993130
v -0.01855329 -0.00768503 0.01103478
v -0.01809349 -0.00749457 0.01213826
v -0.01757611 -0.00728026 0.01324174
v -0.01699588 -0.00703992 0.01434522
v -0.01634611 -0.00677078 0.01544870
v -0.01561813 -0.00646924 0.01655217
v -0.01480041 -0.00613053 0.01765565
v -0.01387708 -0.00574807 0.01875913
v -0.01282535 -0.00531243 0.01986261
v -0.01161040 -0.00480918 0.02096609
v -0.01017389 -0.00421417 0.02206957
v -0.00840299 -0.00348063 0.02317304
v -0.00600895 -0.00248899 0.02427652
v -0.00561788 -0.00300282 -0.02972750
v -0.00785991 -0.00420121 -0.02843500
v -0.00952117 -0.00508917 -0.02714250
v -0.01087126 -0.00581081 -0.02585000
v -0.01201552 -0.00642243 -0.02455750
v -0.01300839 -0.00695313 -0.02326500
v -0.01388239 -0.00742029 -0.02197250
v -0.01465880 -0.00783529 -0.02068000
v -0.01535243 -0.00820604 -0.01938750
v -0.01597406 -0.00853831 -0.01809500
v -0.01653182 -0.00883644 -0.01680250
v -0.01703199 -0.00910379 -0.01551000
v -0.01747951 -0.00934299 -0.01421750
v -0.01787833 -0.00955617 -0.01292500
v -0.01823165 -0.00974502 -0.01163250
v -0.01854208 -0.00991095 -0.01034000
v -0.01881173 -0.01005508 -0.00904750
v -0.01904234 -0.01017834 -0.00775500
v -0.01923531 -0.01028149 -0.00646250
v -0.01939177 -0.01036512 -0.00517000
v -0.01951259 -0.01042970 -0.00387750
v -0.01959844 -0.01047558 -0.00258500
v -0.01964976 -0.01050302 -0.00129250
v -0.01966684 -0.01051215 0.00000000
v -0.01964825 -0.01050221 0.00110348
v -0.01959235 -0.01047233 0.00220696
v -0.01949883 -0.01042234 0.00331043
v -0.01936714 -0.01035195 0.00441391
v -0.01919650 -0.01026074 0.00551739
v -0.01898586 -0.01014815 0.00662087
v -0.01873387 -0.01001346 0.00772435
v -0.01843883 -0.00985576 0.00882783
v -0.01809864 -0.00967392 0.00993130
v -0.01771069 -0.00946656 0.01103478
v -0.01727177 -0.00923196 0.01213826
v -0.01677788 -0.00896797 0.01324174
v -0.01622401 -0.00867191 0.01434522
v -0.01560375 -0.00834038 0.01544870
v -0.01490883 -0.00796894 0.01655217
v -0.01412824 -0.00755170 0.01765565
v -0.01324685 -0.00708059 0.01875913
v -0.01224289 -0.00654396 0.01986261
v -0.01108311 -0.00592404 0.02096609
v -0.00971184 -0.00519109 0.02206957
v -0.00802136 -0.00428751 0.02317304
v -0.00573605 -0.00306598 0.02427652
v -0.00529650 -0.00353901 -0.02972750
v -0.00741027 -0.00495138 -0.02843500
v -0.00897650 -0.00599790 -0.02714250
v -0.01024935 -0.00684840 -0.02585000
v -0.01132816 -0.00756923 -0.02455750
v -0.01226423 -0.00819470 -0.02326500
v -0.01308823 -0.00874528 -0.02197250
v -0.01382022 -0.00923438 -0.02068000
v -0.01447417 -0.00967133 -0.01938750
v -0.01506024 -0.01006293 -0.01809500
v -0.01558609 -0.01041429 -0.01680250
v -0.01605765 -0.01072938 -0.01551000
v -0.01647956 -0.01101129 -0.01421750
v -0.01685557 -0.01126253 -0.01292500
v -0.01718868 -0.01148511 -0.01163250
v -0.01748135 -0.01168067 -0.01034000
v -0.01773558 -0.01185053 -0.00904750
v -0.01795299 -0.01199581 -0.00775500
v -0.01813493 -0.01211737 -0.00646250
v -0.01828243 -0.01221593 -0.00517000
v -0.01839634 -0.01229204 -0.00387750
v -0.01847728 -0.01234612 -0.00258500
v -0.01852567 -0.01237846 -0.00129250
v -0.01854177 -0.01238922 0.00000000
v -0.01852424 -0.01237750 0.00110348
v -0.01847154 -0.01234229 0.00220696
v -0.01838337 -0.01228337 0.00331043
v -0.01825921 -0.01220042 0.00441391
v -0.01809834 -0.01209292 0.00551739
v -0.01789975 -0.01196023 0.00662087
v -0.01766217 -0.01180148 0.00772435
v -0.01738401 -0.01161562 0.00882783
v -0.01706328 -0.01140132 0.00993130
v -0.01669752 -0.01115693 0.01103478
v -0.01628371 -0.01088043 0.01213826
v -0.01581808 -0.01056930 0.01324174
v -0.01529589 -0.01022038 0.01434522
v -0.01471111 -0.00982965 0.01544870
v -0.01405595 -0.00939189 0.01655217
v -0.01332002 -0.00890015 0.01765565
v -0.01248904 -0.00834491 0.01875913
v -0.01154251 -0.00771246 0.01986261
v -0.01044908 -0.00698185 0.02096609
v -0.00915626 -0.00611802 0.02206957
v -0.00756249 -0.00505309 0.02317304
v -0.00540791 -0.00361345 0.02427652
v -0.00492411 -0.00404111 -0.02972750
v -0.00688927 -0.00565387 -0.02843500
v -0.00834538 -0.00684887 -0.02714250
v -0.00952874 -0.00782003 -0.02585000
v -0.01053169 -0.00864314 -0.02455750
v -0.01140195 -0.00935734 -0.02326500
v -0.01216802 -0.00998604 -0.02197250
v -0.01284855 -0.01054453 -0.02068000
v -0.01345651 -0.01104348 -0.01938750
v -0.01400138 -0.01149063 -0.01809500
v -0.01449026 -0.01189185 -0.01680250
v -0.01492866 -0.01225164 -0.01551000
v -0.01532091 -0.01257355 -0.01421750
v -0.01567049 -0.01286044 -0.01292500
v -0.01598018 -0.01311459 -0.01163250
v -0.01625227 -0.01333789 -0.01034000
v -0.01648862 -0.01353186 -0.00904750
v -0.01669075 -0.01369775 -0.00775500
v -0.01685989 -0.01383656 -0.00646250
v -0.01699703 -0.01394910 -0.00517000
v -0.01710293 -0.01403601 -0.00387750
v -0.01717817 -0.01409776 -0.00258500
v -0.01722316 -0.01413468 -0.00129250
v -0.01723813 -0.01414697 0.00000000
v -0.01722183 -0.01413359 0.00110348
v -0.01717284 -0.01409338 0.00220696
v -0.01709087 -0.01402611 0.00331043
v -0.01697544 -0.01393138 0.00441391
v -0.01682588 -0.01380864 0.00551739
v -0.01664125 -0.01365712 0.00662087
v -0.01642037 -0.01347585 0.00772435
v -0.01616177 -0.01326362 0.00882783
v -0.01586359 -0.01301891 0.00993130
v -0.01552355 -0.01273985 0.01103478
v -0.01513884 -0.01242412 0.01213826
v -0.01470594 -0.01206885 0.01324174
v -0.01422046 -0.01167043 0.01434522
v -0.01367680 -0.01122426 0.01544870
v -0.01306770 -0.01072438 0.01655217
v -0.01238351 -0.01016288 0.01765565
v -0.01161096 -0.00952887 0.01875913
v -0.01073098 -0.00880669 0.01986261
v -0.00971442 -0.00797242 0.02096609
v -0.00851250 -0.00698603 0.02206957
v -0.00703078 -0.00577001 0.02317304
v -0.00502769 -0.00412612 0.02427652
v -0.00450430 -0.00450430 -0.02972750
v -0.00630191 -0.00630191 -0.02843500
v -0.00763388 -0.00763388 -0.02714250
v -0.00871636 -0.00871636 -0.02585000
v -0.00963381 -0.00963381 -0.02455750
v -0.01042987 -0.01042987 -0.02326500
v -0.01113063 -0.01113063 -0.02197250
v -0.01175313 -0.01175313 -0.02068000
v -0.01230927 -0.01230927 -0.01938750
v -0.01280768 -0.01280768 -0.01809500
v -0.01325488 -0.01325488 -0.01680250
v -0.01365591 -0.01365591 -0.01551000
v -0.01401472 -0.01401472 -0.01421750
v -0.01433449 -0.01433449 -0.01292500
v -0.01461777 -0.01461777 -0.01163250
v -0.01486667 -0.01486667 -0.01034000
v -0.01508287 -0.01508287 -0.00904750
v -0.01526777 -0.01526777 -0.00775500
v -0.01542249 -0.01542249 -0.00646250
v -0.01554793 -0.01554793 -0.00517000
v -0.01564480 -0.01564480 -0.00387750
v -0.01571363 -0.01571363 -0.00258500
v -0.01575479 -0.01575479 -0.00129250
v -0.01576848 -0.01576848 0.00000000
v -0.01575357 -0.01575357 0.00110348
v -0.01570875 -0.01570875 0.00220696
v -0.01563377 -0.01563377 0.00331043
v -0.01552819 -0.01552819 0.00441391
v -0.01539137 -0.01539137 0.00551739
v -0.01522248 -0.01522248 0.00662087
v -0.01502044 -0.01502044 0.00772435
v -0.01478388 -0.01478388 0.00882783
v -0.01451112 -0.01451112 0.00993130
v -0.01420008 -0.01420008 0.01103478
v -0.01384816 -0.01384816 0.01213826
v -0.01345217 -0.01345217 0.01324174
v -0.01300808 -0.01300808 0.01434522
v -0.01251077 -0.01251077 0.01544870
v -0.01195360 -0.01195360 0.01655217
v -0.01132774 -0.01132774 0.01765565
v -0.01062105 -0.01062105 0.01875913
v -0.00981610 -0.00981610 0.01986261
v -0.00888621 -0.00888621 0.02096609
v -0.00778676 -0.00778676 0.02206957
v -0.00643137 -0.00643137 0.02317304
v -0.00459905 -0.00459905 0.02427652
v -0.00404111 -0.00492411 -0.02972750
v -0.00565387 -0.00688927 -0.02843500
v -0.00684887 -0.00834538 -0.02714250
v -0.00782003 -0.00952874 -0.02585000
v -0.00864314 -0.01053169 -0.02455750
v -0.00935734 -0.01140195 -0.02326500
v -0.00998604 -0.01216802 -0.02197250
v -0.01054453 -0.01284855 -0.02068000
v -0.01104348 -0.01345651 -0.01938750
v -0.01149063 -0.01400138 -0.01809500
v -0.01189185 -0.01449026 -0.01680250
v -0.01225164 -0.01492866 -0.01551000
v -0.01257355 -0.01532091 -0.01421750
v -0.01286044 -0.01567049 -0.01292500
v -0.01311459 -0.01598018 -0.01163250
v -0.01333789 -0.01625227 -0.01034000
v -0.01353186 -0.01648862 -0.00904750
v -0.01369775 -0.01669075 -0.00775500
v -0.01383656 -0.01685989 -0.00646250
v -0.01394910 -0.01699703 -0.00517000
v -0.01403601 -0.01710293 -0.00387750
v -0.01409776 -0.01717817 -0.00258500
v -0.01413468 -0.01722316 -0.00129250
v -0.01414697 -0.01723813 0.00000000
v -0.01413359 -0.01722183 0.00110348
v -0.01409338 -0.01717284 0.00220696
v -0.01402611 -0.01709087 0.00331043
v -0.01393138 -0.01697544 0.00441391
v -0.01380864 -0.01682588 0.00551739
v -0.01365712 -0.01664125 0.00662087
v -0.01347585 -0.01642037 0.00772435
v -0.01326362 -0.01616177 0.00882783
v -0.01301891 -0.01586359 0.00993130
v -0.01273985 -0.01552355 0.01103478
v -0.01242412 -0.01513884 0.01213826
v -0.01206885 -0.01470594 0.01324174
v -0.01167043 -0.01422046 0.01434522
v -0.01122426 -0.01367680 0.01544870
v -0.01072438 -0.01306770 0.01655217
v -0.01016288 -0.01238351 0.01765565
v -0.00952887 -0.01161096 0.01875913
v -0.00880669 -0.01073098 0.01986261
v -0.00797242 -0.00971442 0.02096609
v -0.00698603 -0.00851250 0.02206957
v -0.00577001 -0.00703078 0.02317304
v -0.00412612 -0.00502769 0.02427652
v -0.00353901 -0.00529650 -0.02972750
v -0.00495138 -0.00741027 -0.02843500
v -0.00599790 -0.00897650 -0.02714250
v -0.00684840 -0.01024935 -0.02585000
v -0.00756923 -0.01132816 -0.02455750
v -0.00819470 -0.01226423 -0.02326500
v -0.00874528 -0.01308823 -0.02197250
v -0.00923438 -0.01382022 -0.02068000
v -0.00967133 -0.01447417 -0.01938750
v -0.01006293 -0.01506024 -0.01809500
v -0.01041429 -0.01558609 -0.01680250
v -0.01072938 -0.01605765 -0.01551000
v -0.01101129 -0.01647956 -0.01421750
v -0.01126253 -0.01685557 -0.01292500
v -0.01148511 -0.01718868 -0.01163250
v -0.01168067 -0.01748135 -0.01034000
v -0.01185053 -0.01773558 -0.00904750
v -0.01199581 -0.01795299 -0.00775500
v -0.01211737 -0.01813493 -0.00646250
v -0.01221593 -0.01828243 -0.00517000
v -0.01229204 -0.01839634 -0.00387750
v -0.01234612 -0.01847728 -0.00258500
v -0.01237846 -0.01852567 -0.00129250
v -0.01238922 -0.01854177 0.00000000
v -0.01237750 -0.01852424 0.00110348
v -0.01234229 -0.01847154 0.00220696
v -0.01228337 -0.01838337 0.00331043
v -0.01220042 -0.01825921 0.00441391
v -0.01209292 -0.01809834 0.00551739
v -0.01196023 -0.01789975 0.00662087
v -0.01180148 -0.01766217 0.00772435
v -0.01161562 -0.01738401 0.00882783
v -0.01140132 -0.01706328 0.00993130
v -0.01115693 -0.01669752 0.01103478
v -0.01088043 -0.01628371 0.01213826
v -0.01056930 -0.01581808 0.01324174
v -0.01022038 -0.01529589 0.01434522
v -0.00982965 -0.01471111 0.01544870
v -0.00939189 -0.01405595 0.01655217
v -0.00890015 -0.01332002 0.01765565
v -0.00834491 -0.01248904 0.01875913
v -0.00771246 -0.01154251 0.01986261
v -0.00698185 -0.01044908 0.02096609
v -0.00611802 -0.00915626 0.02206957
v -0.00505309 -0.00756249 0.02317304
v -0.00361345 -0.00540791 0.02427652
v -0.00300282 -0.00561788 -0.02972750
v -0.00420121 -0.00785991 -0.02843500
v -0.00508917 -0.00952117 -0.02714250
v -0.00581081 -0.01087126 -0.02585000
v -0.00642243 -0.01201552 -0.02455750
v -0.00695313 -0.01300839 -0.02326500
v -0.00742029 -0.01388239 -0.02197250
v -0.00783529 -0.01465880 -0.02068000
v -0.00820604 -0.01535243 -0.01938750
v -0.00853831 -0.01597406 -0.01809500
v -0.00883644 -0.01653182 -0.01680250
v -0.00910379 -0.01703199 -0.01551000
v -0.00934299 -0.01747951 -0.01421750
v -0.00955617 -0.01787833 -0.01292500
v -0.00974502 -0.01823165 -0.01163250
v -0.00991095 -0.01854208 -0.01034000
v -0.01005508 -0.01881173 -0.00904750
v -0.01017834 -0.01904234 -0.00775500
v -0.01028149 -0.01923531 -0.00646250
v -0.01036512 -0.01939177 -0.00517000
v -0.01042970 -0.01951259 -0.00387750
v -0.01047558 -0.01959844 -0.00258500
v -0.01050302 -0.01964976 -0.00129250
v -0.01051215 -0.01966684 0.00000000
v -0.01050221 -0.01964825 0.00110348
v -0.01047233 -0.01959235 0.00220696
v -0.01042234 -0.01949883 0.00331043
v -0.01035195 -0.01936714 0.00441391
v -0.01026074 -0.01919650 0.00551739
v -0.01014815 -0.01898586 0.00662087
v -0.01001346 -0.01873387 0.00772435
v -0.00985576 -0.01843883 0.00882783
v -0.00967392 -0.01809864 0.00993130
v -0.00946656 -0.01771069 0.01103478
v -0.00923196 -0.01727177 0.01213826
v -0.00896797 -0.01677788 0.01324174
v -0.00867191 -0.01622401 0.01434522
v -0.00834038 -0.01560375 0.01544870
v -0.00796894 -0.01490883 0.01655217
v -0.00755170 -0.01412824 0.01765565
v -0.00708059 -0.01324685 0.01875913
v -0.00654396 -0.01224289 0.01986261
v -0.00592404 -0.01108311 0.02096609
v -0.00519109 -0.00971184 0.02206957
v -0.00428751 -0.00802136 0.02317304
v -0.00306598 -0.00573605 0.02427652
v -0.00243771 -0.00588515 -0.02972750
v -0.00341057 -0.00823385 -0.02843500
v -0.00413143 -0.00997415 -0.02714250
v -0.00471726 -0.01138847 -0.02585000
v -0.00521378 -0.01258717 -0.02455750
v -0.00564460 -0.01362728 -0.02326500
v -0.00602385 -0.01454286 -0.02197250
v -0.00636075 -0.01535621 -0.02068000
v -0.00666173 -0.01608283 -0.01938750
v -0.00693147 -0.01673404 -0.01809500
v -0.00717349 -0.01731834 -0.01680250
v -0.00739052 -0.01784230 -0.01551000
v -0.00758471 -0.01831111 -0.01421750
v -0.00775777 -0.01872891 -0.01292500
v -0.00791108 -0.01909904 -0.01163250
v -0.00804578 -0.01942424 -0.01034000
v -0.00816279 -0.01970672 -0.00904750
v -0.00826286 -0.01994830 -0.00775500
v -0.00834659 -0.02015045 -0.00646250
v -0.00841448 -0.02031435 -0.00517000
v -0.00846691 -0.02044092 -0.00387750
v -0.00850416 -0.02053085 -0.00258500
v -0.00852643 -0.02058462 -0.00129250
v -0.00853384 -0.02060251 0.00000000
v -0.00852577 -0.02058303 0.00110348
v -0.00850152 -0.02052447 0.00220696
v -0.00846094 -0.02042650 0.00331043
v -0.00840379 -0.02028855 0.00441391
v -0.00832975 -0.02010979 0.00551739
v -0.00823835 -0.01988913 0.00662087
v -0.00812900 -0.01962515 0.00772435
v -0.00800098 -0.01931607 0.00882783
v -0.00785336 -0.01895970 0.00993130
v -0.00768503 -0.01855329 0.01103478
v -0.00749457 -0.01809349 0.01213826
v -0.00728026 -0.01757611 0.01324174
v -0.00703992 -0.01699588 0.01434522
v -0.00677078 -0.01634611 0.01544870
v -0.00646924 -0.01561813 0.01655217
v -0.00613053 -0.01480041 0.01765565
v -0.00574807 -0.01387708 0.01875913
v -0.00531243 -0.01282535 0.01986261
v -0.00480918 -0.01161040 0.02096609
v -0.00421417 -0.01017389 0.02206957
v -0.00348063 -0.00840299 0.02317304
v -0.00248899 -0.00600895 0.02427652
v -0.00184913 -0.00609575 -0.02972750
v -0.00258709 -0.00852849 -0.02843500
v -0.00313390 -0.01033107 -0.02714250
v -0.00357828 -0.01179600 -0.02585000
v -0.00395491 -0.01303760 -0.02455750
v -0.00428172 -0.01411493 -0.02326500
v -0.00456939 -0.01506328 -0.02197250
v -0.00482495 -0.01590573 -0.02068000
v -0.00505326 -0.01665835 -0.01938750
v -0.00525787 -0.01733286 -0.01809500
v -0.00544145 -0.01793807 -0.01680250
v -0.00560608 -0.01848078 -0.01551000
v -0.00575338 -0.01896637 -0.01421750
v -0.00588466 -0.01939912 -0.01292500
v -0.00600095 -0.01978250 -0.01163250
v -0.00610313 -0.02011933 -0.01034000
v -0.00619189 -0.02041192 -0.00904750
v -0.00626779 -0.02066214 -0.00775500
v -0.00633131 -0.02087153 -0.00646250
v -0.00638281 -0.02104130 -0.00517000
v -0.00642258 -0.02117240 -0.00387750
v -0.00645083 -0.02126554 -0.00258500
v -0.00646773 -0.02132124 -0.00129250
v -0.00647335 -0.02133977 0.00000000
v -0.00646723 -0.02131959 0.00110348
v -0.00644883 -0.02125894 0.00220696
v -0.00641805 -0.02115746 0.00331043
v -0.00637470 -0.02101457 0.00441391
v -0.00631854 -0.02082942 0.00551739
v -0.00624920 -0.02060086 0.00662087
v -0.00616626 -0.02032743 0.00772435
v -0.00606915 -0.02000729 0.00882783
v -0.00595717 -0.01963816 0.00993130
v -0.00582948 -0.01921722 0.01103478
v -0.00568501 -0.01874097 0.01213826
v -0.00552245 -0.01820507 0.01324174
v -0.00534014 -0.01760407 0.01434522
v -0.00513598 -0.01693105 0.01544870
v -0.00490725 -0.01617703 0.01655217
v -0.00465032 -0.01533004 0.01765565
v -0.00436020 -0.01437366 0.01875913
v -0.00402975 -0.01328430 0.01986261
v -0.00364801 -0.01202587 0.02096609
v -0.00319666 -0.01053796 0.02206957
v -0.00264023 -0.00870369 0.02317304
v -0.00188802 -0.00622398 0.02427652
v -0.00124273 -0.00624765 -0.02972750
v -0.00173869 -0.00874101 -0.02843500
v -0.00210618 -0.01058850 -0.02714250
v -0.00240484 -0.01208993 -0.02585000
v -0.00265796 -0.01336247 -0.02455750
v -0.00287759 -0.01446665 -0.02326500
v -0.00307093 -0.01543862 -0.02197250
v -0.00324268 -0.01630206 -0.02068000
v -0.00339612 -0.01707344 -0.01938750
v -0.00353363 -0.01776476 -0.01809500
v -0.00365701 -0.01838505 -0.01680250
v -0.00376766 -0.01894128 -0.01551000
v -0.00386665 -0.01943897 -0.01421750
v -0.00395488 -0.01988250 -0.01292500
v -0.00403303 -0.02027543 -0.01163250
v -0.00410170 -0.02062066 -0.01034000
v -0.00416135 -0.02092054 -0.00904750
v -0.00421237 -0.02117700 -0.00775500
v -0.00425505 -0.02139160 -0.00646250
v -0.00428966 -0.02156560 -0.00517000
v -0.00431639 -0.02169997 -0.00387750
v -0.00433538 -0.02179544 -0.00258500
v -0.00434674 -0.02185252 -0.00129250
v -0.00435051 -0.02187151 0.00000000
v -0.00434640 -0.02185083 0.00110348
v -0.00433403 -0.02178866 0.00220696
v -0.00431335 -0.02168466 0.00331043
v -0.00428422 -0.02153821 0.00441391
v -0.00424647 -0.02134844 0.00551739
v -0.00419987 -0.02111419 0.00662087
v -0.00414413 -0.02083395 0.00772435
v -0.00407886 -0.02050583 0.00882783
v -0.00400361 -0.02012751 0.00993130
v -0.00391779 -0.01969607 0.01103478
v -0.00382070 -0.01920795 0.01213826
v -0.00371145 -0.01865870 0.01324174
v -0.00358892 -0.01804273 0.01434522
v -0.00345171 -0.01735294 0.01544870
v -0.00329799 -0.01658012 0.01655217
v -0.00312532 -0.01571203 0.01765565
v -0.00293034 -0.01473183 0.01875913
v -0.00270826 -0.01361532 0.01986261
v -0.00245170 -0.01232553 0.02096609
v -0.00214836 -0.01080055 0.02206957
v -0.00177441 -0.00892056 0.02317304
v -0.00126888 -0.00637907 0.02427652
v -0.00062437 -0.00633937 -0.02972750
v -0.00087355 -0.00886934 -0.02843500
v -0.00105819 -0.01074396 -0.02714250
v -0.00120824 -0.01226743 -0.02585000
v -0.00133541 -0.01355865 -0.02455750
v -0.00144576 -0.01467904 -0.02326500
v -0.00154290 -0.01566528 -0.02197250
v -0.00162919 -0.01654140 -0.02068000
v -0.00170628 -0.01732411 -0.01938750
v -0.00177536 -0.01802557 -0.01809500
v -0.00183735 -0.01865497 -0.01680250
v -0.00189294 -0.01921937 -0.01551000
v -0.00194268 -0.01972436 -0.01421750
v -0.00198701 -0.02017441 -0.01292500
v -0.00202627 -0.02057311 -0.01163250
v -0.00206078 -0.02092340 -0.01034000
v -0.00209074 -0.02122768 -0.00904750
v -0.00211637 -0.02148791 -0.00775500
v -0.00213782 -0.02170567 -0.00646250
v -0.00215521 -0.02188222 -0.00517000
v -0.00216864 -0.02201856 -0.00387750
v -0.00217818 -0.02211543 -0.00258500
v -0.00218388 -0.02217335 -0.00129250
v -0.00218578 -0.02219262 0.00000000
v -0.00218372 -0.02217163 0.00110348
v -0.00217750 -0.02210856 0.00220696
v -0.00216711 -0.02200303 0.00331043
v -0.00215247 -0.02185443 0.00441391
v -0.00213351 -0.02166187 0.00551739
v -0.00211010 -0.02142418 0.00662087
v -0.00208209 -0.02113982 0.00772435
v -0.00204930 -0.02080689 0.00882783
v -0.00201149 -0.02042301 0.00993130
v -0.00196837 -0.01998524 0.01103478
v -0.00191959 -0.01948995 0.01213826
v -0.00186470 -0.01893264 0.01324174
v -0.00180314 -0.01830762 0.01434522
v -0.00173421 -0.01760771 0.01544870
v -0.00165697 -0.01682355 0.01655217
v -0.00157022 -0.01594271 0.01765565
v -0.00147226 -0.01494811 0.01875913
v -0.00136068 -0.01381522 0.01986261
v -0.00123178 -0.01250649 0.02096609
v -0.00107938 -0.01095912 0.02206957
v -0.00089150 -0.00905153 0.02317304
v -0.00063751 -0.00647272 0.02427652
v -0.00000000 -0.00637005 -0.02972750
v -0.00000000 -0.00891225 -0.02843500
v -0.00000000 -0.01079594 -0.02714250
v -0.00000000 -0.01232679 -0.02585000
v -0.00000000 -0.01362426 -0.02455750
v -0.00000000 -0.01475006 -0.02326500
v -0.00000000 -0.01574108 -0.02197250
v -0.00000000 -0.01662144 -0.02068000
v -0.00000000 -0.01740793 -0.01938750
v -0.00000000 -0.01811279 -0.01809500
v -0.00000000 -0.01874523 -0.01680250
v -0.00000000 -0.01931237 -0.01551000
v -0.00000000 -0.01981980 -0.01421750
v -0.00000000 -0.02027202 -0.01292500
v -0.00000000 -0.02067265 -0.01163250
v -0.00000000 -0.02102464 -0.01034000
v -0.00000000 -0.02133040 -0.00904750
v -0.00000000 -0.02159188 -0.00775500
v -0.00000000 -0.02181069 -0.00646250
v -0.00000000 -0.02198810 -0.00517000
v -0.00000000 -0.02212510 -0.00387750
v -0.00000000 -0.02222243 -0.00258500
v -0.00000000 -0.02228063 -0.00129250
v -0.00000000 -0.02230000 0.00000000
v -0.00000000 -0.02227891 0.00110348
v -0.00000000 -0.02221553 0.00220696
v -0.00000000 -0.02210949 0.00331043
v -0.00000000 -0.02196017 0.00441391
v -0.00000000 -0.02176669 0.00551739
v -0.00000000 -0.02152784 0.00662087
v -0.00000000 -0.02124211 0.00772435
v -0.00000000 -0.02090757 0.00882783
v -0.00000000 -0.02052183 0.00993130
v -0.00000000 -0.02008194 0.01103478
v -0.00000000 -0.01958426 0.01213826
v -0.00000000 -0.01902424 0.01324174
v -0.00000000 -0.01839621 0.01434522
v -0.00000000 -0.01769290 0.01544870
v -0.00000000 -0.01690495 0.01655217
v -0.00000000 -0.01601985 0.01765565
v -0.00000000 -0.01502044 0.01875913
v -0.00000000 -0.01388206 0.01986261
v -0.00000000 -0.01256700 0.02096609
v -0.00000000 -0.01101214 0.02206957
v -0.00000000 -0.00909533 0.02317304
v -0.00000000 -0.00650404 0.02427652
v 0.00062437 -0.00633937 -0.02972750
v 0.00087355 -0.00886934 -0.02843500
v 0.00105819 -0.01074396 -0.02714250
v 0.00120824 -0.01226743 -0.02585000
v 0.00133541 -0.01355865 -0.02455750
v 0.00144576 -0.01467904 -0.02326500
v 0.00154290 -0.01566528 -0.02197250
v 0.00162919 -0.01654140 -0.02068000
v 0.00170628 -0.01732411 -0.01938750
v 0.00177536 -0.01802557 -0.01809500
v 0.00183735 -0.01865497 -0.01680250
v 0.00189294 -0.01921937 -0.01551000
v 0.00194268 -0.01972436 -0.01421750
v 0.00198701 -0.02017441 -0.01292500
v 0.00202627 -0.02057311 -0.01163250
v 0.00206078 -0.02092340 -0.01034000
v 0.00209074 -0.02122768 -0.00904750
v 0.00211637 -0.02148791 -0.00775500
v 0.00213782 -0.02170567 -0.00646250
v 0.00215521 -0.02188222 -0.00517000
v 0.00216864 -0.02201856 -0.00387750
v 0.00217818 -0.02211543 -0.00258500
v 0.00218388 -0.02217335 -0.00129250
v 0.00218578 -0.02219262 0.00000000
v 0.00218372 -0.02217163 0.00110348
v 0.00217750 -0.02210856 0.00220696
v 0.00216711 -0.02200303 0.00331043
v 0.00215247 -0.02185443 0.00441391
v 0.00213351 -0.02166187 0.00551739
v 0.00211010 -0.02142418 0.00662087
v 0.00208209 -0.02113982 0.00772435
v 0.00204930 -0.02080689 0.00882783
v 0.00201149 -0.02042301 0.00993130
v 0.00196837 -0.01998524 0.01103478
v 0.00191959 -0.01948995 0.01213826
v 0.00186470 -0.01893264 0.01324174
v 0.00180314 -0.01830762 0.01434522
v 0.00173421 -0.01760771 0.01544870
v 0.00165697 -0.01682355 0.01655217
v 0.00157022 -0.01594271 0.01765565
v 0.00147226 -0.01494811 0.01875913
v 0.00136068 -0.01381522 0.01986261
v 0.00123178 -0.01250649 0.02096609
v 0.00107938 -0.01095912 0.02206957
v 0.00089150 -0.00905153 0.02317304
v 0.00063751 -0.00647272 0.02427652
v 0.00124273 -0.00624765 -0.02972750
v 0.00173869 -0.00874101 -0.02843500
v 0.00210618 -0.01058850 -0.02714250
v 0.00240484 -0.01208993 -0.02585000
v 0.00265796 -0.01336247 -0.02455750
v 0.00287759 -0.01446665 -0.02326500
v 0.00307093 -0.01543862 -0.02197250
v 0.00324268 -0.01630206 -0.02068000
v 0.00339612 -0.01707344 -0.01938750
v 0.00353363 -0.01776476 -0.01809500
v 0.00365701 -0.01838505 -0.01680250
v 0.00376766 -0.01894128 -0.01551000
v 0.00386665 -0.01943897 -0.01421750
v 0.00395488 -0.01988250 -0.01292500
v 0.00403303 -0.02027543 -0.01163250
v 0.00410170 -0.02062066 -0.01034000
v 0.00416135 -0.02092054 -0.00904750
v 0.00421237 -0.02117700 -0.00775500
v 0.00425505 -0.02139160 -0.00646250
v 0.00428966 -0.02156560 -0.00517000
v 0.00431639 -0.02169997 -0.00387750
v 0.00433538 -0.02179544 -0.00258500
v 0.00434674 -0.02185252 -0.00129250
v 0.00435051 -0.02187151 0.00000000
v 0.00434640 -0.02185083 0.00110348
v 0.00433403 -0.02178866 0.00220696
v 0.00431335 -0.02168466 0.00331043
v 0.00428422 -0.02153821 0.00441391
v 0.00424647 -0.02134844 0.00551739
v 0.00419987 -0.02111419 0.00662087
v 0.00414413 -0.02083395 0.00772435
v 0.00407886 -0.02050583 0.00882783
v 0.00400361 -0.02012751 0.00993130
v 0.00391779 -0.01969607 0.01103478
v 0.00382070 -0.01920795 0.01213826
v 0.00371145 -0.01865870 0.01324174
v 0.00358892 -0.01804273 0.01434522
v 0.00345171 -0.01735294 0.01544870
v 0.00329799 -0.01658012 0.01655217
v 0.00312532 -0.01571203 0.01765565
v 0.00293034 -0.01473183 0.01875913
v 0.00270826 -0.01361532 0.01986261
v 0.00245170 -0.01232553 0.02096609
v 0.00214836 -0.01080055 0.02206957
v 0.00177441 -0.00892056 0.02317304
v 0.00126888 -0.00637907 0.02427652
v 0.00184913 -0.00609575 -0.02972750
v 0.00258709 -0.00852849 -0.02843500
v 0.00313390 -0.01033107 -0.02714250
v 0.00357828 -0.01179600 -0.02585000
v 0.00395491 -0.01303760 -0.02455750
v 0.00428172 -0.01411493 -0.02326500
v 0.00456939 -0.01506328 -0.02197250
v 0.00482495 -0.01590573 -0.02068000
v 0.00505326 -0.01665835 -0.01938750
v 0.00525787 -0.01733286 -0.01809500
v 0.00544145 -0.01793807 -0.01680250
v 0.00560608 -0.01848078 -0.01551000
v 0.00575338 -0.01896637 -0.01421750
v 0.00588466 -0.01939912 -0.01292500
v 0.00600095 -0.01978250 -0.01163250
v 0.00610313 -0.02011933 -0.01034000
v 0.00619189 -0.02041192 -0.00904750
v 0.00626779 -0.02066214 -0.00775500
v 0.00633131 -0.02087153 -0.00646250
v 0.00638281 -0.02104130 -0.00517000
v 0.00642258 -0.02117240 -0.00387750
v 0.00645083 -0.02126554 -0.00258500
v 0.00646773 -0.02132124 -0.00129250
v 0.00647335 -0.02133977 0.00000000
v 0.00646723 -0.02131959 0.00110348
v 0.00644883 -0.02125894 0.00220696
v 0.00641805 -0.02115746 0.00331043
v 0.00637470 -0.02101457 0.00441391
v 0.00631854 -0.02082942 0.00551739
v 0.00624920 -0.02060086 0.00662087
v 0.00616626 -0.02032743 0.00772435
v 0.00606915 -0.02000729 0.00882783
v 0.00595717 -0.01963816 0.00993130
v 0.00582948 -0.01921722 0.01103478
v 0.00568501 -0.01874097 0.01213826
v 0.00552245 -0.01820507 0.01324174
v 0.00534014 -0.01760407 0.01434522
v 0.00513598 -0.01693105 0.01544870
v 0.00490725 -0.01617703 0.01655217
v 0.00465032 -0.01533004 0.01765565
v 0.00436020 -0.01437366 0.01875913
v 0.00402975 -0.01328430 0.01986261
v 0.00364801 -0.01202587 0.02096609
v 0.00319666 -0.01053796 0.02206957
v 0.00264023 -0.00870369 0.02317304
v 0.00188802 -0.00622398 0.02427652
v 0.00243771 -0.00588515 -0.02972750
v 0.00341057 -0.00823385 -0.02843500
v 0.00413143 -0.00997415 -0.02714250
v 0.00471726 -0.01138847 -0.02585000
v 0.00521378 -0.01258717 -0.02455750
v 0.00564460 -0.01362728 -0.02326500
v 0.00602385 -0.01454286 -0.02197250
v 0.00636075 -0.01535621 -0.02068000
v 0.00666173 -0.01608283 -0.01938750
v 0.00693147 -0.01673404 -0.01809500
v 0.00717349 -0.01731834 -0.01680250
v 0.00739052 -0.01784230 -0.01551000
v 0.00758471 -0.01831111 -0.01421750
v 0.00775777 -0.01872891 -0.01292500
v 0.00791108 -0.01909904 -0.01163250
v 0.00804578 -0.01942424 -0.01034000
v 0.00816279 -0.01970672 -0.00904750
v 0.00826286 -0.01994830 -0.00775500
v 0.00834659 -0.02015045 -0.00646250
v 0.00841448 -0.02031435 -0.00517000
v 0.00846691 -0.02044092 -0.00387750
v 0.00850416 -0.02053085 -0.00258500
v 0.00852643 -0.02058462 -0.00129250
v 0.00853384 -0.02060251 0.00000000
v 0.00852577 -0.02058303 0.00110348
v 0.00850152 -0.02052447 0.00220696
v 0.00846094 -0.02042650 0.00331043
v 0.00840379 -0.02028855 0.00441391
v 0.00832975 -0.02010979 0.00551739
v 0.00823835 -0.01988913 0.00662087
v 0.00812900 -0.01962515 0.00772435
v 0.00800098 -0.01931607 0.00882783
v 0.00785336 -0.01895970 0.00993130
v 0.00768503 -0.01855329 0.01103478
v 0.00749457 -0.01809349 0.01213826
v 0.00728026 -0.01757611 0.01324174
v 0.00703992 -0.01699588 0.01434522
v 0.00677078 -0.01634611 0.01544870
v 0.00646924 -0.01561813 0.01655217
v 0.00613053 -0.01480041 0.01765565
v 0.00574807 -0.01387708 0.01875913
v 0.00531243 -0.01282535 0.01986261
v 0.00480918 -0.01161040 0.02096609
v 0.00421417 -0.01017389 0.02206957
v 0.00348063 -0.00840299 0.02317304
v 0.00248899 -0.00600895 0.02427652
v 0.00300282 -0.00561788 -0.02972750
v 0.00420121 -0.00785991 -0.02843500
v 0.00508917 -0.00952117 -0.02714250
v 0.00581081 -0.01087126 -0.02585000
v 0.00642243 -0.01201552 -0.02455750
v 0.00695313 -0.01300839 -0.02326500
v 0.00742029 -0.01388239 -0.02197250
v 0.00783529 -0.01465880 -0.02068000
v 0.00820604 -0.01535243 -0.01938750
v 0.00853831 -0.01597406 -0.01809500
v 0.00883644 -0.01653182 -0.01680250
v 0.00910379 -0.01703199 -0.01551000
v 0.00934299 -0.01747951 -0.01421750
v 0.00955617 -0.01787833 -0.01292500
v 0.00974502 -0.01823165 -0.01163250
v 0.00991095 -0.01854208 -0.01034000
v 0.01005508 -0.01881173 -0.00904750
v 0.01017834 -0.01904234 -0.00775500
v 0.01028149 -0.01923531 -0.00646250
v 0.01036512 -0.01939177 -0.00517000
v 0.01042970 -0.01951259 -0.00387750
v 0.01047558 -0.01959844 -0.00258500
v 0.01050302 -0.01964976 -0.00129250
v 0.01051215 -0.01966684 0.00000000
v 0.01050221 -0.01964825 0.00110348
v 0.01047233 -0.01959235 0.00220696
v 0.01042234 -0.01949883 0.00331043
v 0.01035195 -0.01936714 0.00441391
v 0.01026074 -0.01919650 0.00551739
v 0.01014815 -0.01898586 0.00662087
v 0.01001346 -0.01873387 0.00772435
v 0.00985576 -0.01843883 0.00882783
v 0.00967392 -0.01809864 0.00993130
v 0.00946656 -0.01771069 0.01103478
v 0.00923196 -0.01727177 0.01213826
v 0.00896797 -0.01677788 0.01324174
v 0.00867191 -0.01622401 0.01434522
v 0.00834038 -0.01560375 0.01544870
v 0.00796894 -0.01490883 0.01655217
v 0.00755170 -0.01412824 0.01765565
v 0.00708059 -0.01324685 0.01875913
v 0.00654396 -0.01224289 0.01986261
v 0.00592404 -0.01108311 0.02096609
v 0.00519109 -0.00971184 0.02206957
v 0.00428751 -0.00802136 0.02317304
v 0.00306598 -0.00573605 0.02427652
v 0.00353901 -0.00529650 -0.02972750
v 0.00495138 -0.00741027 -0.02843500
v 0.00599790 -0.00897650 -0.02714250
v 0.00684840 -0.01024935 -0.02585000
v 0.00756923 -0.01132816 -0.02455750
v 0.00819470 -0.01226423 -0.02326500
v 0.00874528 -0.01308823 -0.02197250
v 0.00923438 -0.01382022 -0.02068000
v 0.00967133 -0.01447417 -0.01938750
v 0.01006293 -0.01506024 -0.01809500
v 0.01041429 -0.01558609 -0.01680250
v 0.01072938 -0.01605765 -0.01551000
v 0.01101129 -0.01647956 -0.01421750
v 0.01126253 -0.01685557 -0.01292500
v 0.01148511 -0.01718868 -0.01163250
v 0.01168067 -0.01748135 -0.01034000
v 0.01185053 -0.01773558 -0.00904750
v 0.01199581 -0.01795299 -0.00775500
v 0.01211737 -0.01813493 -0.00646250
v 0.01221593 -0.01828243 -0.00517000
v 0.01229204 -0.01839634 -0.00387750
v 0.01234612 -0.01847728 -0.00258500
v 0.01237846 -0.01852567 -0.00129250
v 0.01238922 -0.01854177 0.00000000
v 0.01237750 -0.01852424 0.00110348
v 0.01234229 -0.01847154 0.00220696
v 0.01228337 -0.01838337 0.00331043
v 0.01220042 -0.01825921 0.00441391
v 0.01209292 -0.01809834 0.00551739
v 0.01196023 -0.01789975 0.00662087
v 0.01180148 -0.01766217 0.00772435
v 0.01161562 -0.01738401 0.00882783
v 0.01140132 -0.01706328 0.00993130
v 0.01115693 -0.01669752 0.01103478
v 0.01088043 -0.01628371 0.01213826
v 0.01056930 -0.01581808 0.01324174
v 0.01022038 -0.01529589 0.01434522
v 0.00982965 -0.01471111 0.01544870
v 0.00939189 -0.01405595 0.01655217
v 0.00890015 -0.01332002 0.01765565
v 0.00834491 -0.01248904 0.01875913
v 0.00771246 -0.01154251 0.01986261
v 0.00698185 -0.01044908 0.02096609
v 0.00611802 -0.00915626 0.02206957
v 0.00505309 -0.00756249 0.02317304
v 0.00361345 -0.00540791 0.02427652
v 0.00404111 -0.00492411 -0.02972750
v 0.00565387 -0.00688927 -0.02843500
v 0.00684887 -0.00834538 -0.02714250
v 0.00782003 -0.00952874 -0.02585000
v 0.00864314 -0.01053169 -0.02455750
v 0.00935734 -0.01140195 -0.02326500
v 0.00998604 -0.01216802 -0.02197250
v 0.01054453 -0.01284855 -0.02068000
v 0.01104348 -0.01345651 -0.01938750
v 0.01149063 -0.01400138 -0.01809500
v 0.01189185 -0.01449026 -0.01680250
v 0.01225164 -0.01492866 -0.01551000
v 0.01257355 -0.01532091 -0.01421750
v 0.01286044 -0.01567049 -0.01292500
v 0.01311459 -0.01598018 -0.01163250
v 0.01333789 -0.01625227 -0.01034000
v 0.01353186 -0.01648862 -0.00904750
v 0.01369775 -0.01669075 -0.00775500
v 0.01383656 -0.01685989 -0.00646250
v 0.01394910 -0.01699703 -0.00517000
v 0.01403601 -0.01710293 -0.00387750
v 0.01409776 -0.01717817 -0.00258500
v 0.01413468 -0.01722316 -0.00129250
v 0.01414697 -0.01723813 0.00000000
v 0.01413359 -0.01722183 0.00110348
v 0.01409338 -0.01717284 0.00220696
v 0.01402611 -0.01709087 0.00331043
v 0.01393138 -0.01697544 0.00441391
v 0.01380864 -0.01682588 0.00551739
v 0.01365712 -0.01664125 0.00662087
v 0.01347585 -0.01642037 0.00772435
v 0.01326362 -0.01616177 0.00882783
v 0.01301891 -0.01586359 0.00993130
v 0.01273985 -0.01552355 0.01103478
v 0.01242412 -0.01513884 0.01213826
v 0.01206885 -0.01470594 0.01324174
v 0.01167043 -0.01422046 0.01434522
v 0.01122426 -0.01367680 0.01544870
v 0.01072438 -0.01306770 0.01655217
v 0.01016288 -0.01238351 0.01765565
v 0.00952887 -0.01161096 0.01875913
v 0.00880669 -0.01073098 0.01986261
v 0.00797242 -0.00971442 0.02096609
v 0.00698603 -0.00851250 0.02206957
v 0.00577001 -0.00703078 0.02317304
v 0.00412612 -0.00502769 0.02427652
v 0.00450430 -0.00450430 -0.02972750
v 0.00630191 -0.00630191 -0.02843500
v 0.00763388 -0.00763388 -0.02714250
v 0.00871636 -0.00871636 -0.02585000
v 0.00963381 -0.00963381 -0.02455750
v 0.01042987 -0.01042987 -0.02326500
v 0.01113063 -0.01113063 -0.02197250
v 0.01175313 -0.01175313 -0.02068000
v 0.01230927 -0.01230927 -0.01938750
v 0.01280768 -0.01280768 -0.01809500
v 0.01325488 -0.01325488 -0.01680250
v 0.01365591 -0.01365591 -0.01551000
v 0.01401472 -0.01401472 -0.01421750
v 0.01433449 -0.01433449 -0.01292500
v 0.01461777 -0.01461777 -0.01163250
v 0.01486667 -0.01486667 -0.01034000
v 0.01508287 -0.01508287 -0.00904750
v 0.01526777 -0.01526777 -0.00775500
v 0.01542249 -0.01542249 -0.00646250
v 0.01554793 -0.01554793 -0.00517000
v 0.01564480 -0.01564480 -0.00387750
v 0.01571363 -0.01571363 -0.00258500
v 0.01575479 -0.01575479 -0.00129250
v 0.01576848 -0.01576848 0.00000000
v 0.01575357 -0.01575357 0.00110348
v 0.01570875 -0.01570875 0.00220696
v 0.01563377 -0.01563377 0.00331043
v 0.01552819 -0.01552819 0.00441391
v 0.01539137 -0.01539137 0.00551739
v 0.01522248 -0.01522248 0.00662087
v 0.01502044 -0.01502044 0.00772435
v 0.01478388 -0.01478388 0.00882783
v 0.01451112 -0.01451112 0.00993130
v 0.01420008 -0.01420008 0.01103478
v 0.01384816 -0.01384816 0.01213826
v 0.01345217 -0.01345217 0.01324174
v 0.01300808 -0.01300808 0.01434522
v 0.01251077 -0.01251077 0.01544870
v 0.01195360 -0.01195360 0.01655217
v 0.01132774 -0.01132774 0.01765565
v 0.01062105 -0.01062105 0.01875913
v 0.00981610 -0.00981610 0.01986261
v 0.00888621 -0.00888621 0.02096609
v 0.00778676 -0.00778676 0.02206957
v 0.00643137 -0.00643137 0.02317304
v 0.00459905 -0.00459905 0.02427652
v 0.00492411 -0.00404111 -0.02972750
v 0.00688927 -0.00565387 -0.02843500
v 0.00834538 -0.00684887 -0.02714250
v 0.00952874 -0.00782003 -0.02585000
v 0.01053169 -0.00864314 -0.02455750
v 0.01140195 -0.00935734 -0.02326500
v 0.01216802 -0.00998604 -0.02197250
v 0.01284855 -0.01054453 -0.02068000
v 0.01345651 -0.01104348 -0.01938750
v 0.01400138 -0.01149063 -0.01809500
v 0.01449026 -0.01189185 -0.01680250
v 0.01492866 -0.01225164 -0.01551000
v 0.01532091 -0.01257355 -0.01421750
v 0.01567049 -0.01286044 -0.01292500
v 0.01598018 -0.01311459 -0.01163250
v 0.01625227 -0.01333789 -0.01034000
v 0.01648862 -0.01353186 -0.00904750
v 0.01669075 -0.01369775 -0.00775500
v 0.01685989 -0.01383656 -0.00646250
v 0.01699703 -0.01394910 -0.00517000
v 0.01710293 -0.01403601 -0.00387750
v 0.01717817 -0.01409776 -0.00258500
v 0.01722316 -0.01413468 -0.00129250
v 0.01723813 -0.01414697 0.00000000
v 0.01722183 -0.01413359 0.00110348
v 0.01717284 -0.01409338 0.00220696
v 0.01709087 -0.01402611 0.00331043
v 0.01697544 -0.01393138 0.00441391
v 0.01682588 -0.01380864 0.00551739
v 0.01664125 -0.01365712 0.00662087
v 0.01642037 -0.01347585 0.00772435
v 0.01616177 -0.01326362 0.00882783
v 0.01586359 -0.01301891 0.00993130
v 0.01552355 -0.01273985 0.01103478
v 0.01513884 -0.01242412 0.01213826
v 0.01470594 -0.01206885 0.01324174
v 0.01422046 -0.01167043 0.01434522
v 0.01367680 -0.01122426 0.01544870
v 0.01306770 -0.01072438 0.01655217
v 0.01238351 -0.01016288 0.01765565
v 0.01161096 -0.00952887 0.01875913
v 0.01073098 -0.00880669 0.01986261
v 0.00971442 -0.00797242 0.02096609
v 0.00851250 -0.00698603 0.02206957
v 0.00703078 -0.00577001 0.02317304
v 0.00502769 -0.00412612 0.02427652
v 0.00529650 -0.00353901 -0.02972750
v 0.00741027 -0.00495138 -0.02843500
v 0.00897650 -0.00599790 -0.02714250
v 0.01024935 -0.00684840 -0.02585000
v 0.01132816 -0.00756923 -0.02455750
v 0.01226423 -0.00819470 -0.02326500
v 0.01308823 -0.00874528 -0.02197250
v 0.01382022 -0.00923438 -0.02068000
v 0.01447417 -0.00967133 -0.01938750
v 0.01506024 -0.01006293 -0.01809500
v 0.01558609 -0.01041429 -0.01680250
v 0.01605765 -0.01072938 -0.01551000
v 0.01647956 -0.01101129 -0.01421750
v 0.01685557 -0.01126253 -0.01292500
v 0.01718868 -0.01148511 -0.01163250
v 0.01748135 -0.01168067 -0.01034000
v 0.01773558 -0.01185053 -0.00904750
v 0.01795299 -0.01199581 -0.00775500
v 0.01813493 -0.01211737 -0.00646250
v 0.01828243 -0.01221593 -0.00517000
v 0.01839634 -0.01229204 -0.00387750
v 0.01847728 -0.01234612 -0.00258500
v 0.01852567 -0.01237846 -0.00129250
v 0.01854177 -0.01238922 0.00000000
v 0.01852424 -0.01237750 0.00110348
v 0.01847154 -0.01234229 0.00220696
v 0.01838337 -0.01228337 0.00331043
v 0.01825921 -0.01220042 0.00441391
v 0.01809834 -0.01209292 0.00551739
v 0.01789975 -0.01196023 0.00662087
v 0.01766217 -0.01180148 0.00772435
v 0.01738401 -0.01161562 0.00882783
v 0.01706328 -0.01140132 0.00993130
v 0.01669752 -0.01115693 0.01103478
v 0.01628371 -0.01088043 0.01213826
v 0.01581808 -0.01056930 0.01324174
v 0.01529589 -0.01022038 0.01434522
v 0.01471111 -0.00982965 0.01544870
v 0.01405595 -0.00939189 0.01655217
v 0.01332002 -0.00890015 0.01765565
v 0.01248904 -0.00834491 0.01875913
v 0.01154251 -0.00771246 0.01986261
v 0.01044908 -0.00698185 0.02096609
v 0.00915626 -0.00611802 0.02206957
v 0.00756249 -0.00505309 0.02317304
v 0.00540791 -0.00361345 0.02427652
v 0.00561788 -0.00300282 -0.02972750
v 0.00785991 -0.00420121 -0.02843500
v 0.00952117 -0.00508917 -0.02714250
v 0.01087126 -0.00581081 -0.02585000
v 0.01201552 -0.00642243 -0.02455750
v 0.01300839 -0.00695313 -0.02326500
v 0.01388239 -0.00742029 -0.02197250
v 0.01465880 -0.00783529 -0.02068000
v 0.01535243 -0.00820604 -0.01938750
v 0.01597406 -0.00853831 -0.01809500
v 0.01653182 -0.00883644 -0.01680250
v 0.01703199 -0.00910379 -0.01551000
v 0.01747951 -0.00934299 -0.01421750
v 0.01787833 -0.00955617 -0.01292500
v 0.01823165 -0.00974502 -0.01163250
v 0.01854208 -0.00991095 -0.01034000
v 0.01881173 -0.01005508 -0.00904750
v 0.01904234 -0.01017834 -0.00775500
v 0.01923531 -0.01028149 -0.00646250
v 0.01939177 -0.01036512 -0.00517000
v 0.01951259 -0.01042970 -0.00387750
v 0.01959844 -0.01047558 -0.00258500
v 0.01964976 -0.01050302 -0.00129250
v 0.01966684 -0.01051215 0.00000000
v 0.01964825 -0.01050221 0.00110348
v 0.01959235 -0.01047233 0.00220696
v 0.01949883 -0.01042234 0.00331043
v 0.01936714 -0.01035195 0.00441391
v 0.01919650 -0.01026074 0.00551739
v 0.01898586 -0.01014815 0.00662087
v 0.01873387 -0.01001346 0.00772435
v 0.01843883 -0.00985576 0.00882783
v 0.01809864 -0.00967392 0.00993130
v 0.01771069 -0.00946656 0.01103478
v 0.01727177 -0.00923196 0.01213826
v 0.01677788 -0.00896797 0.01324174
v 0.01622401 -0.00867191 0.01434522
v 0.01560375 -0.00834038 0.01544870
v 0.01490883 -0.00796894 0.01655217
v 0.01412824 -0.00755170 0.01765565
v 0.01324685 -0.00708059 0.01875913
v 0.01224289 -0.00654396 0.01986261
v 0.01108311 -0.00592404 0.02096609
v 0.00971184 -0.00519109 0.02206957
v 0.00802136 -0.00428751 0.02317304
v 0.00573605 -0.00306598 0.02427652
v 0.00588515 -0.00243771 -0.02972750
v 0.00823385 -0.00341057 -0.02843500
v 0.00997415 -0.00413143 -0.02714250
v 0.01138847 -0.00471726 -0.02585000
v 0.01258717 -0.00521378 -0.02455750
v 0.01362728 -0.00564460 -0.02326500
v 0.01454286 -0.00602385 -0.02197250
v 0.01535621 -0.00636075 -0.02068000
v 0.01608283 -0.00666173 -0.01938750
v 0.01673404 -0.00693147 -0.01809500
v 0.01731834 -0.00717349 -0.01680250
v 0.01784230 -0.00739052 -0.01551000
v 0.01831111 -0.00758471 -0.01421750
v 0.01872891 -0.00775777 -0.01292500
v 0.01909904 -0.00791108 -0.01163250
v 0.01942424 -0.00804578 -0.01034000
v 0.01970672 -0.00816279 -0.00904750
v 0.01994830 -0.00826286 -0.00775500
v 0.02015045 -0.00834659 -0.00646250
v 0.02031435 -0.00841448 -0.00517000
v 0.02044092 -0.00846691 -0.00387750
v 0.02053085 -0.00850416 -0.00258500
v 0.02058462 -0.00852643 -0.00129250
v 0.02060251 -0.00853384 0.00000000
v 0.02058303 -0.00852577 0.00110348
v 0.02052447 -0.00850152 0.00220696
v 0.02042650 -0.00846094 0.00331043
v 0.02028855 -0.00840379 0.00441391
v 0.02010979 -0.00832975 0.00551739
v 0.01988913 -0.00823835 0.00662087
v 0.01962515 -0.00812900 0.00772435
v 0.01931607 -0.00800098 0.00882783
v 0.01895970 -0.00785336 0.00993130
v 0.01855329 -0.00768503 0.01103478
v 0.01809349 -0.00749457 0.01213826
v 0.01757611 -0.00728026 0.01324174
v 0.01699588 -0.00703992 0.01434522
v 0.01634611 -0.00677078 0.01544870
v 0.01561813 -0.00646924 0.01655217
v 0.01480041 -0.00613053 0.01765565
v 0.01387708 -0.00574807 0.01875913
v 0.01282535 -0.00531243 0.01986261
v 0.01161040 -0.00480918 0.02096609
v 0.01017389 -0.00421417 0.02206957
v 0.00840299 -0.00348063 0.02317304
v 0.00600895 -0.00248899 0.02427652
v 0.00609575 -0.00184913 -0.02972750
v 0.00852849 -0.00258709 -0.02843500
v 0.01033107 -0.00313390 -0.02714250
v 0.01179600 -0.00357828 -0.02585000
v 0.01303760 -0.00395491 -0.02455750
v 0.01411493 -0.00428172 -0.02326500
v 0.01506328 -0.00456939 -0.02197250
v 0.01590573 -0.00482495 -0.02068000
v 0.01665835 -0.00505326 -0.01938750
v 0.01733286 -0.00525787 -0.01809500
v 0.01793807 -0.00544145 -0.01680250
v 0.01848078 -0.00560608 -0.01551000
v 0.01896637 -0.00575338 -0.01421750
v 0.01939912 -0.00588466 -0.01292500
v 0.01978250 -0.00600095 -0.01163250
v 0.02011933 -0.00610313 -0.01034000
v 0.02041192 -0.00619189 -0.00904750
v 0.02066214 -0.00626779 -0.00775500
v 0.02087153 -0.00633131 -0.00646250
v 0.02104130 -0.00638281 -0.00517000
v 0.02117240 -0.00642258 -0.00387750
v 0.02126554 -0.00645083 -0.00258500
v 0.02132124 -0.00646773 -0.00129250
v 0.02133977 -0.00647335 0.00000000
v 0.02131959 -0.00646723 0.00110348
v 0.02125894 -0.00644883 0.00220696
v 0.02115746 -0.00641805 0.00331043
v 0.02101457 -0.00637470 0.00441391
v 0.02082942 -0.00631854 0.00551739
v 0.02060086 -0.00624920 0.00662087
v 0.02032743 -0.00616626 0.00772435
v 0.02000729 -0.00606915 0.00882783
v 0.01963816 -0.00595717 0.00993130
v 0.01921722 -0.00582948 0.01103478
v 0.01874097 -0.00568501 0.01213826
v 0.01820507 -0.00552245 0.01324174
v 0.01760407 -0.00534014 0.01434522
v 0.01693105 -0.00513598 0.01544870
v 0.01617703 -0.00490725 0.01655217
v 0.01533004 -0.00465032 0.01765565
v 0.01437366 -0.00436020 0.01875913
v 0.01328430 -0.00402975 0.01986261
v 0.01202587 -0.00364801 0.02096609
v 0.01053796 -0.00319666 0.02206957
v 0.00870369 -0.00264023 0.02317304
v 0.00622398 -0.00188802 0.02427652
v 0.00624765 -0.00124273 -0.02972750
v 0.00874101 -0.00173869 -0.02843500
v 0.01058850 -0.00210618 -0.02714250
v 0.01208993 -0.00240484 -0.02585000
v 0.01336247 -0.00265796 -0.02455750
v 0.01446665 -0.00287759 -0.02326500
v 0.01543862 -0.00307093 -0.02197250
v 0.01630206 -0.00324268 -0.02068000
v 0.01707344 -0.00339612 -0.01938750
v 0.01776476 -0.00353363 -0.01809500
v 0.01838505 -0.00365701 -0.01680250
v 0.01894128 -0.00376766 -0.01551000
v 0.01943897 -0.00386665 -0.01421750
v 0.01988250 -0.00395488 -0.01292500
v 0.02027543 -0.00403303 -0.01163250
v 0.02062066 -0.00410170 -0.01034000
v 0.02092054 -0.00416135 -0.00904750
v 0.02117700 -0.00421237 -0.00775500
v 0.02139160 -0.00425505 -0.00646250
v 0.02156560 -0.00428966 -0.00517000
v 0.02169997 -0.00431639 -0.00387750
v 0.02179544 -0.00433538 -0.00258500
v 0.02185252 -0.00434674 -0.00129250
v 0.02187151 -0.00435051 0.00000000
v 0.02185083 -0.00434640 0.00110348
v 0.02178866 -0.00433403 0.00220696
v 0.02168466 -0.00431335 0.00331043
v 0.02153821 -0.00428422 0.00441391
v 0.02134844 -0.00424647 0.00551739
v 0.02111419 -0.00419987 0.00662087
v 0.02083395 -0.00414413 0.00772435
v 0.02050583 -0.00407886 0.00882783
v 0.02012751 -0.00400361 0.00993130
v 0.01969607 -0.00391779 0.01103478
v 0.01920795 -0.00382070 0.01213826
v 0.01865870 -0.00371145 0.01324174
v 0.01804273 -0.00358892 0.01434522
v 0.01735294 -0.00345171 0.01544870
v 0.01658012 -0.00329799 0.01655217
v 0.01571203 -0.00312532 0.01765565
v 0.01473183 -0.00293034 0.01875913
v 0.01361532 -0.00270826 0.01986261
v 0.01232553 -0.00245170 0.02096609
v 0.01080055 -0.00214836 0.02206957
v 0.00892056 -0.00177441 0.02317304
v 0.00637907 -0.00126888 0.02427652
v 0.00633937 -0.00062437 -0.02972750
v 0.00886934 -0.00087355 -0.02843500
v 0.01074396 -0.00105819 -0.02714250
v 0.01226743 -0.00120824 -0.02585000
v 0.01355865 -0.00133541 -0.02455750
v 0.01467904 -0.00144576 -0.02326500
v 0.01566528 -0.00154290 -0.02197250
v 0.01654140 -0.00162919 -0.02068000
v 0.01732411 -0.00170628 -0.01938750
v 0.01802557 -0.00177536 -0.01809500
v 0.01865497 -0.00183735 -0.01680250
v 0.01921937 -0.00189294 -0.01551000
v 0.01972436 -0.00194268 -0.01421750
v 0.02017441 -0.00198701 -0.01292500
v 0.02057311 -0.00202627 -0.01163250
v 0.02092340 -0.00206078 -0.01034000
v 0.02122768 -0.00209074 -0.00904750
v 0.02148791 -0.00211637 -0.00775500
v 0.02170567 -0.00213782 -0.00646250
v 0.02188222 -0.00215521 -0.00517000
v 0.02201856 -0.00216864 -0.00387750
v 0.02211543 -0.00217818 -0.00258500
v 0.02217335 -0.00218388 -0.00129250
v 0.02219262 -0.00218578 0.00000000
v 0.02217163 -0.00218372 0.00110348
v 0.02210856 -0.00217750 0.00220696
v 0.02200303 -0.00216711 0.00331043
v 0.02185443 -0.00215247 0.00441391
v 0.02166187 -0.00213351 0.00551739
v 0.02142418 -0.00211010 0.00662087
v 0.02113982 -0.00208209 0.00772435
v 0.02080689 -0.00204930 0.00882783
v 0.02042301 -0.00201149 0.00993130
v 0.01998524 -0.00196837 0.01103478
v 0.01948995 -0.00191959 0.01213826
v 0.01893264 -0.00186470 0.01324174
v 0.01830762 -0.00180314 0.01434522
v 0.01760771 -0.00173421 0.01544870
v 0.01682355 -0.00165697 0.01655217
v 0.01594271 -0.00157022 0.01765565
v 0.01494811 -0.00147226 0.01875913
v 0.01381522 -0.00136068 0.01986261
v 0.01250649 -0.00123178 0.02096609
v 0.01095912 -0.00107938 0.02206957
v 0.00905153 -0.00089150 0.02317304
v 0.00647272 -0.00063751 0.02427652
f 1153 1107 1
f 1 371 325
f 1796 1842 48
f 1199 1153 1
f 1 2487 2441
f 2441 2395 1
f 2349 2303 1
f 1 2395 2349
f 1935 1889 1
f 1843 1797 1
f 1 1889 1843
f 1613 1567 1
f 1 1659 1613
f 1705 1659 1
f 1750 1796 48
f 1 739 693
f 693 647 1
f 417 371 1
f 1 463 417
f 1 555 509
f 509 463 1
f 48 1060 1106
f 48 1842 1888
f 1888 1934 48
f 2026 2072 48
f 2210 2256 48
f 48 2164 2210
f 48 2072 2118
f 2118 2164 48
f 1 1797 1751
f 1751 1705 1
f 2073 2027 1
f 1 2303 2257
f 785 739 1
f 1 831 785
f 969 923 1
f 1 1015 969
f 601 555 1
f 1 647 601
f 48 1934 1980
f 1980 2026 48
f 2348 2394 48
f 48 2394 2440
f 1 2027 1981
f 1981 1935 1
f 1 2165 2119
f 2119 2073 1
f 2211 2165 1
f 1 2257 2211
f 1 923 877
f 877 831 1
f 1 1107 1061
f 1061 1015 1
f 1290 1336 48
f 48 2256 2302
f 2302 2348 48
f 416 462 48
f 508 554 48
f 48 462 508
f 600 646 48
f 48 554 600
f 48 2946 47
f 47 94 48
f 140 186 48
f 48 94 140
f 2486 2532 48
f 48 2440 2486
f 2900 2946 48
f 48 2854 2900
f 2670 2716 48
f 48 2624 2670
f 187 141 1
f 1 233 187
f 1 325 279
f 279 233 1
f 1 141 95
f 2901 2855 1
f 1 2 2901
f 1 2855 2809
f 2809 2763 1
f 1 2671 2625
f 2625 2579 1
f 2533 2487 1
f 1 2579 2533
f 738 784 48
f 830 876 48
f 48 784 830
f 1014 1060 48
f 48 968 1014
f 1429 1383 1
f 1 1475 1429
f 48 2532 2578
f 2578 2624 48
f 2808 2854 48
f 49 2 1
f 1 95 49
f 48 646 692
f 692 738 48
f 48 876 922
f 922 968 48
f 48 1566 1612
f 1612 1658 48
f 1704 1750 48
f 48 1658 1704
f 48 1106 1152
f 1152 1198 48
f 1244 1290 48
f 48 1198 1244
f 370 416 48
f 48 186 232
f 232 278 48
f 48 2716 2762
f 2762 2808 48
f 2717 2671 1
f 1 2763 2717
f 1 1567 1521
f 1521 1475 1
f 1 1383 1337
f 1337 1291 1
f 1245 1199 1
f 1 1291 1245
f 1520 1566 48
f 48 1336 1382
f 1382 1428 48
f 48 278 324
f 324 370 48
f 48 1428 1474
f 1474 1520 48
f 714 761 715
f 760 761 714
f 1804 1757 1803
f 1758 1757 1804
f 2684 2729 2730
f 2683 2729 2684
f 2354 2400 2355
f 2355 2400 2401
f 2354 2355 2308
f 2308 2355 2309
f 1943 1898 1897
f 1944 1898 1943
f 2034 1988 1987
f 2034 1987 2033
f 2311 2358 2312
f 2357 2358 2311
f 2309 2310 2263
f 2263 2310 2264
f 2263 2308 2309
f 2262 2308 2263
f 2048 2095 2049
f 2094 2095 2048
f 2037 2082 2083
f 2036 2082 2037
f 1991 2037 1992
f 1992 2037 2038
f 2036 2037 1990
f 1990 2037 1991
f 2039 1992 2038
f 1993 1992 2039
f 2039 1994 1993
f 2040 1994 2039
f 806 761 760
f 807 761 806
f 1118 1117 1164
f 1164 1117 1163
f 715 761 716
f 716 761 762
f 1439 1438 1485
f 1485 1438 1484
f 1299 1252 1298
f 1253 1252 1299
f 1343 1342 1389
f 1389 1342 1388
f 1344 1343 1389
f 1389 1390 1344
f 1542 1497 1496
f 1543 1497 1542
f 1586 1585 1631
f 1631 1632 1586
f 745 698 744
f 699 698 745
f 745 792 746
f 791 792 745
f 699 745 700
f 700 745 746
f 334 381 335
f 380 381 334
f 425 426 379
f 379 426 380
f 380 334 379
f 379 334 333
f 106 105 152
f 152 105 151
f 5 6 2904
f 2904 6 2905
f 693 740 694
f 739 740 693
f 103 104 57
f 57 104 58
f 11 10 57
f 57 58 11
f 2817 2862 2863
f 2816 2862 2817
f 2823 2776 2822
f 2777 2776 2823
f 2823 2778 2777
f 2824 2778 2823
f 1544 1497 1543
f 1498 1497 1544
f 1544 1499 1498
f 1545 1499 1544
f 1543 1542 1589
f 1589 1542 1588
f 1589 1544 1543
f 1590 1544 1589
f 1408 1362 1361
f 1361 1407 1408
f 1408 1409 1363
f 1363 1362 1408
f 2336 2289 2335
f 2290 2289 2336
f 117 163 118
f 118 163 164
f 2645 2691 2692
f 2692 2646 2645
f 2693 2694 2647
f 2647 2694 2648
f 2647 2646 2692
f 2692 2693 2647
f 2647 2648 2602
f 2602 2601 2647
f 2600 2646 2647
f 2647 2601 2600
f 2438 2391 2437
f 2392 2391 2438
f 2869 2823 2822
f 2869 2822 2868
f 24 2924 2923
f 25 2924 24
f 117 118 71
f 71 118 72
f 25 24 71
f 71 72 25
f 301 347 348
f 348 302 301
f 348 393 394
f 347 393 348
f 2130 2129 2176
f 2176 2129 2175
f 1896 1943 1897
f 1942 1943 1896
f 1942 1896 1941
f 1941 1896 1895
f 1941 1895 1894
f 1894 1940 1941
f 1987 1988 1941
f 1941 1988 1942
f 1803 1757 1756
f 1802 1803 1756
f 1897 1898 1851
f 1851 1898 1852
f 1576 1575 1622
f 1622 1575 1621
f 1668 1714 1669
f 1669 1714 1715
f 1758 1804 1805
f 1805 1759 1758
f 1805 1851 1852
f 1852 1806 1805
f 1759 1805 1760
f 1760 1805 1806
f 1713 1759 1760
f 1760 1714 1713
f 1667 1622 1621
f 1668 1622 1667
f 1667 1714 1668
f 1713 1714 1667
f 2629 2582 2628
f 2583 2582 2629
f 2542 2589 2543
f 2588 2589 2542
f 2499 2545 2500
f 2500 2545 2546
f 2547 2500 2546
f 2501 2500 2547
f 2593 2547 2546
f 2593 2546 2592
f 2638 2593 2592
f 2639 2593 2638
f 2639 2638 2685
f 2685 2638 2684
f 2462 2417 2416
f 2463 2417 2462
f 2398 2352 2351
f 2397 2398 2351
f 2399 2446 2400
f 2445 2446 2399
f 2357 2311 2356
f 2356 2311 2310
f 2309 2355 2356
f 2356 2310 2309
f 2356 2355 2401
f 2401 2402 2356
f 2445 2399 2444
f 2444 2399 2398
f 2491 2446 2445
f 2492 2446 2491
f 2445 2444 2491
f 2491 2444 2490
f 1939 1938 1984
f 1984 1985 1939
f 1848 1803 1802
f 1849 1803 1848
f 1894 1895 1848
f 1848 1895 1849
f 1893 1940 1894
f 1939 1940 1893
f 1894 1848 1893
f 1893 1848 1847
f 1801 1848 1802
f 1847 1848 1801
f 1846 1847 1801
f 1801 1800 1846
f 2035 2082 2036
f 2081 2082 2035
f 2035 2080 2081
f 2034 2080 2035
f 2219 2174 2173
f 2220 2174 2219
f 2172 2219 2173
f 2218 2219 2172
f 2314 2313 2359
f 2360 2314 2359
f 2312 2358 2359
f 2359 2313 2312
f 2261 2308 2262
f 2307 2308 2261
f 2261 2306 2307
f 2260 2306 2261
f 2213 2260 2214
f 2259 2260 2213
f 2168 2213 2214
f 2167 2213 2168
f 2264 2310 2265
f 2310 2311 2265
f 2265 2311 2312
f 2265 2312 2266
f 2265 2219 2218
f 2265 2218 2264
f 2220 2219 2265
f 2265 2266 2220
f 1986 1941 1940
f 1987 1941 1986
f 1939 1985 1986
f 1986 1940 1939
f 2083 2082 2128
f 2128 2129 2083
f 2128 2082 2081
f 2081 2127 2128
f 2175 2129 2128
f 2128 2174 2175
f 2173 2174 2128
f 2128 2127 2173
f 1678 1633 1632
f 1679 1633 1678
f 1678 1632 1631
f 1631 1677 1678
f 1995 1950 1949
f 1996 1950 1995
f 1995 1994 2040
f 2040 2041 1995
f 1948 1995 1949
f 1994 1995 1948
f 1993 1994 1948
f 1948 1947 1993
f 1949 1903 1948
f 1948 1903 1902
f 1945 1990 1991
f 1944 1990 1945
f 1945 1898 1944
f 1945 1899 1898
f 1862 1908 1909
f 1909 1863 1862
f 1989 1943 1942
f 1942 1988 1989
f 1944 1943 1989
f 1989 1990 1944
f 1988 2034 1989
f 2034 2035 1989
f 2036 1990 1989
f 1989 2035 2036
f 983 1030 984
f 1029 1030 983
f 984 938 983
f 983 938 937
f 1029 983 1028
f 1028 983 982
f 1028 982 981
f 981 1027 1028
f 1119 1166 1120
f 1165 1166 1119
f 1118 1164 1119
f 1119 1164 1165
f 1029 1028 1075
f 1075 1028 1074
f 1123 1124 1078
f 1077 1123 1078
f 1125 1079 1078
f 1078 1124 1125
f 980 935 934
f 981 935 980
f 933 980 934
f 979 980 933
f 933 932 978
f 978 979 933
f 939 940 894
f 894 893 939
f 937 938 892
f 891 937 892
f 939 893 892
f 892 938 939
f 1125 1124 1170
f 1171 1125 1170
f 1123 1169 1170
f 1170 1124 1123
f 1121 1075 1074
f 1121 1074 1120
f 1219 1172 1218
f 1173 1172 1219
f 807 806 853
f 853 806 852
f 1229 1275 1230
f 1230 1275 1276
f 1183 1182 1228
f 1229 1183 1228
f 1228 1275 1229
f 1228 1274 1275
f 1249 1295 1250
f 1250 1295 1296
f 790 745 744
f 791 745 790
f 1022 976 975
f 1022 975 1021
f 1023 977 1022
f 1022 977 976
f 1071 1117 1118
f 1071 1118 1072
f 1116 1117 1071
f 1071 1070 1116
f 1114 1160 1161
f 1114 1161 1115
f 1067 1022 1021
f 1068 1022 1067
f 1113 1114 1067
f 1067 1114 1068
f 1116 1070 1069
f 1069 1115 1116
f 1069 1114 1115
f 1068 1114 1069
f 1023 1022 1069
f 1069 1022 1068
f 1495 1542 1496
f 1541 1542 1495
f 1626 1627 1581
f 1580 1626 1581
f 1163 1117 1162
f 1162 1117 1116
f 1115 1161 1162
f 1116 1115 1162
f 1207 1252 1253
f 1206 1252 1207
f 1161 1160 1207
f 1207 1160 1206
f 1207 1162 1161
f 1208 1162 1207
f 1532 1533 1486
f 1486 1533 1487
f 1486 1531 1532
f 1485 1531 1486
f 1439 1485 1440
f 1485 1486 1440
f 1345 1299 1298
f 1345 1298 1344
f 1390 1436 1391
f 1391 1436 1437
f 1437 1438 1391
f 1438 1392 1391
f 1344 1390 1391
f 1391 1345 1344
f 1393 1438 1439
f 1393 1392 1438
f 1626 1625 1672
f 1672 1625 1671
f 1673 1627 1672
f 1672 1627 1626
f 1766 1720 1719
f 1765 1766 1719
f 1673 1672 1719
f 1719 1672 1718
f 1719 1674 1673
f 1720 1674 1719
f 1717 1672 1671
f 1718 1672 1717
f 1762 1763 1717
f 1717 1716 1762
f 1409 1408 1455
f 1455 1408 1454
f 1549 1595 1550
f 1550 1595 1596
f 1597 1550 1596
f 1551 1550 1597
f 1597 1598 1552
f 1552 1551 1597
f 1596 1642 1597
f 1642 1643 1597
f 1644 1598 1597
f 1597 1643 1644
f 1546 1499 1545
f 1500 1499 1546
f 1593 1547 1546
f 1546 1592 1593
f 1588 1542 1587
f 1587 1542 1541
f 1634 1588 1587
f 1587 1633 1634
f 1587 1586 1632
f 1632 1633 1587
f 1585 1586 1540
f 1539 1585 1540
f 1540 1587 1541
f 1586 1587 1540
f 1541 1495 1540
f 1540 1495 1494
f 1583 1629 1584
f 1629 1630 1584
f 1631 1585 1584
f 1584 1630 1631
f 1584 1537 1583
f 1584 1538 1537
f 1584 1585 1539
f 1539 1538 1584
f 1676 1630 1629
f 1676 1629 1675
f 1676 1677 1631
f 1631 1630 1676
f 1635 1589 1588
f 1635 1588 1634
f 1636 1590 1635
f 1590 1589 1635
f 1680 1633 1679
f 1634 1633 1680
f 1680 1635 1634
f 1681 1635 1680
f 1688 1643 1642
f 1689 1643 1688
f 435 481 436
f 436 481 482
f 429 430 383
f 383 430 384
f 383 382 428
f 428 429 383
f 607 608 561
f 561 608 562
f 476 430 429
f 476 429 475
f 474 429 428
f 475 429 474
f 475 474 521
f 521 474 520
f 427 474 428
f 473 474 427
f 428 382 427
f 382 381 427
f 427 381 380
f 380 426 427
f 346 393 347
f 392 393 346
f 384 430 385
f 385 430 431
f 338 383 384
f 337 383 338
f 335 381 336
f 336 381 382
f 382 383 336
f 336 383 337
f 609 608 654
f 654 655 609
f 331 284 330
f 285 284 331
f 330 284 329
f 329 284 283
f 282 329 283
f 328 329 282
f 58 104 59
f 59 104 105
f 59 105 106
f 106 60 59
f 147 193 194
f 147 194 148
f 147 146 192
f 192 193 147
f 54 8 7
f 55 8 54
f 54 6 53
f 7 6 54
f 2859 2904 2905
f 2858 2904 2859
f 52 6 5
f 53 6 52
f 53 52 99
f 99 52 98
f 189 234 235
f 188 234 189
f 283 284 237
f 237 284 238
f 237 238 192
f 192 191 237
f 237 282 283
f 236 282 237
f 785 740 739
f 786 740 785
f 970 924 969
f 969 924 923
f 744 698 697
f 743 744 697
f 788 742 741
f 787 788 741
f 741 740 786
f 741 786 787
f 510 509 556
f 556 509 555
f 555 601 556
f 556 601 602
f 2861 2815 2814
f 2814 2860 2861
f 2861 2862 2816
f 2816 2815 2861
f 102 149 103
f 148 149 102
f 102 147 148
f 101 147 102
f 2818 2817 2863
f 2818 2863 2864
f 2772 2771 2818
f 2818 2771 2817
f 2730 2729 2775
f 2775 2776 2730
f 2728 2775 2729
f 2774 2775 2728
f 2728 2729 2683
f 2683 2682 2728
f 2910 2911 2865
f 2864 2910 2865
f 1406 1407 1361
f 1361 1360 1406
f 1496 1497 1451
f 1450 1496 1451
f 1451 1497 1498
f 1498 1452 1451
f 1451 1404 1450
f 1451 1405 1404
f 1451 1406 1405
f 1452 1406 1451
f 1453 1499 1500
f 1500 1454 1453
f 1498 1499 1453
f 1453 1452 1498
f 1453 1408 1407
f 1454 1408 1453
f 1407 1406 1453
f 1453 1406 1452
f 1545 1544 1591
f 1591 1544 1590
f 1591 1546 1545
f 1592 1546 1591
f 1412 1366 1365
f 1412 1365 1411
f 1413 1414 1367
f 1367 1414 1368
f 1366 1412 1367
f 1367 1412 1413
f 1459 1414 1413
f 1460 1414 1459
f 1413 1412 1459
f 1459 1412 1458
f 1411 1365 1410
f 1365 1364 1410
f 1363 1409 1410
f 1410 1364 1363
f 1409 1455 1410
f 1410 1455 1456
f 1910 1863 1909
f 1910 1864 1863
f 1910 1865 1864
f 1911 1865 1910
f 1996 1995 2042
f 2042 1995 2041
f 2087 2134 2088
f 2133 2134 2087
f 2087 2042 2041
f 2088 2042 2087
f 2087 2041 2040
f 2040 2086 2087
f 2130 2176 2131
f 2131 2176 2177
f 2084 2129 2130
f 2083 2129 2084
f 2084 2037 2083
f 2038 2037 2084
f 2147 2193 2148
f 2148 2193 2194
f 2194 2195 2148
f 2195 2149 2148
f 1918 1919 1873
f 1873 1872 1918
f 1926 1972 1927
f 1927 1972 1973
f 1648 1695 1649
f 1694 1695 1648
f 1689 1688 1734
f 1734 1735 1689
f 1879 1878 1925
f 1925 1878 1924
f 1925 1926 1880
f 1880 1879 1925
f 2140 2095 2094
f 2141 2095 2140
f 2096 2095 2141
f 2141 2142 2096
f 2005 1958 2004
f 1959 1958 2005
f 2280 2281 2235
f 2234 2280 2235
f 2282 2236 2235
f 2235 2281 2282
f 2279 2233 2232
f 2279 2232 2278
f 2279 2280 2234
f 2234 2233 2279
f 2324 2325 2279
f 2278 2324 2279
f 2279 2325 2326
f 2326 2280 2279
f 2327 2281 2280
f 2327 2280 2326
f 2282 2281 2327
f 2327 2328 2282
f 2190 2235 2236
f 2189 2235 2190
f 2191 2145 2190
f 2190 2145 2144
f 2189 2190 2143
f 2143 2190 2144
f 2282 2328 2283
f 2283 2328 2329
f 2335 2289 2288
f 2288 2334 2335
f 2239 2193 2192
f 2192 2238 2239
f 1887 1888 1842
f 1842 1841 1887
f 2392 2438 2393
f 2393 2438 2439
f 2347 2393 2348
f 2348 2393 2394
f 2440 2393 2439
f 2394 2393 2440
f 2392 2393 2346
f 2346 2393 2347
f 2881 2926 2927
f 2880 2926 2881
f 2882 2836 2881
f 2881 2836 2835
f 2835 2836 2789
f 2789 2836 2790
f 2742 2788 2789
f 2743 2742 2789
f 2791 2792 2746
f 2746 2745 2791
f 2873 2872 2918
f 2873 2918 2919
f 2835 2789 2834
f 2834 2789 2788
f 2880 2881 2834
f 2834 2881 2835
f 2740 2694 2693
f 2740 2693 2739
f 2891 2890 2936
f 2937 2891 2936
f 2925 2924 25
f 25 26 2925
f 2928 2881 2927
f 2882 2881 2928
f 2928 2929 2883
f 2883 2882 2928
f 27 2925 26
f 2926 2925 27
f 2927 2926 27
f 27 28 2927
f 81 127 82
f 82 127 128
f 2604 2650 2605
f 2605 2650 2651
f 2559 2558 2605
f 2605 2558 2604
f 2735 2689 2734
f 2734 2689 2688
f 2602 2648 2649
f 2649 2603 2602
f 2649 2650 2604
f 2604 2603 2649
f 2648 2694 2649
f 2694 2695 2649
f 2649 2695 2696
f 2696 2650 2649
f 2483 2438 2437
f 2484 2438 2483
f 2745 2746 2699
f 2699 2746 2700
f 2651 2650 2697
f 2697 2650 2696
f 2697 2742 2743
f 2697 2696 2742
f 2744 2697 2743
f 2698 2697 2744
f 2745 2699 2744
f 2744 2699 2698
f 2744 2789 2790
f 2743 2789 2744
f 2791 2745 2744
f 2744 2790 2791
f 2660 2615 2614
f 2661 2615 2660
f 2703 2704 2657
f 2657 2704 2658
f 2749 2704 2703
f 2750 2704 2749
f 2794 2749 2748
f 2795 2749 2794
f 2702 2749 2703
f 2748 2749 2702
f 2703 2657 2702
f 2702 2657 2656
f 2824 2823 2870
f 2823 2869 2870
f 1765 1719 1764
f 1764 1719 1718
f 1718 1717 1764
f 1764 1717 1763
f 1947 1948 1901
f 1901 1948 1902
f 1850 1804 1803
f 1850 1803 1849
f 1850 1805 1804
f 1851 1805 1850
f 1895 1896 1850
f 1849 1895 1850
f 1850 1896 1897
f 1897 1851 1850
f 1671 1625 1670
f 1670 1625 1624
f 1670 1717 1671
f 1716 1717 1670
f 1670 1669 1715
f 1715 1716 1670
f 1623 1670 1624
f 1669 1670 1623
f 1668 1669 1623
f 1623 1622 1668
f 1711 1756 1757
f 1710 1756 1711
f 1664 1710 1711
f 1711 1665 1664
f 2537 2582 2583
f 2536 2582 2537
f 2537 2491 2490
f 2537 2490 2536
f 2541 2542 2496
f 2495 2541 2496
f 2543 2497 2496
f 2496 2542 2543
f 2496 2449 2495
f 2496 2450 2449
f 2496 2497 2451
f 2451 2450 2496
f 2494 2541 2495
f 2540 2541 2494
f 2585 2586 2539
f 2539 2586 2540
f 2540 2494 2539
f 2539 2494 2493
f 2406 2452 2407
f 2407 2452 2453
f 2453 2452 2498
f 2499 2453 2498
f 2451 2497 2498
f 2498 2452 2451
f 2357 2356 2403
f 2403 2356 2402
f 2403 2358 2357
f 2403 2404 2358
f 2449 2450 2403
f 2403 2450 2404
f 2546 2545 2591
f 2592 2546 2591
f 2543 2589 2544
f 2589 2590 2544
f 2544 2591 2545
f 2590 2591 2544
f 2544 2497 2543
f 2544 2498 2497
f 2544 2545 2499
f 2499 2498 2544
f 2683 2684 2637
f 2684 2638 2637
f 2637 2638 2592
f 2592 2591 2637
f 2731 2684 2730
f 2731 2685 2684
f 2731 2776 2777
f 2730 2776 2731
f 2501 2547 2548
f 2548 2502 2501
f 2503 2550 2504
f 2549 2550 2503
f 2502 2548 2503
f 2503 2548 2549
f 2599 2553 2552
f 2599 2552 2598
f 2599 2600 2554
f 2554 2553 2599
f 2599 2598 2644
f 2644 2645 2599
f 2599 2645 2646
f 2599 2646 2600
f 2598 2552 2551
f 2551 2597 2598
f 2464 2417 2463
f 2418 2417 2464
f 2600 2601 2555
f 2554 2600 2555
f 2552 2553 2507
f 2506 2552 2507
f 2507 2553 2554
f 2554 2508 2507
f 2401 2400 2447
f 2400 2446 2447
f 2447 2446 2492
f 2492 2493 2447
f 2354 2308 2353
f 2353 2308 2307
f 2353 2400 2354
f 2353 2399 2400
f 2307 2306 2353
f 2353 2306 2352
f 2353 2352 2398
f 2398 2399 2353
f 2814 2815 2768
f 2768 2815 2769
f 98 52 97
f 97 52 51
f 144 98 97
f 97 143 144
f 2628 2582 2581
f 2627 2628 2581
f 2581 2582 2536
f 2536 2535 2581
f 2534 2535 2489
f 2488 2534 2489
f 2489 2535 2536
f 2536 2490 2489
f 1892 1893 1847
f 1892 1847 1846
f 1892 1938 1939
f 1939 1893 1892
f 1936 1890 1889
f 1889 1935 1936
f 1935 1981 1936
f 1936 1981 1982
f 2081 2080 2126
f 2126 2127 2081
f 2126 2172 2173
f 2173 2127 2126
f 2079 2034 2033
f 2079 2080 2034
f 2078 2124 2079
f 2079 2124 2125
f 2079 2126 2080
f 2125 2126 2079
f 2182 2229 2183
f 2228 2229 2182
f 2406 2407 2361
f 2360 2406 2361
f 2360 2359 2405
f 2405 2406 2360
f 2405 2359 2358
f 2358 2404 2405
f 2405 2452 2406
f 2451 2452 2405
f 2405 2450 2451
f 2404 2450 2405
f 2305 2306 2260
f 2305 2260 2259
f 2305 2351 2352
f 2352 2306 2305
f 2215 2168 2214
f 2169 2168 2215
f 2260 2261 2215
f 2214 2260 2215
f 2216 2170 2215
f 2215 2170 2169
f 2215 2261 2262
f 2262 2216 2215
f 2165 2166 2119
f 2119 2166 2120
f 1982 1981 2028
f 2028 1981 2027
f 2029 1983 2028
f 1983 1982 2028
f 2442 2441 2487
f 2487 2488 2442
f 2259 2213 2212
f 2212 2258 2259
f 2212 2213 2167
f 2167 2166 2212
f 2212 2257 2258
f 2212 2211 2257
f 2212 2166 2165
f 2165 2211 2212
f 2169 2170 2123
f 2123 2170 2124
f 2123 2124 2078
f 2123 2078 2077
f 2123 2168 2169
f 2123 2122 2168
f 2077 2076 2123
f 2076 2122 2123
f 1864 1865 1818
f 1818 1865 1819
f 1863 1864 1818
f 1818 1817 1863
f 1766 1812 1813
f 1813 1767 1766
f 1949 1950 1904
f 1904 1903 1949
f 1858 1857 1904
f 1904 1857 1903
f 1946 1992 1993
f 1993 1947 1946
f 1991 1992 1946
f 1946 1945 1991
f 1947 1901 1946
f 1946 1901 1900
f 1899 1945 1946
f 1900 1899 1946
f 1907 1952 1953
f 1906 1952 1907
f 1953 1954 1907
f 1907 1954 1908
f 1908 1862 1907
f 1907 1862 1861
f 1861 1862 1816
f 1815 1861 1816
f 1816 1862 1863
f 1863 1817 1816
f 1816 1769 1815
f 1770 1769 1816
f 1817 1771 1816
f 1816 1771 1770
f 1951 1904 1950
f 1905 1904 1951
f 1951 1952 1906
f 1951 1906 1905
f 1118 1119 1073
f 1072 1118 1073
f 1073 1119 1120
f 1120 1074 1073
f 1073 1028 1027
f 1074 1028 1073
f 1076 1030 1029
f 1029 1075 1076
f 1126 1079 1125
f 1126 1080 1079
f 1126 1125 1171
f 1171 1172 1126
f 1079 1080 1033
f 1033 1080 1034
f 1033 1078 1079
f 1033 1032 1078
f 1030 1076 1031
f 1031 1076 1077
f 1077 1078 1031
f 1078 1032 1031
f 1026 1027 981
f 981 980 1026
f 1072 1073 1026
f 1026 1073 1027
f 936 937 891
f 891 890 936
f 936 983 937
f 982 983 936
f 981 982 936
f 936 935 981
f 1120 1166 1167
f 1167 1121 1120
f 1218 1172 1217
f 1217 1172 1171
f 1171 1170 1217
f 1170 1216 1217
f 1215 1170 1169
f 1215 1216 1170
f 1215 1260 1261
f 1214 1260 1215
f 1267 1314 1268
f 1313 1314 1267
f 1177 1131 1176
f 1176 1131 1130
f 1130 1129 1176
f 1129 1175 1176
f 1174 1175 1129
f 1174 1129 1128
f 852 898 899
f 899 853 852
f 858 859 813
f 813 812 858
f 1229 1230 1184
f 1184 1183 1229
f 1184 1230 1231
f 1231 1185 1184
f 1321 1367 1368
f 1368 1322 1321
f 1276 1275 1321
f 1321 1322 1276
f 1178 1131 1177
f 1132 1131 1178
f 1133 1132 1178
f 1178 1179 1133
f 1248 1295 1249
f 1294 1295 1248
f 1248 1202 1201
f 1201 1247 1248
f 1157 1158 1111
f 1111 1158 1112
f 1064 1110 1111
f 1111 1065 1064
f 789 742 788
f 743 742 789
f 789 790 744
f 789 744 743
f 1021 975 1020
f 975 974 1020
f 976 977 931
f 930 976 931
f 978 932 931
f 931 977 978
f 885 884 931
f 931 884 930
f 312 358 313
f 313 358 359
f 724 725 679
f 679 678 724
f 582 628 583
f 583 628 629
f 581 628 582
f 627 628 581
f 580 626 581
f 581 626 627
f 1795 1841 1842
f 1842 1796 1795
f 1796 1750 1795
f 1750 1749 1795
f 1748 1795 1749
f 1794 1795 1748
f 1749 1703 1748
f 1748 1703 1702
f 2937 2936 38
f 38 2936 37
f 1532 1531 1577
f 1577 1578 1532
f 1576 1622 1577
f 1622 1623 1577
f 1577 1623 1624
f 1624 1578 1577
f 1403 1358 1357
f 1404 1358 1403
f 1535 1536 1489
f 1489 1536 1490
f 1579 1533 1532
f 1532 1578 1579
f 1579 1626 1580
f 1579 1625 1626
f 1624 1625 1579
f 1579 1578 1624
f 1535 1489 1534
f 1534 1489 1488
f 1487 1533 1534
f 1534 1488 1487
f 1580 1581 1534
f 1534 1581 1535
f 1533 1579 1534
f 1534 1579 1580
f 1583 1537 1582
f 1537 1536 1582
f 1582 1536 1535
f 1535 1581 1582
f 1163 1162 1209
f 1209 1162 1208
f 1209 1164 1163
f 1209 1210 1164
f 1165 1164 1211
f 1164 1210 1211
f 1205 1252 1206
f 1205 1251 1252
f 1203 1248 1249
f 1202 1248 1203
f 1395 1396 1349
f 1349 1396 1350
f 1487 1488 1441
f 1441 1488 1442
f 1441 1486 1487
f 1441 1440 1486
f 1441 1396 1395
f 1442 1396 1441
f 1433 1387 1386
f 1386 1432 1433
f 1296 1295 1341
f 1341 1342 1296
f 1388 1342 1341
f 1341 1387 1388
f 1392 1393 1346
f 1346 1393 1347
f 1346 1391 1392
f 1345 1391 1346
f 1299 1345 1346
f 1346 1300 1299
f 1390 1389 1435
f 1435 1436 1390
f 1395 1349 1394
f 1394 1349 1348
f 1347 1393 1394
f 1394 1348 1347
f 1440 1441 1394
f 1394 1441 1395
f 1439 1440 1394
f 1394 1393 1439
f 1484 1438 1483
f 1483 1438 1437
f 1478 1433 1432
f 1479 1433 1478
f 1525 1570 1571
f 1524 1570 1525
f 1479 1478 1525
f 1525 1478 1524
f 1572 1525 1571
f 1526 1525 1572
f 1572 1573 1527
f 1527 1526 1572
f 1675 1629 1628
f 1628 1674 1675
f 1628 1627 1673
f 1673 1674 1628
f 1628 1629 1583
f 1583 1582 1628
f 1628 1581 1627
f 1628 1582 1581
f 1721 1674 1720
f 1675 1674 1721
f 1721 1676 1675
f 1722 1676 1721
f 1721 1720 1766
f 1766 1767 1721
f 1721 1767 1768
f 1768 1722 1721
f 1509 1462 1508
f 1463 1462 1509
f 1510 1509 1555
f 1556 1510 1555
f 1555 1509 1508
f 1508 1554 1555
f 1460 1459 1506
f 1506 1459 1505
f 1506 1551 1552
f 1505 1551 1506
f 1460 1506 1461
f 1461 1506 1507
f 1508 1462 1461
f 1461 1507 1508
f 1461 1414 1460
f 1415 1414 1461
f 1461 1416 1415
f 1461 1462 1416
f 1553 1506 1552
f 1507 1506 1553
f 1553 1554 1508
f 1508 1507 1553
f 1501 1455 1454
f 1501 1454 1500
f 1456 1455 1501
f 1501 1502 1456
f 1500 1546 1501
f 1501 1546 1547
f 1592 1591 1637
f 1638 1592 1637
f 1637 1590 1636
f 1637 1591 1590
f 1548 1595 1549
f 1548 1594 1595
f 1548 1547 1593
f 1593 1594 1548
f 1549 1503 1548
f 1548 1503 1502
f 1502 1501 1548
f 1548 1501 1547
f 1593 1592 1639
f 1639 1592 1638
f 1639 1594 1593
f 1639 1640 1594
f 1686 1640 1639
f 1639 1685 1686
f 435 436 390
f 389 435 390
f 343 389 390
f 390 344 343
f 571 525 524
f 524 570 571
f 479 524 525
f 478 524 479
f 433 432 479
f 479 432 478
f 609 655 656
f 656 610 609
f 701 700 746
f 701 746 747
f 747 748 701
f 748 702 701
f 655 654 701
f 701 654 700
f 701 656 655
f 702 656 701
f 852 806 851
f 806 805 851
f 851 804 850
f 851 805 804
f 849 895 896
f 896 850 849
f 570 524 569
f 569 524 523
f 850 804 803
f 803 849 850
f 477 524 478
f 523 524 477
f 478 432 477
f 477 432 431
f 430 476 477
f 431 430 477
f 523 477 522
f 522 477 476
f 522 476 475
f 475 521 522
f 522 569 523
f 568 569 522
f 567 568 522
f 522 521 567
f 472 426 425
f 472 425 471
f 473 427 472
f 472 427 426
f 342 389 343
f 342 388 389
f 342 341 387
f 387 388 342
f 387 341 386
f 386 341 340
f 386 432 433
f 433 387 386
f 386 385 431
f 431 432 386
f 434 388 387
f 434 387 433
f 434 435 389
f 389 388 434
f 433 479 434
f 434 479 480
f 434 481 435
f 480 481 434
f 293 248 247
f 294 248 293
f 441 395 394
f 394 440 441
f 396 395 441
f 441 442 396
f 793 840 794
f 793 839 840
f 793 748 747
f 794 748 793
f 746 792 793
f 747 746 793
f 838 792 791
f 791 837 838
f 839 793 838
f 838 793 792
f 837 883 838
f 838 883 884
f 838 884 885
f 885 839 838
f 653 608 607
f 653 654 608
f 653 698 699
f 652 698 653
f 699 700 653
f 700 654 653
f 518 472 471
f 471 517 518
f 614 569 568
f 615 569 614
f 614 568 567
f 567 613 614
f 2863 2862 2909
f 2909 2862 2908
f 2864 2863 2909
f 2909 2910 2864
f 2908 9 2909
f 9 10 2909
f 2909 10 11
f 11 2910 2909
f 248 249 202
f 202 249 203
f 247 248 202
f 202 201 247
f 245 246 200
f 200 199 245
f 247 201 200
f 200 246 247
f 154 153 200
f 200 153 199
f 155 200 201
f 154 200 155
f 106 152 107
f 152 153 107
f 107 153 154
f 154 108 107
f 107 60 106
f 107 61 60
f 107 108 62
f 62 61 107
f 11 58 12
f 58 59 12
f 12 2911 2910
f 12 2910 11
f 199 153 198
f 198 153 152
f 198 152 151
f 151 197 198
f 151 105 150
f 105 104 150
f 150 104 103
f 103 149 150
f 148 194 195
f 195 149 148
f 288 334 335
f 335 289 288
f 288 243 242
f 289 243 288
f 335 336 290
f 290 289 335
f 2770 2815 2816
f 2769 2815 2770
f 2816 2817 2770
f 2817 2771 2770
f 146 147 100
f 100 147 101
f 55 54 100
f 100 101 55
f 100 54 53
f 53 99 100
f 192 146 145
f 145 191 192
f 146 100 145
f 145 100 99
f 145 99 98
f 145 98 144
f 190 189 235
f 190 235 236
f 144 143 190
f 143 189 190
f 190 237 191
f 236 237 190
f 191 145 190
f 190 145 144
f 970 969 1016
f 1016 969 1015
f 1015 1061 1016
f 1016 1061 1062
f 514 467 513
f 468 467 514
f 743 697 696
f 696 742 743
f 695 741 742
f 742 696 695
f 694 740 695
f 740 741 695
f 281 282 236
f 236 235 281
f 328 282 281
f 281 327 328
f 235 234 281
f 234 280 281
f 326 327 281
f 281 280 326
f 372 325 371
f 326 325 372
f 371 417 372
f 417 418 372
f 420 421 374
f 374 421 375
f 374 329 328
f 375 329 374
f 464 465 419
f 419 418 464
f 464 509 510
f 463 509 464
f 464 418 417
f 464 417 463
f 2907 9 2908
f 2907 8 9
f 2862 2861 2907
f 2908 2862 2907
f 101 102 56
f 55 101 56
f 103 57 56
f 56 102 103
f 56 8 55
f 9 8 56
f 56 57 10
f 56 10 9
f 2822 2776 2821
f 2776 2775 2821
f 2821 2775 2774
f 2774 2820 2821
f 2868 2822 2821
f 2821 2867 2868
f 2866 2821 2820
f 2867 2821 2866
f 2912 2913 2866
f 2866 2913 2867
f 2866 2865 2911
f 2866 2911 2912
f 2819 2866 2820
f 2865 2866 2819
f 2819 2818 2864
f 2864 2865 2819
f 2819 2820 2774
f 2774 2773 2819
f 2772 2818 2819
f 2819 2773 2772
f 1359 1314 1313
f 1360 1314 1359
f 1359 1406 1360
f 1405 1406 1359
f 1404 1405 1359
f 1359 1358 1404
f 1361 1362 1315
f 1315 1362 1316
f 1315 1360 1361
f 1315 1314 1360
f 1456 1502 1457
f 1502 1503 1457
f 1411 1410 1457
f 1457 1410 1456
f 1457 1412 1411
f 1458 1412 1457
f 1504 1459 1458
f 1505 1459 1504
f 1504 1457 1503
f 1458 1457 1504
f 1504 1550 1551
f 1504 1551 1505
f 1549 1550 1504
f 1504 1503 1549
f 1139 1185 1140
f 1140 1185 1186
f 1232 1185 1231
f 1186 1185 1232
f 1959 1913 1912
f 1912 1958 1959
f 1912 1865 1911
f 1866 1865 1912
f 1867 1912 1913
f 1866 1912 1867
f 1958 1912 1957
f 1957 1912 1911
f 1911 1910 1957
f 1957 1910 1956
f 1955 1910 1909
f 1956 1910 1955
f 1909 1908 1955
f 1908 1954 1955
f 1819 1865 1820
f 1820 1865 1866
f 1915 1961 1916
f 1916 1961 1962
f 1916 1869 1915
f 1870 1869 1916
f 1963 1916 1962
f 1917 1916 1963
f 1963 1964 1918
f 1918 1917 1963
f 1918 1872 1871
f 1871 1917 1918
f 1870 1916 1871
f 1871 1916 1917
f 1871 1825 1824
f 1824 1870 1871
f 2133 2087 2132
f 2132 2087 2086
f 2085 2132 2086
f 2131 2132 2085
f 2130 2131 2085
f 2085 2084 2130
f 2040 2039 2085
f 2085 2086 2040
f 2085 2039 2038
f 2038 2084 2085
f 2089 2042 2088
f 2043 2042 2089
f 2088 2134 2089
f 2089 2134 2135
f 2136 2090 2089
f 2135 2136 2089
f 2021 1974 2020
f 1975 1974 2021
f 2020 1974 2019
f 2019 1974 1973
f 2019 1972 2018
f 1973 1972 2019
f 2290 2336 2291
f 2291 2336 2337
f 2290 2291 2244
f 2244 2291 2245
f 2244 2289 2290
f 2244 2243 2289
f 2243 2244 2197
f 2197 2244 2198
f 2103 2056 2102
f 2057 2056 2103
f 2103 2148 2149
f 2102 2148 2103
f 2110 2156 2111
f 2111 2156 2157
f 1976 1929 1975
f 1930 1929 1976
f 2202 2156 2155
f 2155 2201 2202
f 2157 2156 2202
f 2202 2203 2157
f 2249 2203 2202
f 2202 2248 2249
f 1967 2014 1968
f 2013 2014 1967
f 2016 1970 1969
f 1969 2015 2016
f 1968 2014 1969
f 1969 2014 2015
f 1791 1792 1746
f 1746 1745 1791
f 1926 1927 1881
f 1880 1926 1881
f 1733 1687 1686
f 1733 1686 1732
f 1733 1734 1688
f 1688 1687 1733
f 1876 1830 1829
f 1875 1876 1829
f 1829 1874 1875
f 1829 1828 1874
f 1971 1925 1924
f 1924 1970 1971
f 1971 1972 1926
f 1926 1925 1971
f 2184 2185 2139
f 2184 2139 2138
f 2049 2095 2050
f 2095 2096 2050
f 2050 2005 2004
f 2051 2005 2050
f 2146 2193 2147
f 2146 2192 2193
f 2146 2145 2191
f 2191 2192 2146
f 2330 2283 2329
f 2284 2283 2330
f 2237 2236 2282
f 2282 2283 2237
f 2237 2283 2284
f 2237 2284 2238
f 2237 2190 2236
f 2191 2190 2237
f 2238 2192 2237
f 2237 2192 2191
f 2284 2330 2285
f 2285 2330 2331
f 2285 2331 2332
f 2332 2286 2285
f 2239 2238 2285
f 2238 2284 2285
f 2340 2341 2295
f 2295 2294 2340
f 2249 2248 2295
f 2295 2248 2294
f 2431 2385 2384
f 2430 2431 2384
f 2387 2341 2386
f 2386 2341 2340
f 2340 2339 2386
f 2386 2339 2385
f 2386 2385 2431
f 2386 2431 2432
f 2333 2286 2332
f 2287 2286 2333
f 2334 2288 2333
f 2333 2288 2287
f 2334 2333 2380
f 2380 2333 2379
f 2468 2515 2469
f 2514 2515 2468
f 2472 2518 2473
f 2473 2518 2519
f 2934 2888 2887
f 2887 2933 2934
f 2842 2841 2887
f 2887 2888 2842
f 2751 2704 2750
f 2705 2704 2751
f 2802 2803 2756
f 2756 2803 2757
f 2756 2711 2710
f 2757 2711 2756
f 2301 2346 2347
f 2300 2346 2301
f 2301 2254 2300
f 2255 2254 2301
f 2118 2117 2163
f 2164 2118 2163
f 2255 2301 2302
f 2256 2255 2302
f 2347 2348 2302
f 2302 2301 2347
f 2249 2295 2250
f 2250 2295 2296
f 2252 2251 2297
f 2298 2252 2297
f 2297 2250 2296
f 2251 2250 2297
f 2747 2794 2748
f 2793 2794 2747
f 2747 2746 2792
f 2747 2792 2793
f 2748 2702 2747
f 2747 2702 2701
f 2700 2746 2747
f 2747 2701 2700
f 32 33 2932
f 2931 32 2932
f 2932 2885 2931
f 2886 2885 2932
f 2933 2887 2932
f 2932 2887 2886
f 2840 2887 2841
f 2886 2887 2840
f 2840 2885 2886
f 2840 2839 2885
f 2795 2794 2840
f 2840 2841 2795
f 2840 2794 2793
f 2793 2839 2840
f 2793 2792 2838
f 2838 2839 2793
f 2825 2778 2824
f 2779 2778 2825
f 2824 2870 2825
f 2825 2870 2871
f 2871 2872 2825
f 2872 2826 2825
f 2922 24 2923
f 23 24 2922
f 2921 2922 2876
f 2875 2921 2876
f 2779 2825 2780
f 2780 2825 2826
f 2780 2733 2779
f 2780 2734 2733
f 2735 2734 2780
f 2780 2781 2735
f 2827 2780 2826
f 2781 2780 2827
f 2872 2873 2827
f 2827 2826 2872
f 2735 2781 2736
f 2736 2781 2782
f 2783 2736 2782
f 2737 2736 2783
f 2786 2740 2785
f 2785 2740 2739
f 2738 2785 2739
f 2784 2785 2738
f 2737 2783 2738
f 2738 2783 2784
f 2738 2693 2692
f 2739 2693 2738
f 2692 2691 2738
f 2691 2737 2738
f 2696 2695 2741
f 2742 2696 2741
f 2694 2740 2741
f 2741 2695 2694
f 2935 2888 2934
f 2889 2888 2935
f 2935 2936 2890
f 2935 2890 2889
f 312 313 267
f 267 266 312
f 266 267 220
f 220 267 221
f 258 212 211
f 258 211 257
f 213 259 260
f 213 260 214
f 212 258 213
f 213 258 259
f 213 168 167
f 214 168 213
f 167 166 213
f 213 166 212
f 29 2928 2927
f 2927 28 29
f 2929 2928 29
f 29 30 2929
f 31 32 2931
f 2931 2930 31
f 2929 30 31
f 31 2930 2929
f 31 77 78
f 30 77 31
f 32 31 79
f 79 31 78
f 79 33 32
f 79 80 33
f 122 168 169
f 169 123 122
f 169 168 214
f 214 215 169
f 167 168 121
f 121 168 122
f 121 120 166
f 121 166 167
f 25 72 73
f 73 26 25
f 165 210 211
f 164 210 165
f 211 212 165
f 212 166 165
f 2523 2522 2569
f 2569 2522 2568
f 2614 2615 2569
f 2569 2568 2614
f 2616 2569 2615
f 2570 2569 2616
f 2563 2562 2609
f 2609 2562 2608
f 2516 2515 2561
f 2561 2562 2516
f 2691 2645 2690
f 2690 2645 2644
f 2690 2736 2737
f 2690 2737 2691
f 2690 2689 2735
f 2735 2736 2690
f 2639 2685 2640
f 2640 2685 2686
f 2687 2640 2686
f 2641 2640 2687
f 2688 2642 2687
f 2687 2642 2641
f 2687 2734 2688
f 2733 2734 2687
f 2484 2483 2530
f 2530 2483 2529
f 2439 2438 2485
f 2485 2438 2484
f 2484 2530 2485
f 2485 2530 2531
f 2713 2760 2714
f 2759 2760 2713
f 2437 2391 2436
f 2391 2390 2436
f 2482 2483 2437
f 2437 2436 2482
f 2529 2483 2528
f 2483 2482 2528
f 2570 2616 2571
f 2571 2616 2617
f 2387 2386 2433
f 2433 2386 2432
f 2345 2391 2392
f 2392 2346 2345
f 2345 2344 2390
f 2345 2390 2391
f 2387 2433 2388
f 2388 2433 2434
f 2653 2699 2700
f 2700 2654 2653
f 2658 2704 2659
f 2659 2704 2705
f 15 61 62
f 14 61 15
f 62 63 15
f 15 63 16
f 297 342 343
f 296 342 297
f 343 344 297
f 344 298 297
f 297 252 251
f 297 298 252
f 299 298 344
f 299 344 345
f 252 298 299
f 299 253 252
f 203 204 158
f 158 157 203
f 162 163 117
f 162 117 116
f 1853 1806 1852
f 1853 1807 1806
f 1852 1898 1853
f 1898 1899 1853
f 1761 1760 1806
f 1806 1807 1761
f 1762 1716 1761
f 1761 1716 1715
f 1715 1714 1761
f 1714 1760 1761
f 1758 1759 1712
f 1712 1759 1713
f 1712 1757 1758
f 1712 1711 1757
f 1713 1667 1712
f 1712 1667 1666
f 1665 1711 1712
f 1666 1665 1712
f 2588 2542 2587
f 2587 2542 2541
f 2587 2541 2540
f 2540 2586 2587
f 2633 2680 2634
f 2679 2680 2633
f 2588 2587 2633
f 2633 2634 2588
f 2585 2584 2630
f 2631 2585 2630
f 2583 2629 2630
f 2630 2584 2583
f 2492 2491 2538
f 2491 2537 2538
f 2538 2539 2493
f 2538 2493 2492
f 2538 2537 2583
f 2583 2584 2538
f 2585 2539 2538
f 2538 2584 2585
f 2501 2502 2455
f 2455 2502 2456
f 2635 2589 2588
f 2588 2634 2635
f 2732 2687 2686
f 2733 2687 2732
f 2685 2731 2732
f 2686 2685 2732
f 2732 2778 2779
f 2779 2733 2732
f 2777 2778 2732
f 2732 2731 2777
f 2413 2412 2459
f 2459 2412 2458
f 2502 2503 2457
f 2456 2502 2457
f 2457 2503 2504
f 2504 2458 2457
f 2458 2412 2457
f 2457 2412 2411
f 2505 2551 2552
f 2505 2552 2506
f 2504 2550 2505
f 2550 2551 2505
f 2505 2459 2458
f 2505 2458 2504
f 2512 2558 2559
f 2559 2513 2512
f 2556 2601 2602
f 2556 2555 2601
f 2554 2555 2509
f 2509 2508 2554
f 2463 2462 2509
f 2509 2462 2508
f 2448 2403 2402
f 2449 2403 2448
f 2448 2402 2401
f 2401 2447 2448
f 2495 2449 2448
f 2448 2494 2495
f 2493 2494 2448
f 2448 2447 2493
f 2722 2768 2769
f 2722 2769 2723
f 2767 2721 2720
f 2767 2720 2766
f 2768 2722 2767
f 2767 2722 2721
f 2674 2629 2628
f 2674 2675 2629
f 2720 2721 2674
f 2721 2675 2674
f 2674 2628 2627
f 2627 2673 2674
f 2719 2720 2674
f 2674 2673 2719
f 188 189 142
f 142 189 143
f 2812 2811 2857
f 2858 2812 2857
f 2766 2720 2765
f 2765 2720 2719
f 2765 2811 2812
f 2765 2812 2766
f 2443 2398 2397
f 2443 2444 2398
f 2490 2444 2443
f 2443 2489 2490
f 2488 2489 2443
f 2443 2442 2488
f 1706 1660 1659
f 1659 1705 1706
f 1802 1756 1755
f 1755 1801 1802
f 2030 2076 2077
f 2077 2031 2030
f 1985 1984 2030
f 2030 2031 1985
f 2029 2075 2030
f 2030 2075 2076
f 2030 1983 2029
f 1984 1983 2030
f 2032 2079 2033
f 2078 2079 2032
f 2077 2078 2032
f 2032 2031 2077
f 2033 1987 2032
f 1987 1986 2032
f 2032 1986 1985
f 1985 2031 2032
f 1937 1936 1982
f 1937 1982 1983
f 1890 1936 1937
f 1937 1891 1890
f 1937 1984 1938
f 1937 1983 1984
f 1938 1892 1937
f 1937 1892 1891
f 2217 2263 2264
f 2264 2218 2217
f 2262 2263 2217
f 2217 2216 2262
f 2177 2176 2222
f 2222 2223 2177
f 2367 2412 2413
f 2366 2412 2367
f 2316 2270 2315
f 2315 2270 2269
f 2315 2314 2360
f 2360 2361 2315
f 2304 2305 2259
f 2259 2258 2304
f 2351 2305 2304
f 2304 2350 2351
f 2258 2257 2304
f 2304 2257 2303
f 2303 2349 2304
f 2349 2350 2304
f 2029 2028 2074
f 2074 2075 2029
f 2074 2119 2120
f 2073 2119 2074
f 2074 2028 2027
f 2027 2073 2074
f 2397 2351 2396
f 2351 2350 2396
f 2396 2443 2397
f 2442 2443 2396
f 2396 2350 2349
f 2396 2349 2395
f 2441 2442 2396
f 2395 2441 2396
f 2167 2168 2121
f 2168 2122 2121
f 2121 2122 2076
f 2076 2075 2121
f 2120 2166 2121
f 2121 2166 2167
f 2075 2074 2121
f 2121 2074 2120
f 1723 1769 1770
f 1723 1770 1724
f 1723 1722 1768
f 1768 1769 1723
f 1723 1678 1677
f 1724 1678 1723
f 1677 1676 1723
f 1723 1676 1722
f 1772 1818 1819
f 1819 1773 1772
f 1817 1818 1772
f 1772 1771 1817
f 1808 1761 1807
f 1762 1761 1808
f 1815 1769 1814
f 1814 1769 1768
f 1767 1813 1814
f 1768 1767 1814
f 1859 1813 1812
f 1859 1812 1858
f 1858 1904 1859
f 1859 1904 1905
f 1856 1901 1902
f 1855 1901 1856
f 1902 1903 1856
f 1903 1857 1856
f 1811 1857 1858
f 1858 1812 1811
f 1811 1856 1857
f 1810 1856 1811
f 1811 1766 1765
f 1811 1812 1766
f 1765 1764 1811
f 1764 1810 1811
f 1997 1950 1996
f 1997 1951 1950
f 1952 1951 1997
f 1997 1998 1952
f 1996 2042 1997
f 1997 2042 2043
f 1999 1954 1953
f 2000 1954 1999
f 1953 1952 1999
f 1952 1998 1999
f 1998 1997 2044
f 2044 1997 2043
f 2044 1999 1998
f 2045 1999 2044
f 2043 2089 2044
f 2044 2089 2090
f 2093 2140 2094
f 2139 2140 2093
f 2093 2092 2138
f 2138 2139 2093
f 2000 1999 2046
f 2046 1999 2045
f 2045 2044 2091
f 2091 2044 2090
f 2091 2046 2045
f 2092 2046 2091
f 1083 1129 1130
f 1130 1084 1083
f 1083 1082 1128
f 1128 1129 1083
f 1127 1174 1128
f 1173 1174 1127
f 1127 1172 1173
f 1127 1126 1172
f 985 938 984
f 939 938 985
f 985 940 939
f 985 986 940
f 984 1030 985
f 1030 1031 985
f 985 1031 1032
f 1032 986 985
f 987 1033 1034
f 1034 988 987
f 1032 1033 987
f 987 986 1032
f 1025 980 979
f 1025 1026 980
f 1025 1071 1072
f 1072 1026 1025
f 840 839 886
f 886 839 885
f 886 931 932
f 885 931 886
f 932 933 886
f 933 887 886
f 840 886 841
f 841 886 887
f 888 933 934
f 888 887 933
f 888 841 887
f 842 841 888
f 1168 1215 1169
f 1214 1215 1168
f 1168 1213 1214
f 1168 1167 1213
f 1261 1260 1306
f 1307 1261 1306
f 1313 1267 1312
f 1312 1267 1266
f 1312 1359 1313
f 1358 1359 1312
f 1357 1358 1312
f 1312 1311 1357
f 1222 1176 1175
f 1222 1175 1221
f 1222 1267 1268
f 1221 1267 1222
f 1175 1174 1220
f 1221 1175 1220
f 1173 1219 1220
f 1220 1174 1173
f 1266 1267 1220
f 1220 1267 1221
f 897 851 850
f 897 850 896
f 897 898 852
f 852 851 897
f 944 899 898
f 945 899 944
f 898 897 944
f 944 897 943
f 991 945 944
f 944 990 991
f 989 944 943
f 990 944 989
f 989 988 1034
f 1034 1035 989
f 900 855 854
f 901 855 900
f 853 899 900
f 854 853 900
f 900 899 945
f 900 945 946
f 858 812 811
f 811 857 858
f 856 857 811
f 811 810 856
f 808 761 807
f 762 761 808
f 807 853 808
f 808 853 854
f 768 815 769
f 814 815 768
f 871 870 916
f 916 917 871
f 915 961 916
f 916 961 962
f 871 917 918
f 918 872 871
f 828 781 827
f 782 781 828
f 873 828 827
f 874 828 873
f 545 544 590
f 590 591 545
f 499 498 545
f 545 498 544
f 640 594 639
f 639 594 593
f 639 593 592
f 592 638 639
f 639 686 640
f 639 685 686
f 639 638 684
f 684 685 639
f 822 823 776
f 776 823 777
f 776 821 822
f 776 775 821
f 1038 1083 1084
f 1037 1083 1038
f 1139 1140 1093
f 1093 1140 1094
f 822 821 867
f 868 822 867
f 867 821 820
f 820 866 867
f 1182 1136 1135
f 1135 1181 1182
f 1138 1184 1185
f 1138 1185 1139
f 1317 1362 1363
f 1316 1362 1317
f 1180 1179 1225
f 1226 1180 1225
f 1179 1178 1225
f 1225 1178 1224
f 1227 1180 1226
f 1227 1181 1180
f 1227 1228 1182
f 1182 1181 1227
f 1201 1202 1156
f 1156 1155 1201
f 1156 1109 1155
f 1110 1109 1156
f 1202 1203 1156
f 1156 1203 1157
f 1157 1111 1156
f 1156 1111 1110
f 1297 1250 1296
f 1297 1251 1250
f 1298 1252 1297
f 1252 1251 1297
f 1297 1342 1343
f 1296 1342 1297
f 1297 1343 1344
f 1344 1298 1297
f 1569 1616 1570
f 1615 1616 1569
f 1569 1570 1524
f 1524 1523 1569
f 786 785 832
f 832 785 831
f 787 786 832
f 833 787 832
f 791 790 836
f 836 837 791
f 1066 1067 1021
f 1021 1020 1066
f 1066 1111 1112
f 1065 1111 1066
f 1113 1067 1066
f 1066 1112 1113
f 975 976 929
f 929 976 930
f 930 884 929
f 884 883 929
f 451 450 497
f 497 450 496
f 451 497 452
f 452 497 498
f 452 498 499
f 499 453 452
f 406 452 453
f 406 453 407
f 451 452 406
f 406 405 451
f 404 450 451
f 451 405 404
f 359 358 404
f 404 405 359
f 541 586 587
f 540 586 541
f 723 724 678
f 678 677 723
f 723 768 769
f 722 768 723
f 725 724 770
f 771 725 770
f 724 723 770
f 770 723 769
f 817 771 770
f 770 816 817
f 769 815 770
f 770 815 816
f 727 728 682
f 682 681 727
f 682 728 729
f 729 683 682
f 637 682 683
f 636 682 637
f 684 638 637
f 637 683 684
f 637 591 590
f 590 636 637
f 637 638 592
f 592 591 637
f 717 716 762
f 762 763 717
f 764 718 717
f 717 763 764
f 810 811 765
f 764 810 765
f 765 811 812
f 812 766 765
f 676 723 677
f 722 723 676
f 580 581 535
f 534 580 535
f 535 581 582
f 582 536 535
f 1791 1745 1790
f 1745 1744 1790
f 2802 2756 2801
f 2801 2756 2755
f 2801 2848 2802
f 2847 2848 2801
f 1530 1577 1531
f 1576 1577 1530
f 1530 1575 1576
f 1530 1529 1575
f 1530 1485 1484
f 1530 1531 1485
f 1484 1483 1530
f 1530 1483 1529
f 1356 1403 1357
f 1402 1403 1356
f 1402 1356 1401
f 1401 1356 1355
f 1446 1447 1401
f 1400 1446 1401
f 1354 1401 1355
f 1400 1401 1354
f 1450 1404 1449
f 1404 1403 1449
f 1449 1495 1496
f 1449 1496 1450
f 1488 1489 1443
f 1442 1488 1443
f 1443 1489 1490
f 1490 1444 1443
f 1443 1396 1442
f 1443 1397 1396
f 1253 1299 1254
f 1299 1300 1254
f 1254 1207 1253
f 1208 1207 1254
f 1212 1167 1166
f 1213 1167 1212
f 1212 1166 1165
f 1165 1211 1212
f 1206 1160 1159
f 1159 1205 1206
f 1160 1114 1159
f 1159 1114 1113
f 1112 1158 1159
f 1113 1112 1159
f 1205 1159 1204
f 1204 1159 1158
f 1204 1158 1157
f 1157 1203 1204
f 1251 1205 1204
f 1250 1251 1204
f 1249 1250 1204
f 1204 1203 1249
f 1340 1295 1294
f 1340 1341 1295
f 1386 1387 1340
f 1387 1341 1340
f 1339 1385 1340
f 1340 1385 1386
f 1301 1346 1347
f 1300 1346 1301
f 1347 1348 1301
f 1348 1302 1301
f 1387 1433 1434
f 1388 1387 1434
f 1434 1389 1388
f 1434 1435 1389
f 1620 1667 1621
f 1666 1667 1620
f 1620 1665 1666
f 1620 1619 1665
f 1437 1436 1482
f 1482 1483 1437
f 1529 1483 1482
f 1528 1529 1482
f 1664 1665 1618
f 1665 1619 1618
f 1573 1572 1618
f 1618 1619 1573
f 1556 1555 1601
f 1601 1602 1556
f 1601 1555 1554
f 1554 1600 1601
f 1647 1648 1601
f 1601 1648 1602
f 1601 1646 1647
f 1601 1600 1646
f 1552 1598 1599
f 1599 1553 1552
f 1554 1553 1599
f 1599 1600 1554
f 1599 1598 1644
f 1644 1645 1599
f 1646 1600 1599
f 1599 1645 1646
f 1682 1727 1728
f 1681 1727 1682
f 1636 1635 1682
f 1682 1635 1681
f 1682 1637 1636
f 1683 1637 1682
f 1728 1727 1774
f 1774 1727 1773
f 1819 1820 1774
f 1774 1773 1819
f 1731 1777 1778
f 1731 1778 1732
f 1686 1685 1731
f 1732 1686 1731
f 1641 1688 1642
f 1641 1687 1688
f 1641 1640 1686
f 1686 1687 1641
f 1596 1595 1641
f 1641 1642 1596
f 1595 1594 1641
f 1594 1640 1641
f 394 393 439
f 439 440 394
f 439 393 392
f 392 438 439
f 439 486 440
f 485 486 439
f 437 436 482
f 482 483 437
f 533 580 534
f 533 579 580
f 533 532 578
f 578 579 533
f 531 486 485
f 532 486 531
f 625 579 578
f 578 624 625
f 625 626 580
f 580 579 625
f 528 483 482
f 529 483 528
f 482 481 528
f 481 527 528
f 528 527 573
f 573 574 528
f 526 479 525
f 480 479 526
f 526 481 480
f 526 527 481
f 422 467 468
f 421 467 422
f 842 843 797
f 797 796 842
f 795 748 794
f 795 749 748
f 750 749 795
f 795 796 750
f 794 840 795
f 840 841 795
f 795 841 842
f 842 796 795
f 751 704 750
f 705 704 751
f 796 797 751
f 750 796 751
f 470 517 471
f 470 516 517
f 294 293 339
f 339 340 294
f 339 386 340
f 385 386 339
f 384 385 339
f 339 338 384
f 292 293 247
f 247 246 292
f 292 339 293
f 338 339 292
f 295 248 294
f 295 249 248
f 340 341 295
f 294 340 295
f 341 342 295
f 295 342 296
f 296 297 250
f 250 297 251
f 249 295 250
f 250 295 296
f 251 205 250
f 205 204 250
f 203 249 250
f 250 204 203
f 357 358 312
f 312 311 357
f 357 404 358
f 403 404 357
f 266 220 265
f 265 220 219
f 219 218 265
f 218 264 265
f 312 266 265
f 265 311 312
f 310 311 265
f 265 264 310
f 398 397 443
f 444 398 443
f 396 442 443
f 443 397 396
f 490 535 536
f 489 535 490
f 444 443 490
f 490 443 489
f 534 535 488
f 488 535 489
f 488 443 442
f 489 443 488
f 539 584 585
f 538 584 539
f 539 586 540
f 585 586 539
f 450 404 449
f 449 404 403
f 566 613 567
f 612 613 566
f 566 611 612
f 565 611 566
f 566 521 520
f 567 521 566
f 565 566 519
f 519 566 520
f 520 474 519
f 519 474 473
f 473 472 519
f 472 518 519
f 564 611 565
f 610 611 564
f 565 519 564
f 564 519 518
f 621 622 575
f 575 622 576
f 620 621 575
f 575 574 620
f 575 530 529
f 576 530 575
f 529 528 575
f 575 528 574
f 18 66 19
f 65 66 18
f 65 18 64
f 64 18 17
f 16 63 64
f 64 17 16
f 60 61 13
f 13 61 14
f 13 59 60
f 13 12 59
f 13 2913 2912
f 14 2913 13
f 2911 12 13
f 2912 2911 13
f 245 199 244
f 199 198 244
f 244 198 197
f 197 243 244
f 244 243 289
f 289 290 244
f 196 197 151
f 151 150 196
f 196 150 149
f 149 195 196
f 242 243 196
f 196 243 197
f 333 334 287
f 334 288 287
f 241 196 195
f 242 196 241
f 241 195 194
f 194 240 241
f 241 288 242
f 241 287 288
f 241 240 286
f 286 287 241
f 239 284 285
f 238 284 239
f 286 240 239
f 285 286 239
f 239 193 192
f 192 238 239
f 194 193 239
f 239 240 194
f 2769 2770 2724
f 2723 2769 2724
f 2724 2770 2771
f 2724 2771 2725
f 1155 1109 1108
f 1154 1155 1108
f 1108 1153 1154
f 1107 1153 1108
f 1062 1061 1108
f 1108 1061 1107
f 515 561 562
f 562 516 515
f 651 697 698
f 651 698 652
f 606 653 607
f 652 653 606
f 606 651 652
f 605 651 606
f 420 374 373
f 373 419 420
f 328 327 373
f 373 374 328
f 373 372 418
f 373 418 419
f 373 327 326
f 326 372 373
f 419 465 466
f 420 419 466
f 466 421 420
f 466 467 421
f 513 467 466
f 466 512 513
f 694 695 648
f 695 649 648
f 648 693 694
f 647 693 648
f 602 601 648
f 648 601 647
f 2905 6 2906
f 2906 6 7
f 7 8 2906
f 8 2907 2906
f 2906 2859 2905
f 2860 2859 2906
f 2906 2861 2860
f 2906 2907 2861
f 2726 2680 2679
f 2726 2679 2725
f 2726 2771 2772
f 2725 2771 2726
f 1268 1314 1269
f 1314 1315 1269
f 1269 1315 1316
f 1316 1270 1269
f 1368 1414 1369
f 1369 1414 1415
f 1415 1416 1369
f 1416 1370 1369
f 1277 1230 1276
f 1231 1230 1277
f 1277 1232 1231
f 1278 1232 1277
f 1235 1236 1189
f 1189 1236 1190
f 1190 1144 1189
f 1144 1143 1189
f 1235 1189 1234
f 1234 1189 1188
f 1417 1370 1416
f 1371 1370 1417
f 1417 1462 1463
f 1416 1462 1417
f 1371 1417 1372
f 1372 1417 1418
f 1372 1325 1371
f 1326 1325 1372
f 1420 1465 1466
f 1419 1465 1420
f 1699 1746 1700
f 1745 1746 1699
f 1649 1695 1650
f 1650 1695 1696
f 1603 1648 1649
f 1602 1648 1603
f 1649 1650 1603
f 1603 1650 1604
f 1105 1106 1060
f 1105 1060 1059
f 2004 1958 2003
f 1958 1957 2003
f 2003 1957 1956
f 1956 2002 2003
f 2049 2050 2003
f 2003 2050 2004
f 2003 2048 2049
f 2003 2002 2048
f 2001 1955 1954
f 2001 1954 2000
f 1956 1955 2001
f 2001 2002 1956
f 1821 1867 1868
f 1868 1822 1821
f 1866 1867 1821
f 1821 1820 1866
f 1823 1869 1870
f 1823 1870 1824
f 1823 1822 1868
f 1868 1869 1823
f 1778 1777 1823
f 1824 1778 1823
f 1823 1777 1776
f 1776 1822 1823
f 2010 2055 2056
f 2009 2055 2010
f 2010 2056 2057
f 2057 2011 2010
f 1964 1963 2010
f 2010 1963 2009
f 1914 1961 1915
f 1914 1960 1961
f 1914 1913 1959
f 1959 1960 1914
f 1915 1869 1914
f 1914 1869 1868
f 1914 1867 1913
f 1868 1867 1914
f 1928 1974 1975
f 1975 1929 1928
f 1928 1927 1973
f 1973 1974 1928
f 1928 1883 1882
f 1929 1883 1928
f 1928 1881 1927
f 1882 1881 1928
f 2067 2021 2020
f 2067 2020 2066
f 2113 2114 2067
f 2067 2114 2068
f 2020 2019 2065
f 2066 2020 2065
f 2065 2019 2018
f 2065 2018 2064
f 2110 2111 2065
f 2064 2110 2065
f 2338 2291 2337
f 2292 2291 2338
f 2337 2383 2338
f 2383 2384 2338
f 2338 2384 2385
f 2385 2339 2338
f 2292 2338 2293
f 2293 2338 2339
f 2340 2294 2293
f 2293 2339 2340
f 2247 2202 2201
f 2248 2202 2247
f 2294 2248 2247
f 2247 2293 2294
f 2194 2193 2240
f 2240 2193 2239
f 2240 2195 2194
f 2240 2241 2195
f 2240 2285 2286
f 2239 2285 2240
f 2240 2286 2287
f 2287 2241 2240
f 2242 2288 2289
f 2289 2243 2242
f 2287 2288 2242
f 2242 2241 2287
f 2199 2244 2245
f 2198 2244 2199
f 2150 2103 2149
f 2104 2103 2150
f 2160 2114 2113
f 2160 2113 2159
f 1979 1980 1933
f 1933 1980 1934
f 1888 1887 1933
f 1934 1888 1933
f 2023 1977 2022
f 2022 1977 1976
f 2021 2067 2022
f 2022 2067 2068
f 1975 2021 2022
f 2022 1976 1975
f 2062 2063 2017
f 2016 2062 2017
f 2064 2018 2017
f 2017 2063 2064
f 2017 1970 2016
f 2017 1971 1970
f 2018 1972 2017
f 1972 1971 2017
f 2109 2156 2110
f 2155 2156 2109
f 2109 2110 2064
f 2064 2063 2109
f 2109 2063 2062
f 2062 2108 2109
f 2057 2103 2058
f 2058 2103 2104
f 2058 2011 2057
f 2012 2011 2058
f 2013 2012 2058
f 2058 2059 2013
f 2159 2113 2112
f 2112 2158 2159
f 2112 2111 2157
f 2157 2158 2112
f 2112 2067 2066
f 2113 2067 2112
f 2066 2065 2112
f 2112 2065 2111
f 1965 2010 2011
f 1964 2010 1965
f 1965 1919 1918
f 1918 1964 1965
f 1923 1969 1970
f 1923 1970 1924
f 1968 1969 1923
f 1923 1922 1968
f 1924 1878 1923
f 1923 1878 1877
f 1877 1876 1923
f 1876 1922 1923
f 1921 1967 1968
f 1968 1922 1921
f 1921 1876 1875
f 1921 1922 1876
f 1794 1748 1747
f 1793 1794 1747
f 1747 1746 1792
f 1747 1792 1793
f 1791 1790 1837
f 1837 1790 1836
f 1882 1883 1837
f 1837 1836 1882
f 1740 1695 1694
f 1740 1741 1695
f 1741 1740 1787
f 1787 1740 1786
f 1697 1696 1742
f 1742 1743 1697
f 1696 1695 1742
f 1695 1741 1742
f 1741 1787 1742
f 1742 1787 1788
f 1784 1829 1830
f 1783 1829 1784
f 1644 1643 1690
f 1690 1643 1689
f 1689 1735 1690
f 1735 1736 1690
f 1874 1828 1827
f 1827 1873 1874
f 1824 1825 1779
f 1779 1778 1824
f 1779 1733 1732
f 1732 1778 1779
f 1734 1733 1779
f 1779 1780 1734
f 1828 1829 1782
f 1782 1829 1783
f 1833 1878 1879
f 1833 1832 1878
f 1833 1787 1786
f 1786 1832 1833
f 1831 1784 1830
f 1785 1784 1831
f 1831 1832 1786
f 1786 1785 1831
f 1831 1830 1876
f 1831 1876 1877
f 1877 1878 1831
f 1878 1832 1831
f 2139 2185 2186
f 2186 2140 2139
f 2141 2140 2186
f 2186 2187 2141
f 2231 2232 2186
f 2186 2185 2231
f 2232 2233 2186
f 2233 2187 2186
f 2189 2143 2188
f 2188 2143 2142
f 2188 2142 2141
f 2141 2187 2188
f 2234 2235 2188
f 2188 2235 2189
f 2188 2233 2234
f 2188 2187 2233
f 2008 2055 2009
f 2054 2055 2008
f 2053 2054 2008
f 2008 2007 2053
f 2008 1963 1962
f 2009 1963 2008
f 1962 1961 2008
f 1961 2007 2008
f 2006 2005 2051
f 2051 2052 2006
f 2053 2007 2006
f 2006 2052 2053
f 1959 2005 2006
f 2006 1960 1959
f 1961 1960 2006
f 2006 2007 1961
f 2326 2325 2372
f 2325 2371 2372
f 2372 2417 2418
f 2372 2371 2417
f 2145 2146 2099
f 2099 2146 2100
f 2144 2145 2099
f 2099 2098 2144
f 2099 2054 2053
f 2099 2100 2054
f 2053 2052 2099
f 2052 2098 2099
f 2097 2096 2142
f 2142 2143 2097
f 2097 2143 2144
f 2144 2098 2097
f 2097 2050 2096
f 2051 2050 2097
f 2097 2052 2051
f 2097 2098 2052
f 2102 2056 2101
f 2056 2055 2101
f 2101 2055 2054
f 2054 2100 2101
f 2147 2148 2101
f 2101 2148 2102
f 2101 2146 2147
f 2100 2146 2101
f 2331 2330 2376
f 2376 2377 2331
f 2378 2333 2332
f 2379 2333 2378
f 2332 2331 2378
f 2331 2377 2378
f 2335 2334 2381
f 2334 2380 2381
f 2514 2468 2467
f 2513 2514 2467
f 2517 2562 2563
f 2516 2562 2517
f 2517 2518 2472
f 2472 2471 2517
f 2469 2515 2470
f 2470 2515 2516
f 2516 2517 2470
f 2470 2517 2471
f 2750 2749 2796
f 2796 2749 2795
f 2796 2841 2842
f 2795 2841 2796
f 2705 2751 2706
f 2706 2751 2752
f 2706 2659 2705
f 2660 2659 2706
f 2661 2660 2706
f 2706 2707 2661
f 2753 2706 2752
f 2707 2706 2753
f 2161 2207 2208
f 2162 2161 2208
f 2208 2207 2253
f 2253 2254 2208
f 2025 1980 1979
f 2026 1980 2025
f 2116 2163 2117
f 2162 2163 2116
f 2209 2255 2256
f 2256 2210 2209
f 2164 2163 2209
f 2209 2210 2164
f 2209 2254 2255
f 2209 2208 2254
f 2162 2208 2209
f 2209 2163 2162
f 645 690 691
f 644 690 645
f 599 645 600
f 600 645 646
f 644 645 598
f 598 645 599
f 2204 2203 2249
f 2249 2250 2204
f 2204 2250 2251
f 2251 2205 2204
f 2157 2203 2204
f 2204 2158 2157
f 2159 2158 2204
f 2204 2205 2159
f 2790 2836 2837
f 2791 2790 2837
f 2837 2792 2791
f 2837 2838 2792
f 2837 2836 2882
f 2837 2882 2883
f 2838 2837 2884
f 2884 2837 2883
f 2885 2839 2884
f 2839 2838 2884
f 2883 2929 2884
f 2929 2930 2884
f 2931 2885 2884
f 2884 2930 2931
f 2874 2921 2875
f 2874 2920 2921
f 2874 2873 2919
f 2919 2920 2874
f 2784 2783 2830
f 2830 2783 2829
f 2875 2876 2830
f 2829 2875 2830
f 2787 2788 2742
f 2742 2741 2787
f 2787 2740 2786
f 2787 2741 2740
f 2879 2926 2880
f 2879 2925 2926
f 2924 2925 2879
f 2879 2878 2924
f 129 82 128
f 83 82 129
f 84 83 129
f 129 130 84
f 219 220 174
f 174 173 219
f 174 220 221
f 221 175 174
f 128 127 174
f 127 173 174
f 174 129 128
f 175 129 174
f 221 267 222
f 222 267 268
f 76 29 28
f 76 28 75
f 30 29 76
f 76 77 30
f 76 121 122
f 75 121 76
f 122 123 76
f 123 77 76
f 33 80 34
f 34 80 81
f 81 82 34
f 82 35 34
f 34 2932 33
f 2933 2932 34
f 2934 2933 34
f 34 35 2934
f 37 2936 36
f 2936 2935 36
f 36 2935 2934
f 2934 35 36
f 36 83 84
f 84 37 36
f 36 82 83
f 36 35 82
f 72 118 119
f 119 73 72
f 119 118 164
f 164 165 119
f 166 120 119
f 119 165 166
f 120 121 74
f 74 121 75
f 73 119 74
f 74 119 120
f 28 27 74
f 75 28 74
f 74 27 26
f 26 73 74
f 2662 2615 2661
f 2662 2616 2615
f 2662 2663 2617
f 2617 2616 2662
f 2710 2711 2664
f 2664 2711 2665
f 2707 2753 2708
f 2708 2753 2754
f 2661 2707 2708
f 2708 2662 2661
f 2568 2522 2567
f 2567 2522 2521
f 2521 2520 2567
f 2520 2566 2567
f 2565 2566 2520
f 2565 2520 2519
f 2610 2609 2655
f 2656 2610 2655
f 2655 2609 2608
f 2608 2654 2655
f 2655 2702 2656
f 2701 2702 2655
f 2700 2701 2655
f 2655 2654 2700
f 2559 2605 2560
f 2560 2605 2606
f 2560 2513 2559
f 2560 2514 2513
f 2560 2515 2514
f 2560 2561 2515
f 2608 2562 2607
f 2562 2561 2607
f 2607 2560 2606
f 2561 2560 2607
f 2607 2653 2654
f 2607 2654 2608
f 2547 2593 2594
f 2594 2548 2547
f 2549 2548 2594
f 2594 2595 2549
f 2594 2593 2639
f 2639 2640 2594
f 2594 2640 2641
f 2641 2595 2594
f 2644 2598 2643
f 2598 2597 2643
f 2643 2690 2644
f 2689 2690 2643
f 2688 2689 2643
f 2643 2642 2688
f 2596 2643 2597
f 2642 2643 2596
f 2641 2642 2596
f 2596 2595 2641
f 2597 2551 2596
f 2596 2551 2550
f 2596 2550 2549
f 2549 2595 2596
f 2486 2485 2531
f 2486 2531 2532
f 2486 2440 2439
f 2439 2485 2486
f 2714 2760 2761
f 2761 2715 2714
f 2481 2528 2482
f 2527 2528 2481
f 2481 2482 2436
f 2481 2436 2435
f 2573 2526 2572
f 2527 2526 2573
f 2523 2569 2524
f 2524 2569 2570
f 2299 2252 2298
f 2253 2252 2299
f 2344 2345 2299
f 2298 2344 2299
f 2300 2254 2299
f 2299 2254 2253
f 2299 2346 2300
f 2299 2345 2346
f 2298 2297 2343
f 2343 2344 2298
f 2757 2803 2804
f 2804 2758 2757
f 2849 2848 2894
f 2849 2894 2895
f 2849 2804 2803
f 2850 2804 2849
f 2849 2803 2802
f 2802 2848 2849
f 2651 2697 2652
f 2652 2697 2698
f 2698 2699 2652
f 2699 2653 2652
f 2652 2605 2651
f 2606 2605 2652
f 2652 2607 2606
f 2653 2607 2652
f 70 71 24
f 70 24 23
f 117 71 70
f 116 117 70
f 22 70 23
f 69 70 22
f 22 21 68
f 68 69 22
f 23 2922 22
f 22 2922 2921
f 2921 2920 22
f 2920 21 22
f 300 347 301
f 300 346 347
f 300 299 345
f 345 346 300
f 159 158 204
f 159 204 205
f 115 162 116
f 161 162 115
f 116 70 115
f 115 70 69
f 115 69 68
f 68 114 115
f 2632 2586 2585
f 2632 2585 2631
f 2632 2587 2586
f 2632 2633 2587
f 2636 2682 2683
f 2683 2637 2636
f 2636 2591 2590
f 2636 2637 2591
f 2636 2590 2589
f 2589 2635 2636
f 2682 2636 2681
f 2681 2636 2635
f 2634 2680 2681
f 2681 2635 2634
f 2460 2505 2506
f 2459 2505 2460
f 2370 2325 2324
f 2370 2371 2325
f 2416 2417 2370
f 2417 2371 2370
f 2370 2415 2416
f 2370 2369 2415
f 2604 2558 2557
f 2557 2603 2604
f 2602 2603 2557
f 2557 2556 2602
f 2558 2512 2557
f 2557 2512 2511
f 2556 2557 2510
f 2510 2557 2511
f 2555 2556 2510
f 2510 2509 2555
f 2465 2464 2510
f 2510 2511 2465
f 2510 2464 2463
f 2463 2509 2510
f 2676 2722 2723
f 2723 2677 2676
f 2721 2722 2676
f 2676 2675 2721
f 2631 2630 2676
f 2676 2677 2631
f 2676 2630 2629
f 2629 2675 2676
f 2813 2860 2814
f 2813 2859 2860
f 2814 2768 2813
f 2768 2767 2813
f 2858 2859 2813
f 2813 2812 2858
f 2813 2767 2766
f 2766 2812 2813
f 96 97 51
f 51 50 96
f 143 97 96
f 96 142 143
f 188 142 187
f 187 142 141
f 187 234 188
f 187 233 234
f 326 280 279
f 279 325 326
f 279 280 234
f 234 233 279
f 141 142 95
f 142 96 95
f 4 52 5
f 51 52 4
f 2533 2534 2488
f 2533 2488 2487
f 2763 2809 2764
f 2764 2809 2810
f 2811 2765 2764
f 2810 2811 2764
f 1659 1660 1614
f 1614 1613 1659
f 1567 1613 1614
f 1614 1568 1567
f 1615 1569 1614
f 1614 1569 1568
f 1752 1706 1705
f 1705 1751 1752
f 1800 1801 1754
f 1801 1755 1754
f 1661 1614 1660
f 1615 1614 1661
f 1571 1570 1617
f 1570 1616 1617
f 1617 1572 1571
f 1617 1618 1572
f 1664 1618 1617
f 1617 1663 1664
f 2218 2172 2171
f 2171 2217 2218
f 2171 2170 2216
f 2216 2217 2171
f 2172 2126 2171
f 2171 2126 2125
f 2125 2124 2171
f 2124 2170 2171
f 2185 2184 2230
f 2231 2185 2230
f 2183 2229 2230
f 2230 2184 2183
f 2275 2230 2229
f 2276 2230 2275
f 2278 2232 2277
f 2277 2232 2231
f 2231 2230 2277
f 2277 2230 2276
f 2221 2174 2220
f 2175 2174 2221
f 2221 2176 2175
f 2221 2222 2176
f 2269 2270 2224
f 2224 2223 2269
f 2271 2226 2225
f 2272 2226 2271
f 2271 2224 2270
f 2225 2224 2271
f 1855 1856 1809
f 1809 1856 1810
f 1809 1764 1763
f 1809 1810 1764
f 1809 1763 1762
f 1762 1808 1809
f 1855 1809 1854
f 1854 1809 1808
f 1807 1853 1854
f 1854 1808 1807
f 1900 1901 1854
f 1854 1901 1855
f 1854 1899 1900
f 1854 1853 1899
f 1860 1861 1815
f 1815 1814 1860
f 1860 1814 1813
f 1813 1859 1860
f 1906 1907 1860
f 1860 1907 1861
f 1905 1906 1860
f 1860 1859 1905
f 2094 2048 2047
f 2047 2093 2094
f 2092 2093 2047
f 2047 2046 2092
f 2048 2002 2047
f 2002 2001 2047
f 2000 2046 2047
f 2047 2001 2000
f 2138 2092 2137
f 2092 2091 2137
f 2137 2090 2136
f 2137 2091 2090
f 2137 2184 2138
f 2183 2184 2137
f 2137 2182 2183
f 2136 2182 2137
f 1082 1083 1036
f 1036 1083 1037
f 991 990 1036
f 1037 991 1036
f 990 989 1036
f 1036 989 1035
f 1080 1126 1081
f 1126 1127 1081
f 1128 1082 1081
f 1081 1127 1128
f 1034 1080 1081
f 1081 1035 1034
f 1082 1036 1081
f 1081 1036 1035
f 942 989 943
f 988 989 942
f 942 897 896
f 943 897 942
f 1024 977 1023
f 978 977 1024
f 1024 979 978
f 1024 1025 979
f 1024 1069 1070
f 1023 1069 1024
f 1070 1071 1024
f 1071 1025 1024
f 889 936 890
f 935 936 889
f 934 935 889
f 889 888 934
f 842 888 889
f 889 843 842
f 844 797 843
f 798 797 844
f 844 890 891
f 891 845 844
f 844 889 890
f 843 889 844
f 891 892 846
f 846 845 891
f 846 892 893
f 893 847 846
f 895 849 848
f 894 895 848
f 893 894 848
f 848 847 893
f 849 803 848
f 848 803 802
f 1122 1169 1123
f 1122 1168 1169
f 1121 1167 1122
f 1167 1168 1122
f 1122 1123 1077
f 1077 1076 1122
f 1075 1121 1122
f 1122 1076 1075
f 1218 1217 1264
f 1217 1263 1264
f 1216 1215 1262
f 1262 1215 1261
f 1262 1217 1216
f 1262 1263 1217
f 1223 1178 1177
f 1224 1178 1223
f 1177 1176 1223
f 1176 1222 1223
f 1223 1269 1270
f 1270 1224 1223
f 1223 1222 1268
f 1268 1269 1223
f 764 763 809
f 809 810 764
f 762 808 809
f 809 763 762
f 856 810 809
f 809 855 856
f 854 855 809
f 809 808 854
f 812 813 767
f 767 766 812
f 814 768 767
f 767 813 814
f 781 735 780
f 780 735 734
f 869 823 822
f 869 822 868
f 869 870 824
f 824 823 869
f 869 916 870
f 915 916 869
f 917 916 963
f 963 916 962
f 964 963 1009
f 964 1009 1010
f 964 918 917
f 917 963 964
f 1059 1060 1014
f 1014 1013 1059
f 1014 968 967
f 967 1013 1014
f 874 920 921
f 875 874 921
f 592 593 546
f 546 593 547
f 546 545 591
f 546 591 592
f 407 453 454
f 454 408 407
f 644 598 643
f 643 598 597
f 686 685 732
f 732 685 731
f 686 732 687
f 687 732 733
f 734 688 687
f 687 733 734
f 775 776 730
f 729 775 730
f 730 776 777
f 777 731 730
f 730 683 729
f 684 683 730
f 730 685 684
f 731 685 730
f 729 728 774
f 774 775 729
f 774 728 727
f 727 773 774
f 821 775 774
f 820 821 774
f 774 819 820
f 774 773 819
f 772 725 771
f 772 726 725
f 772 773 727
f 727 726 772
f 772 771 817
f 817 818 772
f 819 773 772
f 772 818 819
f 904 859 858
f 904 905 859
f 858 857 904
f 857 903 904
f 902 855 901
f 856 855 902
f 902 857 856
f 902 903 857
f 1130 1131 1085
f 1085 1084 1130
f 1085 1131 1132
f 1132 1086 1085
f 1085 1038 1084
f 1085 1039 1038
f 1085 1086 1040
f 1040 1039 1085
f 1008 963 962
f 1009 963 1008
f 1008 1054 1055
f 1055 1009 1008
f 954 907 953
f 908 907 954
f 865 866 820
f 820 819 865
f 819 818 865
f 818 864 865
f 863 818 817
f 863 864 818
f 1133 1179 1134
f 1134 1179 1180
f 1181 1135 1134
f 1180 1181 1134
f 1316 1317 1271
f 1271 1270 1316
f 1271 1225 1224
f 1271 1224 1270
f 1226 1225 1271
f 1271 1272 1226
f 1363 1364 1318
f 1318 1317 1363
f 1318 1271 1317
f 1272 1271 1318
f 1274 1228 1273
f 1228 1227 1273
f 1273 1227 1226
f 1226 1272 1273
f 1294 1248 1293
f 1293 1248 1247
f 1293 1340 1294
f 1339 1340 1293
f 1201 1155 1200
f 1200 1155 1154
f 1154 1153 1200
f 1153 1199 1200
f 1429 1384 1383
f 1430 1384 1429
f 1429 1476 1430
f 1475 1476 1429
f 923 924 878
f 878 877 923
f 878 832 831
f 831 877 878
f 1019 1066 1020
f 1065 1066 1019
f 1064 1065 1019
f 1019 1018 1064
f 1017 1018 972
f 1017 972 971
f 970 1016 1017
f 1017 971 970
f 971 972 925
f 972 926 925
f 925 924 970
f 970 971 925
f 408 454 409
f 409 454 455
f 409 364 363
f 410 364 409
f 314 267 313
f 268 267 314
f 408 409 362
f 362 409 363
f 407 408 362
f 362 361 407
f 494 539 540
f 493 539 494
f 542 541 587
f 587 588 542
f 679 725 680
f 725 726 680
f 727 681 680
f 680 726 727
f 681 682 635
f 635 682 636
f 635 680 681
f 634 680 635
f 635 636 590
f 590 589 635
f 589 588 635
f 588 634 635
f 632 677 678
f 632 631 677
f 632 586 585
f 585 631 632
f 719 765 766
f 719 766 720
f 719 718 764
f 764 765 719
f 629 628 675
f 628 674 675
f 629 675 630
f 630 675 676
f 630 676 677
f 677 631 630
f 630 583 629
f 584 583 630
f 585 584 630
f 630 631 585
f 1743 1742 1789
f 1789 1742 1788
f 1789 1790 1744
f 1789 1744 1743
f 2892 2891 2937
f 2937 2938 2892
f 2891 2892 2846
f 2846 2845 2891
f 224 178 177
f 177 223 224
f 133 87 132
f 132 87 86
f 179 226 180
f 225 226 179
f 178 224 179
f 179 224 225
f 133 132 179
f 179 132 178
f 85 38 37
f 85 37 84
f 86 87 39
f 39 87 40
f 38 85 39
f 39 85 86
f 40 2939 39
f 39 2939 2938
f 2937 38 39
f 39 2938 2937
f 363 364 318
f 317 363 318
f 1490 1536 1491
f 1491 1536 1537
f 1537 1538 1491
f 1538 1492 1491
f 1491 1444 1490
f 1491 1445 1444
f 1446 1445 1491
f 1491 1492 1446
f 1493 1447 1446
f 1446 1492 1493
f 1539 1540 1493
f 1493 1540 1494
f 1493 1538 1539
f 1493 1492 1538
f 1398 1443 1444
f 1397 1443 1398
f 1350 1396 1351
f 1396 1397 1351
f 1353 1354 1308
f 1307 1353 1308
f 1308 1354 1355
f 1355 1309 1308
f 1308 1261 1307
f 1308 1262 1261
f 1263 1262 1308
f 1308 1309 1263
f 1402 1401 1448
f 1448 1401 1447
f 1448 1403 1402
f 1448 1449 1403
f 1447 1493 1448
f 1448 1493 1494
f 1494 1495 1448
f 1495 1449 1448
f 1259 1260 1214
f 1214 1213 1259
f 1256 1211 1210
f 1256 1257 1211
f 1257 1256 1303
f 1303 1256 1302
f 1348 1349 1303
f 1303 1302 1348
f 1479 1525 1480
f 1480 1525 1526
f 1480 1433 1479
f 1480 1434 1433
f 1621 1575 1574
f 1574 1620 1621
f 1619 1620 1574
f 1573 1619 1574
f 1575 1529 1574
f 1574 1529 1528
f 1527 1573 1574
f 1574 1528 1527
f 1681 1680 1726
f 1726 1727 1681
f 1726 1772 1773
f 1773 1727 1726
f 1777 1731 1730
f 1776 1777 1730
f 484 439 438
f 485 439 484
f 484 437 483
f 438 437 484
f 484 531 485
f 530 531 484
f 484 483 529
f 529 530 484
f 391 438 392
f 391 437 438
f 391 390 436
f 436 437 391
f 392 346 391
f 391 346 345
f 344 390 391
f 345 344 391
f 578 532 577
f 532 531 577
f 577 530 576
f 577 531 530
f 577 624 578
f 623 624 577
f 576 622 577
f 577 622 623
f 669 714 715
f 668 714 669
f 623 622 669
f 669 622 668
f 572 525 571
f 572 526 525
f 573 527 572
f 527 526 572
f 375 421 376
f 421 422 376
f 330 329 376
f 376 329 375
f 376 331 330
f 376 377 331
f 332 379 333
f 332 378 379
f 331 377 332
f 377 378 332
f 333 287 332
f 332 287 286
f 285 331 332
f 332 286 285
f 610 656 657
f 657 611 610
f 703 702 748
f 748 749 703
f 703 749 750
f 750 704 703
f 703 656 702
f 703 657 656
f 570 569 616
f 616 569 615
f 665 666 619
f 619 666 620
f 619 574 573
f 620 574 619
f 573 572 619
f 619 572 618
f 665 619 664
f 664 619 618
f 665 664 711
f 711 664 710
f 759 806 760
f 759 805 806
f 804 805 759
f 759 758 804
f 760 714 759
f 714 713 759
f 752 751 797
f 752 797 798
f 798 844 799
f 799 844 845
f 845 846 799
f 799 846 800
f 799 752 798
f 753 752 799
f 801 756 755
f 802 756 801
f 847 848 801
f 801 848 802
f 801 846 847
f 800 846 801
f 755 756 709
f 709 756 710
f 710 664 709
f 709 664 663
f 755 709 754
f 754 709 708
f 754 799 800
f 753 799 754
f 754 801 755
f 800 801 754
f 423 376 422
f 377 376 423
f 301 302 256
f 256 255 301
f 257 211 256
f 211 210 256
f 251 252 206
f 206 205 251
f 252 253 206
f 253 207 206
f 208 162 161
f 161 207 208
f 245 244 291
f 291 244 290
f 291 246 245
f 291 292 246
f 291 336 337
f 291 290 336
f 337 338 291
f 338 292 291
f 356 357 311
f 356 311 310
f 355 401 356
f 356 401 402
f 403 357 356
f 356 402 403
f 263 264 218
f 218 217 263
f 263 217 216
f 216 262 263
f 537 584 538
f 537 583 584
f 582 583 537
f 537 536 582
f 538 539 492
f 492 539 493
f 532 533 487
f 487 486 532
f 487 533 534
f 534 488 487
f 487 441 440
f 440 486 487
f 442 441 487
f 487 488 442
f 562 608 563
f 563 608 609
f 609 610 563
f 610 564 563
f 517 516 563
f 563 516 562
f 563 518 517
f 563 564 518
f 660 614 613
f 613 659 660
f 615 614 660
f 660 661 615
f 2915 2870 2869
f 2915 2916 2870
f 16 17 2915
f 17 2916 2915
f 2918 2872 2917
f 2917 2872 2871
f 2871 2870 2917
f 2870 2916 2917
f 2917 18 19
f 2917 19 2918
f 17 18 2917
f 2917 2916 17
f 154 155 109
f 109 108 154
f 62 108 109
f 109 63 62
f 109 64 63
f 109 110 64
f 156 109 155
f 110 109 156
f 156 202 203
f 203 157 156
f 201 202 156
f 156 155 201
f 111 66 65
f 112 66 111
f 65 64 111
f 64 110 111
f 157 158 111
f 111 158 112
f 110 156 111
f 111 156 157
f 468 514 469
f 514 515 469
f 516 470 469
f 469 515 516
f 469 422 468
f 469 423 422
f 650 651 605
f 650 605 604
f 650 696 697
f 697 651 650
f 650 695 696
f 650 649 695
f 511 466 465
f 512 466 511
f 465 464 511
f 511 464 510
f 510 556 511
f 556 557 511
f 512 511 558
f 558 511 557
f 604 605 558
f 605 559 558
f 513 512 558
f 558 559 513
f 603 650 604
f 649 650 603
f 603 558 557
f 604 558 603
f 603 648 649
f 602 648 603
f 603 556 602
f 603 557 556
f 561 515 560
f 560 515 514
f 560 514 513
f 513 559 560
f 607 561 560
f 560 606 607
f 605 606 560
f 560 559 605
f 1142 1189 1143
f 1188 1189 1142
f 1324 1325 1279
f 1279 1278 1324
f 1324 1370 1371
f 1371 1325 1324
f 1233 1232 1278
f 1233 1278 1279
f 1186 1232 1233
f 1233 1187 1186
f 1233 1234 1188
f 1188 1187 1233
f 1280 1233 1279
f 1234 1233 1280
f 1235 1234 1280
f 1280 1281 1235
f 1280 1325 1326
f 1279 1325 1280
f 1326 1327 1280
f 1280 1327 1281
f 1464 1417 1463
f 1418 1417 1464
f 1464 1465 1419
f 1419 1418 1464
f 1463 1509 1464
f 1464 1509 1510
f 1513 1514 1467
f 1467 1514 1468
f 1697 1743 1698
f 1743 1744 1698
f 1698 1744 1745
f 1745 1699 1698
f 1651 1650 1696
f 1651 1696 1697
f 1012 1057 1058
f 1011 1057 1012
f 1059 1013 1012
f 1012 1058 1059
f 1010 1009 1056
f 1056 1009 1055
f 1056 1057 1011
f 1011 1010 1056
f 1103 1057 1056
f 1056 1102 1103
f 1775 1821 1822
f 1775 1822 1776
f 1775 1774 1820
f 1820 1821 1775
f 2246 2199 2245
f 2200 2199 2246
f 2246 2247 2201
f 2201 2200 2246
f 2245 2291 2246
f 2246 2291 2292
f 2292 2293 2246
f 2293 2247 2246
f 2155 2109 2154
f 2154 2109 2108
f 2154 2201 2155
f 2154 2200 2201
f 2196 2149 2195
f 2196 2150 2149
f 2197 2151 2196
f 2151 2150 2196
f 2195 2241 2196
f 2241 2242 2196
f 2243 2197 2196
f 2196 2242 2243
f 2253 2207 2206
f 2206 2252 2253
f 2206 2207 2161
f 2161 2160 2206
f 2206 2251 2252
f 2206 2205 2251
f 2206 2160 2159
f 2159 2205 2206
f 1840 1794 1793
f 1793 1839 1840
f 1841 1795 1840
f 1840 1795 1794
f 1930 1976 1931
f 1976 1977 1931
f 2104 2150 2105
f 2105 2150 2151
f 2105 2058 2104
f 2059 2058 2105
f 2016 2015 2061
f 2061 2062 2016
f 2013 1967 1966
f 1966 2012 2013
f 1966 2011 2012
f 1966 1965 2011
f 1793 1792 1838
f 1838 1839 1793
f 1838 1792 1791
f 1791 1837 1838
f 1739 1784 1785
f 1738 1784 1739
f 1786 1740 1739
f 1739 1785 1786
f 1646 1645 1691
f 1691 1692 1646
f 1691 1645 1644
f 1644 1690 1691
f 1826 1871 1872
f 1825 1871 1826
f 1872 1873 1826
f 1873 1827 1826
f 1826 1779 1825
f 1780 1779 1826
f 1781 1826 1827
f 1780 1826 1781
f 1781 1827 1828
f 1828 1782 1781
f 1735 1734 1781
f 1734 1780 1781
f 1781 1736 1735
f 1781 1782 1736
f 1834 1879 1880
f 1834 1833 1879
f 1788 1787 1834
f 1787 1833 1834
f 2328 2327 2373
f 2373 2374 2328
f 2373 2327 2326
f 2326 2372 2373
f 2329 2328 2375
f 2328 2374 2375
f 2375 2330 2329
f 2375 2376 2330
f 2375 2420 2421
f 2375 2374 2420
f 2376 2375 2422
f 2422 2375 2421
f 2377 2376 2422
f 2422 2423 2377
f 2422 2467 2468
f 2421 2467 2422
f 2422 2468 2469
f 2469 2423 2422
f 2337 2336 2382
f 2382 2383 2337
f 2382 2336 2335
f 2335 2381 2382
f 2511 2512 2466
f 2465 2511 2466
f 2466 2512 2513
f 2513 2467 2466
f 2421 2420 2466
f 2466 2467 2421
f 2424 2470 2471
f 2424 2471 2425
f 2469 2470 2424
f 2424 2423 2469
f 2379 2378 2424
f 2425 2379 2424
f 2424 2378 2377
f 2377 2423 2424
f 2476 2431 2430
f 2476 2477 2431
f 2476 2522 2523
f 2523 2477 2476
f 2521 2522 2476
f 2476 2475 2521
f 2798 2753 2752
f 2799 2753 2798
f 2071 2116 2117
f 2070 2116 2071
f 2071 2117 2118
f 2071 2118 2072
f 2026 2025 2071
f 2072 2026 2071
f 1979 1933 1978
f 1978 1933 1932
f 1978 1931 1977
f 1932 1931 1978
f 2023 2022 2069
f 2069 2022 2068
f 368 369 323
f 323 322 368
f 138 184 185
f 139 138 185
f 185 140 139
f 186 140 185
f 276 322 323
f 323 277 276
f 413 368 367
f 414 368 413
f 366 413 367
f 412 413 366
f 2828 2874 2875
f 2828 2875 2829
f 2828 2827 2873
f 2873 2874 2828
f 2828 2783 2782
f 2829 2783 2828
f 2781 2827 2828
f 2782 2781 2828
f 2786 2785 2831
f 2831 2832 2786
f 2831 2785 2784
f 2784 2830 2831
f 2833 2834 2788
f 2788 2787 2833
f 2833 2787 2786
f 2786 2832 2833
f 2880 2834 2833
f 2833 2879 2880
f 2878 2879 2833
f 2833 2832 2878
f 176 223 177
f 176 222 223
f 176 175 221
f 221 222 176
f 130 129 176
f 176 129 175
f 126 127 81
f 81 80 126
f 80 79 126
f 79 125 126
f 172 218 219
f 219 173 172
f 172 217 218
f 172 171 217
f 172 173 127
f 127 126 172
f 125 171 172
f 172 126 125
f 170 169 215
f 170 215 216
f 216 217 170
f 217 171 170
f 2617 2663 2618
f 2663 2664 2618
f 2618 2664 2665
f 2665 2619 2618
f 2618 2571 2617
f 2572 2571 2618
f 2619 2573 2618
f 2618 2573 2572
f 2709 2756 2710
f 2755 2756 2709
f 2709 2708 2754
f 2709 2754 2755
f 2710 2664 2709
f 2709 2664 2663
f 2663 2662 2709
f 2662 2708 2709
f 2564 2517 2563
f 2518 2517 2564
f 2519 2518 2564
f 2564 2565 2519
f 2563 2609 2564
f 2564 2609 2610
f 2614 2568 2613
f 2568 2567 2613
f 2613 2567 2566
f 2566 2612 2613
f 2613 2660 2614
f 2613 2659 2660
f 2658 2659 2613
f 2613 2612 2658
f 2565 2564 2611
f 2611 2564 2610
f 2566 2565 2611
f 2611 2612 2566
f 2656 2657 2611
f 2611 2610 2656
f 2611 2657 2658
f 2658 2612 2611
f 2532 2531 2578
f 2531 2577 2578
f 2623 2624 2578
f 2578 2577 2623
f 2669 2624 2623
f 2669 2670 2624
f 2669 2715 2716
f 2716 2670 2669
f 2806 2761 2760
f 2807 2761 2806
f 2712 2711 2757
f 2757 2758 2712
f 2665 2711 2712
f 2712 2666 2665
f 2759 2713 2712
f 2712 2758 2759
f 2574 2528 2527
f 2527 2573 2574
f 2714 2715 2668
f 2715 2669 2668
f 2668 2669 2623
f 2623 2622 2668
f 2531 2530 2576
f 2576 2577 2531
f 2623 2577 2576
f 2576 2622 2623
f 2390 2344 2389
f 2344 2343 2389
f 2389 2436 2390
f 2435 2436 2389
f 2389 2388 2434
f 2389 2434 2435
f 2342 2295 2341
f 2296 2295 2342
f 2342 2297 2296
f 2342 2343 2297
f 2342 2341 2387
f 2387 2388 2342
f 2342 2389 2343
f 2388 2389 2342
f 19 66 20
f 66 67 20
f 68 21 20
f 20 67 68
f 2919 2918 20
f 2918 19 20
f 20 2920 2919
f 20 21 2920
f 161 115 160
f 160 115 114
f 160 206 207
f 160 207 161
f 160 159 205
f 205 206 160
f 158 159 113
f 112 158 113
f 113 160 114
f 159 160 113
f 113 66 112
f 113 67 66
f 113 114 68
f 68 67 113
f 2679 2633 2678
f 2633 2632 2678
f 2678 2632 2631
f 2631 2677 2678
f 2678 2724 2725
f 2725 2679 2678
f 2723 2724 2678
f 2678 2677 2723
f 2727 2728 2682
f 2682 2681 2727
f 2680 2726 2727
f 2727 2681 2680
f 2774 2728 2727
f 2727 2773 2774
f 2772 2773 2727
f 2727 2726 2772
f 2461 2462 2416
f 2416 2415 2461
f 2461 2507 2508
f 2508 2462 2461
f 2506 2507 2461
f 2461 2460 2506
f 2414 2461 2415
f 2460 2461 2414
f 2413 2459 2414
f 2459 2460 2414
f 2415 2369 2414
f 2414 2369 2368
f 2414 2367 2413
f 2368 2367 2414
f 49 96 50
f 49 95 96
f 2856 2857 2811
f 2856 2811 2810
f 2810 2809 2856
f 2856 2809 2855
f 2855 2901 2856
f 2901 2902 2856
f 2857 2856 2903
f 2903 2856 2902
f 2903 2904 2858
f 2858 2857 2903
f 5 2904 2903
f 2903 4 5
f 3 50 51
f 51 4 3
f 3 2903 2902
f 4 2903 3
f 3 49 50
f 2 49 3
f 3 2902 2901
f 3 2901 2
f 2534 2533 2580
f 2580 2533 2579
f 2580 2581 2535
f 2580 2535 2534
f 2719 2673 2718
f 2673 2672 2718
f 2718 2765 2719
f 2718 2764 2765
f 1431 1384 1430
f 1385 1384 1431
f 1431 1432 1386
f 1386 1385 1431
f 1522 1569 1523
f 1568 1569 1522
f 1845 1892 1846
f 1891 1892 1845
f 1798 1752 1751
f 1798 1751 1797
f 1709 1710 1664
f 1664 1663 1709
f 1709 1756 1710
f 1709 1755 1756
f 1660 1706 1707
f 1707 1661 1660
f 1662 1617 1616
f 1663 1617 1662
f 1662 1616 1615
f 1615 1661 1662
f 2276 2275 2321
f 2322 2276 2321
f 2321 2367 2368
f 2368 2322 2321
f 2323 2324 2278
f 2278 2277 2323
f 2323 2277 2276
f 2323 2276 2322
f 2323 2370 2324
f 2369 2370 2323
f 2368 2369 2323
f 2323 2322 2368
f 2220 2266 2267
f 2267 2221 2220
f 2312 2313 2267
f 2266 2312 2267
f 2177 2223 2178
f 2223 2224 2178
f 2178 2224 2225
f 2225 2179 2178
f 2178 2131 2177
f 2178 2132 2131
f 2133 2132 2178
f 2178 2179 2133
f 2180 2134 2133
f 2133 2179 2180
f 2225 2226 2180
f 2180 2179 2225
f 2227 2226 2272
f 2272 2273 2227
f 2454 2407 2453
f 2454 2408 2407
f 2455 2409 2454
f 2409 2408 2454
f 2499 2500 2454
f 2454 2453 2499
f 2454 2500 2501
f 2501 2455 2454
f 2456 2457 2410
f 2410 2457 2411
f 2410 2455 2456
f 2410 2409 2455
f 2411 2412 2365
f 2365 2412 2366
f 2365 2410 2411
f 2364 2410 2365
f 2317 2270 2316
f 2317 2271 2270
f 2316 2315 2362
f 2362 2315 2361
f 2362 2361 2407
f 2407 2408 2362
f 940 986 941
f 986 987 941
f 941 987 988
f 988 942 941
f 941 894 940
f 941 895 894
f 896 895 941
f 941 942 896
f 1265 1312 1266
f 1311 1312 1265
f 1265 1220 1219
f 1266 1220 1265
f 1265 1219 1218
f 1218 1264 1265
f 1311 1265 1310
f 1310 1265 1264
f 1310 1264 1263
f 1263 1309 1310
f 1357 1311 1310
f 1310 1356 1357
f 1355 1356 1310
f 1310 1309 1355
f 721 768 722
f 721 767 768
f 766 767 721
f 720 766 721
f 722 676 721
f 676 675 721
f 721 675 674
f 721 674 720
f 736 781 782
f 736 735 781
f 779 780 734
f 734 733 779
f 872 918 919
f 919 873 872
f 874 873 919
f 919 920 874
f 692 645 691
f 646 645 692
f 737 692 691
f 738 692 737
f 784 738 737
f 737 783 784
f 691 690 737
f 690 736 737
f 737 736 782
f 782 783 737
f 829 828 874
f 829 874 875
f 782 828 829
f 829 783 782
f 875 876 829
f 876 830 829
f 784 783 829
f 829 830 784
f 875 921 922
f 922 876 875
f 967 968 922
f 922 921 967
f 593 594 548
f 547 593 548
f 594 595 548
f 548 595 549
f 549 595 596
f 550 549 596
f 499 545 500
f 545 546 500
f 500 546 547
f 547 501 500
f 500 453 499
f 500 454 453
f 455 454 500
f 500 501 455
f 735 736 689
f 689 736 690
f 689 690 644
f 644 643 689
f 734 735 689
f 689 688 734
f 550 596 551
f 551 596 597
f 597 598 551
f 551 598 552
f 414 413 460
f 460 413 459
f 1087 1042 1041
f 1088 1042 1087
f 1040 1086 1087
f 1087 1041 1040
f 1133 1134 1087
f 1087 1134 1088
f 1087 1132 1133
f 1087 1086 1132
f 1137 1182 1183
f 1137 1136 1182
f 1183 1184 1137
f 1184 1138 1137
f 1139 1093 1092
f 1092 1138 1139
f 1089 1134 1135
f 1088 1134 1089
f 1089 1135 1136
f 1136 1090 1089
f 1089 1042 1088
f 1043 1042 1089
f 1054 1053 1100
f 1100 1053 1099
f 1099 1145 1100
f 1145 1146 1100
f 957 911 910
f 910 956 957
f 910 865 864
f 911 865 910
f 960 959 1005
f 1005 1006 960
f 959 958 1005
f 1005 958 1004
f 1005 1052 1006
f 1051 1052 1005
f 1004 958 1003
f 1003 958 957
f 955 954 1000
f 1001 955 1000
f 1000 954 953
f 953 999 1000
f 1000 1045 1046
f 1000 999 1045
f 1044 1089 1090
f 1043 1089 1044
f 816 815 862
f 815 861 862
f 817 816 862
f 862 863 817
f 862 907 908
f 861 907 862
f 1319 1364 1365
f 1319 1318 1364
f 1272 1318 1319
f 1319 1273 1272
f 1339 1293 1338
f 1338 1293 1292
f 1338 1385 1339
f 1338 1384 1385
f 1246 1293 1247
f 1292 1293 1246
f 1246 1247 1201
f 1201 1200 1246
f 973 1020 974
f 973 1019 1020
f 1018 1019 973
f 972 1018 973
f 1062 1108 1063
f 1063 1108 1109
f 1063 1016 1062
f 1063 1017 1016
f 1063 1110 1064
f 1063 1109 1110
f 1064 1018 1063
f 1018 1017 1063
f 879 925 926
f 926 880 879
f 833 832 879
f 832 878 879
f 879 878 924
f 924 925 879
f 790 789 835
f 835 836 790
f 360 313 359
f 360 314 313
f 405 406 360
f 359 405 360
f 360 406 407
f 407 361 360
f 316 362 363
f 316 363 317
f 541 542 495
f 495 542 496
f 540 541 495
f 495 494 540
f 496 450 495
f 450 449 495
f 447 492 493
f 446 492 447
f 400 446 447
f 447 401 400
f 544 498 543
f 498 497 543
f 543 497 496
f 496 542 543
f 590 544 543
f 543 589 590
f 543 542 588
f 543 588 589
f 679 680 633
f 633 680 634
f 633 678 679
f 633 632 678
f 633 588 587
f 633 634 588
f 587 586 633
f 586 632 633
f 1657 1658 1612
f 1612 1611 1657
f 1704 1749 1750
f 1704 1703 1749
f 1704 1658 1657
f 1657 1703 1704
f 2893 2848 2847
f 2894 2848 2893
f 2893 2846 2892
f 2847 2846 2893
f 2893 2940 2894
f 2939 2940 2893
f 2893 2892 2938
f 2938 2939 2893
f 2845 2846 2800
f 2799 2845 2800
f 2847 2801 2800
f 2800 2846 2847
f 2754 2753 2800
f 2800 2753 2799
f 2800 2801 2755
f 2755 2754 2800
f 139 140 93
f 93 140 94
f 272 226 225
f 225 271 272
f 317 318 272
f 272 271 317
f 226 272 227
f 227 272 273
f 180 226 227
f 181 180 227
f 41 2939 40
f 41 2940 2939
f 40 87 41
f 87 88 41
f 225 224 270
f 270 271 225
f 270 316 317
f 317 271 270
f 131 176 177
f 130 176 131
f 177 178 131
f 178 132 131
f 84 130 131
f 131 85 84
f 131 132 86
f 86 85 131
f 2896 2849 2895
f 2850 2849 2896
f 2943 45 2944
f 44 45 2943
f 2943 2942 43
f 2943 43 44
f 134 179 180
f 133 179 134
f 134 180 181
f 181 135 134
f 134 87 133
f 134 88 87
f 89 88 134
f 134 135 89
f 92 45 44
f 44 91 92
f 92 138 139
f 139 93 92
f 44 43 90
f 90 91 44
f 89 135 90
f 90 135 136
f 1399 1446 1400
f 1399 1445 1446
f 1444 1445 1399
f 1399 1398 1444
f 1400 1354 1399
f 1399 1354 1353
f 1398 1399 1352
f 1352 1399 1353
f 1397 1398 1352
f 1352 1351 1397
f 1307 1306 1352
f 1352 1353 1307
f 1258 1212 1211
f 1211 1257 1258
f 1213 1212 1258
f 1258 1259 1213
f 1255 1209 1208
f 1208 1254 1255
f 1210 1209 1255
f 1255 1256 1210
f 1255 1254 1300
f 1300 1301 1255
f 1255 1301 1302
f 1302 1256 1255
f 1351 1352 1305
f 1305 1352 1306
f 1305 1306 1260
f 1260 1259 1305
f 1528 1482 1481
f 1527 1528 1481
f 1481 1526 1527
f 1481 1480 1526
f 1436 1435 1481
f 1481 1482 1436
f 1435 1434 1481
f 1434 1480 1481
f 1679 1678 1725
f 1725 1678 1724
f 1725 1680 1679
f 1725 1726 1680
f 1770 1771 1725
f 1724 1770 1725
f 1771 1772 1725
f 1772 1726 1725
f 1729 1682 1728
f 1683 1682 1729
f 1728 1774 1729
f 1774 1775 1729
f 1776 1730 1729
f 1729 1775 1776
f 1683 1729 1684
f 1684 1729 1730
f 1684 1731 1685
f 1684 1730 1731
f 1638 1637 1684
f 1684 1637 1683
f 1684 1639 1638
f 1685 1639 1684
f 672 717 718
f 672 671 717
f 626 625 672
f 625 671 672
f 715 716 670
f 670 669 715
f 716 717 670
f 717 671 670
f 670 624 623
f 623 669 670
f 670 625 624
f 670 671 625
f 658 704 705
f 705 659 658
f 658 703 704
f 657 703 658
f 658 613 612
f 658 659 613
f 612 611 658
f 611 657 658
f 617 664 618
f 663 664 617
f 617 572 571
f 618 572 617
f 571 570 617
f 570 616 617
f 663 617 662
f 662 617 616
f 662 616 615
f 615 661 662
f 662 709 663
f 708 709 662
f 667 622 621
f 668 622 667
f 667 621 620
f 620 666 667
f 667 714 668
f 667 713 714
f 712 667 666
f 713 667 712
f 712 666 665
f 665 711 712
f 758 759 712
f 712 759 713
f 705 751 706
f 751 752 706
f 706 660 659
f 706 659 705
f 757 712 711
f 758 712 757
f 757 711 710
f 710 756 757
f 757 803 804
f 804 758 757
f 802 803 757
f 757 756 802
f 425 379 424
f 379 378 424
f 424 378 377
f 377 423 424
f 471 425 424
f 424 470 471
f 424 469 470
f 423 469 424
f 254 207 253
f 254 208 207
f 253 299 254
f 299 300 254
f 254 300 301
f 301 255 254
f 255 256 209
f 209 256 210
f 208 254 209
f 209 254 255
f 164 163 209
f 209 210 164
f 163 162 209
f 162 208 209
f 352 397 398
f 352 351 397
f 396 397 350
f 397 351 350
f 214 260 261
f 261 215 214
f 261 262 216
f 216 215 261
f 260 259 306
f 259 305 306
f 306 261 260
f 307 261 306
f 351 352 306
f 305 351 306
f 262 261 308
f 308 261 307
f 491 490 536
f 536 537 491
f 491 537 538
f 538 492 491
f 2868 2867 2914
f 2867 2913 2914
f 2914 2869 2868
f 2914 2915 2869
f 14 15 2914
f 2914 2913 14
f 2914 15 16
f 16 2915 2914
f 1141 1140 1186
f 1186 1187 1141
f 1188 1142 1141
f 1141 1187 1188
f 1276 1322 1323
f 1323 1277 1276
f 1278 1277 1323
f 1323 1324 1278
f 1323 1322 1368
f 1368 1369 1323
f 1323 1369 1370
f 1370 1324 1323
f 1328 1327 1373
f 1373 1374 1328
f 1326 1372 1373
f 1373 1327 1326
f 1419 1420 1373
f 1373 1420 1374
f 1373 1372 1418
f 1373 1418 1419
f 1559 1514 1513
f 1560 1514 1559
f 1556 1602 1557
f 1602 1603 1557
f 1557 1603 1604
f 1604 1558 1557
f 1512 1559 1513
f 1558 1559 1512
f 1513 1467 1512
f 1512 1467 1466
f 1700 1746 1701
f 1746 1747 1701
f 1701 1748 1702
f 1701 1747 1748
f 1654 1699 1700
f 1653 1699 1654
f 1700 1701 1654
f 1654 1701 1655
f 1652 1698 1699
f 1652 1699 1653
f 1697 1698 1652
f 1652 1651 1697
f 1103 1102 1148
f 1148 1149 1103
f 1104 1105 1059
f 1059 1058 1104
f 1058 1057 1104
f 1104 1057 1103
f 1421 1420 1466
f 1466 1467 1421
f 1374 1420 1421
f 1421 1375 1374
f 1611 1612 1565
f 1565 1612 1566
f 2107 2108 2062
f 2062 2061 2107
f 2152 2197 2198
f 2152 2151 2197
f 2152 2105 2151
f 2106 2105 2152
f 1886 1933 1887
f 1932 1933 1886
f 1886 1887 1841
f 1841 1840 1886
f 1886 1931 1932
f 1885 1931 1886
f 1886 1840 1839
f 1839 1885 1886
f 2059 2105 2060
f 2060 2105 2106
f 2060 2107 2061
f 2106 2107 2060
f 2060 2014 2013
f 2013 2059 2060
f 2015 2014 2060
f 2060 2061 2015
f 1919 1965 1920
f 1965 1966 1920
f 1967 1921 1920
f 1920 1966 1967
f 1920 1873 1919
f 1874 1873 1920
f 1875 1874 1920
f 1920 1921 1875
f 1884 1929 1930
f 1884 1883 1929
f 1884 1837 1883
f 1884 1838 1837
f 1930 1931 1884
f 1884 1931 1885
f 1839 1838 1884
f 1884 1885 1839
f 1693 1740 1694
f 1693 1739 1740
f 1738 1739 1693
f 1693 1692 1738
f 1694 1648 1693
f 1693 1648 1647
f 1647 1646 1693
f 1646 1692 1693
f 1692 1691 1737
f 1738 1692 1737
f 1737 1690 1736
f 1737 1691 1690
f 1783 1784 1737
f 1737 1784 1738
f 1737 1782 1783
f 1736 1782 1737
f 1835 1881 1882
f 1882 1836 1835
f 1880 1881 1835
f 1835 1834 1880
f 1836 1790 1835
f 1790 1789 1835
f 1835 1789 1788
f 1788 1834 1835
f 2419 2372 2418
f 2419 2373 2372
f 2374 2373 2419
f 2420 2374 2419
f 2418 2464 2419
f 2419 2464 2465
f 2465 2466 2419
f 2419 2466 2420
f 2797 2751 2750
f 2750 2796 2797
f 2752 2751 2797
f 2797 2798 2752
f 2799 2798 2844
f 2844 2845 2799
f 2844 2890 2891
f 2891 2845 2844
f 2023 2069 2024
f 2024 2069 2070
f 2024 1977 2023
f 2024 1978 1977
f 2024 2071 2025
f 2070 2071 2024
f 2024 2025 1979
f 1979 1978 2024
f 2114 2160 2115
f 2115 2160 2161
f 2068 2114 2115
f 2115 2069 2068
f 2115 2161 2162
f 2162 2116 2115
f 2115 2116 2070
f 2070 2069 2115
f 186 185 232
f 232 185 231
f 231 277 232
f 277 278 232
f 369 368 415
f 415 368 414
f 414 460 415
f 415 460 461
f 416 370 415
f 415 370 369
f 462 416 415
f 415 461 462
f 462 461 507
f 507 508 462
f 182 228 229
f 229 183 182
f 182 135 181
f 136 135 182
f 181 227 182
f 182 227 228
f 137 92 91
f 138 92 137
f 137 184 138
f 137 183 184
f 91 90 137
f 137 90 136
f 137 182 183
f 136 182 137
f 230 183 229
f 184 183 230
f 230 185 184
f 231 185 230
f 230 276 277
f 230 277 231
f 276 230 275
f 275 230 229
f 319 272 318
f 273 272 319
f 365 318 364
f 365 319 318
f 2832 2831 2877
f 2878 2832 2877
f 2877 2830 2876
f 2877 2831 2830
f 2923 2924 2877
f 2924 2878 2877
f 2877 2922 2923
f 2877 2876 2922
f 123 169 124
f 169 170 124
f 124 171 125
f 124 170 171
f 78 77 124
f 124 77 123
f 124 79 78
f 124 125 79
f 2715 2761 2762
f 2716 2715 2762
f 2762 2761 2807
f 2807 2808 2762
f 2758 2804 2805
f 2759 2758 2805
f 2805 2760 2759
f 2805 2806 2760
f 2807 2806 2853
f 2853 2806 2852
f 2853 2808 2807
f 2854 2808 2853
f 2665 2666 2620
f 2620 2619 2665
f 2620 2573 2619
f 2620 2574 2573
f 2666 2712 2667
f 2667 2712 2713
f 2667 2713 2714
f 2714 2668 2667
f 2529 2528 2575
f 2528 2574 2575
f 2575 2530 2529
f 2575 2576 2530
f 2572 2526 2525
f 2525 2571 2572
f 2570 2571 2525
f 2525 2524 2570
f 2523 2524 2478
f 2478 2477 2523
f 2524 2525 2478
f 2478 2525 2479
f 2432 2431 2478
f 2431 2477 2478
f 2478 2433 2432
f 2478 2479 2433
f 2480 2481 2435
f 2435 2434 2480
f 2434 2433 2480
f 2433 2479 2480
f 2527 2481 2480
f 2480 2526 2527
f 2480 2525 2526
f 2479 2525 2480
f 2626 2673 2627
f 2626 2672 2673
f 2627 2581 2626
f 2581 2580 2626
f 2671 2672 2626
f 2626 2625 2671
f 2626 2580 2579
f 2579 2625 2626
f 2717 2718 2672
f 2717 2672 2671
f 2763 2764 2717
f 2764 2718 2717
f 1524 1478 1477
f 1477 1523 1524
f 1477 1478 1432
f 1432 1431 1477
f 1477 1522 1523
f 1476 1522 1477
f 1430 1476 1477
f 1477 1431 1430
f 1567 1568 1521
f 1568 1522 1521
f 1521 1476 1475
f 1521 1522 1476
f 1889 1890 1844
f 1844 1843 1889
f 1844 1798 1797
f 1797 1843 1844
f 1890 1891 1844
f 1891 1845 1844
f 1846 1800 1799
f 1799 1845 1846
f 1799 1844 1845
f 1798 1844 1799
f 1661 1707 1708
f 1708 1662 1661
f 1708 1754 1755
f 1755 1709 1708
f 1708 1709 1663
f 1663 1662 1708
f 2320 2365 2366
f 2319 2365 2320
f 2366 2367 2320
f 2367 2321 2320
f 2223 2222 2268
f 2269 2223 2268
f 2222 2221 2268
f 2221 2267 2268
f 2268 2315 2269
f 2314 2315 2268
f 2268 2313 2314
f 2268 2267 2313
f 2228 2182 2181
f 2181 2227 2228
f 2181 2180 2226
f 2226 2227 2181
f 2181 2136 2135
f 2181 2182 2136
f 2135 2134 2181
f 2134 2180 2181
f 2318 2273 2272
f 2319 2273 2318
f 2272 2271 2318
f 2271 2317 2318
f 2364 2365 2318
f 2318 2365 2319
f 2363 2318 2317
f 2364 2318 2363
f 2363 2317 2316
f 2316 2362 2363
f 2409 2410 2363
f 2363 2410 2364
f 2363 2408 2409
f 2363 2362 2408
f 859 905 860
f 905 906 860
f 860 907 861
f 860 906 907
f 860 813 859
f 814 813 860
f 860 815 814
f 860 861 815
f 777 823 778
f 778 823 824
f 778 732 731
f 778 731 777
f 733 732 778
f 778 779 733
f 825 870 871
f 824 870 825
f 825 778 824
f 779 778 825
f 965 964 1010
f 965 1010 1011
f 918 964 965
f 965 919 918
f 411 364 410
f 411 365 364
f 412 366 411
f 366 365 411
f 458 413 412
f 459 413 458
f 412 411 458
f 458 411 457
f 641 594 640
f 641 595 594
f 640 686 641
f 686 687 641
f 506 551 552
f 505 551 506
f 506 460 459
f 459 505 506
f 461 460 506
f 506 507 461
f 905 904 951
f 904 950 951
f 1136 1137 1091
f 1091 1090 1136
f 1091 1137 1138
f 1138 1092 1091
f 1091 1044 1090
f 1045 1044 1091
f 1046 1045 1091
f 1091 1092 1046
f 1006 1052 1007
f 1052 1053 1007
f 1054 1008 1007
f 1007 1053 1054
f 960 1006 1007
f 1007 961 960
f 962 961 1007
f 1007 1008 962
f 1098 1145 1099
f 1144 1145 1098
f 1098 1143 1144
f 1098 1097 1143
f 1099 1053 1098
f 1098 1053 1052
f 1098 1052 1051
f 1051 1097 1098
f 1096 1142 1143
f 1143 1097 1096
f 1047 1092 1093
f 1046 1092 1047
f 1047 1093 1094
f 1094 1048 1047
f 1001 1000 1047
f 1047 1000 1046
f 1101 1056 1055
f 1102 1056 1101
f 1055 1054 1101
f 1054 1100 1101
f 1101 1148 1102
f 1147 1148 1101
f 1101 1100 1146
f 1101 1146 1147
f 912 911 957
f 957 958 912
f 912 958 959
f 959 913 912
f 866 865 912
f 912 865 911
f 912 867 866
f 912 913 867
f 914 869 868
f 915 869 914
f 868 867 914
f 867 913 914
f 914 961 915
f 960 961 914
f 914 959 960
f 914 913 959
f 908 954 909
f 909 954 955
f 956 910 909
f 955 956 909
f 863 862 909
f 909 862 908
f 864 863 909
f 909 910 864
f 1002 955 1001
f 1002 956 955
f 957 956 1002
f 1002 1003 957
f 1002 1047 1048
f 1001 1047 1002
f 1002 1048 1049
f 1049 1003 1002
f 1366 1367 1320
f 1367 1321 1320
f 1365 1366 1320
f 1320 1319 1365
f 1275 1274 1320
f 1320 1321 1275
f 1274 1273 1320
f 1273 1319 1320
f 1383 1384 1337
f 1384 1338 1337
f 1337 1338 1292
f 1292 1291 1337
f 1245 1200 1199
f 1245 1246 1200
f 1292 1246 1245
f 1245 1291 1292
f 834 789 788
f 834 835 789
f 834 788 787
f 834 787 833
f 834 879 880
f 833 879 834
f 881 834 880
f 835 834 881
f 494 495 448
f 448 495 449
f 493 494 448
f 448 447 493
f 448 449 403
f 403 402 448
f 402 401 448
f 401 447 448
f 2944 45 46
f 46 2945 2944
f 45 92 46
f 46 92 93
f 2946 2945 46
f 46 47 2946
f 46 93 94
f 94 47 46
f 42 90 43
f 89 90 42
f 42 41 88
f 42 88 89
f 314 360 315
f 315 360 361
f 361 362 315
f 362 316 315
f 2897 2943 2944
f 2944 2898 2897
f 2942 2943 2897
f 2897 2896 2942
f 1304 1349 1350
f 1304 1303 1349
f 1350 1351 1304
f 1351 1305 1304
f 1257 1303 1304
f 1304 1258 1257
f 1259 1258 1304
f 1304 1305 1259
f 673 719 720
f 720 674 673
f 718 719 673
f 673 672 718
f 673 628 627
f 673 674 628
f 627 626 673
f 626 672 673
f 707 754 708
f 753 754 707
f 707 752 753
f 707 706 752
f 707 662 661
f 708 662 707
f 661 660 707
f 660 706 707
f 353 352 398
f 398 399 353
f 307 306 353
f 353 306 352
f 349 348 394
f 394 395 349
f 349 395 396
f 396 350 349
f 304 350 351
f 304 351 305
f 259 258 304
f 304 305 259
f 309 356 310
f 355 356 309
f 310 264 309
f 264 263 309
f 309 263 262
f 262 308 309
f 444 490 445
f 490 491 445
f 445 492 446
f 445 491 492
f 445 398 444
f 445 399 398
f 445 446 400
f 400 399 445
f 1605 1558 1604
f 1605 1559 1558
f 1560 1559 1605
f 1605 1606 1560
f 1604 1650 1605
f 1650 1651 1605
f 1651 1652 1605
f 1605 1652 1606
f 1511 1510 1556
f 1556 1557 1511
f 1511 1557 1558
f 1558 1512 1511
f 1465 1464 1511
f 1511 1464 1510
f 1466 1465 1511
f 1511 1512 1466
f 1656 1701 1702
f 1655 1701 1656
f 1702 1703 1656
f 1656 1703 1657
f 1657 1611 1656
f 1611 1610 1656
f 1281 1327 1282
f 1282 1327 1328
f 1282 1236 1235
f 1235 1281 1282
f 1282 1237 1236
f 1283 1237 1282
f 1328 1374 1329
f 1374 1375 1329
f 1329 1282 1328
f 1283 1282 1329
f 1193 1148 1147
f 1194 1148 1193
f 1422 1467 1468
f 1422 1421 1467
f 1468 1469 1422
f 1422 1469 1423
f 1375 1421 1422
f 1376 1375 1422
f 1377 1422 1423
f 1376 1422 1377
f 1515 1514 1560
f 1560 1561 1515
f 1468 1514 1515
f 1515 1469 1468
f 1472 1518 1519
f 1519 1473 1472
f 1519 1565 1566
f 1566 1520 1519
f 1564 1519 1518
f 1565 1519 1564
f 1611 1565 1564
f 1564 1610 1611
f 1564 1517 1563
f 1518 1517 1564
f 2153 2154 2108
f 2108 2107 2153
f 2106 2152 2153
f 2153 2107 2106
f 2153 2199 2200
f 2200 2154 2153
f 2198 2199 2153
f 2153 2152 2198
f 2430 2384 2429
f 2429 2384 2383
f 2383 2382 2429
f 2382 2428 2429
f 2429 2476 2430
f 2475 2476 2429
f 2474 2429 2428
f 2475 2429 2474
f 2474 2473 2519
f 2519 2520 2474
f 2474 2520 2521
f 2521 2475 2474
f 2427 2474 2428
f 2473 2474 2427
f 2427 2382 2381
f 2427 2428 2382
f 2843 2796 2842
f 2843 2797 2796
f 2798 2797 2843
f 2843 2844 2798
f 2842 2888 2843
f 2843 2888 2889
f 2889 2890 2843
f 2890 2844 2843
f 324 277 323
f 324 278 277
f 323 369 324
f 369 370 324
f 599 600 553
f 553 600 554
f 508 507 553
f 554 508 553
f 553 598 599
f 552 598 553
f 553 506 552
f 507 506 553
f 319 365 320
f 320 365 366
f 2944 2945 2899
f 2899 2898 2944
f 2899 2853 2852
f 2852 2898 2899
f 2899 2945 2946
f 2946 2900 2899
f 2854 2853 2899
f 2899 2900 2854
f 2621 2620 2666
f 2666 2667 2621
f 2574 2620 2621
f 2621 2575 2574
f 2621 2668 2622
f 2621 2667 2668
f 2622 2576 2621
f 2576 2575 2621
f 1753 1708 1707
f 1754 1708 1753
f 1800 1754 1753
f 1753 1799 1800
f 1706 1752 1753
f 1753 1707 1706
f 1752 1798 1753
f 1798 1799 1753
f 2319 2320 2274
f 2274 2273 2319
f 2274 2321 2275
f 2274 2320 2321
f 2274 2227 2273
f 2228 2227 2274
f 2274 2229 2228
f 2274 2275 2229
f 871 872 826
f 826 825 871
f 780 779 826
f 779 825 826
f 826 873 827
f 872 873 826
f 827 781 826
f 781 780 826
f 920 919 966
f 919 965 966
f 1011 1012 966
f 966 965 1011
f 966 921 920
f 967 921 966
f 966 1013 967
f 966 1012 1013
f 547 548 502
f 502 501 547
f 502 548 549
f 549 503 502
f 504 549 550
f 504 503 549
f 504 458 457
f 457 503 504
f 550 551 504
f 504 551 505
f 459 458 504
f 504 505 459
f 642 687 688
f 642 641 687
f 642 596 595
f 595 641 642
f 642 689 643
f 688 689 642
f 642 643 597
f 597 596 642
f 953 907 952
f 907 906 952
f 952 906 905
f 905 951 952
f 949 904 903
f 949 950 904
f 903 902 949
f 902 948 949
f 901 900 947
f 947 900 946
f 947 902 901
f 947 948 902
f 1041 1042 996
f 996 995 1041
f 950 949 996
f 996 949 995
f 1050 1097 1051
f 1050 1096 1097
f 1050 1005 1004
f 1051 1005 1050
f 1004 1003 1050
f 1050 1003 1049
f 1095 1048 1094
f 1049 1048 1095
f 1096 1050 1095
f 1095 1050 1049
f 1094 1140 1095
f 1140 1141 1095
f 1095 1141 1142
f 1142 1096 1095
f 927 926 972
f 972 973 927
f 927 880 926
f 927 881 880
f 2940 41 2941
f 41 42 2941
f 43 2942 2941
f 2941 42 43
f 2895 2894 2941
f 2894 2940 2941
f 2941 2896 2895
f 2942 2896 2941
f 268 314 269
f 314 315 269
f 316 270 269
f 269 315 316
f 269 222 268
f 223 222 269
f 269 224 223
f 269 270 224
f 2806 2805 2851
f 2852 2806 2851
f 2851 2897 2898
f 2851 2898 2852
f 2851 2804 2850
f 2851 2805 2804
f 2850 2896 2851
f 2896 2897 2851
f 354 401 355
f 400 401 354
f 354 353 399
f 354 399 400
f 355 309 354
f 354 309 308
f 354 308 307
f 307 353 354
f 302 348 303
f 348 349 303
f 303 349 350
f 350 304 303
f 303 256 302
f 257 256 303
f 303 258 257
f 303 304 258
f 1609 1654 1655
f 1609 1608 1654
f 1610 1564 1609
f 1609 1564 1563
f 1655 1656 1609
f 1609 1656 1610
f 1608 1609 1562
f 1562 1609 1563
f 1607 1652 1653
f 1606 1652 1607
f 1653 1654 1607
f 1654 1608 1607
f 1560 1606 1607
f 1607 1561 1560
f 1608 1562 1607
f 1607 1562 1561
f 1376 1377 1330
f 1330 1377 1331
f 1330 1329 1375
f 1330 1375 1376
f 1283 1329 1330
f 1284 1283 1330
f 1194 1193 1240
f 1240 1193 1239
f 1285 1330 1331
f 1284 1330 1285
f 1285 1331 1332
f 1332 1286 1285
f 1285 1240 1239
f 1286 1240 1285
f 1147 1146 1192
f 1192 1193 1147
f 1331 1377 1378
f 1332 1331 1378
f 1378 1377 1423
f 1378 1423 1424
f 1424 1425 1378
f 1378 1425 1379
f 1471 1518 1472
f 1471 1517 1518
f 1426 1471 1472
f 1425 1471 1426
f 1379 1425 1426
f 1426 1380 1379
f 1473 1519 1474
f 1474 1519 1520
f 2426 2471 2472
f 2425 2471 2426
f 2472 2473 2426
f 2473 2427 2426
f 2426 2380 2379
f 2426 2379 2425
f 2426 2381 2380
f 2426 2427 2381
f 321 366 367
f 321 320 366
f 321 368 322
f 367 368 321
f 322 276 321
f 276 275 321
f 274 227 273
f 228 227 274
f 273 319 274
f 319 320 274
f 229 228 274
f 274 275 229
f 320 321 274
f 274 321 275
f 455 501 456
f 501 502 456
f 456 502 503
f 456 503 457
f 456 409 455
f 410 409 456
f 456 411 410
f 457 411 456
f 997 1042 1043
f 997 996 1042
f 997 951 950
f 950 996 997
f 1040 1041 994
f 1041 995 994
f 994 1039 1040
f 994 993 1039
f 994 949 948
f 995 949 994
f 948 947 994
f 947 993 994
f 1037 1038 992
f 992 991 1037
f 1038 1039 992
f 1039 993 992
f 992 945 991
f 946 945 992
f 992 947 946
f 992 993 947
f 928 974 975
f 975 929 928
f 928 973 974
f 928 927 973
f 1563 1517 1516
f 1516 1562 1563
f 1516 1515 1561
f 1561 1562 1516
f 1332 1378 1333
f 1333 1378 1379
f 1239 1193 1238
f 1193 1192 1238
f 1284 1285 1238
f 1238 1285 1239
f 1238 1237 1283
f 1238 1283 1284
f 1191 1144 1190
f 1191 1145 1144
f 1191 1146 1145
f 1191 1192 1146
f 1190 1236 1191
f 1236 1237 1191
f 1191 1238 1192
f 1237 1238 1191
f 1289 1335 1336
f 1336 1290 1289
f 1472 1473 1427
f 1427 1426 1472
f 1473 1474 1427
f 1427 1474 1428
f 1045 999 998
f 998 1044 1045
f 1043 1044 998
f 998 997 1043
f 998 999 953
f 953 952 998
f 998 952 951
f 951 997 998
f 882 929 883
f 882 928 929
f 881 927 882
f 927 928 882
f 882 883 837
f 837 836 882
f 836 835 882
f 835 881 882
f 1423 1469 1470
f 1424 1423 1470
f 1469 1515 1470
f 1515 1516 1470
f 1470 1425 1424
f 1470 1471 1425
f 1517 1471 1470
f 1470 1516 1517
f 1243 1289 1290
f 1290 1244 1243
f 1380 1426 1381
f 1426 1427 1381
f 1336 1335 1381
f 1381 1382 1336
f 1381 1427 1428
f 1428 1382 1381
f 1103 1149 1150
f 1150 1104 1103
f 1105 1104 1151
f 1104 1150 1151
f 1106 1105 1151
f 1151 1152 1106
f 1289 1243 1288
f 1243 1242 1288
f 1287 1286 1332
f 1332 1333 1287
f 1287 1240 1286
f 1287 1241 1240
f 1287 1288 1242
f 1242 1241 1287
f 1197 1242 1243
f 1197 1196 1242
f 1197 1151 1150
f 1150 1196 1197
f 1197 1243 1244
f 1197 1244 1198
f 1152 1151 1197
f 1198 1152 1197
f 1195 1150 1149
f 1195 1196 1150
f 1195 1241 1242
f 1242 1196 1195
f 1149 1148 1195
f 1195 1148 1194
f 1194 1240 1195
f 1240 1241 1195
f 1380 1381 1334
f 1334 1381 1335
f 1335 1289 1334
f 1289 1288 1334
f 1379 1380 1334
f 1334 1333 1379
f 1334 1287 1333
f 1288 1287 1334

