
o part_0
v -0.00003299 0.01435663 -0.01172896
v -0.00049228 0.01458691 -0.01115928
v 0.00052373 -0.00110299 -0.01902242
v 0.00194332 -0.00111669 -0.01904927
v 0.00182057 -0.00186068 -0.01877419
v -0.00028856 0.00038161 -0.01929843
v 0.00736989 0.00916052 -0.01625362
v 0.00777258 0.00840772 -0.01655194
v 0.00419276 0.00927519 -0.01705714
v 0.00450706 0.00982430 -0.01656251
v 0.00587790 0.01012583 -0.01600284
v 0.00714297 0.00992328 -0.01584828
v 0.00533371 0.00160561 -0.01902428
v 0.00553940 0.00246221 -0.01902149
v 0.00310465 0.00032135 -0.01932532
v 0.00357897 0.00513619 -0.01928806
v 0.00388444 0.00550128 -0.01907783
v 0.00602003 0.00757592 -0.01774721
v 0.00616389 0.00742628 -0.01776685
v 0.00230373 0.00073382 -0.01949138
v 0.00223144 0.00172354 -0.01948503
v 0.00224370 0.00018135 -0.01937418
v 0.00050960 0.00133019 -0.01944282
v 0.00935335 -0.00319766 -0.01708858
v 0.00969757 -0.00366169 -0.01677265
v 0.00892932 -0.00395338 -0.01687958
v 0.00878573 -0.00323390 -0.01724032
v 0.00965758 -0.00276513 -0.01715679
v 0.01032060 -0.00319375 -0.01672568
v 0.00893115 -0.00255327 -0.01746671
v 0.01708745 -0.00112938 -0.01116370
v 0.01618256 -0.00096724 -0.01253593
v 0.01644671 -0.00242121 -0.01183127
v 0.01576498 -0.00207446 -0.01288743
v 0.01751570 -0.00212350 -0.01007952
v 0.01693292 -0.00300531 -0.01082619
v 0.00523775 -0.01303825 -0.00971452
v 0.00621757 -0.01303971 -0.00945649
v 0.00478900 -0.01333903 -0.00921750
v 0.00395144 -0.01265165 -0.01022125
v 0.00487339 -0.01254601 -0.01043434
v 0.00609717 -0.01263287 -0.01015208
v -0.01172813 0.01214585 0.01492719
v -0.01194504 0.01236569 0.01459261
v -0.01245878 0.01178229 0.01479666
v -0.01197011 0.01168429 0.01523149
v -0.01142040 0.01163966 0.01554514
v -0.01384205 0.00554765 0.01677052
v -0.01717690 0.00724915 0.01244788
v -0.01703992 0.00590663 0.01295600
v -0.01645136 0.00647921 0.01375602
v -0.01761452 0.00602553 0.01188215
v -0.01738630 0.00532356 0.01236721
v -0.01745680 0.00795900 0.01137314
v -0.01783998 0.00684882 0.01106285
v -0.01102147 -0.01108441 0.00135649
v -0.01079661 -0.01099633 0.00264323
v -0.01255823 -0.01005703 0.00238031
v -0.01286905 -0.00981369 0.00269255
v 0.01129881 0.01007611 0.00860384
v 0.01180055 0.00959950 0.00893906
v 0.01140687 0.00969027 0.00950369
v 0.01086109 0.01022986 0.00902322
v 0.00953450 0.01062092 0.01044022
v -0.00050691 0.01195828 0.01726591
v 0.00604396 0.01192901 0.01322473
v 0.00510054 0.01252089 0.01300400
v 0.00521083 0.01218244 0.01390995
v 0.00648431 0.01137897 0.01390088
v 0.01416267 0.00404370 0.01292894
v 0.01340163 0.00542959 0.01280127
v 0.01473474 0.00292891 0.01296215
v 0.01536405 0.00302925 0.01187903
v 0.01294161 0.00394890 0.01465497
v 0.01232054 0.00433756 0.01509182
v 0.01175635 0.00362213 0.01601759
v 0.01173567 0.00228889 0.01654955
v -0.00004107 -0.01416751 0.00492969
v -0.00106878 -0.01366404 0.00558111
v -0.00131534 -0.01375459 0.00504313
v -0.00119186 -0.01393587 0.00448542
v 0.00861565 -0.00674475 0.01582756
v 0.00840076 -0.00721016 0.01554749
v 0.00943555 -0.00740292 0.01540138
v 0.00944033 -0.00665351 0.01580563
v 0.01321603 0.01065436 -0.01042809
v 0.01260450 0.01108431 -0.01033133
v 0.01320961 0.01088819 -0.01002840
v 0.01360236 0.01024659 -0.01061665
v 0.01322866 0.01015664 -0.01122449
v 0.01380525 0.01044483 -0.01004455
v -0.01679741 0.00060442 0.01161059
v -0.01732182 0.00147075 0.01118304
v 0.00505414 -0.01066224 0.01265738
v 0.00548974 -0.01025607 0.01309370
v 0.00458800 -0.01103854 0.01219513
v 0.00554102 -0.01160204 0.01165048
v 0.00604469 -0.01124854 0.01209983
v 0.00409261 -0.01139965 0.01171878
v 0.00501455 -0.01192498 0.01118301
v 0.00600258 -0.01240239 0.01056918
v 0.00656292 -0.01210451 0.01102921
v 0.00359117 -0.01171579 0.01119830
v 0.00448729 -0.01222400 0.01069277
v 0.00544184 -0.01267326 0.01009021
v 0.00644316 -0.01306654 0.00942979
v 0.00703950 -0.01279249 0.00990398
v 0.00398299 -0.01249134 0.01016640
v 0.00490171 -0.01293870 0.00959073
v 0.00586912 -0.01332933 0.00894321
v 0.00745717 -0.01340072 0.00874082
v 0.00439475 -0.01319927 0.00906330
v 0.00531510 -0.01359887 0.00844273
v 0.00622129 -0.01394221 0.00775702
v 0.00776284 -0.01392549 0.00752484
v 0.00476968 -0.01384502 0.00791021
v 0.00561053 -0.01419655 0.00724404
v 0.00642660 -0.01446287 0.00652116
v 0.00722670 -0.01460114 0.00574906
v 0.00794542 -0.01434254 0.00626104
v 0.00499478 -0.01439958 0.00669962
v 0.00575438 -0.01465519 0.00598419
v 0.00650794 -0.01481294 0.00522442
v 0.00726003 -0.01485887 0.00443905
v 0.00802792 -0.01463780 0.00496376
v 0.00507575 -0.01482860 0.00544503
v 0.00578566 -0.01498990 0.00469007
v 0.00649581 -0.01507536 0.00391425
v 0.00719286 -0.01508296 0.00312346
v 0.00800698 -0.01483009 0.00364794
v 0.00505311 -0.01514158 0.00416304
v 0.00571396 -0.01526442 0.00339283
v 0.00636259 -0.01530327 0.00261102
v 0.00698292 -0.01529137 0.00181176
v 0.00785637 -0.01501191 0.00232580
v 0.00490789 -0.01541782 0.00289318
v 0.00550097 -0.01547376 0.00211500
v 0.00607860 -0.01548713 0.00132278
v 0.00657558 -0.01546817 0.00051152
v 0.00752910 -0.01521695 0.00099169
v 0.00459362 -0.01559798 0.00166963
v 0.00510616 -0.01562891 0.00088978
v 0.00556492 -0.01563749 0.00009630
v 0.00594777 -0.01564477 -0.00075710
v 0.00696052 -0.01543427 -0.00034919
v 0.00409547 -0.01572713 0.00051471
v 0.00452388 -0.01576291 -0.00027374
v 0.00491055 -0.01577557 -0.00109929
v 0.00526198 -0.01579335 -0.00199039
v 0.00629199 -0.01565557 -0.00166166
v 0.00385289 -0.01578467 -0.00142926
v 0.00422091 -0.01581469 -0.00228609
v 0.00450520 -0.01580002 -0.00322764
v 0.00554405 -0.01576264 -0.00296462
v 0.00341886 -0.01546429 -0.00340989
v 0.00352246 -0.01531674 -0.00429570
v 0.00461157 -0.01562682 -0.00423877
v 0.00345416 -0.01503427 -0.00520841
v -0.00012865 -0.01380109 -0.00589522
v -0.00027038 -0.01349665 -0.00672656
v 0.00082520 -0.01376592 -0.00685529
v -0.00043408 -0.01313753 -0.00756567
v -0.00343329 -0.01263410 -0.00637765
v -0.00356754 -0.01230580 -0.00714673
v -0.00373257 -0.01192259 -0.00793249
v -0.00393426 -0.01148134 -0.00875884
v -0.00296312 -0.01174187 -0.00888086
v -0.00456430 -0.01203980 -0.00701025
v -0.00505949 -0.01073703 -0.00950775
v -0.00615325 -0.00999477 -0.01024272
v -0.00638725 -0.00928625 -0.01113469
v -0.00802253 -0.00899083 -0.01052452
v -0.00740396 -0.00831445 -0.01170646
v -0.00988523 -0.00805197 -0.01054440
v -0.01007679 -0.00729977 -0.01128765
v -0.01028211 -0.00646730 -0.01195329
v -0.01091747 -0.00721957 -0.01073698
v -0.01110799 -0.00642998 -0.01137906
v -0.01136529 -0.00559881 -0.01197715
v -0.01054353 -0.00556128 -0.01254919
v -0.01194823 -0.00635246 -0.01079804
v -0.01217931 -0.00554120 -0.01136420
v -0.01277106 -0.00619628 -0.01019964
v -0.01299895 -0.00540390 -0.01075975
v -0.01313532 -0.00446876 -0.01115918
v -0.01256515 -0.00359365 -0.01214943
v -0.01392634 -0.00425782 -0.01054639
v -0.01433504 -0.00228404 -0.01118145
v -0.01359721 -0.00245575 -0.01183173
v -0.01466228 -0.00398147 -0.00986842
v -0.01484403 -0.00305003 -0.01023594
v -0.01507956 -0.00206658 -0.01051475
v -0.01529993 -0.00098905 -0.01068061
v -0.01460368 -0.00120949 -0.01137430
v -0.01558403 -0.00280084 -0.00953852
v -0.01579104 -0.00181600 -0.00980121
v -0.01596704 -0.00074687 -0.00995717
v -0.01610541 0.00038751 -0.01005785
v -0.01544688 0.00015209 -0.01076344
v -0.01644601 -0.00158542 -0.00904376
v -0.01660811 -0.00052663 -0.00921095
v -0.01671577 0.00058807 -0.00929156
v -0.01675064 0.00172585 -0.00927647
v -0.01612549 0.00156652 -0.01006280
v -0.01719747 -0.00037815 -0.00841140
v -0.01730443 0.00069519 -0.00847678
v -0.01735263 0.00178529 -0.00842093
v -0.01739109 0.00282682 -0.00824105
v -0.01673954 0.00282560 -0.00915714
v -0.01788608 0.00070120 -0.00760682
v -0.01794644 0.00173151 -0.00750846
v -0.01801046 0.00273990 -0.00727031
v -0.01808388 0.00372836 -0.00684645
v -0.01746275 0.00384108 -0.00776490
v -0.01847952 0.00158566 -0.00652885
v -0.01856731 0.00254570 -0.00625131
v -0.01860101 0.00350350 -0.00581126
v -0.01852729 0.00445160 -0.00516672
v -0.01807853 0.00471050 -0.00613946
v -0.01902245 0.00226665 -0.00518723
v -0.01899832 0.00319512 -0.00475383
v -0.01888205 0.00413425 -0.00415277
v -0.01863831 0.00506648 -0.00338595
v -0.01834288 0.00539363 -0.00433841
v -0.01924937 0.00288513 -0.00370219
v -0.01907506 0.00381548 -0.00314923
v -0.01877143 0.00473889 -0.00243466
v -0.01827607 0.00596852 -0.00258969
v -0.01246490 0.01412047 0.00911908
v -0.01159600 0.01462135 0.00906474
v -0.01069713 0.01510453 0.00902272
v -0.00972782 0.01547602 0.00900178
v -0.01158144 0.01465828 0.00990142
v -0.01067618 0.01515706 0.00986323
v -0.00970106 0.01552304 0.00984488
v -0.00868801 0.01571507 0.00985881
v -0.00870615 0.01567981 0.00900670
v -0.01063041 0.01511205 0.01067801
v -0.00966370 0.01545178 0.01067170
v -0.00868113 0.01564161 0.01069982
v -0.00771032 0.01576137 0.01075320
v -0.00769480 0.01580069 0.00989388
v -0.00962890 0.01528633 0.01147990
v -0.00868465 0.01549513 0.01152693
v -0.00774535 0.01556878 0.01159358
v -0.00683551 0.01556556 0.01166690
v -0.00677252 0.01574149 0.01081030
v -0.00867647 0.01520702 0.01232217
v -0.00778614 0.01528246 0.01240979
v -0.00691658 0.01530896 0.01251386
v -0.00607650 0.01522569 0.01258768
v -0.00595973 0.01549183 0.01173318
v -0.00783779 0.01488050 0.01319731
v -0.00701689 0.01489619 0.01331930
v -0.00621122 0.01481961 0.01340253
v -0.00711997 0.01437565 0.01409386
v -0.00643531 0.01380809 0.01499872
v -0.00212191 0.00947774 0.01895427
v -0.00176476 0.00874353 0.01921816
v -0.00096344 0.00895376 0.01922823
v 0.00045658 0.00949532 0.01890648
v 0.00029092 0.00826865 0.01928104
v 0.00107862 0.00860111 0.01915397
v 0.00177314 0.00897435 0.01879466
v 0.00108400 0.00986853 0.01868617
v 0.00671422 0.00635894 0.01749622
v 0.00803905 0.00653354 0.01679525
v 0.00794376 0.00926025 0.01497493
v 0.00875558 0.00925886 0.01434665
v 0.01110201 0.00807742 0.01327160
v 0.01110327 0.00851574 0.01287855
v 0.01182362 0.00799104 0.01267463
v 0.01308736 0.00749112 0.01146075
v 0.01294739 0.00786005 0.01119896
v 0.01376001 0.00719759 0.01063633
v 0.00954753 0.01001368 0.01230100
v 0.00792631 0.01045380 0.01389902
v 0.00799548 0.00986999 0.01447275
v 0.00721938 0.00990121 0.01505154
v 0.00453894 0.01052722 0.01653884
v 0.00338675 0.01051227 0.01734728
v 0.00299553 0.00995432 0.01798732
v 0.00252367 0.01116387 0.01742452
v 0.00163763 0.01026071 0.01832682
v 0.00118800 0.01146758 0.01773600
v 0.00077325 0.01109201 0.01807431
v 0.00028620 0.01075103 0.01836202
v -0.00500049 0.01554327 0.01092431
v -0.00586859 0.01567488 0.01086561
v -0.00492717 0.01563579 0.01004478
v -0.00581657 0.01574313 0.00998488
v -0.00673469 0.01581469 0.00993705
v -0.00769599 0.01577557 0.00902355
v -0.01642470 0.00843610 -0.00370043
v -0.01757071 0.00713842 -0.00271672
v -0.01801225 0.00629556 -0.00348846
v -0.01729413 0.00744270 -0.00358765
v -0.01770307 0.00660579 -0.00441210
v -0.01795262 0.00568975 -0.00530932
v -0.01729566 0.00686388 -0.00540534
v -0.01746491 0.00590308 -0.00628986
v -0.01751979 0.00488089 -0.00710461
v -0.01689995 0.00606186 -0.00724694
v -0.01685721 0.00498153 -0.00804573
v -0.01678551 0.00388644 -0.00868036
v -0.01619798 0.00504702 -0.00893225
v -0.01609514 0.00387010 -0.00953417
v -0.01606413 0.00272257 -0.00999313
v -0.01485699 0.00112979 -0.01144211
v -0.01478656 -0.00007073 -0.01145461
v -0.01421675 0.00094920 -0.01208079
v -0.01408941 -0.00024414 -0.01211057
v -0.01387017 -0.00137784 -0.01202917
v -0.01338235 -0.00036067 -0.01276242
v -0.01238080 -0.00154524 -0.01331046
v -0.01207923 -0.00262077 -0.01310126
v -0.01179593 -0.00363885 -0.01280188
v -0.01130998 -0.00261553 -0.01377876
v -0.01100791 -0.00363264 -0.01348008
v -0.01017927 -0.00355941 -0.01411664
v -0.00994068 -0.00454118 -0.01362600
v -0.00910765 -0.00449231 -0.01419186
v -0.00807578 -0.00550418 -0.01406718
v -0.00702846 -0.00651599 -0.01372302
v -0.00681836 -0.00750429 -0.01290050
v -0.00661560 -0.00844866 -0.01201608
v -0.00603562 -0.00763199 -0.01317471
v -0.00582718 -0.00861150 -0.01228751
v -0.00556835 -0.00946235 -0.01137696
v -0.00502765 -0.00878206 -0.01251702
v -0.00473618 -0.00962768 -0.01156220
v -0.00443806 -0.01035785 -0.01058638
v -0.00390837 -0.00980830 -0.01171460
v -0.00357744 -0.01056647 -0.01069962
v -0.00325104 -0.01121049 -0.00975102
v -0.00271466 -0.01074955 -0.01081639
v -0.00196473 -0.01197385 -0.00902854
v -0.00139335 -0.01156656 -0.01008726
v -0.00096746 -0.01217092 -0.00922904
v -0.00065542 -0.01268270 -0.00839501
v 0.00038662 -0.01290510 -0.00859916
v 0.00062534 -0.01338832 -0.00774134
v 0.00142068 -0.01308724 -0.00881920
v 0.00170168 -0.01358484 -0.00790976
v 0.00192823 -0.01400417 -0.00698475
v 0.00281182 -0.01375690 -0.00810457
v 0.00303951 -0.01419812 -0.00714091
v 0.00437959 -0.01483844 -0.00630569
v 0.00456241 -0.01527894 -0.00530094
v 0.00565164 -0.01526946 -0.00508699
v 0.00567534 -0.01558607 -0.00400353
v 0.00672273 -0.01508647 -0.00472060
v 0.00671472 -0.01536935 -0.00364519
v 0.00657116 -0.01558038 -0.00262077
v 0.00757171 -0.01525697 -0.00218943
v 0.00730514 -0.01539149 -0.00124511
v 0.00854142 -0.01488171 -0.00172398
v 0.00829326 -0.01505435 -0.00075843
v 0.00794618 -0.01513818 0.00013041
v 0.00924911 -0.01465828 -0.00026387
v 0.00889086 -0.01479233 0.00064930
v 0.00843453 -0.01491478 0.00150899
v 0.00979609 -0.01441727 0.00114369
v 0.00933158 -0.01457900 0.00203585
v 0.01021756 -0.01419845 0.00249980
v 0.00957568 -0.01440034 0.00335932
v 0.00882296 -0.01456660 0.00417028
v 0.01040662 -0.01405397 0.00384444
v 0.00961926 -0.01425283 0.00468379
v 0.00878526 -0.01436631 0.00548209
v 0.01038684 -0.01388783 0.00518364
v 0.00954002 -0.01405579 0.00600084
v 0.00866108 -0.01405745 0.00677614
v 0.00937356 -0.01373680 0.00729586
v 0.00843872 -0.01365019 0.00803815
v 0.01008397 -0.01339071 0.00782835
v 0.00911399 -0.01332484 0.00855309
v 0.00808934 -0.01310815 0.00923561
v 0.00977362 -0.01293858 0.00907676
v 0.00871446 -0.01279029 0.00975148
v 0.00763952 -0.01247731 0.01038069
v 0.00931200 -0.01239199 0.01026608
v 0.00819810 -0.01213927 0.01088758
v 0.00708909 -0.01175381 0.01148827
v 0.00871739 -0.01172403 0.01138157
v 0.00758807 -0.01137482 0.01196658
v 0.00651805 -0.01088488 0.01255829
v 0.00804414 -0.01093677 0.01243471
v 0.00695211 -0.01045693 0.01299362
v 0.00588598 -0.00982136 0.01351321
v 0.00732585 -0.00999222 0.01342842
v 0.00624166 -0.00934669 0.01390453
v 0.00657714 -0.00882440 0.01431969
v 0.00688896 -0.00122013 0.01774395
v 0.00715477 0.00030898 0.01800059
v 0.00761130 -0.00212499 0.01755784
v 0.00861741 -0.00153008 0.01762572
v 0.00962165 -0.00086982 0.01743752
v 0.00893916 0.00013085 0.01768023
v 0.01022021 -0.00190292 0.01712099
v 0.01119514 -0.00128950 0.01682330
v 0.01060785 -0.00017959 0.01712052
v 0.00974045 -0.00347133 0.01689656
v 0.01073771 -0.00295178 0.01675822
v 0.01169170 -0.00241600 0.01647286
v 0.01257728 -0.00192507 0.01607479
v 0.01211330 -0.00069938 0.01639871
v 0.01116190 -0.00401368 0.01634572
v 0.01208282 -0.00357769 0.01604495
v 0.01295743 -0.00315423 0.01566144
v 0.01374180 -0.00271554 0.01515664
v 0.01336803 -0.00147670 0.01554995
v 0.01233982 -0.00474737 0.01559263
v 0.01321420 -0.00434322 0.01517466
v 0.01404058 -0.00390982 0.01467890
v 0.01479318 -0.00345590 0.01408103
v 0.01443696 -0.00228780 0.01453474
v 0.01339631 -0.00544983 0.01465204
v 0.01425906 -0.00500400 0.01412936
v 0.01503708 -0.00453800 0.01350234
v 0.01572908 -0.00408399 0.01278136
v 0.01545616 -0.00301765 0.01337527
v 0.01444869 -0.00602457 0.01352501
v 0.01523984 -0.00556159 0.01287589
v 0.01596966 -0.00511279 0.01215514
v 0.01655261 -0.00466181 0.01130779
v 0.01634549 -0.00365903 0.01197751
v 0.01539171 -0.00655844 0.01219516
v 0.01609358 -0.00609952 0.01144390
v 0.01667712 -0.00561955 0.01058305
v 0.01714997 -0.00511970 0.00961550
v 0.01703985 -0.00421211 0.01035589
v 0.01613938 -0.00704534 0.01067106
v 0.01673712 -0.00654483 0.00981676
v 0.01720106 -0.00600103 0.00884938
v 0.01756366 -0.00542523 0.00776709
v 0.01751105 -0.00459231 0.00853042
v 0.01668406 -0.00743492 0.00901963
v 0.01714788 -0.00685823 0.00806611
v 0.01747119 -0.00625166 0.00700688
v 0.01695140 -0.00770845 0.00731976
v 0.01725251 -0.00708425 0.00629810
v 0.01690710 -0.00791725 0.00564758
v 0.01365259 -0.00909813 -0.00922578
v 0.01454834 -0.00839746 -0.00881651
v 0.01267829 -0.00973295 -0.00953294
v 0.01240896 -0.00937015 -0.01060197
v 0.01343331 -0.00873950 -0.01032416
v 0.01167784 -0.01031450 -0.00978286
v 0.01137147 -0.00992989 -0.01082018
v 0.01097038 -0.00950552 -0.01179551
v 0.01203465 -0.00894899 -0.01158899
v 0.01064524 -0.01084691 -0.01002823
v 0.01031425 -0.01041766 -0.01099824
v 0.00988347 -0.00995987 -0.01192480
v 0.00942797 -0.00940737 -0.01275737
v 0.01051202 -0.00900638 -0.01266613
v 0.00919935 -0.01084382 -0.01115921
v 0.00877852 -0.01034179 -0.01200903
v 0.00836283 -0.00974574 -0.01279812
v 0.00800143 -0.00908226 -0.01356630
v 0.00902701 -0.00878597 -0.01352528
v 0.00767771 -0.01065409 -0.01207950
v 0.00731684 -0.01001708 -0.01287135
v 0.00699572 -0.00932096 -0.01363281
v 0.00669787 -0.00857899 -0.01436084
v 0.00768057 -0.00837099 -0.01429559
v 0.00627936 -0.01015760 -0.01293054
v 0.00597127 -0.00943617 -0.01368204
v 0.00568934 -0.00869623 -0.01438816
v 0.00544437 -0.00790897 -0.01505221
v 0.00642032 -0.00778934 -0.01502312
v 0.00493129 -0.00951358 -0.01372043
v 0.00465986 -0.00877976 -0.01441200
v 0.00445072 -0.00796827 -0.01504865
v 0.00429154 -0.00708757 -0.01565735
v 0.00525125 -0.00703741 -0.01564143
v 0.00362265 -0.00880994 -0.01439711
v 0.00345409 -0.00799041 -0.01505633
v 0.00332981 -0.00708914 -0.01568970
v 0.00321012 -0.00612814 -0.01630102
v 0.00414127 -0.00615592 -0.01625555
v 0.00245846 -0.00794427 -0.01505723
v 0.00236622 -0.00703914 -0.01572150
v 0.00228080 -0.00604374 -0.01636434
v 0.00218131 -0.00498731 -0.01700273
v 0.00140961 -0.00693035 -0.01575345
v 0.00134842 -0.00590014 -0.01641483
v 0.00124800 -0.00482208 -0.01707459
v 0.00040812 -0.00571997 -0.01647815
v 0.00029677 -0.00460576 -0.01713894
v -0.00066014 -0.00436601 -0.01719741
v -0.00088989 -0.00314655 -0.01781940
v -0.00188562 -0.00288958 -0.01778989
v -0.00259650 -0.00025435 -0.01862648
v -0.00292294 0.00110110 -0.01883834
v -0.00322458 -0.00134999 -0.01813275
v -0.00360018 -0.00000223 -0.01847221
v -0.00391282 0.00135921 -0.01865227
v -0.00413379 0.00268413 -0.01868089
v -0.00314188 0.00243518 -0.01889162
v -0.00458152 0.00023098 -0.01825832
v -0.00490470 0.00163285 -0.01840620
v -0.00513415 0.00290561 -0.01840627
v -0.00529093 0.00407502 -0.01830472
v -0.00424551 0.00383812 -0.01860922
v -0.00587095 0.00181192 -0.01811430
v -0.00613410 0.00307755 -0.01807448
v -0.00633490 0.00425600 -0.01794079
v -0.00646104 0.00533520 -0.01772407
v -0.00538404 0.00514855 -0.01813318
v -0.00751940 0.00544120 -0.01725461
v -0.00757158 0.00646416 -0.01696131
v -0.00650644 0.00634283 -0.01745653
v -0.00836144 0.00435196 -0.01706083
v -0.00853800 0.00546174 -0.01674835
v -0.00858204 0.00652851 -0.01641929
v -0.00854511 0.00755980 -0.01608161
v -0.00754612 0.00745320 -0.01665279
v -0.00947570 0.00543578 -0.01618139
v -0.00950864 0.00655111 -0.01583059
v -0.00946240 0.00762684 -0.01545802
v -0.00932991 0.00864505 -0.01505423
v -0.00843243 0.00853456 -0.01570335
v -0.01036331 0.00654762 -0.01518373
v -0.01029813 0.00766311 -0.01479647
v -0.01015287 0.00872921 -0.01438683
v -0.00989554 0.00973123 -0.01394309
v -0.00911479 0.00960860 -0.01462329
v -0.01104523 0.00767626 -0.01407499
v -0.01086345 0.00877661 -0.01367080
v -0.01055895 0.00980315 -0.01320662
v -0.01020639 0.01074674 -0.01267018
v -0.00956554 0.01067009 -0.01342450
v -0.01146079 0.00884052 -0.01291834
v -0.01116666 0.00987647 -0.01245416
v -0.01081609 0.01081502 -0.01191220
v -0.01039060 0.01162676 -0.01128160
v -0.00980038 0.01159914 -0.01206194
v -0.01174401 0.00993854 -0.01168232
v -0.01140275 0.01084204 -0.01112601
v -0.01098979 0.01162694 -0.01050464
v -0.01051155 0.01230656 -0.00985575
v -0.00992602 0.01236188 -0.01064072
v -0.01200836 0.01083040 -0.01033293
v -0.01158151 0.01155687 -0.00970525
v -0.01108123 0.01218059 -0.00906158
v -0.00993749 0.01291092 -0.00924771
v -0.01215727 0.01140061 -0.00887667
v -0.01164240 0.01198574 -0.00826428
v -0.00078173 0.01464305 0.01170622
v -0.00095274 0.01454043 0.01244695
v -0.00010641 0.01431385 0.01275275
v 0.00070069 0.01408787 0.01309437
v 0.00086233 0.01420496 0.01230073
v -0.00033028 0.01418428 0.01345096
v 0.00049670 0.01392589 0.01382779
v 0.00127599 0.01367570 0.01412445
v 0.00146635 0.01384253 0.01338917
v 0.00017249 0.01378110 0.01447751
v 0.00097933 0.01350123 0.01478743
v -0.00027806 0.01362811 0.01506667
v 0.00059772 0.01333373 0.01536552
v 0.00151757 0.01303373 0.01556103
v 0.00234059 0.01278250 0.01563867
v 0.00251197 0.01305101 0.01505443
v 0.00022833 0.01315471 0.01587762
v 0.00118751 0.01281292 0.01610059
v 0.00211470 0.01249409 0.01623727
v 0.00083986 0.01256364 0.01655347
v 0.00185122 0.01216577 0.01681822
v 0.00310794 0.01255359 0.01564804
v 0.00386536 0.01170700 0.01611069
v 0.00397345 0.01220080 0.01562650
v 0.00259796 0.01329325 0.01436945
v 0.00277090 0.01343897 0.01365927
v 0.00216925 0.01364156 0.01356457
v 0.00295794 0.01356674 0.01291542
v 0.00230779 0.01376807 0.01277851
v 0.00161236 0.01398878 0.01257010
v 0.00174339 0.01405356 0.01171194
v 0.00098601 0.01427393 0.01146434
v 0.00030332 0.01455782 0.01037916
v -0.00765996 0.01471605 -0.00615242
v -0.00842486 0.01430276 -0.00672708
v -0.00911220 0.01377941 -0.00731870
v -0.00787170 0.01445555 -0.00747412
v -0.00857878 0.01396621 -0.00806940
v -0.00926104 0.01344227 -0.00866368
v -0.00804228 0.01408155 -0.00881744
v -0.00871962 0.01354026 -0.00941564
v -0.00937243 0.01298152 -0.01001407
v -0.00816696 0.01355747 -0.01016550
v -0.00879593 0.01299415 -0.01078142
v -0.00821043 0.01295907 -0.01155927
v -0.00872211 0.01228054 -0.01219124
v -0.00918323 0.01153569 -0.01283398
v -0.00806136 0.01213566 -0.01295138
v -0.00848678 0.01139018 -0.01357075
v -0.00882721 0.01052560 -0.01412494
v -0.00770670 0.01117348 -0.01429137
v -0.00800678 0.01034089 -0.01481329
v -0.00824832 0.00945933 -0.01528677
v -0.00708437 0.01012759 -0.01548454
v -0.00728333 0.00928137 -0.01592316
v -0.00744517 0.00839683 -0.01631525
v -0.00622697 0.00905661 -0.01649713
v -0.00637485 0.00819746 -0.01685598
v -0.00526650 0.00797070 -0.01737563
v -0.00537320 0.00709037 -0.01767132
v -0.00541455 0.00615130 -0.01792620
v -0.00424019 0.00680777 -0.01807345
v -0.00430600 0.00588855 -0.01829552
v -0.00429676 0.00489910 -0.01846703
v -0.00319287 0.00558644 -0.01859596
v -0.00323066 0.00462704 -0.01875531
v -0.00321434 0.00358275 -0.01884701
v -0.00219142 0.00436120 -0.01896687
v -0.00223007 0.00334157 -0.01905672
v -0.00218976 0.00219495 -0.01905093
v -0.00000258 0.00155368 -0.01941038
v 0.00091595 0.00235903 -0.01945306
v 0.00156669 0.00207928 -0.01951083
v -0.00028088 0.00381834 -0.01921956
v -0.00007826 0.00471280 -0.01912712
v 0.00013231 0.00553975 -0.01898778
v -0.00119871 0.00409106 -0.01912755
v -0.00106060 0.00500328 -0.01900918
v -0.00090009 0.00585110 -0.01884618
v -0.00071824 0.00664779 -0.01863319
v 0.00035295 0.00631111 -0.01879200
v -0.00210795 0.00529294 -0.01883322
v -0.00198494 0.00616420 -0.01867042
v -0.00182862 0.00697337 -0.01840530
v -0.00165026 0.00775033 -0.01812733
v -0.00051741 0.00740020 -0.01837113
v -0.00310213 0.00647652 -0.01838489
v -0.00296342 0.00731331 -0.01812789
v -0.00280002 0.00811758 -0.01784370
v -0.00261980 0.00888656 -0.01753209
v -0.00145292 0.00849541 -0.01782183
v -0.00411312 0.00765889 -0.01778128
v -0.00396241 0.00848078 -0.01748156
v -0.00379702 0.00927134 -0.01716230
v -0.00360267 0.01001180 -0.01678544
v -0.00242435 0.00961359 -0.01717889
v -0.00512211 0.00880719 -0.01704580
v -0.00494768 0.00959823 -0.01666651
v -0.00474200 0.01034541 -0.01625645
v -0.00449284 0.01103945 -0.01581607
v -0.00337093 0.01068736 -0.01634762
v -0.00604436 0.00986953 -0.01608852
v -0.00582183 0.01063595 -0.01564721
v -0.00553983 0.01134307 -0.01518499
v -0.00519557 0.01197580 -0.01468528
v -0.00419179 0.01166063 -0.01532247
v -0.00682464 0.01090609 -0.01499759
v -0.00649358 0.01162564 -0.01450008
v -0.00609907 0.01226030 -0.01396816
v -0.00565051 0.01285334 -0.01344212
v -0.00480206 0.01253897 -0.01415436
v -0.00733864 0.01191854 -0.01373392
v -0.00688673 0.01255829 -0.01317797
v -0.00637163 0.01313833 -0.01263648
v -0.00580454 0.01366086 -0.01209701
v -0.00513887 0.01338141 -0.01290249
v -0.00757816 0.01280383 -0.01234873
v -0.00701623 0.01338314 -0.01179859
v -0.00641045 0.01387490 -0.01124467
v -0.00576303 0.01427979 -0.01068616
v -0.00519384 0.01408255 -0.01152962
v -0.00761931 0.01353065 -0.01096995
v -0.00697099 0.01400202 -0.01039143
v -0.00628431 0.01442750 -0.00984133
v -0.00557443 0.01481391 -0.00931609
v -0.00507728 0.01464720 -0.01014510
v -0.00749969 0.01409106 -0.00957252
v -0.00679725 0.01453140 -0.00901065
v -0.00528149 0.01519073 -0.00798215
v -0.00481954 0.01510384 -0.00880049
v -0.00732512 0.01454633 -0.00822462
v -0.00657176 0.01493606 -0.00767937
v -0.00576432 0.01521217 -0.00717933
v -0.00493229 0.01546711 -0.00670857
v -0.00447150 0.01542321 -0.00750743
v -0.00711372 0.01486426 -0.00691222
v -0.00630006 0.01518624 -0.00640709
v -0.00543865 0.01542318 -0.00593071
v -0.00406146 0.01558229 -0.00626234
v -0.00685439 0.01507724 -0.00563828
v 0.00819577 0.01118993 0.01130736
v 0.00363611 0.01332124 0.01292874
v 0.00432492 0.01296499 0.01293662
v -0.00234757 0.01546205 -0.00547099
v -0.00318037 0.01557654 -0.00584828
v -0.00195555 0.01539119 -0.00629907
v -0.00277689 0.01550052 -0.00665010
v -0.00362710 0.01552176 -0.00705193
v -0.00240843 0.01537650 -0.00746292
v -0.00322385 0.01539897 -0.00785597
v -0.00403451 0.01530869 -0.00830619
v -0.00283209 0.01523220 -0.00865374
v -0.00360629 0.01513162 -0.00910416
v -0.00435579 0.01493618 -0.00961404
v -0.00315747 0.01493091 -0.00988709
v -0.00386855 0.01472911 -0.01040110
v -0.00455360 0.01446154 -0.01096267
v -0.00333613 0.01449647 -0.01115908
v -0.00397248 0.01419836 -0.01172354
v -0.00457175 0.01382498 -0.01231556
v -0.00332519 0.01393185 -0.01242770
v -0.00387516 0.01353165 -0.01301616
v -0.00436244 0.01305796 -0.01359934
v -0.00307620 0.01323233 -0.01364684
v -0.00348145 0.01274212 -0.01422652
v -0.00385219 0.01222483 -0.01479058
v -0.00251117 0.01242078 -0.01480089
v -0.00281760 0.01188367 -0.01534644
v -0.00310641 0.01130472 -0.01586290
v -0.00171660 0.01148401 -0.01579789
v -0.00196935 0.01090698 -0.01630089
v -0.00220701 0.01028903 -0.01676949
v -0.00080064 0.01050090 -0.01666183
v -0.00124474 0.00921003 -0.01748941
v -0.00030349 0.00811911 -0.01806706
v 0.00082796 0.00774770 -0.01829053
v 0.00058472 0.00704550 -0.01856405
v 0.00319596 0.00751942 -0.01821900
v 0.00353639 0.00815926 -0.01786288
v 0.00388673 0.00873799 -0.01747259
v 0.00301727 0.00976865 -0.01692870
v 0.00133768 0.00911708 -0.01772959
v 0.00181373 0.01023711 -0.01677743
v 0.00203024 0.01076712 -0.01625346
v 0.00322238 0.01032902 -0.01642593
v 0.00038619 0.01009615 -0.01698245
v 0.00062045 0.01067082 -0.01652003
v 0.00085572 0.01119802 -0.01600915
v 0.00108909 0.01168677 -0.01545749
v 0.00222881 0.01127451 -0.01568491
v -0.00056424 0.01108271 -0.01618578
v -0.00031186 0.01161546 -0.01567371
v -0.00005336 0.01210179 -0.01512404
v 0.00021823 0.01254313 -0.01455671
v 0.00131684 0.01213266 -0.01487355
v -0.00144175 0.01202157 -0.01526889
v -0.00114892 0.01250852 -0.01470759
v -0.00083055 0.01294913 -0.01412514
v 0.00049867 0.01294455 -0.01397720
v -0.00217034 0.01289545 -0.01422316
v -0.00177018 0.01331467 -0.01362862
v -0.00259091 0.01363960 -0.01306343
v -0.00042581 0.01423196 -0.01209046
v -0.00273713 0.01423794 -0.01184715
v -0.00266853 0.01470239 -0.01063530
v -0.00033593 0.01473363 -0.01026107
v -0.00000779 0.01476907 -0.00936528
v -0.00205108 0.01522241 -0.00826870
v -0.00161153 0.01528183 -0.00714280
v 0.00180419 0.01329934 -0.01320689
v 0.00094623 0.01357849 -0.01300842
v 0.00019859 0.01393244 -0.01265117
v 0.00075440 0.01330499 -0.01344272
v 0.00170766 0.01294737 -0.01373010
v 0.00153582 0.01255708 -0.01428898
v 0.00257433 0.01220216 -0.01445627
v 0.00241342 0.01175500 -0.01508156
v 0.00338054 0.01086301 -0.01583987
v 0.00577449 0.01078939 -0.01529904
v 0.00691259 0.01059995 -0.01516093
v 0.01109144 0.01247319 -0.00840691
v 0.01156782 0.01281771 -0.00675268
v 0.01179750 0.01259179 -0.00741865
v 0.01129925 0.01296419 -0.00604133
v 0.01222628 0.01270646 -0.00575059
v 0.01250216 0.01248107 -0.00644312
v 0.01103264 0.01305796 -0.00528778
v 0.01194887 0.01286076 -0.00501721
v 0.01286363 0.01250284 -0.00473488
v 0.01315427 0.01231198 -0.00544380
v 0.01079076 0.01308755 -0.00449477
v 0.01168169 0.01288711 -0.00424468
v 0.01258492 0.01259870 -0.00398252
v 0.01346708 0.01215995 -0.00369404
v 0.01376915 0.01203536 -0.00443520
v 0.01142911 0.01288130 -0.00343880
v 0.01231024 0.01261003 -0.00319134
v 0.01317102 0.01223152 -0.00292324
v 0.01397932 0.01172801 -0.00262711
v 0.01430739 0.01163066 -0.00339749
v 0.01365215 0.01174921 -0.00182386
v 0.01439185 0.01124209 -0.00151920
v 0.01474491 0.01117290 -0.00232972
v 0.01471862 0.01071838 -0.00038529
v 0.01510432 0.01069272 -0.00122693
v 0.01537096 0.01015861 -0.00010366
v 0.01620410 0.00202071 0.01083453
v 0.01801355 -0.00494753 -0.00555881
v 0.01814577 -0.00445489 -0.00677621
v 0.01849555 -0.00302446 -0.00722062
v 0.01759012 -0.00577753 -0.00624456
v 0.01762107 -0.00525166 -0.00747552
v 0.01723114 -0.00378307 -0.00981238
v 0.01676201 -0.00529387 -0.00935368
v 0.01654170 -0.00459938 -0.01046628
v 0.01596754 -0.00604262 -0.01000676
v 0.01572732 -0.00546531 -0.01103999
v 0.01536126 -0.00495653 -0.01195123
v 0.01493816 -0.00451409 -0.01282292
v 0.01478952 -0.00633758 -0.01155582
v 0.01439893 -0.00587712 -0.01241850
v 0.01397510 -0.00540166 -0.01320888
v 0.01350162 -0.00487942 -0.01395197
v 0.01440049 -0.00405160 -0.01363208
v 0.01334706 -0.00669525 -0.01276116
v 0.01293795 -0.00616723 -0.01350920
v 0.01253819 -0.00561100 -0.01422799
v 0.01208784 -0.00500376 -0.01489296
v 0.01298977 -0.00432826 -0.01468346
v 0.01188621 -0.00682606 -0.01378697
v 0.01152371 -0.00621978 -0.01445969
v 0.01113774 -0.00558425 -0.01509027
v 0.01069919 -0.00493077 -0.01568185
v 0.01156203 -0.00439343 -0.01555056
v 0.01048756 -0.00672235 -0.01464477
v 0.01014942 -0.00604865 -0.01524689
v 0.00977621 -0.00535643 -0.01582105
v 0.00936159 -0.00465303 -0.01637422
v 0.01020951 -0.00429790 -0.01627011
v 0.00915305 -0.00640311 -0.01537875
v 0.00884815 -0.00566974 -0.01594882
v 0.00850230 -0.00491050 -0.01649208
v 0.00816410 -0.00411746 -0.01698631
v 0.00790776 -0.00587320 -0.01605313
v 0.00761785 -0.00506047 -0.01659027
v 0.00734174 -0.00421192 -0.01710278
v 0.00723338 -0.00334047 -0.01758188
v 0.00800299 -0.00328303 -0.01742117
v 0.00649764 -0.00427518 -0.01723025
v 0.00642092 -0.00335177 -0.01772820
v 0.00650521 -0.00242473 -0.01813487
v 0.00732724 -0.00244860 -0.01794621
v 0.00563446 -0.00429817 -0.01732810
v 0.00558829 -0.00334269 -0.01785633
v 0.00565650 -0.00238268 -0.01826942
v 0.00665605 -0.00149514 -0.01839417
v 0.00472913 -0.00328991 -0.01795143
v 0.00478467 -0.00232933 -0.01837210
v 0.00298356 -0.00135957 -0.01891166
v 0.00308278 -0.00058752 -0.01923242
v 0.00384528 -0.00318780 -0.01803865
v 0.00298150 -0.00405972 -0.01756692
v 0.00387928 -0.00418789 -0.01750753
v 0.00399502 -0.00519156 -0.01687283
v 0.00476397 -0.00427467 -0.01742632
v 0.00507761 -0.00614622 -0.01621959
v 0.00602149 -0.00609543 -0.01618339
v 0.00621198 -0.00695721 -0.01562388
v 0.00696617 -0.00601044 -0.01613353
v 0.00717823 -0.00682791 -0.01556212
v 0.00740083 -0.00762202 -0.01496682
v 0.00815845 -0.00664780 -0.01547870
v 0.00840750 -0.00739195 -0.01487893
v 0.00869196 -0.00810956 -0.01423174
v 0.00944303 -0.00710908 -0.01477789
v 0.00975437 -0.00779070 -0.01414027
v 0.01009843 -0.00842643 -0.01344019
v 0.01081825 -0.00736293 -0.01398800
v 0.01118534 -0.00795644 -0.01327034
v 0.01161126 -0.00849098 -0.01248923
v 0.01227913 -0.00738310 -0.01305938
v 0.01270342 -0.00788594 -0.01224659
v 0.01310724 -0.00833821 -0.01133791
v 0.01378378 -0.00717346 -0.01194289
v 0.01413571 -0.00760899 -0.01100525
v 0.01438856 -0.00801078 -0.00996109
v 0.01509382 -0.00681900 -0.01058063
v 0.01527850 -0.00729528 -0.00947966
v 0.01535621 -0.00770772 -0.00827861
v 0.01610920 -0.00658749 -0.00886624
v 0.01741625 -0.00374692 0.00928451
v 0.01724899 -0.00286974 0.00999030
v 0.01685082 -0.00326198 0.01104510
v 0.01697301 -0.00195531 0.01058325
v 0.01655094 -0.00227295 0.01162089
v 0.01603867 -0.00262198 0.01255710
v 0.01621590 -0.00125863 0.01208584
v 0.01569229 -0.00155206 0.01301616
v 0.01510163 -0.00189289 0.01383709
v 0.01535212 -0.00045095 0.01338850
v 0.01471756 -0.00074149 0.01418713
v 0.01408728 -0.00107986 0.01492915
v 0.01432248 0.00040259 0.01448126
v 0.00992625 0.00090648 0.01736968
v 0.00915039 0.00193028 0.01758394
v 0.00819355 0.00108119 0.01789695
v 0.00832992 0.00288808 0.01772999
v 0.00742071 0.00198126 0.01805692
v 0.00638878 0.00113639 0.01814896
v 0.00227857 -0.01157003 0.01102755
v 0.00309821 -0.01203601 0.01065920
v 0.00181698 -0.01190777 0.01043184
v 0.00263981 -0.01233116 0.01007865
v 0.00350196 -0.01276366 0.00962258
v 0.00220146 -0.01261891 0.00949138
v 0.00304539 -0.01302480 0.00905140
v 0.00390315 -0.01345158 0.00851230
v 0.00258430 -0.01325198 0.00847325
v 0.00339938 -0.01366543 0.00795230
v 0.00421081 -0.01406248 0.00735971
v 0.00287750 -0.01384073 0.00740016
v 0.00363455 -0.01424096 0.00681443
v 0.00436417 -0.01457572 0.00615670
v 0.00303695 -0.01438489 0.00628743
v 0.00371562 -0.01472133 0.00563163
v 0.00438807 -0.01498059 0.00491729
v 0.00306696 -0.01482048 0.00512803
v 0.00430600 -0.01527219 0.00366047
v 0.00296824 -0.01513931 0.00394991
v 0.00351951 -0.01534914 0.00320586
v 0.00405548 -0.01550298 0.00244439
v 0.00268817 -0.01535569 0.00281527
v 0.00316595 -0.01551840 0.00206032
v 0.00364046 -0.01563354 0.00128752
v 0.00227189 -0.01544593 0.00171247
v 0.00267817 -0.01558641 0.00095064
v 0.00308009 -0.01568898 0.00018027
v 0.00172797 -0.01540315 0.00066120
v 0.00209360 -0.01546253 -0.00010522
v 0.00110275 -0.01521096 -0.00031303
v 0.00144225 -0.01524013 -0.00108557
v -0.00039958 -0.01462231 -0.00201924
v -0.00017685 -0.01453306 -0.00277057
v -0.00124933 -0.01420790 -0.00277536
v -0.00113037 -0.01409129 -0.00351466
v -0.00219122 -0.01362844 -0.00419323
v -0.00326137 -0.01313935 -0.00485970
v -0.00433190 -0.01261612 -0.00548974
v -0.00632493 -0.01184491 -0.00585976
v -0.00644259 -0.01154569 -0.00661630
v -0.00734247 -0.01132452 -0.00635923
v -0.00832863 -0.01079287 -0.00682817
v -0.00844237 -0.01045749 -0.00766027
v -0.00854299 -0.01001542 -0.00848545
v -0.00957492 -0.00939746 -0.00897712
v -0.01027283 -0.00965627 -0.00768114
v -0.01125693 -0.00908097 -0.00807316
v -0.01143263 -0.00851398 -0.00885936
v -0.01160371 -0.00785620 -0.00956521
v -0.01239652 -0.00772277 -0.00905889
v -0.01404893 -0.00641644 -0.00828270
v -0.01428412 -0.00567180 -0.00887667
v -0.01447076 -0.00484901 -0.00939666
v -0.01494631 -0.00539184 -0.00815991
v -0.01579469 -0.00432925 -0.00795892
v -0.01604312 -0.00348226 -0.00843200
v -0.01627646 -0.00258053 -0.00881000
v -0.01666971 -0.00332259 -0.00765774
v -0.01741642 -0.00229348 -0.00716258
v -0.01759388 -0.00132391 -0.00740948
v -0.01776472 -0.00032385 -0.00755207
v -0.01811446 -0.00133434 -0.00649997
v -0.01827969 -0.00036660 -0.00661604
v -0.01839892 0.00060997 -0.00664499
v -0.01873001 -0.00050999 -0.00559687
v -0.01886669 0.00042363 -0.00559481
v -0.01895480 0.00134222 -0.00546620
v -0.01920815 0.00016260 -0.00445724
v -0.01927646 0.00105028 -0.00433180
v -0.01931335 0.00196169 -0.00408550
v -0.01946392 0.00082605 -0.00321378
v -0.01946123 0.00171503 -0.00302621
v -0.01945020 0.00242795 -0.00174376
v -0.01401921 0.01290250 0.00928723
v -0.01326157 0.01353238 0.00919649
v -0.01332003 0.01359806 0.01004438
v -0.01246270 0.01414258 0.00996275
v -0.01323547 0.01348984 0.01085139
v -0.01240882 0.01409048 0.01076749
v -0.01154199 0.01463331 0.01070916
v -0.01230974 0.01397814 0.01153601
v -0.01146052 0.01452097 0.01148319
v -0.01057145 0.01498850 0.01146534
v -0.01133023 0.01432970 0.01221690
v -0.01047034 0.01473662 0.01220962
v -0.00957980 0.01503969 0.01225453
v -0.01033399 0.01440755 0.01291409
v -0.00951047 0.01467286 0.01298668
v -0.00867072 0.01481736 0.01308351
v -0.00943442 0.01420569 0.01368935
v -0.00865906 0.01431179 0.01381100
v -0.00789184 0.01436950 0.01396094
v -0.00866484 0.01375075 0.01454561
v -0.00793857 0.01379549 0.01471078
v -0.00719691 0.01383436 0.01488325
v -0.00727370 0.01318137 0.01560543
v -0.00653157 0.01316026 0.01573703
v -0.00734363 0.01240544 0.01624578
v -0.00662325 0.01240811 0.01640047
v -0.00343654 0.00835263 0.01917817
v -0.00323764 0.00744546 0.01942773
v -0.00142064 0.00786490 0.01951083
v -0.00198550 0.00678257 0.01946821
v -0.00721925 -0.00175641 0.01735818
v -0.00753728 -0.00249178 0.01697567
v 0.00100672 -0.01152290 0.01070038
v 0.00057382 -0.01185143 0.01010108
v 0.00138448 -0.01221912 0.00983052
v 0.00015983 -0.01214117 0.00950767
v 0.00176563 -0.01286012 0.00889362
v 0.00210094 -0.01345324 0.00790576
v 0.00107509 -0.01376186 0.00681759
v 0.00176596 -0.01411283 0.00634430
v 0.00242622 -0.01448799 0.00578084
v 0.00118687 -0.01418872 0.00584346
v 0.00181349 -0.01453513 0.00529668
v 0.00239919 -0.01487307 0.00465604
v 0.00116597 -0.01454727 0.00483922
v 0.00170360 -0.01486380 0.00423055
v 0.00219803 -0.01514394 0.00354633
v 0.00098432 -0.01478236 0.00382746
v 0.00142955 -0.01505057 0.00316361
v 0.00185710 -0.01527319 0.00245333
v 0.00064545 -0.01489746 0.00282694
v 0.00101078 -0.01511514 0.00213221
v 0.00137540 -0.01528655 0.00140910
v 0.00045941 -0.01504840 0.00118045
v 0.00077388 -0.01516530 0.00044438
v -0.00017758 -0.01487226 0.00030790
v 0.00009777 -0.01493938 -0.00043864
v -0.00062983 -0.01463550 -0.00125907
v -0.00598340 -0.01254419 -0.00363970
v -0.00693320 -0.01212697 -0.00413363
v -0.00706941 -0.01189444 -0.00486558
v -0.00720722 -0.01161566 -0.00559916
v -0.00789207 -0.01168735 -0.00456580
v -0.00805132 -0.01140217 -0.00529383
v -0.00819980 -0.01110761 -0.00603678
v -0.00885068 -0.01121397 -0.00493771
v -0.00916272 -0.01058812 -0.00645659
v -0.01182701 -0.00928179 -0.00670568
v -0.01201345 -0.00888619 -0.00759482
v -0.01335819 -0.00826083 -0.00625214
v -0.01358548 -0.00772623 -0.00699885
v -0.01424035 -0.00747227 -0.00626437
v -0.01446557 -0.00682216 -0.00692386
v -0.01471663 -0.00614190 -0.00756401
v -0.01588849 -0.00568974 -0.00604732
v -0.01617498 -0.00495995 -0.00666407
v -0.01640615 -0.00415535 -0.00718778
v -0.01672764 -0.00482780 -0.00584204
v -0.01699697 -0.00404354 -0.00637489
v -0.01720339 -0.00318866 -0.00680543
v -0.01745145 -0.00393357 -0.00545467
v -0.01770729 -0.00311896 -0.00590479
v -0.01792500 -0.00224768 -0.00625533
v -0.01812846 -0.00310298 -0.00489211
v -0.01835302 -0.00227801 -0.00522389
v -0.01856857 -0.00141937 -0.00548027
v -0.01869189 -0.00235148 -0.00408284
v -0.01890751 -0.00154271 -0.00432834
v -0.01906203 -0.00070207 -0.00444707
v -0.01915271 -0.00165877 -0.00310030
v -0.01930062 -0.00086617 -0.00324343
v -0.01941294 -0.00003923 -0.00328820
v -0.01946961 -0.00094449 -0.00206937
v -0.01967628 0.00145868 -0.00101290
v -0.01972319 0.00145018 -0.00004649
v -0.01954848 0.00225332 0.00009534
v -0.01975406 0.00154507 0.00093157
v -0.01763852 0.00844016 0.00856705
v -0.01720468 0.00929642 0.00866710
v -0.01810250 0.00712333 0.00911067
v -0.01781505 0.00801550 0.00938678
v -0.01741934 0.00896573 0.00952346
v -0.01686119 0.00990333 0.00958127
v -0.01664135 0.01009619 0.00869229
v -0.01789997 0.00746909 0.01025309
v -0.01750094 0.00852116 0.01042796
v -0.01694515 0.00959438 0.01047659
v -0.01629324 0.01059011 0.01043145
v -0.01620789 0.01077260 0.00954789
v -0.01689164 0.00922629 0.01139574
v -0.01627659 0.01037503 0.01130539
v -0.01552526 0.01127772 0.01119531
v -0.01555198 0.01143238 0.01034905
v -0.01663138 0.00888519 0.01231383
v -0.01602623 0.01013867 0.01213164
v -0.01537808 0.01109059 0.01200501
v -0.01465354 0.01192641 0.01187148
v -0.01477184 0.01207834 0.01107797
v -0.01569338 0.01000518 0.01296301
v -0.01509867 0.01091581 0.01278070
v -0.01444849 0.01175988 0.01262394
v -0.01390168 0.01268016 0.01173767
v -0.01473235 0.01077139 0.01353868
v -0.01414598 0.01157641 0.01333389
v -0.01347918 0.01233119 0.01313798
v -0.01274796 0.01303237 0.01299492
v -0.01296125 0.01321049 0.01233806
v -0.01377318 0.01139918 0.01399923
v -0.01321124 0.01217453 0.01377211
v -0.01250119 0.01285267 0.01358299
v -0.01172872 0.01338472 0.01350325
v -0.01196755 0.01362763 0.01291974
v -0.01286137 0.01197291 0.01431184
v -0.01222315 0.01261093 0.01414532
v -0.01153132 0.01305779 0.01408861
v -0.01079219 0.01338477 0.01413279
v -0.01096290 0.01375362 0.01353133
v -0.01072146 0.01288538 0.01473398
v -0.01004279 0.01302877 0.01491689
v -0.01009401 0.01355574 0.01426594
v -0.01068971 0.01234824 0.01530120
v -0.00941188 0.01238823 0.01575068
v -0.00937725 0.01308209 0.01509239
v -0.01079571 0.01163750 0.01585120
v -0.01016527 0.01163806 0.01611811
v -0.00950252 0.01163082 0.01634915
v -0.00881166 0.01160994 0.01654739
v -0.00874049 0.01239505 0.01593290
v -0.01030900 0.01084701 0.01660027
v -0.00962521 0.01083086 0.01685069
v -0.00890848 0.01081138 0.01707326
v -0.00816795 0.01078279 0.01726059
v -0.00810430 0.01159983 0.01671537
v -0.00976355 0.01002495 0.01727957
v -0.00901524 0.00999467 0.01749709
v -0.00824909 0.00995136 0.01769791
v -0.00742201 0.01076003 0.01743499
v -0.00912702 0.00916516 0.01786161
v -0.00834408 0.00910520 0.01806759
v -0.00755357 0.00905504 0.01827072
v -0.00763151 0.00818606 0.01864063
v -0.00679692 0.00813811 0.01878555
v -0.00767117 0.00726308 0.01892063
v -0.00591609 0.00721867 0.01915464
v -0.00676381 0.00624384 0.01920832
v -0.00573195 0.00526709 0.01924209
v -0.00670501 0.00524049 0.01920755
v -0.00669215 0.00423409 0.01911305
v -0.00679569 0.00325540 0.01895131
v -0.00767901 0.00431639 0.01911079
v -0.00839168 0.00164907 0.01850658
v -0.00867046 0.00083346 0.01820195
v -0.00894980 0.00003799 0.01789146
v -0.00928099 -0.00073594 0.01755296
v -0.00812049 -0.00091423 0.01767458
v -0.00961072 -0.00147600 0.01710862
v -0.00848947 -0.00169449 0.01733165
v -0.00988753 -0.00219828 0.01660695
v -0.00878596 -0.00241865 0.01686408
v -0.01007895 -0.00289692 0.01608177
v -0.00899021 -0.00312362 0.01636919
v -0.00777367 -0.00320642 0.01653572
v -0.00795775 -0.00390457 0.01603251
v -0.00671429 -0.00393863 0.01618977
v -0.00811849 -0.00457818 0.01548218
v -0.00693177 -0.00463725 0.01564379
v -0.00626151 -0.00613133 0.01464090
v -0.00515436 -0.00624282 0.01472131
v -0.00405665 -0.00834066 0.01321792
v -0.00191942 -0.01084037 0.01071048
v -0.00228751 -0.01114723 0.01014918
v -0.00101958 -0.01205286 0.00915045
v -0.00024163 -0.01237627 0.00891197
v -0.00138541 -0.01228665 0.00855827
v -0.00064119 -0.01259545 0.00832806
v 0.00010485 -0.01291401 0.00805703
v -0.00103843 -0.01279183 0.00774748
v -0.00033523 -0.01310024 0.00749859
v 0.00036957 -0.01341801 0.00719166
v -0.00078322 -0.01324659 0.00694376
v 0.00053303 -0.01385802 0.00628853
v -0.00063192 -0.01359533 0.00614257
v -0.00001770 -0.01389698 0.00579776
v 0.00050987 -0.01448450 0.00441622
v 0.00025938 -0.01463983 0.00347396
v -0.00671738 -0.01261794 -0.00195051
v -0.00675736 -0.01250341 -0.00267850
v -0.00682221 -0.01232494 -0.00340374
v -0.00755503 -0.01228459 -0.00240654
v -0.00841352 -0.01193389 -0.00281930
v -0.00929249 -0.01157102 -0.00318044
v -0.00944256 -0.01131728 -0.00386519
v -0.00961394 -0.01103169 -0.00455387
v -0.01016361 -0.01114753 -0.00348813
v -0.01033296 -0.01085761 -0.00414487
v -0.01203735 -0.00982329 -0.00448536
v -0.01393954 -0.00799868 -0.00550473
v -0.01488678 -0.00761029 -0.00390412
v -0.01570731 -0.00687950 -0.00382222
v -0.01606346 -0.00622084 -0.00455370
v -0.01639077 -0.00553060 -0.00521868
v -0.01647639 -0.00611033 -0.00364133
v -0.01681675 -0.00540479 -0.00433094
v -0.01714532 -0.00468281 -0.00492318
v -0.01720691 -0.00534809 -0.00332244
v -0.01752856 -0.00462986 -0.00389700
v -0.01785350 -0.00387534 -0.00445511
v -0.01785806 -0.00458483 -0.00281508
v -0.01818101 -0.00388003 -0.00330761
v -0.01844529 -0.00312371 -0.00374347
v -0.01842880 -0.00383856 -0.00213036
v -0.01870289 -0.00315352 -0.00253677
v -0.01894118 -0.00241819 -0.00286221
v -0.01891389 -0.00311008 -0.00132615
v -0.01914749 -0.00242109 -0.00164617
v -0.01933217 -0.00170106 -0.00189779
v -0.02000000 -0.00056619 0.00117019
v -0.01986050 0.00077293 0.00091385
v -0.01986149 0.00109476 0.00196908
v -0.01968915 0.00180513 0.00189692
v -0.01966023 0.00150153 0.00298376
v -0.01957055 0.00216428 0.00284914
v -0.01831449 0.00575127 0.00942514
v -0.01829409 0.00627911 0.00874052
v -0.01812896 0.00657052 0.00988058
v -0.01820298 0.00515530 0.01005741
v -0.01803100 0.00593895 0.01062117
v -0.01802960 0.00450831 0.01061353
v -0.01783532 0.00527760 0.01125065
v -0.01782309 0.00379610 0.01110729
v -0.01761821 0.00456974 0.01176781
v -0.01758882 0.00301562 0.01158270
v -0.01708329 0.00447317 0.01284511
v -0.01667266 0.00353231 0.01329510
v -0.01674080 0.00501830 0.01344291
v -0.01694542 0.00290294 0.01268135
v -0.01647160 0.00201586 0.01316547
v -0.01617973 0.00264401 0.01376071
v -0.01716869 0.00218431 0.01200916
v -0.01666997 0.00132915 0.01248118
v -0.01602949 0.00053460 0.01299406
v -0.01586506 0.00118619 0.01367316
v -0.01612951 -0.00014751 0.01224678
v -0.01534491 -0.00020216 0.01351727
v -0.01539739 -0.00150011 0.01212041
v -0.01472264 -0.00214122 0.01270943
v -0.01472258 -0.00150715 0.01334682
v -0.01529289 -0.00215656 0.01153989
v -0.01397035 -0.00272011 0.01323560
v -0.01304462 -0.00445853 0.01257349
v -0.01368160 -0.00455800 0.01146371
v -0.01299499 -0.00505024 0.01192786
v -0.01226709 -0.00550112 0.01240251
v -0.01363796 -0.00511718 0.01079242
v -0.01297471 -0.00559389 0.01122971
v -0.01226480 -0.00604956 0.01169711
v -0.01142672 -0.00582065 0.01281147
v -0.01299074 -0.00608533 0.01046967
v -0.01229106 -0.00652660 0.01092747
v -0.01146830 -0.00685960 0.01135997
v -0.01066804 -0.00713424 0.01176322
v -0.01161678 -0.00727863 0.01051068
v -0.01013984 -0.00783355 0.01128565
v -0.01175306 -0.00764187 0.00960682
v -0.01101402 -0.00791410 0.01003008
v -0.01030295 -0.00815897 0.01045039
v -0.00376963 -0.01258191 0.00619007
v -0.00513907 -0.01255120 0.00479680
v -0.00451571 -0.01277384 0.00475715
v -0.00515971 -0.01274575 0.00407436
v -0.00586773 -0.01279355 0.00274377
v -0.00659386 -0.01265487 0.00216286
v -0.00737996 -0.01248994 0.00100080
v -0.00801353 -0.01214306 0.00240604
v -0.00806950 -0.01219010 0.00181545
v -0.00811477 -0.01220981 0.00121702
v -0.00742477 -0.01250902 0.00035530
v -0.00956275 -0.01173791 0.00000679
v -0.00963677 -0.01172864 -0.00066892
v -0.01081216 -0.01119204 -0.00051140
v -0.01032349 -0.01144997 -0.00098100
v -0.01100711 -0.01107383 -0.00128743
v -0.01479750 -0.00832154 0.00149054
v -0.01527088 -0.00789680 0.00091581
v -0.01551093 -0.00763383 -0.00060187
v -0.01545084 -0.00767185 0.00185304
v -0.01625246 -0.00696442 -0.00032769
v -0.01705966 -0.00599745 0.00114100
v -0.01694176 -0.00626142 0.00006413
v -0.01711800 -0.00568128 0.00220920
v -0.01765131 -0.00520908 0.00168230
v -0.01755751 -0.00550072 0.00056700
v -0.01711451 -0.00530245 0.00324196
v -0.01764726 -0.00483462 0.00275996
v -0.01813760 -0.00434492 0.00227787
v -0.01811569 -0.00470032 0.00116856
v -0.01708652 -0.00482105 0.00417354
v -0.01759993 -0.00437937 0.00372259
v -0.01808810 -0.00389988 0.00327510
v -0.01851845 -0.00337490 0.00282790
v -0.01854923 -0.00381053 0.00180894
v -0.01750752 -0.00385902 0.00462184
v -0.01797719 -0.00340495 0.00419997
v -0.01840992 -0.00290477 0.00378192
v -0.01881391 -0.00237322 0.00339768
v -0.01889059 -0.00280639 0.00240923
v -0.01826115 -0.00241519 0.00470693
v -0.01865429 -0.00191229 0.00435912
v -0.01899004 -0.00137545 0.00403976
v -0.01914191 -0.00179643 0.00304170
v -0.01904046 -0.00037178 0.00476004
v -0.01924840 -0.00080837 0.00375357
v -0.01820145 0.00379324 0.00991974
v -0.01835448 0.00441055 0.00943721
v -0.01800461 0.00309851 0.01036231
v -0.01773497 0.00232109 0.01078537
v -0.01424743 -0.00459580 0.01036307
v -0.01363454 -0.00562285 0.01005053
v -0.01321360 -0.00853386 0.00571998
v -0.01260743 -0.00907323 0.00546484
v -0.01180916 -0.00940961 0.00597409
v -0.01106554 -0.01031197 0.00500142
v -0.00792424 -0.01203999 0.00296285
v -0.00981101 -0.01115105 0.00384411
v -0.01030155 -0.01110718 0.00333586
v -0.00998814 -0.01095228 0.00427701
v -0.01061170 -0.01086267 0.00372136
v -0.01327410 -0.00942775 0.00334965
v -0.01450742 -0.00777292 0.00489356
v -0.01415891 -0.00802389 0.00520228
v -0.01410274 -0.00840852 0.00450566
v -0.01965132 0.00088182 0.00313925
v -0.01957840 0.00030463 0.00331861
v -0.01944711 -0.00024839 0.00351312
v -0.01980056 -0.00013827 0.00226757
v -0.01988861 -0.00114142 0.00141735
v -0.01888155 -0.00322856 0.00137141
v -0.01906187 -0.00294439 -0.00013520
v -0.01879287 -0.00357163 0.00024033
v -0.01849242 -0.00416645 0.00067892
v -0.01864804 -0.00377540 -0.00095570
v -0.01834474 -0.00437413 -0.00049704
v -0.01799068 -0.00495953 0.00001271
v -0.01813364 -0.00451151 -0.00166960
v -0.01779527 -0.00514340 -0.00114619
v -0.01740169 -0.00573366 -0.00055823
v -0.01750925 -0.00524681 -0.00226036
v -0.01715220 -0.00588550 -0.00164547
v -0.01672551 -0.00645358 -0.00098944
v -0.01684637 -0.00600702 -0.00267711
v -0.01645851 -0.00662093 -0.00199305
v -0.01600483 -0.00715795 -0.00128796
v -0.01611063 -0.00675745 -0.00293487
v -0.01569019 -0.00732752 -0.00220262
v -0.01530917 -0.00746890 -0.00307388
v -0.01324219 -0.00963197 -0.00189503
v -0.01287088 -0.00983453 -0.00265224
v -0.01262328 -0.01015645 -0.00208340
v -0.01064647 -0.01112839 -0.00244473
v -0.01048304 -0.01132180 -0.00171651
v -0.01000114 -0.01137997 -0.00281428
v -0.00986436 -0.01156052 -0.00211035
v -0.00973745 -0.01167702 -0.00138089
v -0.00916532 -0.01175357 -0.00247854
v -0.00907278 -0.01188430 -0.00176507
v -0.00900697 -0.01194595 -0.00104684
v -0.00828186 -0.01217480 -0.00139502
v -0.00745511 -0.01249615 -0.00030788
v -0.00210134 -0.01323479 0.00590897
v -0.00261538 -0.01302922 0.00601341
v -0.00317645 -0.01280644 0.00611502
v -0.00298021 -0.01262805 0.00681885
v -0.00361407 -0.01237427 0.00691754
v -0.00272673 -0.01241692 0.00748685
v -0.00340081 -0.01214320 0.00761190
v -0.00315242 -0.01190793 0.00829422
v -0.00364781 -0.01133576 0.00911442
v -0.00705143 -0.00910699 0.01094970
v -0.00636319 -0.00839247 0.01243275
v -0.00712003 -0.00783070 0.01282799
v -0.00977109 -0.00683330 0.01280829
v -0.00962517 -0.00627226 0.01346159
v -0.01056124 -0.00610737 0.01320509
v -0.00949175 -0.00569038 0.01409034
v -0.01048875 -0.00549966 0.01382729
v -0.01140538 -0.00522325 0.01345950
v -0.01226533 -0.00424974 0.01363969
v -0.01131653 -0.00395283 0.01464084
v -0.01227191 -0.00363261 0.01423689
v -0.01313975 -0.00320033 0.01374070
v -0.01223771 -0.00301393 0.01482831
v -0.01312416 -0.00259114 0.01433451
v -0.01396423 -0.00209614 0.01384690
v -0.01302245 -0.00197555 0.01495335
v -0.01385973 -0.00148361 0.01449539
v -0.01462888 -0.00087738 0.01401106
v -0.01366126 -0.00085215 0.01512151
v -0.01445800 -0.00026502 0.01467381
v -0.01518307 0.00042947 0.01418630
v -0.01419474 0.00036257 0.01526683
v -0.01494318 0.00103708 0.01479836
v -0.01561550 0.00180210 0.01428073
v -0.01462991 0.00164060 0.01534544
v -0.01531050 0.00237963 0.01485929
v -0.01583551 0.00321596 0.01434036
v -0.01583960 0.00789850 0.01417955
v -0.01538267 0.00630768 0.01547002
v -0.01526088 0.00805340 0.01493540
v -0.01507099 0.00895178 0.01474109
v -0.01561836 0.00894220 0.01395310
v -0.01469223 0.00811183 0.01566549
v -0.01443270 0.00890210 0.01544818
v -0.01471659 0.00980415 0.01451204
v -0.01390267 0.00805897 0.01626994
v -0.01371089 0.00880091 0.01605951
v -0.01344328 0.00954742 0.01576790
v -0.01314443 0.01029605 0.01545170
v -0.01376204 0.01045799 0.01490010
v -0.01297375 0.00871817 0.01664557
v -0.01183918 0.01012065 0.01637282
v -0.01160707 0.01088221 0.01598754
v -0.01282441 0.01105339 0.01514315
v -0.01132743 0.00928227 0.01705966
v -0.01219985 0.00860169 0.01706019
v -0.01147405 0.00851820 0.01741974
v -0.01063101 0.00924364 0.01737430
v -0.01156586 0.00774805 0.01772434
v -0.01086887 0.00764895 0.01798194
v -0.01158440 0.00694634 0.01791912
v -0.01096353 0.00684430 0.01827747
v -0.01105571 0.00597052 0.01842102
v -0.00866225 0.00447807 0.01893386
v -0.01011428 0.00292301 0.01851635
v -0.00912676 0.00270061 0.01864007
v -0.01042580 0.00210305 0.01819510
v -0.00944841 0.00183455 0.01842405
v -0.01075589 0.00130698 0.01785121
v -0.00976062 0.00102820 0.01809907
v -0.01105401 0.00055341 0.01743180
v -0.01005352 0.00026384 0.01772680
v -0.01135020 -0.00019316 0.01699056
v -0.01035384 -0.00048061 0.01731434
v -0.01163383 -0.00094004 0.01650059
v -0.01064946 -0.00121076 0.01682872
v -0.01188212 -0.00166247 0.01595148
v -0.01091261 -0.00194104 0.01631069
v -0.01209525 -0.00234267 0.01537592
v -0.01111301 -0.00264156 0.01576428
v -0.01124533 -0.00331121 0.01521484
v -0.01021942 -0.00357653 0.01555058
v -0.01031515 -0.00421990 0.01498154
v -0.00924881 -0.00443190 0.01525120
v -0.00936887 -0.00507025 0.01467940
v -0.00827571 -0.00522555 0.01489355
v -0.00844553 -0.00585582 0.01430323
v -0.00655564 -0.00682200 0.01403985
v -0.00685077 -0.00736299 0.01344281
v -0.00608431 -0.00800430 0.01305891
v -0.00450078 -0.00879446 0.01263976
v -0.00340540 -0.01106635 0.00975370
v -0.00260617 -0.01140972 0.00956497
v -0.00288707 -0.01165535 0.00894873
v -0.00178541 -0.01309942 0.00654915
v -0.00178198 -0.01359018 0.00512720
v -0.01279881 -0.00131064 0.01554460
v -0.01253799 -0.00060915 0.01610803
v -0.01338202 -0.00019035 0.01568218
v -0.01226443 0.00012236 0.01663002
v -0.01309304 0.00051260 0.01621254
v -0.01328526 0.00232376 0.01686794
v -0.01363647 0.00343606 0.01696008
v -0.01419993 0.00400517 0.01645980
v -0.01471423 0.00470508 0.01604069
v -0.01394183 0.00663636 0.01653751
v -0.01317106 0.00654110 0.01713997
v -0.01307390 0.00796733 0.01683314
v -0.01165477 0.00613009 0.01808807
v -0.01118118 0.00509656 0.01844655
v -0.01149117 0.00424901 0.01835953
v -0.01184184 0.00344160 0.01811905
v -0.01217818 0.00268449 0.01770263
v -0.01293745 0.00301579 0.01736759
v -0.01252695 0.00375259 0.01777513
v -0.01322776 0.00410814 0.01740122
v -0.00766917 0.00629093 0.01908121
v -0.00923159 0.00830976 0.01817176
v -0.00989069 0.00920538 0.01763127
v -0.01047024 0.01004343 0.01700655
v -0.01096696 0.01085998 0.01630687
v -0.01335703 0.01123119 0.01462003
v -0.01429147 0.01061776 0.01425325
v -0.01524306 0.00991333 0.01376001
v -0.01616069 0.00887847 0.01318535
v -0.00869459 0.01311821 0.01525772
v -0.00938339 0.01368883 0.01439817
v -0.01019874 0.01402035 0.01359867
v -0.01114445 0.01405828 0.01288680
v -0.01215082 0.01379888 0.01224748
v -0.01311319 0.01335123 0.01161837
v -0.01401519 0.01281382 0.01095931
v -0.01480374 0.01218401 0.01024508
v -0.01548939 0.01153054 0.00947543
v -0.01602108 0.01085483 0.00865407
v 0.00826149 0.00477152 0.01731560
v 0.00912084 0.00380121 0.01723220
v 0.01013396 0.00574698 0.01593466
v 0.00351389 0.01330607 -0.01240909
v 0.00274115 0.01311164 -0.01321862
v 0.01056028 0.01310725 -0.00367091
v 0.01455416 0.00170228 0.01389752
v 0.01303963 0.00198199 0.01564146
v 0.01499021 0.00065393 0.01368689
v 0.01560493 0.00086388 0.01277122
v 0.01520793 0.00191791 0.01293466
v 0.01590332 -0.00021067 0.01246885
v 0.01640446 -0.00001902 0.01147617
v 0.01612608 0.00100570 0.01177237
v 0.01668277 -0.00100733 0.01107531
v 0.01682147 0.00015751 0.01035304
v 0.01651827 0.00107322 0.01069074
v 0.01576797 0.00203146 0.01191180
v 0.01310228 0.00292721 0.01526151
v 0.00702221 0.00031335 -0.01861481
v 0.00683119 -0.00057464 -0.01853733
v 0.00796958 0.00009986 -0.01833068
v 0.00772644 -0.00070967 -0.01829352
v 0.00750567 -0.00156537 -0.01816346
v 0.00863629 -0.00089020 -0.01797543
v 0.00835206 -0.00165413 -0.01792052
v 0.00811234 -0.00245545 -0.01773797
v 0.00921019 -0.00179809 -0.01760478
v 0.00956604 -0.00112132 -0.01760638
v 0.01049995 -0.00148929 -0.01715825
v 0.01007210 -0.00216810 -0.01718803
v 0.01139002 -0.00196484 -0.01660576
v 0.01088888 -0.00261985 -0.01667655
v 0.01224595 -0.00250380 -0.01597259
v 0.01165969 -0.00318511 -0.01608936
v 0.01097317 -0.00378208 -0.01616906
v 0.01235431 -0.00375821 -0.01540088
v 0.01305266 -0.00304191 -0.01523994
v 0.01377414 -0.00356244 -0.01444248
v 0.01364241 -0.00226183 -0.01503655
v 0.01448366 -0.00271920 -0.01415549
v 0.01517645 -0.00311292 -0.01323155
v 0.01502016 -0.00178622 -0.01384946
v 0.01410477 -0.00142249 -0.01480521
v 0.01445101 -0.00052084 -0.01461934
v 0.01535435 -0.00079458 -0.01362743
v 0.01464091 0.00044078 -0.01450643
v 0.01552729 0.00021329 -0.01353399
v 0.01558974 0.00123642 -0.01353250
v 0.01639751 0.00118786 -0.01256169
v 0.01555385 0.00230355 -0.01357577
v 0.01632203 0.00229956 -0.01269335
v 0.01699083 0.00246878 -0.01176426
v 0.01708885 0.00134613 -0.01159102
v 0.01762845 0.00278302 -0.01081808
v 0.01773800 0.00169614 -0.01063637
v 0.01822585 0.00322100 -0.00983189
v 0.01832300 0.00219150 -0.00962195
v 0.01841368 0.00117908 -0.00929123
v 0.01886423 0.00275327 -0.00858776
v 0.01892798 0.00179875 -0.00825155
v 0.01939658 0.00246176 -0.00719725
v 0.01975194 0.00231555 -0.00568744
v 0.01969935 0.00155568 -0.00513122
v 0.01987260 0.00223587 -0.00410471
v 0.01970025 0.00154314 -0.00346995
v 0.01920234 -0.00134464 -0.00551447
v 0.01899380 -0.00221500 -0.00640364
v 0.01892406 -0.00154012 -0.00740439
v 0.01835435 -0.00228889 -0.00826112
v 0.01712268 0.00897314 -0.00034477
v 0.01689068 0.00937683 -0.00149274
v 0.01547414 0.01058729 -0.00204926
v 0.01582351 0.01040706 -0.00286504
v 0.01508631 0.01103229 -0.00312197
v 0.01613370 0.01020226 -0.00368274
v 0.01539417 0.01084695 -0.00391398
v 0.01460411 0.01145395 -0.00415979
v 0.01565572 0.01063046 -0.00472066
v 0.01486736 0.01123415 -0.00492704
v 0.01405002 0.01182487 -0.00516888
v 0.01509116 0.01099037 -0.00571057
v 0.01428190 0.01156229 -0.00590861
v 0.01343038 0.01208323 -0.00614743
v 0.01445693 0.01127294 -0.00664854
v 0.01362656 0.01181789 -0.00684954
v 0.01376743 0.01154566 -0.00752142
v 0.01292263 0.01207622 -0.00776866
v 0.01198347 0.01233143 -0.00805547
v 0.01215229 0.01206342 -0.00867295
v 0.01229435 0.01177402 -0.00924506
v 0.01077727 0.01200546 -0.01012808
v 0.01104906 0.01165017 -0.01076074
v 0.01034516 0.01170644 -0.01124151
v 0.01135708 0.01121707 -0.01136609
v 0.01068233 0.01125864 -0.01187657
v 0.00994400 0.01129418 -0.01233626
v 0.01106644 0.01074141 -0.01247989
v 0.01032243 0.01076967 -0.01295986
v 0.01071973 0.01016160 -0.01352193
v 0.00987736 0.01020551 -0.01397278
v 0.01024092 0.00955924 -0.01449765
v 0.00930518 0.00963534 -0.01494229
v 0.00857333 0.00904122 -0.01582009
v 0.00961610 0.00894845 -0.01539826
v 0.00989843 0.00822884 -0.01578565
v 0.00885593 0.00832270 -0.01617023
v 0.01058106 0.00887439 -0.01496486
v 0.01088064 0.00814520 -0.01534873
v 0.01114881 0.00738027 -0.01566606
v 0.01014991 0.00747651 -0.01609607
v 0.01146551 0.00880337 -0.01445494
v 0.01179776 0.00806191 -0.01482934
v 0.01209375 0.00728521 -0.01513773
v 0.01232842 0.00647013 -0.01537595
v 0.01138165 0.00658661 -0.01593350
v 0.01263219 0.00798788 -0.01421937
v 0.01293782 0.00717948 -0.01448116
v 0.01321563 0.00635728 -0.01471344
v 0.01344863 0.00549643 -0.01489396
v 0.01255461 0.00562664 -0.01557216
v 0.01371827 0.00710906 -0.01378385
v 0.01402988 0.00626036 -0.01399704
v 0.01427382 0.00536128 -0.01415410
v 0.01448502 0.00443130 -0.01429054
v 0.01364890 0.00458550 -0.01503306
v 0.01475562 0.00620662 -0.01323687
v 0.01503871 0.00530209 -0.01337704
v 0.01526683 0.00435910 -0.01350025
v 0.01543854 0.00335423 -0.01356966
v 0.01464975 0.00345109 -0.01438660
v 0.01573616 0.00534586 -0.01255591
v 0.01599582 0.00439195 -0.01267012
v 0.01618196 0.00337484 -0.01272147
v 0.01665977 0.00455876 -0.01179115
v 0.01687286 0.00354609 -0.01184181
v 0.01726152 0.00484202 -0.01086458
v 0.01751633 0.00383951 -0.01091571
v 0.01777553 0.00522247 -0.00990096
v 0.01806740 0.00424180 -0.00992183
v 0.01815894 0.00567675 -0.00888711
v 0.01851832 0.00473207 -0.00889273
v 0.01871871 0.00373863 -0.00879215
v 0.01887457 0.00529706 -0.00785335
v 0.01912200 0.00433002 -0.00774030
v 0.01930285 0.00337826 -0.00753422
v 0.01940725 0.00495874 -0.00667593
v 0.01961855 0.00403322 -0.00646885
v 0.01972149 0.00314492 -0.00612909
v 0.01981649 0.00466842 -0.00540205
v 0.01992525 0.00380967 -0.00506538
v 0.01994752 0.00299587 -0.00463081
v 0.01999980 0.00437995 -0.00400373
v 0.02000000 0.00357852 -0.00358206
v 0.01989899 0.00281806 -0.00308657
v 0.01993794 0.00405424 -0.00254325
v 0.01981204 0.00330331 -0.00208047
v 0.01805836 0.00765992 0.00031758
v 0.01765886 0.00834866 -0.00000992
v 0.01861979 0.00741764 -0.00051565
v 0.01813976 0.00803926 -0.00089278
v 0.01755565 0.00871784 -0.00120207
v 0.01722562 0.00909759 -0.00232776
v 0.01684228 0.00952989 -0.00343811
v 0.01709689 0.00930822 -0.00429899
v 0.01638455 0.00997735 -0.00451597
v 0.01658820 0.00973150 -0.00537360
v 0.01585629 0.01037825 -0.00554558
v 0.01672834 0.00943021 -0.00624841
v 0.01600812 0.01008662 -0.00638060
v 0.01525416 0.01070017 -0.00650415
v 0.01610970 0.00975392 -0.00722500
v 0.01537356 0.01038646 -0.00729600
v 0.01459663 0.01098267 -0.00737906
v 0.01544023 0.01004809 -0.00809589
v 0.01468362 0.01066966 -0.00809337
v 0.01387924 0.01126409 -0.00816722
v 0.01472417 0.01035459 -0.00880893
v 0.01393169 0.01097150 -0.00884004
v 0.01313356 0.01149088 -0.00893590
v 0.01390852 0.01069190 -0.00946244
v 0.01318292 0.01117339 -0.00952682
v 0.01241813 0.01148307 -0.00977116
v 0.01172597 0.01071722 -0.01194099
v 0.01214145 0.01012620 -0.01245336
v 0.01146906 0.01013910 -0.01300995
v 0.01272134 0.01011646 -0.01184692
v 0.01317823 0.00947039 -0.01225985
v 0.01256322 0.00945236 -0.01288643
v 0.01369849 0.00953282 -0.01160046
v 0.01416184 0.00878901 -0.01189877
v 0.01361426 0.00873266 -0.01258685
v 0.01413488 0.00963008 -0.01090823
v 0.01462735 0.00890826 -0.01117683
v 0.01510815 0.00811014 -0.01138806
v 0.01462023 0.00798273 -0.01213683
v 0.01441641 0.00983384 -0.01022720
v 0.01500597 0.00909809 -0.01043381
v 0.01551845 0.00831000 -0.01059312
v 0.01603248 0.00751141 -0.01067855
v 0.01558080 0.00726627 -0.01151181
v 0.01527869 0.00935623 -0.00967267
v 0.01585137 0.00860320 -0.00977880
v 0.01640283 0.00782640 -0.00980556
v 0.01692265 0.00701475 -0.00980749
v 0.01652056 0.00667350 -0.01072059
v 0.01605928 0.00897903 -0.00892985
v 0.01665910 0.00822678 -0.00892284
v 0.01723167 0.00742492 -0.00888963
v 0.01772959 0.00657361 -0.00886497
v 0.01737696 0.00614835 -0.00983717
v 0.01680007 0.00866589 -0.00803257
v 0.01742499 0.00790478 -0.00796606
v 0.01796861 0.00707408 -0.00788838
v 0.01845051 0.00620492 -0.00786402
v 0.01746096 0.00833775 -0.00702809
v 0.01865792 0.00676133 -0.00685472
v 0.01910744 0.00588397 -0.00679802
v 0.01810519 0.00802913 -0.00596735
v 0.01873370 0.00727793 -0.00584107
v 0.01921909 0.00644168 -0.00574086
v 0.01958182 0.00555875 -0.00561355
v 0.01865160 0.00767314 -0.00483440
v 0.01921510 0.00690954 -0.00469051
v 0.01963304 0.00607678 -0.00454745
v 0.01988749 0.00521599 -0.00432711
v 0.01905732 0.00722648 -0.00365359
v 0.01956221 0.00649043 -0.00348421
v 0.01981991 0.00566433 -0.00326530
v 0.01993306 0.00484692 -0.00294318
v 0.01938871 0.00677902 -0.00242795
v 0.01964318 0.00599907 -0.00220418
v 0.01975064 0.00521460 -0.00188878
v 0.01977082 0.00444848 -0.00151434
v 0.01937770 0.00631793 -0.00113366
v 0.01948137 0.00554921 -0.00084468
v 0.01950541 0.00478596 -0.00050691
v 0.01886500 0.00664281 -0.00021760
v 0.01911884 0.00704599 -0.00143457
v 0.01844589 0.00794304 -0.00385090
v 0.01799670 0.00838572 -0.00501143
v 0.01741931 0.00873656 -0.00610608
v 0.01681230 0.00907845 -0.00713782
v 0.01614467 0.00938341 -0.00808073
v 0.01542159 0.00969197 -0.00889066
v 0.01461013 0.01007841 -0.00954141
v 0.01693116 0.00578279 -0.01077863
v 0.01637434 0.00550540 -0.01168738
v 0.01602058 0.00640472 -0.01159195
v 0.01542737 0.00624627 -0.01243688
v 0.01504569 0.00711842 -0.01231100
v 0.01441960 0.00708270 -0.01305914
v 0.01402855 0.00792871 -0.01284548
v 0.01336165 0.00792801 -0.01353552
v 0.01297854 0.00872442 -0.01325123
v 0.01227138 0.00875205 -0.01388958
v 0.01187896 0.00947608 -0.01348463
v 0.01110487 0.00951092 -0.01402413
v 0.01473870 0.00243567 -0.01442825
v 0.01386502 0.00265834 -0.01520700
v 0.01380685 0.00363646 -0.01515452
v 0.01295135 0.00289284 -0.01589345
v 0.01289551 0.00383366 -0.01582219
v 0.01274151 0.00474401 -0.01570289
v 0.01191041 0.00402376 -0.01640529
v 0.01176672 0.00489767 -0.01628862
v 0.01159361 0.00575839 -0.01614580
v 0.01076613 0.00506796 -0.01678461
v 0.01059382 0.00589700 -0.01660217
v 0.01038767 0.00670550 -0.01637714
v 0.00960134 0.00607874 -0.01700060
v 0.00938752 0.00685371 -0.01676533
v 0.00912736 0.00759364 -0.01647619
v 0.00813368 0.00771210 -0.01681247
v 0.00792102 0.00580111 -0.01775801
v 0.00716444 0.00606993 -0.01791889
v 0.00864519 0.00630108 -0.01729632
v 0.00878593 0.00552346 -0.01752763
v 0.00887800 0.00472889 -0.01775495
v 0.00795240 0.00503515 -0.01800734
v 0.00975760 0.00526543 -0.01719063
v 0.00986619 0.00445381 -0.01737387
v 0.00990996 0.00365274 -0.01753418
v 0.00888578 0.00393710 -0.01792052
v 0.01088519 0.00422429 -0.01691727
v 0.01095675 0.00339544 -0.01706399
v 0.01091644 0.00258718 -0.01718448
v 0.00986164 0.00287181 -0.01767069
v 0.01198121 0.00314416 -0.01650155
v 0.01194504 0.00228490 -0.01661706
v 0.01180567 0.00145464 -0.01672807
v 0.01077806 0.00180117 -0.01729034
v 0.01292662 0.00197103 -0.01598117
v 0.01280403 0.00108774 -0.01609195
v 0.01256252 0.00025757 -0.01620795
v 0.01155735 0.00067293 -0.01683962
v 0.01372465 0.00074052 -0.01533218
v 0.01351431 -0.00015765 -0.01545755
v 0.01317388 -0.00098805 -0.01563492
v 0.01221564 -0.00051587 -0.01634194
v 0.01182329 -0.00125998 -0.01648383
v 0.01088702 -0.00079686 -0.01707412
v 0.01123995 -0.00007722 -0.01695962
v 0.01274909 -0.00176817 -0.01581956
v 0.00991030 -0.00042156 -0.01756450
v 0.01023644 0.00029921 -0.01747422
v 0.01052900 0.00104065 -0.01737999
v 0.00923279 0.00060541 -0.01792696
v 0.00950764 0.00135452 -0.01786315
v 0.00972821 0.00210591 -0.01777064
v 0.00849233 0.00164063 -0.01826969
v 0.00869020 0.00240028 -0.01818965
v 0.00882694 0.00316374 -0.01807544
v 0.00769383 0.00269488 -0.01857240
v 0.00783011 0.00346548 -0.01839587
v 0.00793033 0.00424532 -0.01822053
v 0.00689850 0.00378085 -0.01862714
v 0.00705575 0.00457529 -0.01842850
v 0.00714995 0.00535108 -0.01817343
v 0.00577330 0.00330825 -0.01893978
v 0.00648663 0.00219459 -0.01884472
v 0.00725076 0.00113687 -0.01861418
v 0.00627091 0.00137400 -0.01885340
v 0.00823965 0.00087678 -0.01831440
v 0.00892809 -0.00013708 -0.01796083
v 0.00051638 0.01223348 0.01698634
v -0.00013689 0.01284248 0.01634642
v -0.00040646 0.01242908 0.01679501
v -0.01470104 0.00976495 -0.00587351
v -0.01514860 0.00909057 -0.00652995
v -0.01563053 0.00885866 -0.00557513
v -0.01607280 0.00865589 -0.00462224
v -0.01600975 0.00810412 -0.00636478
v -0.01651003 0.00790911 -0.00542515
v -0.01696500 0.00771030 -0.00449307
v -0.01678986 0.00705078 -0.00635873
v -0.01622839 0.00721325 -0.00726515
v -0.01625735 0.00616992 -0.00813079
v -0.01564176 0.00739484 -0.00809985
v -0.01265296 -0.00040871 -0.01340170
v -0.01192999 -0.00038251 -0.01404009
v -0.01163735 -0.00154028 -0.01397883
v -0.01121096 -0.00025188 -0.01468522
v -0.01088040 -0.00143588 -0.01465707
v -0.01051747 -0.00252664 -0.01445551
v -0.01008899 -0.00122651 -0.01526856
v -0.00969282 -0.00236431 -0.01505942
v -0.00934294 -0.00345241 -0.01468555
v -0.00887125 -0.00218219 -0.01557622
v -0.00850413 -0.00335977 -0.01515515
v -0.00827402 -0.00447219 -0.01466707
v -0.00743959 -0.00448304 -0.01507883
v -0.00725109 -0.00555271 -0.01448373
v -0.00660420 -0.00450052 -0.01543256
v -0.00641952 -0.00562509 -0.01484490
v -0.00621664 -0.00661306 -0.01403444
v -0.00445056 -0.00795884 -0.01362035
v -0.00422071 -0.00894851 -0.01270947
v -0.00364714 -0.00813871 -0.01382277
v -0.00340693 -0.00910274 -0.01286450
v -0.00259816 -0.00925697 -0.01300171
v -0.00227295 -0.01012873 -0.01197350
v -0.00184450 -0.01088933 -0.01099329
v -0.00143164 -0.01019633 -0.01213504
v -0.00096112 -0.01097528 -0.01120176
v -0.00046067 -0.01168962 -0.01032828
v -0.00006151 -0.01102451 -0.01142343
v 0.00198849 -0.01254698 -0.00989215
v 0.00245606 -0.01320930 -0.00900863
v 0.00354045 -0.01332540 -0.00915944
v 0.00391837 -0.01388595 -0.00819777
v 0.00510726 -0.01391728 -0.00811594
v 0.00639632 -0.01396690 -0.00784348
v 0.00656262 -0.01433254 -0.00685087
v 0.00665482 -0.01472907 -0.00580421
v 0.00769456 -0.01412316 -0.00645157
v 0.00879823 -0.01421035 -0.00502021
v 0.00878909 -0.01449846 -0.00390535
v 0.00871197 -0.01470617 -0.00277662
v 0.00976926 -0.01416585 -0.00350356
v 0.00965645 -0.01433872 -0.00235439
v 0.00948039 -0.01449487 -0.00126462
v 0.01056221 -0.01390186 -0.00195087
v 0.01039183 -0.01405785 -0.00084289
v 0.01127109 -0.01356070 -0.00047404
v 0.01104906 -0.01377379 0.00057634
v 0.01069387 -0.01399726 0.00155954
v 0.01191416 -0.01324496 0.00093010
v 0.01155399 -0.01351965 0.00192896
v 0.01105288 -0.01379659 0.00292346
v 0.01235531 -0.01301172 0.00231762
v 0.01182751 -0.01333012 0.00332964
v 0.01116872 -0.01361405 0.00430334
v 0.01255288 -0.01282828 0.00375716
v 0.01190808 -0.01317061 0.00475426
v 0.01113571 -0.01350572 0.00568125
v 0.01259450 -0.01272382 0.00524702
v 0.01184011 -0.01308528 0.00619187
v 0.01100086 -0.01333045 0.00705275
v 0.01251904 -0.01264251 0.00675417
v 0.01170223 -0.01289814 0.00760784
v 0.01078026 -0.01298414 0.00837263
v 0.01236860 -0.01238757 0.00818965
v 0.01143410 -0.01250045 0.00893623
v 0.01040642 -0.01249769 0.00961749
v 0.01203539 -0.01193576 0.00951518
v 0.01098600 -0.01200106 0.01017853
v 0.00986416 -0.01193053 0.01078956
v 0.01148346 -0.01140896 0.01073957
v 0.01034868 -0.01140420 0.01132427
v 0.00918981 -0.01125240 0.01188378
v 0.01076759 -0.01082335 0.01187274
v 0.00959546 -0.01071995 0.01239227
v 0.00844490 -0.01045168 0.01290856
v 0.00994553 -0.01015149 0.01291598
v 0.00878463 -0.00991164 0.01337607
v 0.00765461 -0.00949596 0.01385404
v 0.00907793 -0.00935284 0.01386641
v 0.00791630 -0.00897568 0.01427285
v 0.00810643 -0.00837120 0.01475910
v 0.00709404 -0.00772909 0.01509744
v 0.00808166 -0.00531465 0.01641180
v 0.00913058 -0.00488128 0.01652368
v 0.01018289 -0.00444938 0.01651471
v 0.00931306 -0.00580917 0.01615859
v 0.01043873 -0.00545140 0.01610454
v 0.01144447 -0.00513866 0.01597185
v 0.01056716 -0.00644152 0.01567630
v 0.01159155 -0.00622270 0.01550767
v 0.01251748 -0.00587203 0.01512702
v 0.01059605 -0.00736184 0.01518652
v 0.01161771 -0.00716811 0.01488721
v 0.01259818 -0.00685687 0.01450227
v 0.01355307 -0.00645873 0.01405623
v 0.01161634 -0.00803565 0.01427358
v 0.01266981 -0.00776256 0.01386468
v 0.01367851 -0.00741126 0.01340293
v 0.01458886 -0.00700259 0.01284963
v 0.01265522 -0.00858851 0.01319538
v 0.01369513 -0.00829783 0.01269474
v 0.01461824 -0.00792968 0.01209761
v 0.01542664 -0.00750799 0.01142489
v 0.01356673 -0.00910999 0.01199250
v 0.01451104 -0.00879167 0.01134302
v 0.01535335 -0.00840965 0.01063689
v 0.01607862 -0.00794963 0.00987177
v 0.01427173 -0.00958677 0.01063659
v 0.01511134 -0.00923059 0.00988154
v 0.01586775 -0.00880164 0.00909830
v 0.01648480 -0.00829149 0.00824430
v 0.01477144 -0.01001980 0.00919008
v 0.01551310 -0.00961559 0.00837346
v 0.01611628 -0.00911335 0.00751487
v 0.01660489 -0.00854218 0.00661470
v 0.01504549 -0.01040136 0.00771328
v 0.01564150 -0.00990394 0.00684019
v 0.01615397 -0.00934778 0.00594557
v 0.01647363 -0.00872103 0.00500917
v 0.01510748 -0.01063875 0.00619044
v 0.01560467 -0.01007332 0.00528688
v 0.01503515 -0.01073503 0.00463078
v 0.01480042 -0.01079932 0.00305286
v 0.01310867 -0.01185003 -0.00184826
v 0.01313984 -0.01153589 -0.00294142
v 0.01238526 -0.01222945 -0.00343625
v 0.01246287 -0.01185209 -0.00449307
v 0.01166770 -0.01250018 -0.00494951
v 0.01174245 -0.01204351 -0.00594747
v 0.01083297 -0.01261838 -0.00636033
v 0.01089034 -0.01216570 -0.00729501
v 0.01083972 -0.01126499 -0.00907903
v 0.00985698 -0.01266774 -0.00766894
v 0.00982644 -0.01219452 -0.00853980
v 0.00974902 -0.01173558 -0.00939746
v 0.00955168 -0.01128929 -0.01027845
v 0.00870885 -0.01259015 -0.00886876
v 0.00860079 -0.01214775 -0.00968747
v 0.00838510 -0.01170930 -0.01048736
v 0.00805880 -0.01121985 -0.01128552
v 0.00735214 -0.01245916 -0.00991612
v 0.00717298 -0.01200757 -0.01064425
v 0.00691894 -0.01147110 -0.01137022
v 0.00660959 -0.01085761 -0.01215306
v 0.00607298 -0.01216620 -0.01074376
v 0.00586700 -0.01164635 -0.01141023
v 0.00558982 -0.01097109 -0.01220082
v 0.00525364 -0.01024170 -0.01298605
v 0.00494562 -0.01177275 -0.01136636
v 0.00463111 -0.01104308 -0.01219028
v 0.00424724 -0.01030829 -0.01299187
v 0.00387895 -0.00957157 -0.01371920
v 0.00370126 -0.01108764 -0.01212417
v 0.00324828 -0.01034850 -0.01292586
v 0.00284034 -0.00958075 -0.01367336
v 0.00259723 -0.00879385 -0.01438278
v 0.00226803 -0.01034192 -0.01279995
v 0.00185338 -0.00958965 -0.01360050
v 0.00160342 -0.00876271 -0.01435150
v 0.00147708 -0.00788144 -0.01506570
v 0.00090325 -0.00955247 -0.01347244
v 0.00064987 -0.00871462 -0.01428526
v 0.00053250 -0.00778024 -0.01505537
v 0.00047128 -0.00677580 -0.01578290
v -0.00037671 -0.00764452 -0.01502289
v -0.00044678 -0.00660854 -0.01580606
v -0.00052841 -0.00551435 -0.01652336
v -0.00125824 -0.00750538 -0.01499584
v -0.00134469 -0.00643573 -0.01580660
v -0.00145568 -0.00530431 -0.01654217
v -0.00161336 -0.00412277 -0.01721203
v -0.00222236 -0.00627468 -0.01576139
v -0.00236359 -0.00512136 -0.01650388
v -0.00255156 -0.00391121 -0.01717982
v -0.00286184 -0.00266691 -0.01771533
v -0.00324213 -0.00494377 -0.01639632
v -0.00346679 -0.00372155 -0.01706605
v -0.00377800 -0.00245439 -0.01755243
v -0.00421260 -0.00112399 -0.01794152
v -0.00470846 -0.00229251 -0.01730753
v -0.00512248 -0.00094409 -0.01769788
v -0.00551383 0.00044777 -0.01800142
v -0.00560029 -0.00215800 -0.01704265
v -0.00599949 -0.00079583 -0.01742709
v -0.00640776 0.00057326 -0.01770230
v -0.00684864 -0.00072643 -0.01712508
v -0.00726625 0.00061948 -0.01737420
v -0.00773648 0.00193328 -0.01747887
v -0.00808293 0.00318634 -0.01728742
v -0.00808758 0.00058235 -0.01697042
v -0.00853667 0.00183634 -0.01702091
v -0.00897180 0.00308645 -0.01682962
v -0.00931014 0.00428476 -0.01653725
v -0.00936176 0.00169249 -0.01647077
v -0.00983587 0.00295015 -0.01627972
v -0.01019379 0.00419830 -0.01593756
v -0.01033356 0.00538715 -0.01554823
v -0.01063387 0.00278156 -0.01565389
v -0.01100425 0.00409453 -0.01527162
v -0.01112398 0.00532971 -0.01484237
v -0.01111603 0.00651812 -0.01445245
v -0.01178503 0.00647319 -0.01367735
v -0.01166587 0.00768867 -0.01331036
v -0.01201145 0.00892089 -0.01216020
v -0.01255062 0.00898378 -0.01138248
v -0.01232586 0.00997271 -0.01088928
v -0.01310169 0.00897294 -0.01058737
v -0.01291498 0.00991809 -0.01006672
v -0.01257020 0.01070396 -0.00948202
v -0.01368792 0.00888360 -0.00978236
v -0.01349995 0.00978195 -0.00921601
v -0.01316577 0.01054272 -0.00862356
v -0.01272346 0.01118759 -0.00802356
v -0.01406910 0.00957357 -0.00834249
v -0.01371049 0.01030097 -0.00772794
v -0.01321992 0.01089691 -0.00713915
v -0.01421715 0.01003051 -0.00681108
v -0.01369826 0.01062202 -0.00622880
v -0.01463383 0.00934203 -0.00745259
v -0.01430084 0.00872318 -0.00897871
v -0.01500717 0.00756335 -0.00889282
v -0.01086827 0.00123363 -0.01521438
v -0.01046911 -0.00002841 -0.01532390
v -0.01014553 0.00148192 -0.01585140
v -0.00970219 0.00021356 -0.01593898
v -0.00929112 -0.00100148 -0.01584768
v -0.00891602 0.00042669 -0.01651837
v -0.00848149 -0.00082542 -0.01635394
v -0.00806624 -0.00207427 -0.01602099
v -0.00726023 -0.00202471 -0.01640180
v -0.00689504 -0.00330612 -0.01594573
v -0.00644788 -0.00206366 -0.01674104
v -0.00576738 -0.00454905 -0.01573839
v -0.00522482 -0.00342143 -0.01657883
v -0.00410145 -0.00478626 -0.01623903
v -0.00391631 -0.00595628 -0.01548860
v -0.00379233 -0.00708345 -0.01469157
v -0.00308385 -0.00612448 -0.01566041
v -0.00296498 -0.00723765 -0.01485414
v -0.00282624 -0.00828730 -0.01396889
v -0.00211995 -0.00737180 -0.01494987
v -0.00198829 -0.00839592 -0.01404920
v -0.00176988 -0.00935373 -0.01310767
v -0.00091362 -0.00943167 -0.01322687
v -0.00056115 -0.01024831 -0.01231350
v -0.00002209 -0.00951128 -0.01334500
v 0.00035105 -0.01029966 -0.01248066
v 0.00086406 -0.01105868 -0.01163516
v 0.00130388 -0.01033314 -0.01264908
v 0.00238809 -0.01185088 -0.01094795
v 0.00276665 -0.01108019 -0.01198453
v 0.00329465 -0.01185508 -0.01112614
v 0.00411977 -0.01184846 -0.01126541
v 0.00525487 -0.01221330 -0.01082556
v 0.00748613 -0.01290177 -0.00918127
v 0.00876439 -0.01305122 -0.00801512
v 0.00758943 -0.01333218 -0.00836902
v 0.00878523 -0.01348292 -0.00708504
v 0.00765844 -0.01375389 -0.00745618
v 0.00878965 -0.01386686 -0.00608179
v 0.00984305 -0.01310081 -0.00672985
v 0.00982088 -0.01350056 -0.00572125
v 0.00980673 -0.01387092 -0.00464315
v 0.01077617 -0.01303988 -0.00534615
v 0.01072987 -0.01341640 -0.00426007
v 0.01066631 -0.01370097 -0.00310762
v 0.01158201 -0.01286002 -0.00386426
v 0.01151610 -0.01314834 -0.00272447
v 0.01142133 -0.01336306 -0.00157600
v 0.01233015 -0.01252332 -0.00231650
v 0.01226709 -0.01277723 -0.00118954
v 0.01213354 -0.01300099 -0.00010565
v 0.01305641 -0.01210749 -0.00073885
v 0.01296208 -0.01238062 0.00031841
v 0.01275574 -0.01269167 0.00131983
v 0.01372757 -0.01169374 0.00085166
v 0.01351401 -0.01208277 0.00181010
v 0.01309437 -0.01246479 0.00276834
v 0.01419936 -0.01145416 0.00240733
v 0.01380459 -0.01193280 0.00333476
v 0.01324973 -0.01233279 0.00427336
v 0.01442176 -0.01133310 0.00397341
v 0.01388719 -0.01182291 0.00489762
v 0.01324993 -0.01227672 0.00583046
v 0.01449871 -0.01125881 0.00554318
v 0.01387775 -0.01174470 0.00645249
v 0.01317627 -0.01212694 0.00735134
v 0.01448236 -0.01111249 0.00707433
v 0.01375579 -0.01146304 0.00793794
v 0.01297651 -0.01177129 0.00877858
v 0.01432590 -0.01078896 0.00856113
v 0.01350434 -0.01108896 0.00937728
v 0.01255830 -0.01130747 0.01011302
v 0.01393914 -0.01035498 0.00999013
v 0.01299349 -0.01061873 0.01071321
v 0.01191403 -0.01078656 0.01133514
v 0.01332562 -0.00989034 0.01134215
v 0.01226078 -0.01009665 0.01193154
v 0.01112448 -0.01021053 0.01244831
v 0.01250595 -0.00935699 0.01254257
v 0.01138620 -0.00952903 0.01303331
v 0.01022284 -0.00954034 0.01344524
v 0.01154797 -0.00880167 0.01362968
v 0.01042896 -0.00888125 0.01401761
v 0.01055659 -0.00818942 0.01463948
v 0.00943974 -0.00817270 0.01491629
v 0.00825637 -0.00778613 0.01517479
f 1562 436 440
f 963 962 965
f 82 1921 1918
f 1148 1918 396
f 573 574 283
f 396 403 397
f 1919 403 396
f 396 1918 1919
f 1919 1918 1921
f 378 111 375
f 85 1921 82
f 1921 85 1922
f 1922 85 1924
f 1922 1924 1925
f 1925 1924 1927
f 1924 85 1927
f 1274 1275 1353
f 16 21 623
f 440 1564 1563
f 1563 1562 440
f 436 1562 1651
f 799 798 801
f 1564 798 799
f 801 802 799
f 799 800 1564
f 799 802 800
f 801 798 443
f 440 436 439
f 963 965 966
f 971 1065 1210
f 1210 1065 1066
f 1065 1064 1066
f 1144 1148 396
f 1005 83 82
f 1155 83 1005
f 82 1918 1004
f 1918 1148 1004
f 262 263 1002
f 1374 1375 1376
f 1376 1256 1374
f 1157 83 1155
f 84 1927 85
f 82 83 84
f 84 85 82
f 1325 1216 1214
f 1211 1067 1210
f 1214 1216 1212
f 1070 1211 1212
f 1212 1216 1217
f 1212 1211 1210
f 1210 1325 1212
f 1212 1325 1214
f 227 226 1074
f 1069 226 1070
f 973 1067 1070
f 1070 226 973
f 283 574 571
f 1724 1725 1721
f 796 62 1567
f 1658 1568 1567
f 1567 794 796
f 63 794 691
f 274 271 272
f 691 794 66
f 1936 1933 1932
f 404 397 403
f 394 1003 396
f 396 397 394
f 1002 1003 395
f 395 397 896
f 1003 394 395
f 395 394 397
f 2121 2122 2119
f 2121 2123 2122
f 111 378 107
f 1164 1452 1372
f 2119 2122 1896
f 375 374 377
f 1920 404 403
f 403 1919 1920
f 1920 1919 1921
f 1921 1922 1920
f 1914 1911 2137
f 102 97 100
f 102 107 381
f 381 107 380
f 380 107 378
f 380 377 379
f 380 378 375
f 375 377 380
f 1376 1375 1377
f 1397 1398 1231
f 1466 1398 1397
f 1393 1463 1396
f 1396 1463 1464
f 1464 1397 1396
f 1475 1473 1476
f 1475 1464 1463
f 1475 1463 1461
f 1476 1473 1472
f 1387 1385 1384
f 1384 1379 1381
f 1231 1398 1227
f 1350 1042 1189
f 1353 1275 1351
f 1350 1189 1351
f 1351 1349 1350
f 1276 1349 1351
f 1059 965 962
f 1062 965 1059
f 1271 1270 1269
f 1273 1274 56
f 1275 1274 1273
f 56 1351 1273
f 1273 1351 1275
f 1361 1270 1272
f 1270 1271 1272
f 56 1274 1272
f 1272 1271 56
f 1864 40 1866
f 2085 40 1864
f 932 1030 1031
f 925 1026 926
f 1361 1030 1029
f 1029 1030 1028
f 1029 1270 1361
f 1360 1358 1031
f 1031 1030 1360
f 1360 1030 1361
f 1269 1270 1266
f 1028 1030 930
f 930 929 1028
f 905 1009 1010
f 1173 1174 1012
f 1173 1367 1365
f 1365 1456 1173
f 1370 1256 1368
f 1365 1367 1368
f 1368 1366 1365
f 1313 1312 1324
f 1324 1321 1313
f 1313 1321 1315
f 1252 1312 1255
f 1376 1379 1250
f 1379 1246 1250
f 1252 1255 1253
f 1253 1255 1256
f 1178 1264 1024
f 1263 1264 1178
f 809 812 814
f 350 349 1869
f 1650 1648 1649
f 1560 1563 1564
f 1562 1563 1561
f 1561 1651 1562
f 1561 1560 1648
f 1563 1560 1561
f 1561 1648 1650
f 1650 1651 1561
f 436 1651 1653
f 1954 1953 801
f 801 443 1954
f 1954 1950 1953
f 443 1950 1954
f 882 881 1730
f 1730 1733 882
f 441 439 438
f 440 439 441
f 441 1950 443
f 800 802 1566
f 802 803 1566
f 878 806 880
f 880 802 801
f 804 803 802
f 802 880 804
f 804 880 806
f 804 806 807
f 877 806 878
f 877 810 807
f 807 806 877
f 967 966 968
f 1062 1064 968
f 968 1064 1065
f 968 965 1062
f 968 966 965
f 970 971 972
f 1210 1067 972
f 972 971 1210
f 961 962 963
f 2068 2069 2070
f 2063 2061 2062
f 1400 1398 1466
f 1228 1227 1400
f 1400 1227 1398
f 1424 1478 1136
f 1478 1138 1136
f 1145 1144 1429
f 1148 1144 1145
f 1435 1147 1433
f 1150 1004 1148
f 1155 1005 1150
f 1150 1005 82
f 82 1004 1150
f 390 391 1913
f 389 391 390
f 2141 84 83
f 1914 2137 2141
f 2141 2137 2140
f 2140 1927 2141
f 1927 84 2141
f 2141 391 1914
f 1913 391 2141
f 1162 390 1161
f 1070 1067 1068
f 1068 1211 1070
f 1067 1211 1068
f 1213 1212 1215
f 1070 1212 1213
f 1213 1069 1070
f 226 1069 1213
f 1218 1216 55
f 1217 1216 1218
f 1215 1212 1073
f 1073 1212 1217
f 1073 1213 1215
f 1217 1218 1073
f 1073 1074 226
f 226 1213 1073
f 686 585 584
f 574 692 575
f 575 566 574
f 283 571 285
f 574 566 572
f 572 571 574
f 61 62 274
f 274 1567 61
f 61 1567 62
f 1656 1734 1731
f 1731 1735 1656
f 1654 275 1656
f 1727 1735 1731
f 794 63 60
f 796 794 60
f 60 62 796
f 64 63 691
f 278 271 277
f 277 574 278
f 68 692 574
f 1929 1932 1933
f 1936 1940 1937
f 1937 1933 1936
f 1941 1942 1938
f 1938 1937 1941
f 1941 1937 1940
f 892 417 889
f 889 891 892
f 1923 1922 1925
f 1923 1920 1922
f 408 404 1923
f 404 1920 1923
f 417 892 411
f 896 397 399
f 397 398 399
f 400 398 397
f 397 404 400
f 401 398 400
f 406 407 401
f 410 411 406
f 405 404 408
f 410 406 405
f 405 406 401
f 401 400 405
f 405 400 404
f 1002 395 899
f 433 1942 438
f 428 1938 433
f 1938 1942 433
f 438 439 435
f 435 439 436
f 881 431 437
f 436 1653 437
f 437 435 436
f 431 435 437
f 1513 1731 797
f 797 1510 1513
f 275 70 73
f 73 1656 275
f 1734 1656 73
f 884 883 882
f 885 883 884
f 1504 1503 1515
f 1515 70 74
f 1505 1503 1504
f 2117 1957 2120
f 2120 2115 2117
f 2112 2115 2110
f 2122 2123 2124
f 2123 2126 2124
f 2125 2124 2126
f 2122 2124 2125
f 1947 2126 1948
f 2129 2126 1947
f 1948 2126 1951
f 1951 2126 2123
f 1953 1952 1955
f 2120 1957 1955
f 1955 2121 2120
f 2123 2121 1955
f 1955 1951 2123
f 1952 1951 1955
f 1950 441 1946
f 1946 441 438
f 438 1942 1946
f 1953 1950 1949
f 1949 1952 1953
f 1950 1946 1949
f 1949 1946 1948
f 1948 1951 1949
f 1949 1951 1952
f 2118 2115 2120
f 2120 2121 2118
f 2118 2121 2119
f 151 929 152
f 151 927 929
f 146 927 151
f 928 1026 1028
f 1028 929 928
f 929 927 928
f 926 1026 928
f 928 927 926
f 917 919 916
f 132 137 133
f 120 115 118
f 375 115 120
f 106 105 110
f 111 107 106
f 1164 1372 1453
f 1370 1455 1453
f 1453 1256 1370
f 1373 1374 1256
f 1256 1372 1373
f 104 901 108
f 100 97 99
f 99 104 100
f 99 1162 1452
f 1163 1452 1164
f 1894 1896 1897
f 1891 1896 1894
f 97 102 384
f 101 102 100
f 100 104 101
f 101 104 105
f 107 102 101
f 105 106 101
f 101 106 107
f 1905 1903 1902
f 382 380 379
f 379 1901 382
f 1445 1158 1154
f 1376 1377 1378
f 1378 1379 1376
f 1381 1379 1378
f 1395 1397 1231
f 92 1233 93
f 1236 1233 92
f 92 1296 1236
f 93 1233 1232
f 1234 1236 1237
f 1234 1233 1236
f 1235 1233 1234
f 1237 1392 1234
f 1234 1392 1235
f 1394 1393 1396
f 1396 1397 1394
f 1397 1395 1394
f 1235 1392 1394
f 1394 1395 1235
f 1463 1393 1460
f 1391 1394 1392
f 1393 1394 1391
f 1477 1475 1476
f 1464 1475 1477
f 1466 1464 1477
f 1477 1400 1466
f 1476 1472 1477
f 1466 1397 1465
f 1465 1464 1466
f 1397 1464 1465
f 1383 1385 1386
f 1478 1425 1143
f 1143 1138 1478
f 1471 1472 1425
f 1471 1478 1424
f 1471 1425 1478
f 1435 1432 1434
f 1461 1436 1434
f 1149 1147 1435
f 1149 1150 1147
f 1439 1436 1438
f 55 1216 1220
f 1225 53 1224
f 1226 53 1225
f 1228 53 1226
f 1226 1227 1228
f 1041 1189 1042
f 1358 1355 1357
f 1356 1355 1358
f 1356 1272 1274
f 1356 1274 1353
f 1353 1355 1356
f 1187 1351 1189
f 1187 1041 1188
f 1189 1041 1187
f 1187 1185 1184
f 58 1351 56
f 56 57 58
f 1043 1042 1350
f 1043 1045 1042
f 950 1042 1044
f 1042 1045 1044
f 1861 1864 1862
f 1862 1864 343
f 341 343 342
f 2087 40 2085
f 1866 39 1867
f 1865 1864 1866
f 343 1864 1865
f 1031 1358 1179
f 1179 932 1031
f 922 919 1020
f 1174 1173 1176
f 1012 1174 1013
f 917 1014 1017
f 1019 1020 1017
f 1017 919 917
f 1017 1020 919
f 1019 1017 1018
f 917 916 915
f 1270 1029 1027
f 1027 1266 1270
f 1028 1026 1027
f 1027 1029 1028
f 931 930 1030
f 152 929 931
f 929 930 931
f 1030 932 931
f 1290 1322 1311
f 1286 1290 1291
f 1322 1290 1286
f 1324 1322 1286
f 1311 1322 1323
f 1323 1322 1324
f 1324 1312 1323
f 1323 1312 1252
f 1251 1248 1311
f 1251 1323 1252
f 1311 1323 1251
f 1252 1253 1249
f 1249 1251 1252
f 1248 1251 1249
f 1249 1246 1245
f 1245 1248 1249
f 1249 1250 1246
f 1238 1239 1236
f 1295 1296 1291
f 1237 1236 1240
f 1236 1239 1240
f 1386 1240 1242
f 1242 1240 1239
f 1242 1383 1386
f 1279 1321 1324
f 1276 1321 1279
f 1291 1296 1292
f 1335 1336 1333
f 1167 1455 1369
f 1369 1455 1370
f 1370 1368 1369
f 1369 1368 1367
f 1007 1163 1164
f 1263 1261 1317
f 1260 1366 1315
f 1365 1366 1260
f 1457 1363 1260
f 1260 1261 1457
f 1263 1457 1262
f 1262 1261 1263
f 1457 1261 1262
f 1312 1313 1314
f 1314 1313 1315
f 1254 1253 1256
f 1250 1249 1254
f 1254 1249 1253
f 1254 1256 1376
f 1376 1250 1254
f 81 1457 1263
f 1263 1178 81
f 1267 1264 1263
f 16 732 17
f 1525 1527 1524
f 1521 1525 1524
f 16 1814 1813
f 1813 1810 16
f 1818 1518 1516
f 733 732 737
f 732 733 731
f 731 733 735
f 636 727 630
f 694 695 290
f 581 583 582
f 36 809 33
f 812 809 811
f 815 812 811
f 1538 809 814
f 33 809 1538
f 866 868 867
f 825 868 866
f 867 462 866
f 866 462 864
f 1863 1864 1861
f 2063 2062 2025
f 20 623 21
f 20 21 16
f 16 14 20
f 622 623 621
f 621 627 622
f 16 623 622
f 1722 1721 1725
f 1731 1729 1728
f 1728 1727 1731
f 1728 1725 1724
f 1724 1727 1728
f 1732 1729 1731
f 1732 1731 1513
f 1733 1730 1732
f 1732 1730 1729
f 1726 1722 1725
f 1649 1722 1726
f 1725 1728 1726
f 1726 1728 1729
f 1729 1730 1726
f 440 441 442
f 442 441 443
f 442 1564 440
f 442 798 1564
f 442 443 798
f 1627 1755 1757
f 1757 1755 1756
f 1550 32 1546
f 152 931 153
f 932 155 153
f 153 931 932
f 150 154 354
f 805 804 807
f 803 804 805
f 805 36 803
f 809 36 805
f 967 968 969
f 969 971 970
f 1065 971 969
f 969 968 1065
f 225 973 226
f 970 972 225
f 1067 973 225
f 225 972 1067
f 1063 1066 1064
f 959 957 958
f 958 957 956
f 1845 2061 2063
f 2016 502 2014
f 2070 2069 2012
f 2012 2011 2070
f 1467 1468 1404
f 1404 1400 1467
f 50 53 1228
f 1228 1400 50
f 1001 1003 1002
f 1148 1145 1146
f 1146 1150 1148
f 1147 1150 1146
f 1146 1145 1429
f 1430 1428 1473
f 1430 1432 1435
f 1435 1433 1430
f 2142 2141 83
f 1916 2141 2142
f 83 1157 2142
f 1157 1917 2142
f 1160 1158 1449
f 1449 1162 1160
f 1160 1162 1161
f 1914 391 1910
f 1910 1909 1911
f 1910 1907 1909
f 1910 391 389
f 1913 1916 392
f 392 390 1913
f 1157 1161 392
f 1161 390 392
f 95 387 389
f 389 390 95
f 94 387 95
f 95 1162 94
f 390 1162 95
f 1915 1916 1913
f 1913 2141 1915
f 1915 2141 1916
f 1328 1325 1210
f 220 969 970
f 967 969 220
f 1074 1079 1075
f 1075 1071 1074
f 1076 1075 1080
f 1080 1075 1079
f 1078 1079 1074
f 1074 1073 1078
f 1078 1073 1218
f 1078 1218 55
f 296 295 297
f 223 226 227
f 228 296 223
f 223 296 224
f 223 1071 228
f 227 1074 223
f 1074 1071 223
f 231 584 585
f 231 232 686
f 686 584 231
f 235 237 232
f 686 232 690
f 690 687 686
f 232 687 690
f 684 687 688
f 688 687 232
f 688 237 684
f 232 237 688
f 290 695 291
f 695 292 291
f 684 237 689
f 689 292 695
f 695 698 689
f 551 583 290
f 556 252 560
f 576 575 692
f 577 575 576
f 570 285 571
f 1724 1721 1720
f 1721 1717 1720
f 1643 1641 1640
f 1644 1641 1643
f 1654 1656 1655
f 1658 1567 1655
f 1655 1567 274
f 1655 275 1654
f 274 275 1655
f 738 733 737
f 654 655 656
f 272 74 273
f 274 272 273
f 273 275 274
f 273 70 275
f 276 277 271
f 276 271 274
f 66 277 276
f 274 62 276
f 62 60 276
f 691 66 276
f 276 60 63
f 276 64 691
f 63 64 276
f 692 68 693
f 69 277 66
f 66 68 69
f 574 277 69
f 69 68 574
f 1932 1931 1935
f 1936 1932 1935
f 1935 2136 2135
f 1928 1931 1932
f 1928 1929 1925
f 1932 1929 1928
f 1925 1927 1928
f 1928 1927 2140
f 2140 1931 1928
f 1943 2132 2129
f 1940 2132 1943
f 1943 1941 1940
f 2133 2132 2135
f 2135 2136 2133
f 1939 1940 1936
f 1939 2132 1940
f 2135 2132 1939
f 1936 1935 1939
f 1939 1935 2135
f 2129 2132 2130
f 2130 2133 2131
f 2132 2133 2130
f 1942 1941 1945
f 1948 1946 1945
f 1945 1946 1942
f 1945 1947 1948
f 412 411 892
f 412 406 411
f 412 892 1504
f 407 406 412
f 410 405 409
f 408 1923 409
f 409 405 408
f 427 883 885
f 434 433 438
f 438 435 434
f 434 435 431
f 1652 437 1653
f 1652 1730 881
f 881 437 1652
f 1652 1651 1650
f 1652 1653 1651
f 1652 1726 1730
f 1650 1649 1652
f 1649 1726 1652
f 1507 1505 1506
f 1503 1505 1507
f 1507 1515 1503
f 1510 797 1514
f 73 1507 1514
f 1514 797 1731
f 1506 1510 1514
f 1514 1507 1506
f 1731 1734 1514
f 1734 73 1514
f 1508 1510 1506
f 1508 1509 1510
f 885 884 1511
f 1511 1509 885
f 1504 892 893
f 893 1505 1504
f 893 892 891
f 891 1505 893
f 890 891 889
f 890 1505 891
f 889 888 890
f 1506 1505 890
f 890 1508 1506
f 888 1508 890
f 898 897 263
f 263 262 898
f 898 262 1002
f 1002 899 898
f 898 395 896
f 898 899 395
f 1504 1515 77
f 77 1515 76
f 77 412 1504
f 407 412 77
f 283 285 284
f 284 282 283
f 281 573 283
f 283 282 281
f 269 271 278
f 1499 281 282
f 76 1515 75
f 75 1499 76
f 75 1515 74
f 75 74 272
f 2106 2104 2103
f 1959 1960 801
f 1959 1961 1960
f 2114 2117 2115
f 2115 2112 2114
f 1957 2117 2114
f 2127 2126 2129
f 2127 2125 2126
f 2129 2130 2127
f 1953 1955 1956
f 1956 1955 1957
f 801 1953 1956
f 1956 1957 801
f 114 106 110
f 111 106 114
f 375 111 114
f 114 115 375
f 114 117 118
f 118 115 114
f 127 132 123
f 373 372 374
f 373 374 375
f 375 120 373
f 2116 2118 2119
f 2115 2118 2116
f 2119 1888 1890
f 1888 1887 1890
f 1890 2116 2119
f 1887 2116 1890
f 2110 2115 2113
f 2113 1887 2110
f 2115 2116 2113
f 2113 2116 1887
f 1371 1372 1256
f 1256 1453 1371
f 1371 1453 1372
f 1164 1453 1454
f 1167 1165 1454
f 1454 1455 1167
f 1454 1453 1455
f 1454 1009 1164
f 1454 1165 1009
f 1449 1448 1450
f 1450 1448 1377
f 1450 1377 1375
f 1375 1374 1450
f 1374 1373 1450
f 1451 1372 1452
f 1451 1373 1372
f 1451 1450 1373
f 1452 1162 1451
f 1451 1162 1449
f 1449 1450 1451
f 94 1162 96
f 1162 99 96
f 96 99 97
f 96 387 94
f 97 387 96
f 1894 1897 1895
f 1895 1892 1894
f 1899 2125 1902
f 2122 2125 1899
f 1899 1896 2122
f 1899 1897 1896
f 2119 1896 1893
f 1896 1891 1893
f 1893 1888 2119
f 1893 1891 1888
f 2140 2137 2139
f 2139 2136 2140
f 2137 2136 2139
f 1908 1905 2131
f 2134 2137 1911
f 2134 2136 2137
f 1911 1909 2134
f 1909 1908 2134
f 2134 1908 2131
f 2131 2133 2134
f 2134 2133 2136
f 98 387 97
f 97 384 98
f 386 387 98
f 98 384 386
f 383 384 102
f 383 102 381
f 383 385 386
f 386 384 383
f 381 380 383
f 383 382 385
f 380 382 383
f 379 377 376
f 376 377 374
f 374 372 376
f 372 1895 376
f 1900 1899 1902
f 1897 1899 1900
f 1902 1903 1900
f 1903 1901 1900
f 1447 1158 1445
f 1449 1158 1447
f 1447 1448 1449
f 1301 92 93
f 93 1302 1301
f 1225 1232 1229
f 1229 1226 1225
f 1227 1226 1229
f 1461 1463 1462
f 1463 1460 1462
f 1390 1460 1393
f 1393 1391 1390
f 1387 1458 1390
f 1458 1460 1390
f 1382 1384 1385
f 1385 1383 1382
f 1379 1384 1382
f 1473 1475 1474
f 1474 1475 1461
f 1474 1430 1473
f 1432 1430 1474
f 1474 1434 1432
f 1461 1434 1474
f 1425 1472 1426
f 1426 1143 1425
f 1426 1472 1473
f 1426 1428 1429
f 1473 1428 1426
f 1003 1001 1140
f 1138 1143 1140
f 1140 1001 1138
f 1150 1149 1152
f 1155 1150 1152
f 1152 1154 1155
f 1151 1154 1152
f 1152 1149 1151
f 1436 1439 1437
f 1435 1434 1437
f 1437 1434 1436
f 1437 1149 1435
f 1151 1149 1437
f 1437 1439 1151
f 1441 1439 1438
f 1219 1220 1216
f 1225 1224 1223
f 1223 1308 1225
f 1221 1306 1223
f 1306 1308 1223
f 52 1224 53
f 55 1220 52
f 53 50 52
f 1183 1357 1184
f 1358 1360 1359
f 1359 1356 1358
f 1359 1360 1361
f 1361 1272 1359
f 1272 1356 1359
f 1353 1351 1352
f 1351 1187 1352
f 1352 1355 1353
f 1190 1043 1350
f 1045 1043 1190
f 338 1862 343
f 167 169 335
f 1186 1187 1188
f 1185 1187 1186
f 2085 1864 2083
f 1864 1863 2083
f 1868 1867 39
f 344 342 343
f 156 153 155
f 156 155 932
f 932 1179 1180
f 1357 1183 1180
f 1180 1183 1184
f 1022 1020 1019
f 1362 1363 1457
f 1362 1456 1365
f 1365 1363 1362
f 1015 1013 1174
f 1014 1013 1015
f 1174 1176 1015
f 1176 1018 1015
f 79 1018 1176
f 79 1362 1457
f 109 104 108
f 108 112 109
f 105 104 109
f 910 117 116
f 116 907 910
f 112 907 116
f 121 117 910
f 118 117 121
f 1309 1302 93
f 93 1232 1309
f 1309 1232 1225
f 1225 1308 1309
f 1309 1308 1327
f 1329 1328 1210
f 1327 1328 1329
f 1303 1302 1329
f 1329 1294 1299
f 1310 1290 1311
f 1291 1290 1310
f 1324 1286 1283
f 1283 1279 1324
f 1284 1279 1283
f 1389 1240 1386
f 1237 1240 1389
f 1389 1392 1237
f 1389 1391 1392
f 1246 1383 1243
f 1383 1242 1243
f 1245 1246 1243
f 1167 1369 1170
f 1170 1171 1167
f 1173 1171 1170
f 1367 1173 1170
f 1170 1369 1367
f 1166 1010 1009
f 1009 1165 1166
f 1166 1165 1167
f 1008 1009 905
f 905 903 1008
f 1164 1009 1008
f 1008 1007 1164
f 914 1013 1014
f 915 912 914
f 914 1014 917
f 917 915 914
f 1012 1013 914
f 904 903 905
f 904 112 108
f 904 907 112
f 108 901 904
f 901 903 904
f 1315 1317 1319
f 1319 1317 1261
f 1319 1260 1315
f 1261 1260 1319
f 1364 1363 1365
f 1365 1260 1364
f 1364 1260 1363
f 1257 1255 1312
f 1312 1314 1257
f 1268 1267 56
f 56 1271 1268
f 1268 1271 1269
f 1269 1266 1268
f 1318 57 56
f 56 1267 1318
f 1318 1320 57
f 1263 1317 1318
f 1318 1317 1315
f 1315 1320 1318
f 1025 1027 1026
f 1025 1022 1024
f 1812 1813 1814
f 1814 1776 1812
f 1765 1763 1764
f 1612 1763 1765
f 732 18 729
f 729 18 17
f 1777 1765 1764
f 1529 1527 1528
f 1793 1543 1541
f 1755 1543 1793
f 1793 1756 1755
f 1541 1539 1540
f 1809 1780 1779
f 1779 1784 1809
f 1808 1810 1809
f 1809 1784 1808
f 1528 1527 1526
f 1527 1525 1526
f 16 1810 1816
f 1816 14 16
f 1518 1818 1820
f 1820 1818 1810
f 1819 1818 1516
f 735 768 11
f 10 731 735
f 735 11 10
f 732 731 9
f 731 10 9
f 12 18 9
f 9 11 12
f 9 10 11
f 634 636 630
f 634 633 638
f 630 633 634
f 726 636 732
f 727 636 726
f 726 732 16
f 16 727 726
f 16 626 631
f 631 727 16
f 630 727 631
f 632 633 628
f 628 626 16
f 629 633 630
f 630 631 629
f 629 631 626
f 626 628 629
f 629 628 633
f 732 722 723
f 739 738 743
f 1501 770 769
f 769 11 768
f 769 770 12
f 12 11 769
f 781 694 290
f 692 788 787
f 580 581 582
f 826 822 825
f 1873 1874 353
f 353 355 354
f 1874 355 353
f 815 872 871
f 874 872 815
f 815 811 874
f 874 811 810
f 450 452 447
f 451 452 450
f 455 457 451
f 350 1869 1870
f 1870 1871 350
f 461 462 464
f 864 462 461
f 464 462 460
f 1993 1996 1997
f 1997 1996 2081
f 835 832 834
f 834 832 831
f 863 864 861
f 2089 42 41
f 40 41 37
f 37 39 1866
f 1866 40 37
f 41 42 37
f 37 42 38
f 38 1869 37
f 37 1868 39
f 1869 1868 37
f 1974 1976 1977
f 1977 1976 42
f 23 6 621
f 23 20 6
f 621 623 23
f 623 20 23
f 16 622 624
f 624 622 627
f 521 525 522
f 2058 1839 2059
f 2059 2060 2058
f 2027 2028 515
f 2030 2028 2027
f 639 634 638
f 648 644 647
f 648 647 607
f 648 649 645
f 645 644 648
f 642 639 638
f 607 647 608
f 608 606 607
f 632 628 618
f 618 628 627
f 1647 1649 1648
f 1638 1635 1640
f 1638 1636 1635
f 1640 1641 1638
f 1622 1760 1617
f 1617 1616 1622
f 1648 1560 1559
f 1559 1647 1648
f 1559 1560 1564
f 1642 1558 1556
f 1642 1641 1644
f 34 32 33
f 33 1538 34
f 34 1538 1539
f 1545 1548 1546
f 1545 1543 1755
f 1542 1546 32
f 1542 34 1539
f 32 34 1542
f 1542 1539 1541
f 1541 1543 1542
f 134 133 138
f 138 133 137
f 154 150 149
f 152 153 149
f 149 153 154
f 808 805 807
f 809 805 808
f 807 810 808
f 810 811 808
f 808 811 809
f 1210 1066 1209
f 1066 1063 1209
f 1209 1329 1210
f 950 1044 1046
f 1046 1044 1045
f 1062 1059 1061
f 1061 1064 1062
f 1061 1063 1064
f 1201 1337 1202
f 1202 1199 1201
f 1052 1051 1054
f 1054 1055 1052
f 1057 1055 1054
f 954 958 955
f 193 196 197
f 200 196 957
f 201 197 200
f 200 197 196
f 194 314 313
f 960 957 959
f 960 959 962
f 960 200 957
f 962 961 960
f 957 196 195
f 182 319 179
f 319 182 184
f 1841 319 318
f 2069 2018 2015
f 2015 2012 2069
f 2015 2018 2016
f 2016 2014 2015
f 2069 2068 1850
f 1400 1477 48
f 48 1467 1400
f 48 1477 1468
f 1468 1467 48
f 55 52 49
f 49 52 50
f 1137 1136 1138
f 1138 1001 1137
f 1134 1136 1135
f 1404 1468 1407
f 1407 1412 1404
f 1468 1477 1470
f 1470 1471 1424
f 1470 1477 1472
f 1472 1471 1470
f 1431 1146 1429
f 1147 1146 1431
f 1431 1433 1147
f 1431 1430 1433
f 1429 1428 1431
f 1428 1430 1431
f 1142 1143 1144
f 396 1003 1142
f 1142 1144 396
f 1159 1161 1157
f 1159 1160 1161
f 1912 1911 1914
f 1914 1910 1912
f 1912 1910 1911
f 388 1910 389
f 388 387 386
f 389 387 388
f 1907 1910 388
f 386 385 388
f 385 1907 388
f 1916 2142 393
f 393 392 1916
f 393 2142 1917
f 393 1917 1157
f 1157 392 393
f 1828 294 1496
f 964 966 967
f 967 215 964
f 963 966 964
f 970 225 221
f 221 220 970
f 216 215 967
f 967 220 216
f 229 585 586
f 586 550 229
f 228 1071 1072
f 1071 1075 1072
f 1072 296 228
f 295 296 1072
f 1072 1075 1076
f 297 295 1072
f 1072 1077 297
f 1076 1077 1072
f 301 299 300
f 550 586 548
f 237 235 236
f 236 689 237
f 238 235 234
f 232 231 234
f 234 235 232
f 290 291 289
f 289 291 292
f 556 560 557
f 566 575 561
f 561 563 566
f 561 560 562
f 562 563 561
f 257 997 1823
f 571 572 569
f 578 576 692
f 577 576 578
f 692 787 578
f 578 787 581
f 1822 570 1823
f 285 570 1822
f 1822 65 285
f 1002 263 260
f 1723 1727 1724
f 1724 1720 1723
f 1735 1727 1723
f 1644 1643 1646
f 1646 1647 1644
f 1646 1722 1649
f 1649 1647 1646
f 1714 1643 1640
f 1714 1713 1717
f 1658 1735 1736
f 1735 1723 1736
f 1658 1655 1657
f 1657 1655 1656
f 1657 1735 1658
f 1657 1656 1735
f 743 738 742
f 742 738 737
f 658 655 654
f 651 722 645
f 716 655 661
f 716 656 655
f 717 718 716
f 716 718 656
f 654 656 650
f 650 653 654
f 649 653 650
f 645 649 650
f 650 651 645
f 1 753 2
f 2 772 1
f 752 753 762
f 762 749 748
f 753 1 762
f 751 714 752
f 752 762 751
f 751 762 748
f 74 70 71
f 71 273 74
f 70 273 71
f 67 68 66
f 67 693 68
f 2138 1935 1931
f 2136 1935 2138
f 2138 1931 2140
f 2140 2136 2138
f 1925 1929 1926
f 1926 1923 1925
f 417 411 416
f 889 417 416
f 415 411 410
f 415 416 411
f 428 424 423
f 1941 1943 1944
f 1944 1945 1941
f 1947 1945 1944
f 2129 1947 1944
f 1944 1943 2129
f 886 427 885
f 428 433 429
f 433 434 429
f 430 434 431
f 430 429 434
f 72 73 70
f 72 1507 73
f 70 1515 72
f 1515 1507 72
f 887 1508 888
f 887 886 885
f 888 886 887
f 885 1509 887
f 1509 1508 887
f 1509 1511 1512
f 1513 1510 1512
f 1510 1509 1512
f 1512 1511 884
f 1512 1732 1513
f 1733 1732 1512
f 882 1733 1512
f 1512 884 882
f 401 407 402
f 407 77 402
f 402 398 401
f 286 284 285
f 285 65 286
f 286 65 287
f 76 1499 267
f 267 1499 282
f 267 77 76
f 282 77 267
f 279 269 278
f 278 574 279
f 574 573 279
f 270 75 272
f 1499 75 270
f 269 1499 270
f 270 272 271
f 271 269 270
f 2109 2112 2110
f 2110 2106 2109
f 2107 2106 2110
f 2104 2106 2107
f 1961 1959 2105
f 2105 2106 2103
f 2105 2109 2106
f 801 1957 1958
f 1958 2114 801
f 1957 2114 1958
f 2111 1959 801
f 801 2114 2111
f 2111 2114 2112
f 1876 2100 2101
f 2101 2100 2103
f 2103 2104 2101
f 2103 2100 2102
f 2102 2105 2103
f 1961 2105 2102
f 2099 2100 2098
f 2098 2097 2099
f 2098 2100 1876
f 1876 1874 2098
f 2098 1874 1873
f 2128 2127 2130
f 2128 2130 2131
f 1902 2125 2128
f 2125 2127 2128
f 2131 1905 2128
f 2128 1905 1902
f 132 127 136
f 136 137 132
f 920 916 919
f 920 919 922
f 923 925 926
f 922 925 923
f 923 920 922
f 921 920 923
f 129 133 134
f 119 125 120
f 119 118 123
f 119 120 118
f 123 132 128
f 132 133 128
f 133 129 128
f 356 150 354
f 354 355 356
f 1894 1892 1889
f 368 1889 1892
f 1885 1887 1888
f 103 900 901
f 901 104 103
f 104 99 103
f 103 99 1452
f 1452 900 103
f 1006 1163 901
f 901 900 1006
f 1452 1163 1006
f 1006 900 1452
f 1904 1901 1903
f 1904 382 1901
f 1904 1907 385
f 385 382 1904
f 1903 1905 1906
f 1905 1908 1906
f 1906 1904 1903
f 1907 1904 1906
f 1909 1907 1906
f 1906 1908 1909
f 1898 1901 379
f 1898 1900 1901
f 379 376 1898
f 1897 1900 1898
f 1898 1895 1897
f 1898 376 1895
f 1446 1447 1445
f 1448 1447 1446
f 1377 1448 1446
f 1446 1378 1377
f 1296 92 1300
f 92 1301 1300
f 1298 1329 1299
f 1303 1329 1298
f 1298 1302 1303
f 1298 1301 1302
f 1230 1232 1233
f 1230 1229 1232
f 1230 1233 1235
f 1230 1395 1231
f 1235 1395 1230
f 1231 1227 1230
f 1227 1229 1230
f 1461 1462 1459
f 1459 1462 1460
f 1459 1460 1458
f 1459 1436 1461
f 1459 1458 1438
f 1438 1436 1459
f 1380 1383 1246
f 1380 1382 1383
f 1380 1246 1379
f 1379 1382 1380
f 1427 1426 1429
f 1143 1426 1427
f 1429 1144 1427
f 1144 1143 1427
f 1139 1143 1003
f 1003 1140 1139
f 1139 1140 1143
f 1440 1441 1438
f 1384 1441 1440
f 1438 1458 1440
f 1440 1458 1387
f 1387 1384 1440
f 1442 1384 1381
f 1442 1441 1384
f 1381 1378 1442
f 1307 1306 1221
f 1221 1219 1307
f 1216 1325 1307
f 1307 1219 1216
f 1326 1308 1306
f 1306 1307 1326
f 1326 1328 1327
f 1327 1308 1326
f 1325 1328 1326
f 1326 1307 1325
f 1224 52 1222
f 1221 1223 1222
f 1222 1223 1224
f 1222 52 1220
f 1222 1219 1221
f 1220 1219 1222
f 1355 1352 1354
f 1354 1352 1187
f 1354 1187 1184
f 1184 1357 1354
f 1354 1357 1355
f 59 58 57
f 57 1320 59
f 59 1321 1276
f 1315 1321 59
f 59 1320 1315
f 1276 1351 59
f 1351 58 59
f 339 338 343
f 335 338 339
f 339 343 341
f 342 160 162
f 162 167 342
f 163 162 160
f 163 160 159
f 161 160 342
f 341 167 337
f 337 167 335
f 337 339 341
f 335 339 337
f 341 342 340
f 340 167 341
f 342 167 340
f 169 167 166
f 1184 1185 1036
f 947 1041 1042
f 1188 1041 947
f 2084 1996 1993
f 2084 2087 2085
f 2085 2083 2084
f 2081 1996 2084
f 1866 1867 346
f 346 1865 1866
f 343 1865 346
f 346 344 343
f 342 344 345
f 345 161 342
f 936 1180 1032
f 153 156 157
f 157 349 350
f 1182 1179 1358
f 1182 1180 1179
f 1358 1357 1182
f 1357 1180 1182
f 1181 1180 1184
f 1032 1180 1181
f 1184 1033 1181
f 1181 1033 1032
f 1014 1015 1016
f 1016 1015 1018
f 1016 1017 1014
f 1016 1018 1017
f 1175 79 1176
f 1175 1176 1173
f 1175 1173 1456
f 1456 1362 1175
f 1362 79 1175
f 80 79 1457
f 1457 1177 80
f 1018 79 78
f 78 1177 1018
f 79 80 78
f 78 80 1177
f 1019 1018 1021
f 1018 1177 1021
f 1021 1022 1019
f 1021 1178 1024
f 1024 1022 1021
f 1021 81 1178
f 1457 81 1021
f 1021 1177 1457
f 113 109 112
f 112 116 113
f 110 105 113
f 105 109 113
f 113 114 110
f 117 114 113
f 113 116 117
f 910 912 913
f 913 121 910
f 913 912 915
f 913 915 916
f 1304 1309 1327
f 1302 1309 1304
f 1327 1329 1304
f 1330 1333 1294
f 1294 1329 1330
f 1330 1329 1333
f 1334 1337 1335
f 1335 1333 1334
f 1247 1310 1311
f 1247 1248 1245
f 1311 1248 1247
f 1241 1310 1239
f 1239 1238 1241
f 1241 1295 1291
f 1291 1310 1241
f 1296 1295 1241
f 1236 1296 1241
f 1241 1238 1236
f 1388 1389 1386
f 1391 1389 1388
f 1388 1390 1391
f 1387 1390 1388
f 1388 1385 1387
f 1386 1385 1388
f 1282 1279 1281
f 1281 1285 1282
f 1281 1279 1284
f 1284 1285 1281
f 1289 1285 1284
f 1284 1288 1289
f 1289 1333 1336
f 1336 1285 1289
f 1294 1333 1289
f 1289 1288 1294
f 1276 1279 1277
f 1277 1279 1282
f 1282 1280 1277
f 1277 1349 1276
f 1287 1288 1284
f 1284 1283 1287
f 1287 1283 1286
f 1287 1286 1291
f 1291 1292 1287
f 1292 1288 1287
f 1010 1166 1168
f 1167 1171 1168
f 1168 1166 1167
f 902 903 901
f 901 1163 902
f 1163 1007 902
f 1007 1008 902
f 902 1008 903
f 1012 1011 1172
f 1172 1011 1171
f 1172 1173 1012
f 1172 1171 1173
f 909 912 910
f 910 907 909
f 911 1011 1012
f 1012 914 911
f 911 909 1011
f 911 914 912
f 912 909 911
f 1259 1314 1315
f 1256 1255 1259
f 1315 1366 1259
f 1259 1368 1256
f 1366 1368 1259
f 1267 1268 1265
f 1027 1025 1265
f 1264 1267 1265
f 1266 1027 1265
f 1265 1268 1266
f 1024 1264 1265
f 1265 1025 1024
f 1316 1267 1263
f 1263 1318 1316
f 1316 1318 1267
f 1022 1025 1023
f 1020 1022 1023
f 1026 925 1023
f 1023 1025 1026
f 1023 925 922
f 922 1020 1023
f 1809 1810 1811
f 1811 1780 1809
f 1811 1812 1780
f 1810 1813 1811
f 1813 1812 1811
f 1780 1812 1775
f 1775 1812 1776
f 1775 1779 1780
f 1775 1777 1764
f 12 1604 1601
f 1773 1771 19
f 17 18 19
f 1612 1606 1610
f 1610 1606 1605
f 7 18 12
f 7 8 18
f 728 17 732
f 732 729 728
f 728 729 17
f 1765 1777 1767
f 1777 1775 1767
f 1795 1540 1536
f 1536 1535 1534
f 829 1532 824
f 821 868 825
f 825 822 821
f 1528 1530 1531
f 1531 1529 1528
f 1531 824 1532
f 1533 824 1531
f 1531 1530 1534
f 1534 1533 1531
f 1789 1756 1790
f 1756 1793 1790
f 1800 1530 1528
f 1800 1796 1795
f 1795 1536 1800
f 1534 1530 1800
f 1800 1536 1534
f 1764 1763 1762
f 1617 1760 1762
f 1762 1763 1617
f 1797 1800 1528
f 1796 1800 1797
f 1817 1816 1810
f 14 1816 1817
f 1817 1819 14
f 1810 1818 1817
f 1818 1819 1817
f 13 20 14
f 14 1819 13
f 13 1819 20
f 730 18 732
f 732 9 730
f 730 9 18
f 615 633 632
f 612 642 638
f 612 615 613
f 611 610 612
f 612 613 611
f 737 732 736
f 736 723 737
f 732 723 736
f 1501 764 760
f 761 762 760
f 760 762 1501
f 740 739 767
f 767 769 740
f 740 769 768
f 766 769 767
f 1501 769 766
f 767 765 766
f 766 764 1501
f 765 764 766
f 1599 1604 12
f 12 1598 1599
f 1599 1598 1604
f 1593 770 1501
f 1500 1593 1501
f 1501 762 1500
f 1500 762 1
f 1588 1500 771
f 775 772 778
f 778 781 1502
f 290 583 1502
f 1502 781 290
f 695 694 696
f 759 696 777
f 777 781 778
f 694 781 777
f 777 696 694
f 783 787 788
f 794 1567 795
f 555 580 582
f 582 583 555
f 583 551 555
f 1527 1529 29
f 29 1531 1532
f 1529 1531 29
f 29 1532 829
f 825 866 865
f 865 826 825
f 865 864 863
f 865 866 864
f 829 827 828
f 831 832 828
f 828 827 831
f 33 32 31
f 31 32 1550
f 31 36 33
f 1556 1558 1557
f 1557 1555 1556
f 1873 353 352
f 350 1871 352
f 351 157 350
f 350 352 351
f 351 352 353
f 354 154 351
f 351 353 354
f 154 153 351
f 153 157 351
f 872 874 873
f 447 452 873
f 873 452 872
f 1967 450 447
f 1967 1966 1968
f 870 871 872
f 451 457 870
f 872 452 870
f 870 452 451
f 1871 1870 2094
f 2092 2091 2094
f 1869 2092 2094
f 2094 1870 1869
f 459 460 456
f 456 460 462
f 456 455 459
f 457 455 456
f 456 462 867
f 867 457 456
f 2077 1997 2081
f 2075 2076 2077
f 2077 2076 1997
f 857 858 856
f 471 858 472
f 860 861 472
f 472 858 860
f 860 834 862
f 862 861 860
f 863 861 862
f 862 834 831
f 466 469 470
f 466 472 861
f 466 470 471
f 471 472 466
f 471 470 474
f 2088 41 40
f 2088 2087 1988
f 40 2087 2088
f 1981 2089 1984
f 1984 2088 1988
f 1984 2089 41
f 41 2088 1984
f 1980 2089 1981
f 42 2089 1980
f 1980 1977 42
f 2090 1976 1974
f 2090 1869 38
f 2090 2092 1869
f 38 42 2090
f 42 1976 2090
f 481 485 853
f 480 485 481
f 1998 2001 1999
f 2004 2076 2007
f 2002 2001 2004
f 2004 2001 1998
f 2079 2077 2081
f 2075 2077 2079
f 334 338 335
f 2016 2018 2019
f 2018 2021 2019
f 16 624 625
f 625 624 627
f 625 628 16
f 627 628 625
f 606 608 519
f 519 608 610
f 514 610 611
f 514 519 610
f 513 519 514
f 522 525 526
f 525 530 526
f 1836 1838 313
f 313 314 1836
f 2030 2059 2033
f 2033 1836 314
f 2033 309 2034
f 2029 2062 2060
f 2060 2059 2029
f 2029 2059 2030
f 515 2028 516
f 525 521 2032
f 636 634 635
f 634 639 635
f 640 639 644
f 640 635 639
f 652 653 649
f 649 648 652
f 652 648 607
f 647 644 643
f 644 639 643
f 639 642 643
f 609 608 647
f 610 608 609
f 647 643 609
f 609 643 642
f 609 612 610
f 642 612 609
f 619 627 621
f 619 618 627
f 2023 2025 2062
f 611 613 511
f 1552 31 1550
f 1555 31 1552
f 1636 1553 1634
f 1632 1631 1634
f 1639 1638 1641
f 1556 1553 1639
f 1639 1553 1636
f 1636 1638 1639
f 1639 1642 1556
f 1641 1642 1639
f 1629 1625 1624
f 1629 1631 1632
f 1624 1625 1621
f 1621 1622 1616
f 1621 1625 1627
f 1621 1627 1757
f 1757 1622 1621
f 1565 1559 1564
f 1558 1559 1565
f 1565 1557 1558
f 1564 800 1565
f 800 1566 1565
f 1555 1557 1565
f 1644 1647 1645
f 1647 1559 1645
f 1645 1559 1558
f 1645 1642 1644
f 1558 1642 1645
f 1547 1545 1755
f 1548 1545 1547
f 1544 1545 1546
f 1546 1542 1544
f 1543 1545 1544
f 1544 1542 1543
f 120 125 370
f 370 373 120
f 372 373 370
f 134 138 139
f 139 138 150
f 143 148 149
f 446 1966 447
f 444 1966 446
f 879 880 801
f 801 1960 879
f 1960 1961 879
f 878 880 879
f 879 445 878
f 1048 1046 1045
f 1196 1193 1195
f 1350 1349 1347
f 1349 1345 1347
f 1058 1061 1059
f 1058 1055 1057
f 959 958 1053
f 1053 958 1052
f 1052 1055 1053
f 962 959 1056
f 1056 1059 962
f 959 1053 1056
f 1056 1053 1055
f 1056 1058 1059
f 1055 1058 1056
f 1205 1202 1204
f 1204 1202 1337
f 1204 1334 1205
f 1337 1334 1204
f 1200 1202 1057
f 1057 1054 1200
f 1199 1202 1200
f 1197 1199 1200
f 1200 1051 1197
f 1200 1054 1051
f 1049 1051 1052
f 1052 954 1049
f 1052 958 1050
f 1050 954 1052
f 958 954 1050
f 205 960 961
f 200 960 205
f 201 200 205
f 192 195 196
f 192 196 193
f 193 194 192
f 181 182 179
f 181 184 182
f 313 1838 315
f 2010 497 3
f 3 494 2010
f 3 5 493
f 493 494 3
f 2011 2012 2009
f 2009 2008 2011
f 2009 2012 2010
f 2010 494 2009
f 2009 494 493
f 1848 1850 1851
f 1851 1850 2068
f 1851 2068 2070
f 1848 1846 2066
f 2066 1850 1848
f 2069 1850 2066
f 2061 1845 1843
f 318 1838 1840
f 1840 1841 318
f 2058 2060 1840
f 1840 1839 2058
f 498 2014 502
f 498 497 2014
f 498 496 6
f 502 499 498
f 499 496 498
f 2010 2012 2013
f 2012 2015 2013
f 2013 2015 2014
f 2013 497 2010
f 2014 497 2013
f 1399 49 1400
f 51 50 1400
f 1400 49 51
f 51 49 50
f 1411 1484 1406
f 1098 1099 1100
f 1000 1137 1001
f 1135 1136 1000
f 1136 1137 1000
f 1000 1001 1002
f 1423 1470 1424
f 1134 1479 1423
f 1424 1136 1423
f 1136 1134 1423
f 1469 1407 1468
f 1412 1407 1469
f 1468 1470 1469
f 1003 1143 1141
f 1141 1142 1003
f 1143 1142 1141
f 1158 1160 1156
f 1160 1159 1156
f 1156 1159 1157
f 1156 1157 1155
f 1155 1154 1156
f 1156 1154 1158
f 1830 300 1831
f 294 1828 1831
f 1496 294 1831
f 210 964 215
f 210 961 963
f 963 964 210
f 210 205 961
f 198 197 201
f 198 199 193
f 193 197 198
f 198 309 199
f 222 225 226
f 222 221 225
f 226 223 222
f 222 223 224
f 219 299 301
f 301 302 219
f 219 302 213
f 215 216 212
f 212 216 213
f 220 221 217
f 217 216 220
f 213 216 217
f 217 219 213
f 303 302 301
f 1076 1080 1081
f 298 299 224
f 298 300 299
f 224 296 298
f 298 1831 300
f 298 296 297
f 297 1831 298
f 301 300 1832
f 1832 303 301
f 587 585 686
f 686 681 587
f 590 681 677
f 590 587 681
f 667 596 595
f 684 689 685
f 685 689 698
f 550 548 547
f 548 543 547
f 592 543 548
f 229 233 230
f 230 585 229
f 230 231 585
f 230 234 231
f 233 234 230
f 977 233 229
f 985 983 984
f 986 983 985
f 980 983 238
f 238 234 980
f 980 234 233
f 980 977 979
f 233 977 980
f 986 985 988
f 292 689 242
f 241 292 242
f 242 236 241
f 240 236 235
f 241 236 240
f 240 244 241
f 239 235 238
f 238 983 239
f 239 240 235
f 244 240 239
f 288 551 290
f 290 289 288
f 288 289 252
f 247 292 241
f 247 289 292
f 252 250 251
f 251 560 252
f 562 560 251
f 248 244 986
f 253 992 256
f 1823 570 567
f 567 563 562
f 567 257 1823
f 581 580 579
f 579 578 581
f 579 580 577
f 577 578 579
f 1824 1822 1823
f 65 1822 1824
f 1823 997 1824
f 997 65 1824
f 261 260 263
f 287 260 261
f 1718 1646 1643
f 1718 1717 1721
f 1721 1722 1718
f 1722 1646 1718
f 1718 1714 1717
f 1643 1714 1718
f 1665 1737 1738
f 1737 1715 1738
f 1719 1715 1737
f 1719 1723 1720
f 1737 1736 1719
f 1719 1736 1723
f 737 723 741
f 741 742 737
f 743 742 746
f 746 747 743
f 717 747 746
f 746 718 717
f 744 749 765
f 744 739 743
f 748 749 744
f 743 747 744
f 744 747 748
f 763 764 765
f 765 749 763
f 761 760 763
f 763 760 764
f 763 762 761
f 749 762 763
f 596 667 598
f 544 596 539
f 595 596 544
f 543 592 544
f 715 714 717
f 717 716 715
f 715 713 714
f 715 716 661
f 661 713 715
f 748 747 750
f 750 751 748
f 750 747 717
f 717 714 750
f 714 751 750
f 693 67 791
f 791 788 692
f 692 693 791
f 791 67 66
f 1930 1929 1933
f 1930 1926 1929
f 418 1926 1930
f 1930 423 418
f 1923 1926 413
f 410 409 413
f 413 409 1923
f 419 415 418
f 418 423 419
f 416 415 419
f 428 423 1934
f 1934 1938 428
f 1934 1937 1938
f 1933 1937 1934
f 1934 1930 1933
f 423 1930 1934
f 422 888 889
f 422 886 888
f 889 416 422
f 422 416 421
f 421 427 422
f 427 886 422
f 883 427 426
f 429 430 426
f 266 77 282
f 266 1497 77
f 282 264 266
f 266 264 1497
f 263 897 1498
f 1498 264 263
f 1497 264 1498
f 897 77 1498
f 77 1497 1498
f 894 399 398
f 398 402 894
f 896 399 894
f 894 402 77
f 281 1499 280
f 1499 279 280
f 573 281 280
f 280 279 573
f 268 1499 269
f 269 279 268
f 268 279 1499
f 1965 1966 444
f 444 1964 1965
f 2099 2097 1965
f 2104 2107 1884
f 1884 2107 2110
f 1884 1885 1882
f 2110 1887 1884
f 1887 1885 1884
f 2108 2105 1959
f 2109 2105 2108
f 2112 2109 2108
f 2108 2111 2112
f 1959 2111 2108
f 1879 2101 2104
f 1876 2101 1879
f 1879 1877 1876
f 1961 2102 1963
f 444 445 1963
f 1963 1964 444
f 2099 1965 1963
f 1963 1965 1964
f 1963 2100 2099
f 1963 2102 2100
f 131 127 916
f 131 136 127
f 141 136 921
f 137 136 141
f 921 923 924
f 146 141 924
f 924 141 921
f 924 927 146
f 926 927 924
f 924 923 926
f 123 128 124
f 124 119 123
f 125 119 124
f 124 129 125
f 124 128 129
f 1876 1877 1875
f 1875 1877 355
f 1875 1874 1876
f 1875 355 1874
f 355 1877 357
f 134 139 145
f 150 356 145
f 145 139 150
f 371 368 1892
f 371 1895 372
f 1892 1895 371
f 365 368 364
f 364 363 365
f 1886 1885 1888
f 1886 368 365
f 1889 368 1886
f 1888 1891 1886
f 1886 1891 1894
f 1894 1889 1886
f 1296 1300 1297
f 1297 1300 1301
f 1301 1298 1297
f 1297 1292 1296
f 1293 1298 1299
f 1299 1294 1293
f 1292 1297 1293
f 1293 1297 1298
f 1294 1288 1293
f 1293 1288 1292
f 1443 1446 1445
f 1445 1154 1443
f 1441 1442 1443
f 349 157 158
f 158 157 156
f 158 345 349
f 161 345 158
f 158 156 159
f 159 160 158
f 160 161 158
f 164 163 168
f 162 163 164
f 169 166 943
f 943 945 944
f 943 947 945
f 1185 1186 1039
f 1039 1036 1185
f 1034 1033 1184
f 1184 1036 1034
f 945 947 948
f 948 1042 950
f 948 947 1042
f 1988 2087 2086
f 2087 2084 2086
f 349 345 348
f 348 345 344
f 348 346 1867
f 348 1869 349
f 348 1868 1869
f 1867 1868 348
f 937 163 159
f 938 163 937
f 159 156 937
f 156 936 937
f 937 1034 938
f 1033 1034 937
f 1032 1033 937
f 937 936 1032
f 935 936 156
f 932 1180 934
f 1180 936 934
f 934 935 932
f 936 935 934
f 126 913 916
f 916 127 126
f 1305 1329 1302
f 1302 1304 1305
f 1305 1304 1329
f 1333 1329 1332
f 1332 1334 1333
f 1329 1209 1208
f 1208 1206 1205
f 1208 1209 1063
f 1063 1206 1208
f 1239 1310 1244
f 1310 1247 1244
f 1244 1242 1239
f 1244 1247 1245
f 1245 1243 1244
f 1244 1243 1242
f 1278 1345 1349
f 1349 1277 1278
f 1278 1280 1345
f 1278 1277 1280
f 1010 1168 1169
f 1169 1168 1171
f 1169 1011 1010
f 1171 1011 1169
f 1011 909 908
f 905 1010 908
f 1010 1011 908
f 1258 1257 1314
f 1314 1259 1258
f 1255 1257 1258
f 1258 1259 1255
f 1778 1775 1764
f 1779 1775 1778
f 12 1601 1600
f 1600 7 12
f 1628 1629 1624
f 1631 1629 1628
f 1702 1743 1745
f 1676 1584 1673
f 1815 1776 1814
f 1815 1771 1776
f 17 19 1815
f 1815 1814 16
f 16 17 1815
f 1612 1610 1611
f 1617 1763 1611
f 1611 1763 1612
f 1605 1606 1602
f 1602 1600 1601
f 1602 1604 1605
f 1602 1601 1604
f 1774 1767 1775
f 1776 1771 1774
f 1774 1775 1776
f 1774 1771 1773
f 1773 1767 1774
f 814 812 813
f 813 1535 814
f 1535 1536 1537
f 814 1535 1537
f 1537 1538 814
f 1539 1538 1537
f 1537 1540 1539
f 1537 1536 1540
f 829 824 823
f 823 824 822
f 822 826 823
f 823 827 829
f 826 827 823
f 868 821 820
f 1794 1790 1793
f 1794 1793 1541
f 1541 1540 1794
f 1794 1540 1795
f 1792 1787 1791
f 1787 1790 1791
f 1795 1796 1791
f 1791 1794 1795
f 1790 1794 1791
f 1764 1762 1781
f 1781 1778 1764
f 1779 1778 1781
f 1806 1808 1784
f 1806 1805 1808
f 1807 1820 1810
f 1810 1808 1807
f 1808 1805 1807
f 1807 1804 1820
f 1805 1804 1807
f 618 619 616
f 613 615 616
f 632 618 616
f 616 615 632
f 638 633 637
f 637 612 638
f 633 615 637
f 615 612 637
f 738 739 734
f 739 740 734
f 733 738 734
f 735 733 734
f 734 768 735
f 734 740 768
f 1598 1596 1754
f 1753 1608 1754
f 1604 1598 1754
f 1754 1608 1604
f 1597 1598 12
f 1597 1596 1598
f 12 770 1597
f 1595 1593 1592
f 1596 1597 1595
f 770 1593 1595
f 1595 1597 770
f 773 1 772
f 773 1500 1
f 771 1500 773
f 773 1588 771
f 773 1585 1588
f 773 772 1584
f 1584 1585 773
f 1593 1500 1590
f 1500 1588 1590
f 1592 1593 1590
f 1663 1737 1665
f 1584 772 776
f 772 775 776
f 1586 1585 1584
f 1588 1585 1586
f 782 1502 583
f 778 1502 782
f 782 783 778
f 787 783 782
f 697 696 759
f 759 699 697
f 695 696 697
f 697 698 695
f 700 698 697
f 697 699 700
f 756 699 759
f 756 772 2
f 1569 1567 1568
f 1569 795 1567
f 793 795 1569
f 1527 29 28
f 24 30 28
f 1524 1527 28
f 28 30 1524
f 25 29 829
f 829 828 25
f 24 28 25
f 25 28 29
f 840 844 841
f 844 845 841
f 826 865 830
f 831 827 830
f 830 827 826
f 830 862 831
f 830 865 863
f 863 862 830
f 836 832 835
f 836 833 832
f 840 841 837
f 833 836 837
f 832 833 26
f 26 828 832
f 26 25 828
f 24 25 26
f 26 837 838
f 833 837 26
f 876 877 878
f 878 445 876
f 876 445 444
f 875 873 874
f 810 877 875
f 875 874 810
f 877 876 875
f 447 1966 449
f 449 1967 447
f 1966 1967 449
f 451 450 454
f 454 455 451
f 454 1971 1974
f 1974 1971 1973
f 1973 2090 1974
f 1970 1973 1971
f 871 870 869
f 868 820 869
f 869 820 871
f 867 868 869
f 869 457 867
f 869 870 457
f 2093 2094 2091
f 2093 2091 1968
f 859 834 860
f 860 858 859
f 859 858 857
f 835 834 859
f 857 843 859
f 854 481 853
f 480 481 854
f 477 858 471
f 477 856 858
f 857 856 855
f 855 843 857
f 855 854 853
f 853 847 855
f 844 843 855
f 855 847 844
f 839 844 840
f 839 843 844
f 839 836 835
f 835 859 839
f 839 859 843
f 840 837 839
f 839 837 836
f 467 861 864
f 467 466 861
f 864 461 467
f 469 466 465
f 465 461 464
f 465 467 461
f 466 467 465
f 1992 2084 1993
f 1993 1989 1992
f 1992 1989 1988
f 1988 2086 1992
f 1992 2086 2084
f 1986 1989 1987
f 1988 1989 1986
f 473 469 1983
f 1987 474 473
f 470 469 473
f 473 474 470
f 473 1986 1987
f 1983 1986 473
f 1983 469 468
f 469 465 468
f 464 1979 468
f 468 465 464
f 463 1979 464
f 464 460 463
f 463 460 459
f 1981 1984 1982
f 1982 1979 1981
f 1982 1986 1983
f 1983 468 1982
f 1982 468 1979
f 1977 1980 1978
f 1979 463 1978
f 1981 1979 1978
f 1978 1980 1981
f 2002 491 490
f 487 1999 490
f 490 2001 2002
f 490 1999 2001
f 853 5 851
f 851 847 853
f 5 847 851
f 2076 2004 2003
f 1997 2076 2003
f 2002 2004 2005
f 2007 2008 2005
f 2005 2004 2007
f 2080 2083 1863
f 1863 1860 2080
f 515 516 512
f 513 514 512
f 512 516 513
f 199 309 310
f 193 199 310
f 310 194 193
f 2035 2032 2034
f 525 2032 2035
f 2034 308 2035
f 2057 2059 1839
f 2057 2033 2059
f 517 519 513
f 513 516 517
f 520 2032 521
f 520 516 2028
f 521 517 520
f 520 517 516
f 2034 2032 2031
f 2031 2028 2030
f 2031 520 2028
f 2032 520 2031
f 2031 2033 2034
f 2030 2033 2031
f 732 636 725
f 646 644 645
f 646 640 644
f 646 724 640
f 645 722 646
f 646 722 732
f 732 724 646
f 515 509 2024
f 2024 2027 515
f 2024 2023 2027
f 508 2024 509
f 2023 2024 508
f 2023 508 507
f 2062 2029 2026
f 2026 2023 2062
f 2027 2023 2026
f 2030 2027 2026
f 2026 2029 2030
f 2025 2023 2022
f 2063 2025 2022
f 2022 2021 2063
f 501 496 499
f 6 496 501
f 1554 1553 1556
f 1554 1552 1553
f 1556 1555 1554
f 1555 1552 1554
f 1553 1552 1551
f 1551 1634 1553
f 1630 1629 1632
f 1632 1548 1630
f 1548 1547 1630
f 35 31 1555
f 1555 1565 35
f 36 31 35
f 35 1565 1566
f 35 1566 803
f 803 36 35
f 367 370 125
f 134 135 367
f 144 149 150
f 144 143 149
f 150 138 144
f 138 143 144
f 148 143 147
f 147 151 152
f 146 151 147
f 152 149 147
f 149 148 147
f 1060 1058 1057
f 1061 1058 1060
f 1063 1061 1060
f 1060 1206 1063
f 1338 1336 1335
f 1335 1337 1338
f 1201 1199 1198
f 1198 1196 1195
f 1198 1199 1197
f 1197 1051 1198
f 1051 1196 1198
f 1342 1280 1282
f 1345 1280 1342
f 1194 1196 1051
f 1193 1196 1194
f 1051 1048 1194
f 1194 1048 1045
f 1045 1193 1194
f 1344 1342 1341
f 1344 1347 1345
f 1345 1342 1344
f 1045 1190 1192
f 1192 1193 1045
f 1195 1193 1192
f 1047 1049 954
f 1051 1049 1047
f 1047 1048 1051
f 1046 1048 1047
f 956 953 952
f 952 954 955
f 952 958 956
f 955 958 952
f 952 1047 954
f 952 184 950
f 952 953 184
f 190 953 956
f 956 957 190
f 957 195 190
f 190 195 187
f 187 184 190
f 184 953 190
f 187 195 191
f 195 192 191
f 950 184 183
f 183 181 950
f 184 181 183
f 185 184 187
f 185 186 184
f 319 184 317
f 184 186 317
f 318 319 317
f 187 191 188
f 188 191 192
f 188 194 313
f 188 192 194
f 945 948 174
f 178 181 179
f 179 176 178
f 1847 1848 1849
f 1848 1851 1849
f 2064 1846 1845
f 2064 2066 1846
f 2065 2066 2064
f 2064 1845 2063
f 2063 2021 2064
f 2021 2065 2064
f 2067 2066 2065
f 2067 2021 2018
f 2067 2065 2021
f 2067 2018 2069
f 2069 2066 2067
f 1845 1846 1844
f 1844 1843 1845
f 1844 1848 1847
f 1844 1846 1848
f 1844 1847 322
f 1842 1843 1841
f 1841 1840 1842
f 2061 1843 1842
f 1842 1840 2060
f 1842 2062 2061
f 2060 2062 1842
f 495 3 497
f 497 498 495
f 6 3 495
f 495 498 6
f 1401 1400 1404
f 1401 1399 1400
f 49 1399 1486
f 1087 1486 1092
f 49 1486 1087
f 1096 1093 1092
f 1096 1101 1097
f 1484 1101 1096
f 1405 1411 1406
f 1100 1491 981
f 981 1491 984
f 1099 1098 1102
f 1106 1107 1102
f 1097 1101 1102
f 1484 1411 1483
f 1483 1101 1484
f 1106 1102 1483
f 1483 1102 1101
f 1002 260 259
f 259 1000 1002
f 1131 1479 1134
f 1131 1423 1479
f 1127 1480 1131
f 1131 1128 1127
f 1420 1480 1418
f 1412 1469 1420
f 1825 2052 1828
f 2053 2051 1825
f 2048 2052 1825
f 1825 2051 2048
f 1828 2052 1827
f 1827 1831 1828
f 2038 530 306
f 530 2037 306
f 206 210 207
f 205 210 206
f 204 209 308
f 204 308 2034
f 309 198 204
f 2034 309 204
f 224 299 218
f 218 222 224
f 299 219 218
f 219 217 218
f 221 222 218
f 218 217 221
f 211 210 215
f 215 212 211
f 207 210 211
f 207 211 208
f 208 211 212
f 208 212 213
f 527 523 522
f 522 526 527
f 527 526 530
f 1076 1081 1082
f 1082 1077 1076
f 297 1077 1082
f 1082 1831 297
f 1496 1831 1082
f 1085 1081 1084
f 1084 1081 1080
f 588 586 585
f 585 587 588
f 587 590 588
f 655 658 659
f 659 658 662
f 677 681 678
f 682 681 686
f 686 687 682
f 682 678 681
f 675 678 682
f 2 703 702
f 702 756 2
f 2 753 708
f 753 754 708
f 701 698 700
f 701 685 698
f 700 702 701
f 701 702 703
f 706 708 707
f 711 753 752
f 711 754 753
f 2044 545 2046
f 2048 550 549
f 550 547 549
f 593 590 677
f 677 672 593
f 974 2051 2053
f 2053 1825 974
f 2048 2051 974
f 979 977 976
f 976 977 229
f 1489 1109 1113
f 1113 1112 1488
f 1109 1112 1113
f 1489 988 987
f 987 988 985
f 990 988 1489
f 990 1113 1488
f 1489 1113 990
f 1488 991 990
f 689 236 293
f 293 242 689
f 236 242 293
f 243 239 983
f 244 239 243
f 243 983 986
f 986 244 243
f 551 288 552
f 552 555 551
f 552 252 556
f 552 288 252
f 246 250 252
f 252 289 246
f 289 247 246
f 246 247 241
f 560 561 558
f 558 557 560
f 558 561 575
f 558 575 577
f 577 559 558
f 558 559 557
f 580 555 554
f 577 580 554
f 554 559 577
f 554 552 556
f 556 557 554
f 557 559 554
f 244 248 249
f 249 248 253
f 253 248 989
f 986 988 989
f 989 248 986
f 989 992 253
f 989 991 992
f 988 990 989
f 989 990 991
f 566 563 564
f 563 567 564
f 568 570 571
f 568 567 570
f 571 569 568
f 568 564 567
f 254 256 257
f 257 567 254
f 253 256 254
f 254 249 253
f 250 249 254
f 287 261 265
f 265 286 287
f 284 286 265
f 265 261 263
f 263 264 265
f 282 284 265
f 265 264 282
f 1716 1719 1720
f 1715 1719 1716
f 1716 1720 1717
f 1717 1713 1716
f 1713 1709 1716
f 722 651 721
f 721 723 722
f 721 741 723
f 745 744 765
f 739 744 745
f 745 765 767
f 767 739 745
f 538 544 539
f 539 537 538
f 543 544 542
f 544 538 542
f 595 544 594
f 594 544 592
f 594 672 595
f 594 593 672
f 592 593 594
f 714 713 712
f 710 711 712
f 752 714 712
f 712 711 752
f 788 791 789
f 792 66 794
f 792 791 66
f 794 795 792
f 792 789 791
f 792 795 793
f 793 789 792
f 410 413 414
f 414 413 1926
f 414 1926 418
f 414 415 410
f 418 415 414
f 416 419 420
f 421 416 420
f 420 423 424
f 420 419 423
f 883 426 432
f 432 431 881
f 432 430 431
f 432 426 430
f 432 881 882
f 882 883 432
f 429 426 425
f 425 427 421
f 425 426 427
f 425 420 424
f 421 420 425
f 425 424 428
f 428 429 425
f 896 894 895
f 895 898 896
f 897 898 895
f 895 77 897
f 895 894 77
f 1881 1884 1882
f 1882 1879 1881
f 2104 1884 1881
f 1881 1879 2104
f 1961 1963 1962
f 1962 1963 445
f 1962 879 1961
f 445 879 1962
f 918 131 916
f 136 131 918
f 916 920 918
f 921 136 918
f 918 920 921
f 355 357 358
f 358 356 355
f 360 363 358
f 1878 357 1877
f 360 358 1878
f 1878 358 357
f 362 367 135
f 1882 1885 1883
f 1885 1886 1883
f 365 363 1883
f 1883 1886 365
f 1883 363 360
f 1444 1442 1378
f 1444 1443 1442
f 1378 1446 1444
f 1446 1443 1444
f 1153 1154 1151
f 1153 1443 1154
f 1441 1443 1153
f 1151 1439 1153
f 1439 1441 1153
f 168 943 165
f 165 943 166
f 165 164 168
f 162 164 165
f 167 162 165
f 165 166 167
f 1040 1186 1188
f 1188 947 1040
f 1040 943 942
f 1040 1039 1186
f 938 1034 939
f 939 163 938
f 168 163 939
f 1036 1039 1037
f 344 346 347
f 347 348 344
f 346 348 347
f 933 156 932
f 932 935 933
f 933 935 156
f 121 913 122
f 913 126 122
f 118 121 122
f 123 118 122
f 122 127 123
f 122 126 127
f 1331 1332 1329
f 1334 1332 1331
f 905 908 906
f 906 904 905
f 907 904 906
f 906 909 907
f 906 908 909
f 1633 1743 1635
f 1633 1634 1631
f 1635 1636 1633
f 1636 1634 1633
f 1745 1743 1744
f 1743 1633 1744
f 1631 1628 1744
f 1744 1633 1631
f 1640 1635 1637
f 1711 1714 1640
f 1713 1714 1711
f 1640 1637 1711
f 1711 1637 1706
f 1710 1706 1705
f 1710 1709 1713
f 1705 1709 1710
f 1713 1711 1710
f 1710 1711 1706
f 1707 1637 1635
f 1706 1637 1707
f 1635 1743 1707
f 1743 1702 1707
f 1739 1738 1715
f 1665 1738 1739
f 1624 1621 1620
f 1620 1619 1624
f 1620 1621 1616
f 1616 1619 1620
f 1697 1702 1745
f 1745 1747 1697
f 1623 1628 1624
f 1624 1619 1623
f 1751 1684 1688
f 1749 1751 1688
f 1675 1676 1673
f 1596 1595 1594
f 1594 1595 1592
f 1772 19 1771
f 1771 1815 1772
f 1772 1815 19
f 1768 1767 1773
f 1773 19 1768
f 1768 19 18
f 7 1600 1603
f 1600 1602 1603
f 8 7 1603
f 18 8 1603
f 1603 1770 18
f 1535 813 819
f 1534 1535 819
f 819 1533 1534
f 815 871 816
f 871 820 816
f 816 812 815
f 1784 1779 1782
f 1779 1781 1782
f 1782 1781 1762
f 1788 1806 1784
f 1788 1787 1792
f 1805 1806 1788
f 1518 1820 1821
f 1820 1804 1821
f 1821 1521 1518
f 1525 1521 1821
f 1528 1526 1798
f 1798 1797 1528
f 506 616 617
f 617 616 619
f 614 511 613
f 613 616 614
f 614 616 506
f 1661 1736 1737
f 1737 1663 1661
f 778 783 779
f 779 775 778
f 1587 1586 1584
f 1584 1676 1587
f 1676 1679 1587
f 583 581 786
f 786 782 583
f 581 787 786
f 787 782 786
f 700 699 758
f 699 756 758
f 758 702 700
f 756 702 758
f 772 756 774
f 759 777 774
f 778 772 774
f 774 777 778
f 1516 1518 1519
f 1519 1517 1516
f 1518 1521 1519
f 846 1517 1519
f 844 847 848
f 848 845 844
f 848 847 5
f 842 841 846
f 842 837 841
f 838 837 842
f 27 26 838
f 24 26 27
f 838 842 27
f 27 842 1523
f 27 30 24
f 27 1523 30
f 448 876 444
f 447 873 448
f 873 875 448
f 448 875 876
f 448 446 447
f 444 446 448
f 1974 455 458
f 458 454 1974
f 455 454 458
f 450 1967 453
f 453 454 450
f 1971 454 453
f 453 1970 1971
f 1968 2091 1969
f 1970 453 1969
f 1969 1967 1968
f 1969 453 1967
f 1973 1970 1972
f 1972 2091 2092
f 1972 1969 2091
f 1970 1969 1972
f 2092 2090 1972
f 2090 1973 1972
f 2096 2093 1968
f 2097 2093 2096
f 2096 1965 2097
f 1968 1966 2096
f 1966 1965 2096
f 2095 2093 2097
f 2095 2098 1873
f 2097 2098 2095
f 1873 352 2095
f 2095 352 1871
f 2094 2093 2095
f 476 855 856
f 856 477 476
f 476 477 471
f 471 474 475
f 474 479 475
f 475 479 480
f 475 476 471
f 480 476 475
f 480 479 484
f 487 485 484
f 484 485 480
f 1995 1999 487
f 1998 1999 1995
f 487 484 1995
f 1975 463 459
f 1974 1977 1975
f 1977 1978 1975
f 1975 1978 463
f 1975 455 1974
f 459 455 1975
f 1985 1982 1984
f 1986 1982 1985
f 1985 1984 1988
f 1988 1986 1985
f 488 485 487
f 487 490 488
f 852 5 853
f 489 491 5
f 5 852 489
f 489 490 491
f 489 488 490
f 485 488 489
f 1998 1997 2000
f 1997 2003 2000
f 2000 2004 1998
f 2000 2003 2004
f 2008 2009 2006
f 2006 2005 2008
f 2006 2009 493
f 2082 2084 2083
f 2083 2080 2082
f 2081 2084 2082
f 2082 2079 2081
f 510 509 515
f 515 512 510
f 510 511 509
f 611 511 510
f 510 514 611
f 510 512 514
f 312 2033 314
f 314 194 312
f 194 310 312
f 309 2033 311
f 311 310 309
f 2033 312 311
f 311 312 310
f 2036 2037 530
f 2036 530 525
f 525 2035 2036
f 2036 2035 308
f 308 209 2036
f 2036 209 2037
f 1836 2033 1837
f 2033 2057 1837
f 1837 2057 1839
f 1838 1836 1837
f 1839 1840 1837
f 1837 1840 1838
f 518 521 522
f 518 517 521
f 519 517 518
f 606 519 518
f 635 640 641
f 636 635 641
f 641 725 636
f 640 724 641
f 732 725 641
f 641 724 732
f 505 508 509
f 509 511 505
f 505 614 506
f 511 614 505
f 503 499 502
f 2023 507 2017
f 2017 503 502
f 507 503 2017
f 2017 502 2016
f 2016 2019 2017
f 621 6 620
f 6 501 620
f 620 619 621
f 620 501 619
f 1634 1551 1549
f 1549 1548 1632
f 1632 1634 1549
f 1550 1546 1549
f 1546 1548 1549
f 1549 1552 1550
f 1549 1551 1552
f 1625 1629 1626
f 1629 1630 1626
f 1627 1625 1626
f 1626 1630 1547
f 1755 1627 1626
f 1626 1547 1755
f 368 371 369
f 369 371 372
f 372 370 369
f 370 367 369
f 130 129 134
f 134 367 130
f 125 129 130
f 130 367 125
f 142 147 143
f 142 143 138
f 142 141 146
f 146 147 142
f 142 138 137
f 137 141 142
f 1057 1202 1203
f 1203 1060 1057
f 1203 1202 1205
f 1205 1206 1203
f 1206 1060 1203
f 1341 1338 1340
f 1201 1198 1340
f 1340 1337 1201
f 1340 1338 1337
f 1339 1338 1341
f 1341 1342 1339
f 1339 1342 1282
f 1336 1338 1339
f 1282 1285 1339
f 1339 1285 1336
f 1343 1344 1341
f 1341 1340 1343
f 1343 1340 1198
f 1343 1198 1195
f 1191 1190 1350
f 1191 1192 1190
f 1350 1347 1348
f 1348 1191 1350
f 1192 1191 1348
f 1347 1344 1346
f 1346 1348 1347
f 1192 1348 1346
f 1344 1343 1346
f 1195 1192 1346
f 1346 1343 1195
f 951 952 950
f 1047 952 951
f 950 1046 951
f 1046 1047 951
f 318 317 316
f 316 317 186
f 316 1838 318
f 187 188 189
f 189 185 187
f 186 185 189
f 189 316 186
f 189 188 313
f 313 315 189
f 189 315 1838
f 1838 316 189
f 2075 2079 2078
f 2079 2082 2078
f 2078 2082 2080
f 945 174 172
f 175 178 176
f 335 169 170
f 944 945 170
f 169 943 170
f 170 943 944
f 322 1847 323
f 1847 1849 323
f 323 1849 176
f 328 175 325
f 2074 2076 2075
f 2007 2076 2074
f 1841 1843 320
f 1843 1844 320
f 319 1841 320
f 179 319 320
f 320 321 179
f 322 321 320
f 320 1844 322
f 1403 1486 1399
f 1411 1405 1409
f 984 983 982
f 982 981 984
f 983 980 982
f 982 980 979
f 979 981 982
f 1094 1098 1100
f 1097 1102 1094
f 1094 1102 1098
f 1094 1096 1097
f 1093 1096 1094
f 1085 1090 1091
f 1115 996 1487
f 257 256 995
f 995 256 992
f 997 257 995
f 995 996 997
f 992 991 995
f 258 259 260
f 1000 259 258
f 258 260 287
f 258 1134 1135
f 1135 1000 258
f 1127 1481 1419
f 1419 1481 1418
f 1419 1480 1127
f 1418 1480 1419
f 1412 1420 1417
f 1417 1420 1418
f 1412 1417 1413
f 1480 1420 1421
f 1421 1420 1423
f 1421 1131 1480
f 1423 1131 1421
f 1422 1469 1470
f 1422 1420 1469
f 1470 1423 1422
f 1423 1420 1422
f 1830 2054 1829
f 1829 2054 1832
f 1829 300 1830
f 1829 1832 300
f 2046 1832 2049
f 1832 2054 2049
f 2047 2049 2054
f 2048 549 2047
f 2047 549 2044
f 2047 2044 2046
f 2046 2049 2047
f 1826 1827 2052
f 1826 2054 1830
f 1830 1831 1826
f 1831 1827 1826
f 1834 306 304
f 304 303 1834
f 302 303 304
f 2037 209 307
f 307 306 2037
f 201 205 202
f 205 206 202
f 202 198 201
f 202 204 198
f 303 1832 1833
f 1833 1832 2046
f 654 653 657
f 657 658 654
f 599 598 662
f 606 518 524
f 522 523 524
f 524 518 522
f 603 524 523
f 1088 1087 1092
f 49 1087 54
f 55 49 54
f 54 1078 55
f 1079 1078 54
f 589 590 548
f 589 588 590
f 589 548 586
f 586 588 589
f 661 655 660
f 655 659 660
f 707 710 671
f 677 678 673
f 673 672 677
f 673 669 672
f 683 687 684
f 683 682 687
f 675 682 679
f 682 683 679
f 684 685 679
f 679 683 684
f 704 701 703
f 704 676 675
f 704 706 707
f 707 676 704
f 2 708 755
f 708 706 755
f 709 710 707
f 709 711 710
f 707 708 709
f 709 708 754
f 754 711 709
f 590 593 591
f 591 593 592
f 548 590 591
f 591 592 548
f 978 976 1493
f 978 981 979
f 979 976 978
f 1495 976 974
f 1496 1082 1495
f 1495 1828 1496
f 1495 1825 1828
f 1495 974 1825
f 2048 974 975
f 974 976 975
f 975 976 229
f 229 550 975
f 975 550 2048
f 984 1491 1105
f 1100 1099 1105
f 1105 1491 1100
f 250 246 245
f 244 249 245
f 245 249 250
f 241 244 245
f 245 246 241
f 555 552 553
f 553 554 555
f 552 554 553
f 566 564 565
f 565 572 566
f 565 569 572
f 565 568 569
f 564 568 565
f 255 567 562
f 255 254 567
f 562 251 255
f 255 251 250
f 250 254 255
f 719 721 651
f 656 718 719
f 719 650 656
f 651 650 719
f 741 721 720
f 742 741 720
f 720 746 742
f 718 746 720
f 720 719 718
f 721 719 720
f 543 542 546
f 546 547 543
f 546 549 547
f 546 542 545
f 545 2044 546
f 2044 549 546
f 541 538 537
f 541 542 538
f 545 542 541
f 541 2041 545
f 788 789 784
f 784 783 788
f 784 779 783
f 785 779 784
f 790 789 793
f 785 784 790
f 790 784 789
f 363 364 361
f 361 358 363
f 364 362 361
f 1882 1883 1880
f 1880 1879 1882
f 360 1878 1880
f 1880 1883 360
f 1877 1879 1880
f 1880 1878 1877
f 140 145 356
f 134 145 140
f 140 135 134
f 140 362 135
f 366 362 364
f 367 362 366
f 366 369 367
f 366 364 368
f 368 369 366
f 356 358 359
f 359 140 356
f 362 140 359
f 358 361 359
f 359 361 362
f 947 943 946
f 946 1040 947
f 943 1040 946
f 940 943 168
f 168 939 940
f 1038 1037 1039
f 1038 1040 942
f 1039 1040 1038
f 1037 1038 941
f 941 1038 942
f 941 940 939
f 942 943 941
f 943 940 941
f 1334 1331 1207
f 1205 1334 1207
f 1207 1208 1205
f 1329 1208 1207
f 1207 1331 1329
f 1701 1700 1705
f 1701 1707 1702
f 1705 1706 1701
f 1706 1707 1701
f 1704 1709 1705
f 1705 1700 1704
f 1712 1739 1715
f 1715 1716 1712
f 1712 1716 1709
f 1665 1739 1668
f 1615 1619 1616
f 1618 1619 1615
f 1615 1614 1618
f 1615 1611 1610
f 1610 1614 1615
f 1615 1616 1617
f 1617 1611 1615
f 1702 1697 1696
f 1696 1701 1702
f 1700 1701 1696
f 1696 1697 1691
f 1746 1747 1745
f 1628 1623 1746
f 1745 1744 1746
f 1746 1744 1628
f 1596 1594 1682
f 1753 1754 1682
f 1682 1754 1596
f 1686 90 1689
f 1688 1684 1686
f 1686 1687 1688
f 1609 1610 1605
f 1605 1604 1609
f 1604 1608 1609
f 1618 1614 1613
f 1613 1614 1610
f 1610 1609 1613
f 1618 1749 1748
f 1748 1619 1618
f 1748 1623 1619
f 1747 1746 1748
f 1748 1746 1623
f 1691 1697 1692
f 1692 1697 1747
f 1692 1687 1691
f 1747 1748 1692
f 1692 1748 1749
f 1688 1687 1692
f 1692 1749 1688
f 1591 1679 1680
f 1591 1594 1592
f 1680 1594 1591
f 1607 1602 1606
f 1766 1606 1612
f 1767 1768 1766
f 1766 1607 1606
f 1768 1607 1766
f 1612 1765 1766
f 1765 1767 1766
f 1769 1603 1602
f 1602 1607 1769
f 1769 1607 1768
f 1770 1603 1769
f 18 1770 1769
f 1769 1768 18
f 817 820 821
f 817 816 820
f 817 819 813
f 817 813 812
f 812 816 817
f 1803 1788 1792
f 1803 1802 1805
f 1805 1788 1803
f 1802 1798 1801
f 1801 1526 1525
f 1801 1798 1526
f 1525 1821 1801
f 1801 1821 1804
f 1801 1804 1805
f 1805 1802 1801
f 1584 1582 1583
f 1673 1584 1583
f 1583 1670 1673
f 1667 1670 1581
f 1670 1583 1581
f 1581 1583 1582
f 1660 1568 1658
f 1736 1661 1660
f 1664 1575 1663
f 1662 1661 1663
f 1663 1575 1662
f 1584 776 1580
f 1580 1582 1584
f 757 756 759
f 759 774 757
f 757 774 756
f 1522 1521 1524
f 1522 1519 1521
f 1524 30 1522
f 30 1523 1522
f 1523 842 1522
f 20 1819 15
f 15 1819 1516
f 5 3 4
f 1871 2094 1872
f 1872 2095 1871
f 2094 2095 1872
f 854 855 482
f 855 476 482
f 480 854 482
f 482 476 480
f 483 484 479
f 483 1995 484
f 1994 1997 1998
f 1998 1995 1994
f 1993 1997 1994
f 485 489 486
f 486 489 852
f 853 485 486
f 486 852 853
f 492 2006 493
f 493 5 492
f 5 491 492
f 492 491 2002
f 2002 2005 492
f 2005 2006 492
f 504 507 508
f 504 503 507
f 504 505 506
f 508 505 504
f 2020 2022 2023
f 2023 2017 2020
f 2021 2022 2020
f 2020 2019 2021
f 2020 2017 2019
f 1855 2074 2075
f 2072 2074 1855
f 1851 2072 1855
f 1855 1853 1851
f 329 1854 331
f 1854 333 331
f 331 170 329
f 1858 1863 1861
f 1858 1860 1863
f 1861 1862 1858
f 1862 1859 1858
f 330 1854 329
f 329 328 330
f 330 1855 1854
f 1853 1855 330
f 171 328 329
f 172 328 171
f 945 172 171
f 171 170 945
f 329 170 171
f 326 172 174
f 326 328 172
f 326 175 328
f 178 175 177
f 949 174 948
f 949 175 174
f 949 948 950
f 949 177 175
f 950 181 949
f 181 178 949
f 178 177 949
f 332 333 334
f 332 334 335
f 335 170 332
f 332 331 333
f 170 331 332
f 322 323 180
f 180 321 322
f 179 321 180
f 180 176 179
f 180 323 176
f 324 1849 1851
f 176 1849 324
f 324 175 176
f 324 325 175
f 2007 2074 2073
f 2073 2008 2007
f 2011 2008 2073
f 2070 2011 2073
f 2073 2074 2072
f 2073 2072 1851
f 1399 1401 1402
f 1402 1403 1399
f 1402 1401 1404
f 1404 1405 1402
f 1402 1405 1406
f 1412 1409 1408
f 1408 1409 1405
f 1404 1412 1408
f 1408 1405 1404
f 1095 1094 1100
f 1090 1094 1095
f 1095 978 1493
f 1493 1091 1095
f 1095 1091 1090
f 1089 1094 1090
f 1089 1090 1085
f 1085 1084 1089
f 1093 1094 1089
f 1084 1088 1089
f 1092 1093 1089
f 1089 1088 1092
f 976 1495 1494
f 1493 976 1494
f 1494 1091 1493
f 1116 1115 1487
f 1112 1115 1116
f 1488 1112 1116
f 996 1115 1121
f 1121 998 996
f 1121 1120 998
f 1121 1115 1119
f 1119 1120 1121
f 999 258 287
f 999 65 997
f 287 65 999
f 997 996 999
f 996 998 999
f 1487 996 994
f 996 995 994
f 994 995 991
f 1122 1117 1482
f 1482 1413 1122
f 1122 1413 1481
f 1127 1123 1122
f 1122 1481 1127
f 1114 1115 1112
f 1134 258 1133
f 258 999 1130
f 1130 1133 258
f 1418 1481 1416
f 1416 1417 1418
f 1481 1413 1416
f 1416 1413 1417
f 1411 1409 1410
f 1410 1409 1412
f 1482 1117 1414
f 1414 1413 1482
f 2050 1826 2052
f 2054 1826 2050
f 2050 2047 2054
f 2050 2052 2048
f 2048 2047 2050
f 209 208 214
f 214 304 306
f 214 208 213
f 213 302 214
f 302 304 214
f 204 202 203
f 209 204 203
f 203 206 207
f 203 202 206
f 207 208 203
f 203 208 209
f 303 1833 1835
f 2046 2055 1835
f 1835 1833 2046
f 1834 303 1835
f 1835 2056 1834
f 662 658 601
f 658 657 601
f 601 599 662
f 601 657 602
f 602 657 604
f 604 603 602
f 653 652 604
f 604 657 653
f 600 601 602
f 599 601 600
f 534 600 528
f 599 600 534
f 529 603 523
f 523 527 529
f 529 527 528
f 528 600 529
f 602 603 529
f 529 600 602
f 1087 1088 1083
f 1083 1088 1084
f 1083 54 1087
f 1079 54 1083
f 1083 1080 1079
f 1083 1084 1080
f 665 671 710
f 669 671 665
f 662 598 663
f 663 598 667
f 663 659 662
f 663 660 659
f 674 678 675
f 674 673 678
f 669 673 674
f 701 704 680
f 685 701 680
f 680 679 685
f 675 679 680
f 680 704 675
f 705 755 706
f 705 704 703
f 706 704 705
f 705 703 2
f 2 755 705
f 2046 545 2043
f 545 2041 2043
f 2043 2055 2046
f 2045 1835 2043
f 2043 1835 2055
f 2056 1835 2040
f 1834 2056 2040
f 1107 1108 1104
f 785 790 1574
f 1037 941 1035
f 1035 1034 1036
f 1036 1037 1035
f 1035 939 1034
f 1035 941 939
f 1689 1693 1694
f 1708 1712 1709
f 1739 1712 1708
f 1709 1704 1708
f 1673 1670 1672
f 1672 1675 1673
f 1698 1693 1742
f 1742 1741 1698
f 1698 1694 1693
f 1665 1668 1666
f 1667 1664 1666
f 1666 1663 1665
f 1666 1664 1663
f 1684 1751 1685
f 1681 1594 1680
f 1681 1682 1594
f 1684 1685 1681
f 1753 1682 1681
f 1681 1685 1753
f 1742 1693 91
f 1680 1679 87
f 1750 1749 1618
f 1618 1613 1750
f 1751 1749 1750
f 1750 1613 1751
f 1751 1613 1752
f 1752 1608 1753
f 1752 1609 1608
f 1752 1613 1609
f 1753 1685 1752
f 1752 1685 1751
f 1589 1587 1679
f 1679 1591 1589
f 1589 1590 1588
f 1592 1590 1589
f 1589 1591 1592
f 1588 1586 1589
f 1586 1587 1589
f 819 817 818
f 818 824 1533
f 1533 819 818
f 822 824 818
f 818 821 822
f 818 817 821
f 1782 1785 1783
f 1784 1782 1783
f 1783 1788 1784
f 1787 1788 1783
f 1759 1622 1757
f 1760 1622 1759
f 1759 1762 1760
f 1799 1798 1802
f 1802 1803 1799
f 1799 1803 1792
f 1792 1791 1799
f 1799 1791 1796
f 1796 1797 1799
f 1797 1798 1799
f 1658 1736 1659
f 1659 1660 1658
f 1736 1660 1659
f 1572 1662 1575
f 1572 1660 1661
f 1661 1662 1572
f 1568 1660 1572
f 780 779 785
f 775 779 780
f 780 776 775
f 780 1580 776
f 785 1574 1577
f 1577 780 785
f 1580 780 1577
f 846 1519 1520
f 1519 1522 1520
f 1520 842 846
f 1520 1522 842
f 5 4 850
f 845 848 850
f 850 841 845
f 20 15 850
f 846 841 850
f 850 4 3
f 850 1517 846
f 1516 1517 850
f 850 15 1516
f 1993 1994 1990
f 1990 1989 1993
f 1987 1989 1990
f 478 474 1987
f 478 479 474
f 499 503 500
f 503 504 500
f 500 501 499
f 500 504 506
f 506 617 500
f 619 501 500
f 500 617 619
f 334 333 336
f 333 1858 336
f 336 1858 1859
f 338 334 336
f 1862 338 336
f 336 1859 1862
f 1857 1858 333
f 2075 2078 1857
f 1860 1858 1857
f 1857 1855 2075
f 1857 2080 1860
f 1857 2078 2080
f 174 175 173
f 173 326 174
f 175 326 173
f 325 324 327
f 1853 330 327
f 328 325 327
f 327 330 328
f 2071 1851 2070
f 2070 2073 2071
f 2071 2073 1851
f 1403 1402 1485
f 1092 1486 1485
f 1486 1403 1485
f 1485 1402 1406
f 1485 1096 1092
f 1406 1484 1485
f 1484 1096 1485
f 1492 1095 1100
f 978 1095 1492
f 1100 981 1492
f 981 978 1492
f 1086 1081 1085
f 1085 1091 1086
f 1091 1494 1086
f 1086 1082 1081
f 1086 1495 1082
f 1086 1494 1495
f 998 1120 1126
f 1126 999 998
f 1126 1130 999
f 1487 994 993
f 1488 1116 993
f 993 1116 1487
f 993 991 1488
f 993 994 991
f 1117 1122 1118
f 1118 1114 1117
f 1118 1123 1119
f 1118 1122 1123
f 1119 1115 1118
f 1115 1114 1118
f 1111 1114 1112
f 1111 1112 1109
f 1109 1108 1111
f 1413 1414 46
f 1412 1413 46
f 1132 1131 1134
f 1134 1133 1132
f 1133 1130 1129
f 1128 1131 1129
f 1131 1132 1129
f 1129 1132 1133
f 1119 1123 1124
f 1124 1120 1119
f 1124 1126 1120
f 1124 1123 1127
f 1127 1128 1124
f 209 214 305
f 305 214 306
f 305 307 209
f 306 307 305
f 603 604 605
f 606 524 605
f 524 603 605
f 607 606 605
f 605 652 607
f 605 604 652
f 597 537 539
f 599 534 597
f 539 596 597
f 596 598 597
f 598 599 597
f 666 665 710
f 710 712 666
f 666 712 713
f 666 713 661
f 661 660 666
f 669 665 668
f 672 669 668
f 595 672 668
f 668 667 595
f 660 663 664
f 664 666 660
f 665 666 664
f 664 668 665
f 664 663 667
f 667 668 664
f 669 674 670
f 670 671 669
f 675 676 670
f 670 674 675
f 670 676 707
f 707 671 670
f 537 536 540
f 540 541 537
f 2041 541 540
f 533 536 537
f 537 597 533
f 533 597 534
f 528 527 531
f 531 527 530
f 2042 1835 2045
f 2042 2040 1835
f 2045 2043 2042
f 2042 2043 2041
f 2041 2040 2042
f 1107 1104 1103
f 1103 1104 1105
f 1103 1105 1099
f 1099 1102 1103
f 1103 1102 1107
f 1110 1108 1109
f 1110 1104 1108
f 1110 1109 1489
f 1489 987 1110
f 1105 1104 1110
f 1699 1704 1700
f 1694 1698 1699
f 1691 1687 1690
f 1687 1686 1690
f 1690 1686 1689
f 1689 1694 1690
f 1703 1698 1741
f 1703 1708 1704
f 1704 1699 1703
f 1703 1699 1698
f 1669 1672 1670
f 1669 1671 1672
f 1669 1670 1667
f 1668 1671 1669
f 1667 1666 1669
f 1669 1666 1668
f 1740 1668 1739
f 1740 1671 1668
f 1741 1671 1740
f 1739 1708 1740
f 1740 1703 1741
f 1708 1703 1740
f 1675 1672 1674
f 1672 1671 1674
f 1674 1741 1742
f 1674 1671 1741
f 1684 1681 1683
f 1683 1686 1684
f 90 1686 1683
f 1683 1681 1680
f 1689 90 89
f 90 91 89
f 89 1693 1689
f 89 91 1693
f 1742 91 1677
f 1677 1674 1742
f 1675 1674 1677
f 1676 1675 1677
f 86 91 90
f 86 1683 1680
f 90 1683 86
f 1787 1783 1786
f 1786 1783 1785
f 1789 1790 1786
f 1786 1790 1787
f 1761 1785 1782
f 1761 1759 1785
f 1761 1782 1762
f 1762 1759 1761
f 1575 1574 1573
f 1573 1572 1575
f 1580 1577 1579
f 1579 1581 1582
f 1582 1580 1579
f 1667 1581 1579
f 849 848 5
f 5 850 849
f 849 850 848
f 20 850 22
f 22 850 3
f 6 20 22
f 22 3 6
f 1991 1990 1994
f 1987 1990 1991
f 1991 478 1987
f 1995 483 1991
f 1991 1994 1995
f 1991 483 479
f 479 478 1991
f 1856 333 1854
f 1856 1857 333
f 1854 1855 1856
f 1855 1857 1856
f 1852 324 1851
f 1852 327 324
f 1851 1853 1852
f 1853 327 1852
f 1117 1114 47
f 1114 46 47
f 47 1414 1117
f 47 46 1414
f 45 1107 1106
f 1106 1483 45
f 1483 46 45
f 1114 1111 44
f 44 1111 1108
f 44 1108 1107
f 1107 45 44
f 44 45 46
f 1415 1410 1412
f 1412 46 1415
f 1415 46 1483
f 1415 1483 1411
f 1411 1410 1415
f 1130 1126 1125
f 1126 1124 1125
f 1125 1129 1130
f 1128 1129 1125
f 1125 1124 1128
f 532 533 534
f 536 533 532
f 532 534 528
f 528 531 532
f 532 531 536
f 2038 306 2039
f 2039 306 1834
f 1834 2040 2039
f 2039 2040 2041
f 2041 540 2039
f 1490 1110 987
f 1105 1110 1490
f 984 1105 1490
f 1490 985 984
f 1490 987 985
f 1695 1699 1700
f 1695 1696 1691
f 1700 1696 1695
f 1694 1699 1695
f 1691 1690 1695
f 1695 1690 1694
f 1676 1677 1678
f 1678 1679 1676
f 1678 87 1679
f 88 1677 91
f 91 86 88
f 88 1678 1677
f 87 1678 88
f 1680 87 88
f 88 86 1680
f 1785 1759 1758
f 1758 1786 1785
f 1789 1786 1758
f 1758 1756 1789
f 1757 1756 1758
f 1758 1759 1757
f 1571 1574 790
f 1571 1573 1574
f 793 1569 1571
f 1571 790 793
f 1578 1664 1667
f 1667 1579 1578
f 1575 1664 1578
f 1578 1579 1577
f 43 46 1114
f 1114 44 43
f 43 44 46
f 2038 2039 535
f 535 530 2038
f 535 531 530
f 536 531 535
f 535 540 536
f 535 2039 540
f 1573 1571 1570
f 1568 1572 1570
f 1572 1573 1570
f 1570 1569 1568
f 1570 1571 1569
f 1575 1578 1576
f 1576 1578 1577
f 1576 1574 1575
f 1576 1577 1574

