
o part_0
v 0.00025022 0.02520016 0.02424976
v 0.00125029 0.02512121 0.02424976
v 0.00247311 0.02499757 0.02401880
v 0.00214015 0.02501043 0.02397033
v 0.00175091 0.02502634 0.02393151
v 0.00125029 0.02504593 0.02388700
v 0.00075084 0.02506551 0.02384966
v 0.00025022 0.02508510 0.02381900
v 0.00000518 0.02520016 0.02424976
v 0.00025022 0.02514080 0.02474977
v 0.00305111 0.02500369 0.02451287
v 0.00305111 0.02500369 0.02446564
v 0.00228435 0.02503491 0.02421119
v 0.00275097 0.02498656 0.02411326
v 0.00375104 0.02491862 0.02424976
v 0.00375104 0.02473255 0.02375000
v 0.00125029 0.02489597 0.02363700
v 0.00075084 0.02491862 0.02359966
v 0.00025022 0.02494188 0.02356899
v 0.00000518 0.02508510 0.02381900
v 0.00000518 0.02514080 0.02474977
v 0.00000518 0.02508448 0.02488627
v 0.00025022 0.02502634 0.02502698
v 0.00075084 0.02500981 0.02501065
v 0.00101698 0.02500063 0.02500126
v 0.00075084 0.02510468 0.02474977
v 0.00175091 0.02505511 0.02467262
v 0.00225035 0.02503491 0.02461327
v 0.00275097 0.02501532 0.02455096
v 0.00375104 0.02483109 0.02474977
v 0.00425049 0.02475765 0.02474977
v 0.00425049 0.02483477 0.02424976
v 0.00323166 0.02496758 0.02427944
v 0.00475111 0.02459239 0.02381702
v 0.00425401 0.02463217 0.02371093
v 0.00408870 0.02451649 0.02348788
v 0.00375104 0.02453792 0.02347329
v 0.00024905 0.02427045 0.02274875
v 0.00000518 0.02494188 0.02356899
v 0.00000518 0.02502634 0.02502698
v 0.00000518 0.02489046 0.02508954
v 0.00025022 0.02474969 0.02515433
v 0.00375104 0.02460708 0.02507718
v 0.00121042 0.02506062 0.02478068
v 0.00425049 0.02457525 0.02506036
v 0.00475111 0.02453057 0.02502797
v 0.00501959 0.02450425 0.02500447
v 0.00475111 0.02465298 0.02474977
v 0.00559173 0.02452139 0.02456777
v 0.00582504 0.02445774 0.02424976
v 0.00550849 0.02450181 0.02399482
v 0.00525056 0.02453241 0.02392459
v 0.00475111 0.02444121 0.02356701
v 0.00442166 0.02448099 0.02351805
v 0.00724952 0.02404276 0.02390208
v 0.00477925 0.02360575 0.02274875
v 0.00175091 0.02407153 0.02274875
v 0.00724952 0.02316507 0.02274875
v 0.00000518 0.02427045 0.02274875
v 0.00000518 0.02474969 0.02515433
v 0.00025022 0.02424964 0.02526462
v 0.00075084 0.02424964 0.02525893
v 0.00125029 0.02424964 0.02525225
v 0.00175091 0.02424964 0.02524508
v 0.00275097 0.02424964 0.02523074
v 0.00325042 0.02424964 0.02522357
v 0.00375104 0.02424964 0.02521466
v 0.00425049 0.02424964 0.02519612
v 0.00475111 0.02424964 0.02515383
v 0.00674890 0.02403848 0.02503489
v 0.00704669 0.02400971 0.02501041
v 0.00521187 0.02455199 0.02474062
v 0.00722724 0.02406418 0.02475323
v 0.00759421 0.02402807 0.02458854
v 0.00724952 0.02411560 0.02424976
v 0.00752855 0.02400848 0.02397652
v 0.00674890 0.02395218 0.02355317
v 0.00724952 0.02388852 0.02365208
v 0.00762469 0.02306163 0.02274875
v 0.00000518 0.02257443 0.02274875
v 0.00000518 0.02424964 0.02526462
v 0.00000518 0.02400359 0.02526981
v 0.00375104 0.02374958 0.02527475
v 0.00425049 0.02374958 0.02527327
v 0.00475111 0.02374958 0.02526338
v 0.00525056 0.02374958 0.02524483
v 0.00575000 0.02374958 0.02522357
v 0.00624945 0.02374958 0.02520156
v 0.00674890 0.02374958 0.02516348
v 0.00722724 0.02377223 0.02509498
v 0.00774897 0.02363941 0.02508484
v 0.00824959 0.02355801 0.02504404
v 0.00853214 0.02351272 0.02501239
v 0.00737966 0.02395462 0.02492188
v 0.00824959 0.02372204 0.02474977
v 0.00871972 0.02355556 0.02471021
v 0.00901283 0.02350537 0.02451708
v 0.00784276 0.02394973 0.02424976
v 0.00759304 0.02402807 0.02424976
v 0.00824959 0.02379671 0.02424976
v 0.00896241 0.02348456 0.02412142
v 0.00862945 0.02355372 0.02388947
v 0.00822379 0.02361432 0.02373368
v 0.00771731 0.02382426 0.02378586
v 0.00837386 0.02344784 0.02355613
v 0.00804090 0.02351333 0.02349036
v 0.00944310 0.02297594 0.02352176
v 0.01084414 0.02243427 0.02357567
v 0.01153117 0.02201684 0.02348986
v 0.00824959 0.02275070 0.02274875
v 0.00000518 0.02248323 0.02438157
v 0.01198020 0.01896267 0.02274875
v 0.00000518 0.02374958 0.02527475
v 0.00624945 0.02324953 0.02527401
v 0.00774897 0.02274948 0.02527475
v 0.00674890 0.02324953 0.02526610
v 0.00724952 0.02324953 0.02524830
v 0.00774897 0.02324953 0.02522233
v 0.00824959 0.02324953 0.02517189
v 0.00959669 0.02303531 0.02503068
v 0.01100476 0.02250221 0.02500225
v 0.01008207 0.02303347 0.02459942
v 0.00901283 0.02350537 0.02445476
v 0.01143269 0.02246916 0.02424976
v 0.01118296 0.02257749 0.02424976
v 0.01008559 0.02303531 0.02424976
v 0.01074917 0.02275927 0.02424976
v 0.01003165 0.02301267 0.02396712
v 0.01109738 0.02254138 0.02390901
v 0.01125800 0.02235164 0.02374531
v 0.01186413 0.02191647 0.02359644
v 0.01198020 0.02177508 0.02353734
v 0.01198020 0.02084842 0.02274875
v 0.01159096 0.02105836 0.02274875
v 0.01060262 0.02156208 0.02274875
v 0.00961193 0.02206458 0.02274875
v 0.00000518 0.02248323 0.02455516
v 0.01198020 0.01894737 0.02424976
v 0.00000518 0.02350354 0.02525423
v 0.01174924 0.02025044 0.02526437
v 0.01198020 0.02025044 0.02526932
v 0.01124979 0.02075049 0.02527475
v 0.01024972 0.02175060 0.02527475
v 0.00924966 0.02224943 0.02527129
v 0.00824959 0.02274948 0.02526536
v 0.00874904 0.02274948 0.02523840
v 0.01024972 0.02224943 0.02521788
v 0.00924966 0.02274948 0.02519859
v 0.01074917 0.02224943 0.02515828
v 0.01074917 0.02254321 0.02503316
v 0.01120289 0.02224331 0.02507421
v 0.01164372 0.02207315 0.02504651
v 0.01197786 0.02198440 0.02497876
v 0.01136351 0.02242264 0.02474977
v 0.01111379 0.02254811 0.02474977
v 0.01198020 0.02209702 0.02469636
v 0.01174924 0.02228554 0.02424976
v 0.01198020 0.02209274 0.02400619
v 0.01198020 0.02204990 0.02389269
v 0.01171876 0.02211049 0.02375792
v 0.01198020 0.02186995 0.02363304
v 0.01198020 0.01897430 0.02456901
v 0.00000518 0.02254016 0.02468202
v 0.00000518 0.02324953 0.02523297
v 0.01198020 0.01975039 0.02521170
v 0.01198020 0.02075049 0.02527278
v 0.01174924 0.02075049 0.02527475
v 0.01124979 0.02125055 0.02527475
v 0.01074917 0.02175060 0.02526239
v 0.00974910 0.02224943 0.02525151
v 0.01124979 0.02175060 0.02522876
v 0.01178676 0.02179099 0.02512292
v 0.01198020 0.02173040 0.02510339
v 0.01178676 0.02217108 0.02478711
v 0.01198020 0.02198318 0.02497653
v 0.01198020 0.02198624 0.02496936
v 0.01198020 0.02214354 0.02424976
v 0.01198020 0.01909854 0.02484077
v 0.00000518 0.02259585 0.02480516
v 0.00000518 0.02284619 0.02509548
v 0.01198020 0.01932807 0.02508014
v 0.01198020 0.02125055 0.02523445
v 0.01174924 0.02125055 0.02525621
f 1 2 3
f 1 3 4
f 1 4 5
f 1 5 6
f 1 6 7
f 1 7 8
f 1 8 20
f 1 20 9
f 1 9 21
f 1 21 10
f 1 10 11
f 1 11 12
f 1 12 2
f 2 13 3
f 2 12 13
f 3 13 14
f 3 14 15
f 3 15 16
f 3 16 4
f 4 16 5
f 5 17 6
f 5 16 17
f 6 17 18
f 6 18 7
f 7 18 19
f 7 19 8
f 8 19 39
f 8 39 20
f 9 20 39
f 9 39 59
f 9 59 80
f 9 80 111
f 9 111 137
f 9 137 163
f 9 163 179
f 9 179 180
f 9 180 164
f 9 164 139
f 9 139 113
f 9 113 82
f 9 82 81
f 9 81 60
f 9 60 41
f 9 41 40
f 9 40 22
f 9 22 21
f 10 21 22
f 10 22 23
f 10 23 24
f 10 24 25
f 10 25 26
f 10 26 27
f 10 27 28
f 10 28 29
f 10 29 11
f 11 29 25
f 11 25 30
f 11 30 31
f 11 31 32
f 11 32 15
f 11 15 12
f 12 15 33
f 12 33 14
f 12 14 13
f 14 33 15
f 15 32 34
f 15 34 16
f 16 34 35
f 16 35 36
f 16 36 18
f 16 18 17
f 18 36 37
f 18 37 19
f 19 37 38
f 19 38 59
f 19 59 39
f 22 40 23
f 23 40 41
f 23 41 42
f 23 42 43
f 23 43 24
f 24 43 25
f 25 28 27
f 25 27 44
f 25 44 26
f 25 43 45
f 25 45 30
f 25 29 28
f 26 44 27
f 30 45 46
f 30 46 47
f 30 47 31
f 31 47 48
f 31 48 49
f 31 49 32
f 32 49 50
f 32 50 51
f 32 51 52
f 32 52 34
f 34 53 54
f 34 54 35
f 34 52 55
f 34 55 53
f 35 54 36
f 36 56 57
f 36 57 38
f 36 38 37
f 36 54 58
f 36 58 56
f 38 57 56
f 38 56 58
f 38 58 79
f 38 79 110
f 38 110 136
f 38 136 135
f 38 135 134
f 38 134 133
f 38 133 112
f 38 112 80
f 38 80 59
f 41 60 42
f 42 60 81
f 42 81 61
f 42 61 62
f 42 62 63
f 42 63 64
f 42 64 65
f 42 65 66
f 42 66 67
f 42 67 68
f 42 68 43
f 43 68 45
f 45 68 69
f 45 69 46
f 46 69 70
f 46 70 71
f 46 71 47
f 47 72 48
f 47 71 73
f 47 73 72
f 48 72 49
f 49 72 73
f 49 73 74
f 49 74 75
f 49 75 50
f 50 75 51
f 51 75 76
f 51 76 55
f 51 55 52
f 53 55 77
f 53 77 54
f 54 77 58
f 55 76 78
f 55 78 77
f 58 77 79
f 61 81 82
f 61 82 83
f 61 83 84
f 61 84 62
f 62 84 63
f 63 84 64
f 64 84 65
f 65 84 66
f 66 84 67
f 67 84 85
f 67 85 86
f 67 86 68
f 68 86 87
f 68 87 88
f 68 88 89
f 68 89 69
f 69 89 70
f 70 89 90
f 70 90 71
f 71 90 91
f 71 91 92
f 71 92 93
f 71 93 94
f 71 94 73
f 73 94 74
f 74 94 93
f 74 93 95
f 74 95 96
f 74 96 97
f 74 97 98
f 74 98 99
f 74 99 75
f 75 99 76
f 76 99 98
f 76 98 100
f 76 100 101
f 76 101 102
f 76 102 103
f 76 103 104
f 76 104 78
f 77 78 79
f 78 104 105
f 78 105 106
f 78 106 79
f 79 106 105
f 79 105 107
f 79 107 108
f 79 108 109
f 79 109 110
f 80 112 111
f 82 113 83
f 83 114 84
f 83 113 142
f 83 142 167
f 83 167 168
f 83 168 143
f 83 143 115
f 83 115 114
f 84 114 116
f 84 116 85
f 85 116 117
f 85 117 86
f 86 117 87
f 87 117 88
f 88 117 118
f 88 118 89
f 89 118 119
f 89 119 91
f 89 91 90
f 91 119 92
f 92 119 120
f 92 120 93
f 93 96 95
f 93 120 121
f 93 121 96
f 96 121 122
f 96 122 97
f 97 123 100
f 97 100 98
f 97 122 124
f 97 124 125
f 97 125 123
f 100 123 126
f 100 126 101
f 101 126 127
f 101 127 128
f 101 128 102
f 102 105 103
f 102 128 129
f 102 129 105
f 103 105 104
f 105 129 108
f 105 108 107
f 108 129 130
f 108 130 109
f 109 130 131
f 109 131 132
f 109 132 133
f 109 133 134
f 109 134 135
f 109 135 136
f 109 136 110
f 111 112 138
f 111 138 137
f 112 133 132
f 112 132 161
f 112 161 159
f 112 159 158
f 112 158 177
f 112 177 156
f 112 156 176
f 112 176 175
f 112 175 173
f 112 173 182
f 112 182 166
f 112 166 141
f 112 141 165
f 112 165 181
f 112 181 178
f 112 178 162
f 112 162 138
f 113 139 140
f 113 140 141
f 113 141 142
f 114 115 116
f 115 143 144
f 115 144 145
f 115 145 116
f 116 145 117
f 117 145 118
f 118 145 146
f 118 146 147
f 118 147 148
f 118 148 119
f 119 148 149
f 119 149 120
f 120 149 150
f 120 150 121
f 121 150 149
f 121 149 151
f 121 151 152
f 121 152 153
f 121 153 154
f 121 154 155
f 121 155 122
f 122 155 124
f 123 125 127
f 123 127 126
f 124 154 156
f 124 156 157
f 124 157 158
f 124 158 129
f 124 129 125
f 124 155 154
f 125 129 128
f 125 128 127
f 129 158 159
f 129 159 160
f 129 160 130
f 130 160 131
f 131 160 159
f 131 159 161
f 131 161 132
f 137 138 162
f 137 162 163
f 139 164 140
f 140 165 141
f 140 164 165
f 141 166 167
f 141 167 142
f 143 168 169
f 143 169 144
f 144 169 145
f 145 169 170
f 145 170 146
f 146 170 147
f 147 171 149
f 147 149 148
f 147 170 169
f 147 169 171
f 149 171 172
f 149 172 151
f 151 172 152
f 152 172 173
f 152 173 153
f 153 174 154
f 153 173 175
f 153 175 176
f 153 176 156
f 153 156 174
f 154 174 156
f 156 177 157
f 157 177 158
f 162 178 179
f 162 179 163
f 164 180 181
f 164 181 165
f 166 182 183
f 166 183 168
f 166 168 167
f 168 183 169
f 169 183 171
f 171 183 182
f 171 182 172
f 172 182 173
f 178 181 180
f 178 180 179

o part_1
v 0.01351564 -0.01301317 -0.02109249
v 0.01351564 -0.01266193 -0.02315463
v 0.01353702 -0.01264157 -0.02315463
v 0.01462506 -0.01162350 -0.02274967
v 0.01501518 -0.01151406 -0.02109249
v 0.01897512 -0.00000476 -0.02109229
v 0.01770751 -0.00000476 -0.02109229
v 0.01707691 -0.00000222 -0.02109229
v 0.01353915 0.01033884 -0.02109229
v 0.01351564 -0.01036873 -0.02109249
v 0.01351564 -0.01005822 -0.02315463
v 0.01479287 -0.01138680 -0.02315463
v 0.01484043 -0.01133844 -0.02315463
v 0.01507664 -0.01108901 -0.02315463
v 0.01513542 -0.01137153 -0.02109249
v 0.01897512 0.00009195 -0.02109229
v 0.01522520 -0.01126463 -0.02109249
v 0.01547316 -0.01094648 -0.02109249
v 0.01559554 -0.01070978 -0.02109249
v 0.01610109 -0.00971971 -0.02109249
v 0.01791379 -0.00616155 -0.02109249
v 0.01795548 -0.00607756 -0.02109249
v 0.01799769 -0.00598848 -0.02109249
v 0.01805808 -0.00575432 -0.02109249
v 0.01812916 -0.00540818 -0.02109249
v 0.01816015 -0.00525038 -0.02109249
v 0.01821520 -0.00490678 -0.02109249
v 0.01879449 -0.00124936 -0.02109249
v 0.01887358 -0.00074796 -0.02109249
v 0.01895321 -0.00023637 -0.02109249
v 0.01897512 -0.00009130 -0.02109249
v 0.01353915 0.01298837 -0.02109229
v 0.01351564 -0.00000476 -0.02177684
v 0.01351564 -0.00000476 -0.02301332
v 0.01353915 0.01260150 -0.02314534
v 0.01353969 0.01263968 -0.02314534
v 0.01677765 -0.00000476 -0.02315463
v 0.01546248 -0.01092612 -0.02125036
v 0.01529360 -0.01074032 -0.02315463
v 0.01897512 -0.00000476 -0.02109249
v 0.01870204 0.00024975 -0.02314534
v 0.01881052 0.00024975 -0.02224983
v 0.01889282 0.00062390 -0.02109229
v 0.01548332 -0.01046290 -0.02286837
v 0.01567570 -0.01024910 -0.02224983
v 0.01580984 -0.01024910 -0.02125036
v 0.01760598 -0.00622009 -0.02315463
v 0.01779462 -0.00574923 -0.02315463
v 0.01797952 -0.00592994 -0.02135493
v 0.01800357 -0.00551507 -0.02203140
v 0.01808106 -0.00525038 -0.02175019
v 0.01869616 -0.00175076 -0.02125036
v 0.01860852 -0.00084467 -0.02315463
v 0.01870044 -0.00024910 -0.02315463
v 0.01870204 -0.00000476 -0.02314534
v 0.01400783 0.01252006 -0.02109229
v 0.01425152 0.01225027 -0.02125439
v 0.01353915 0.01270840 -0.02274987
v 0.01359099 0.01258878 -0.02314534
v 0.01870044 -0.00000476 -0.02315463
v 0.01546408 -0.01042472 -0.02315463
v 0.01864058 0.00064426 -0.02314534
v 0.01854492 0.00125255 -0.02314534
v 0.01857485 0.00174886 -0.02224983
v 0.01855561 0.00275675 -0.02109229
v 0.01594772 -0.00947537 -0.02315463
v 0.01788921 -0.00534455 -0.02315463
v 0.01791059 -0.00524783 -0.02315463
v 0.01798327 -0.00539545 -0.02236429
v 0.01796189 -0.00523765 -0.02274907
v 0.01797044 -0.00487369 -0.02315463
v 0.01813343 -0.00384544 -0.02315463
v 0.01846316 -0.00176348 -0.02315463
v 0.01501999 0.01150707 -0.02109229
v 0.01491685 0.01141545 -0.02224983
v 0.01484096 0.01133909 -0.02314534
v 0.01414357 0.01203647 -0.02314534
v 0.01502854 0.01114057 -0.02314534
v 0.01507664 0.01108712 -0.02314534
v 0.01512954 0.01100568 -0.02314534
v 0.01529521 0.01073843 -0.02314534
v 0.01546408 0.01042792 -0.02314534
v 0.01564578 0.01007159 -0.02314534
v 0.01756322 0.00630728 -0.02314534
v 0.01760651 0.00622074 -0.02314534
v 0.01765354 0.00610621 -0.02314534
v 0.01779569 0.00574988 -0.02314534
v 0.01791219 0.00524594 -0.02314534
v 0.01808641 0.00414897 -0.02314534
v 0.01796189 0.00523830 -0.02274927
v 0.01816069 0.00524848 -0.02109229
v 0.01522520 0.01126274 -0.02109229
v 0.01510496 0.01112275 -0.02274987
v 0.01547316 0.01094714 -0.02109229
v 0.01567570 0.01024976 -0.02224983
v 0.01559180 0.01067735 -0.02125015
v 0.01787585 0.00620292 -0.02121301
v 0.01795548 0.00607821 -0.02109229
v 0.01798006 0.00593059 -0.02135493
v 0.01800304 0.00551573 -0.02203161
v 0.01798327 0.00539610 -0.02236429
v 0.01802014 0.00558445 -0.02175019
v 0.01805755 0.00575497 -0.02109229
v 0.01531979 0.01114311 -0.02109229
v 0.01559608 0.01070789 -0.02109229
v 0.01583709 0.01023703 -0.02109229
v 0.01597978 0.00995706 -0.02109229
v 0.01801693 0.00591277 -0.02109229
v 0.01804205 0.00575752 -0.02121301
f 184 185 186
f 184 186 187
f 184 187 188
f 184 188 189
f 184 189 190
f 184 190 191
f 184 191 192
f 184 192 215
f 184 215 193
f 184 193 216
f 184 216 217
f 184 217 194
f 184 194 185
f 185 194 220
f 185 220 243
f 185 243 237
f 185 237 236
f 185 236 256
f 185 256 255
f 185 255 254
f 185 254 251
f 185 251 250
f 185 250 231
f 185 231 230
f 185 230 249
f 185 249 244
f 185 244 222
f 185 222 197
f 185 197 196
f 185 196 195
f 185 195 186
f 186 195 187
f 187 195 188
f 188 195 196
f 188 196 197
f 188 197 198
f 188 198 189
f 189 199 226
f 189 226 248
f 189 248 274
f 189 274 286
f 189 286 291
f 189 291 281
f 189 281 290
f 189 290 289
f 189 289 288
f 189 288 277
f 189 277 287
f 189 287 275
f 189 275 257
f 189 257 239
f 189 239 215
f 189 215 192
f 189 192 191
f 189 191 190
f 189 198 200
f 189 200 201
f 189 201 202
f 189 202 203
f 189 203 204
f 189 204 205
f 189 205 206
f 189 206 207
f 189 207 208
f 189 208 209
f 189 209 210
f 189 210 211
f 189 211 212
f 189 212 213
f 189 213 214
f 189 214 223
f 189 223 199
f 193 215 216
f 194 217 218
f 194 218 219
f 194 219 220
f 197 221 201
f 197 201 200
f 197 200 198
f 197 222 221
f 199 223 224
f 199 224 225
f 199 225 226
f 201 221 202
f 202 221 227
f 202 227 228
f 202 228 229
f 202 229 203
f 203 229 228
f 203 228 204
f 204 230 205
f 204 228 230
f 205 230 206
f 206 230 231
f 206 231 232
f 206 232 233
f 206 233 207
f 207 233 208
f 208 233 209
f 209 233 234
f 209 234 210
f 210 234 235
f 210 235 211
f 211 235 236
f 211 236 212
f 212 236 213
f 213 236 237
f 213 237 214
f 214 237 238
f 214 238 224
f 214 224 223
f 215 239 240
f 215 240 241
f 215 241 217
f 215 217 216
f 217 241 218
f 218 241 219
f 219 241 242
f 219 242 243
f 219 243 220
f 221 222 244
f 221 244 227
f 224 245 226
f 224 226 225
f 224 238 237
f 224 237 243
f 224 243 245
f 226 245 246
f 226 246 247
f 226 247 248
f 227 244 249
f 227 249 230
f 227 230 228
f 231 250 233
f 231 233 232
f 233 250 251
f 233 251 252
f 233 252 234
f 234 252 253
f 234 253 254
f 234 254 255
f 234 255 235
f 235 256 236
f 235 255 256
f 239 257 240
f 240 257 258
f 240 258 259
f 240 259 241
f 241 259 260
f 241 260 242
f 242 260 243
f 243 260 259
f 243 259 261
f 243 261 262
f 243 262 263
f 243 263 264
f 243 264 265
f 243 265 266
f 243 266 267
f 243 267 268
f 243 268 269
f 243 269 270
f 243 270 271
f 243 271 272
f 243 272 246
f 243 246 245
f 246 248 247
f 246 272 248
f 248 272 273
f 248 273 274
f 251 254 253
f 251 253 252
f 257 275 276
f 257 276 262
f 257 262 261
f 257 261 258
f 258 261 259
f 262 276 277
f 262 277 263
f 263 277 264
f 264 277 265
f 265 278 266
f 265 277 279
f 265 279 278
f 266 278 267
f 267 280 281
f 267 281 268
f 267 278 280
f 268 281 282
f 268 282 269
f 269 282 270
f 270 283 271
f 270 282 283
f 271 273 272
f 271 283 284
f 271 284 273
f 273 284 274
f 274 284 283
f 274 283 285
f 274 285 286
f 275 287 276
f 276 287 277
f 277 288 279
f 278 279 280
f 279 288 289
f 279 289 290
f 279 290 280
f 280 290 281
f 281 291 282
f 282 291 286
f 282 286 292
f 282 292 283
f 283 292 285
f 285 292 286

o part_2
v 0.00000666 -0.00949894 -0.02338038
v 0.00000666 -0.00949894 -0.02213960
v 0.00000666 -0.00924959 -0.02340323
v 0.00025041 -0.00949894 -0.02338038
v 0.01351521 -0.00949894 -0.02150056
v 0.00000666 0.01024770 -0.02207212
v 0.00025041 -0.00924959 -0.02340323
v 0.00000666 -0.00874897 -0.02344657
v 0.00100023 -0.00949894 -0.02336960
v 0.01351521 -0.00949894 -0.02286574
v 0.01353906 -0.00000254 -0.02177480
v 0.01353906 0.00950353 -0.02147814
v 0.01269254 0.01024770 -0.02151436
v 0.00000666 0.01024770 -0.02331182
v 0.00225212 -0.00949894 -0.02335149
v 0.00025041 -0.00874897 -0.02344657
v 0.00075250 -0.00874897 -0.02344096
v 0.00125193 -0.00874897 -0.02343428
v 0.00225212 -0.00874897 -0.02341983
v 0.00000666 -0.00824834 -0.02347330
v 0.00649930 -0.00949894 -0.02319561
v 0.00625157 -0.00924959 -0.02322709
v 0.00525137 -0.00774965 -0.02339224
v 0.00525137 -0.00724903 -0.02343104
v 0.00575081 -0.00674840 -0.02343385
v 0.00675100 -0.00574909 -0.02343385
v 0.00675100 -0.00524846 -0.02345993
v 0.00724911 -0.00524846 -0.02343104
v 0.00724911 -0.00474977 -0.02345088
v 0.00774854 -0.00424915 -0.02343449
v 0.00824797 -0.00324983 -0.02343514
v 0.00824797 -0.00274921 -0.02345002
v 0.00874873 -0.00274921 -0.02341035
v 0.00874873 -0.00224858 -0.02341983
v 0.00924817 -0.00274921 -0.02336636
v 0.01274950 -0.00375046 -0.02303261
v 0.01351521 -0.00398627 -0.02295909
v 0.01353906 -0.00000254 -0.02301105
v 0.01353906 0.00950353 -0.02285022
v 0.01269254 0.01024770 -0.02280365
v 0.00025306 0.01024770 -0.02331182
v 0.00000666 0.00924838 -0.02340301
v 0.00249985 -0.00949894 -0.02334782
v 0.00025041 -0.00824834 -0.02347330
v 0.00075250 -0.00824834 -0.02347050
v 0.00125193 -0.00824834 -0.02346662
v 0.00225212 -0.00824834 -0.02345713
v 0.00275156 -0.00824834 -0.02345002
v 0.00275156 -0.00874897 -0.02341035
v 0.00275156 -0.00924959 -0.02336636
v 0.00275156 -0.00949894 -0.02334394
v 0.00000666 -0.00800286 -0.02347999
v 0.00625157 -0.00949894 -0.02320660
v 0.00475194 -0.00774965 -0.02341358
v 0.00425118 -0.00774965 -0.02343449
v 0.00475194 -0.00724903 -0.02345088
v 0.00525137 -0.00674840 -0.02345993
v 0.00575081 -0.00624778 -0.02346015
v 0.00625157 -0.00574909 -0.02346015
v 0.00625157 -0.00524846 -0.02347481
v 0.00675100 -0.00474977 -0.02347330
v 0.00724911 -0.00424915 -0.02346446
v 0.00774854 -0.00375046 -0.02345153
v 0.00774854 -0.00324983 -0.02346489
v 0.00774854 -0.00274921 -0.02347416
v 0.00824797 -0.00224858 -0.02345713
v 0.00874873 -0.00124927 -0.02343428
v 0.01351521 -0.00324983 -0.02297009
v 0.01351521 -0.00375046 -0.02296276
v 0.00924817 -0.00024995 -0.02340323
v 0.01351521 -0.00109657 -0.02300135
v 0.01351521 -0.00024995 -0.02301343
v 0.01353906 0.00025261 -0.02301105
v 0.00774722 0.00424987 -0.02343428
v 0.00724646 0.00475050 -0.02345088
v 0.00724646 0.00524919 -0.02343083
v 0.00674967 0.00524919 -0.02345972
v 0.00674967 0.00574788 -0.02343385
v 0.00575081 0.00674913 -0.02343385
v 0.00525137 0.00724782 -0.02343083
v 0.00625024 0.00874776 -0.02326632
v 0.00724646 0.01024770 -0.02310118
v 0.01353906 0.00424794 -0.02295176
v 0.01302108 0.00407204 -0.02300178
v 0.01269254 0.00374925 -0.02303757
v 0.00924684 0.00274993 -0.02336636
v 0.00874741 0.00274993 -0.02341013
v 0.00824665 0.00274993 -0.02344980
v 0.00824665 0.00324862 -0.02343492
v 0.00175136 0.01024770 -0.02329026
v 0.00075117 0.00924838 -0.02339590
v 0.00025174 0.00924838 -0.02340301
v 0.00000666 0.00874776 -0.02344635
v 0.00025041 -0.00774965 -0.02348667
v 0.00125193 -0.00774965 -0.02348257
v 0.00175136 -0.00774965 -0.02348042
v 0.00225212 -0.00774965 -0.02347804
v 0.00275156 -0.00774965 -0.02347416
v 0.00325099 -0.00774965 -0.02346489
v 0.00375175 -0.00774965 -0.02345153
v 0.00325099 -0.00824834 -0.02343514
v 0.00325099 -0.00874897 -0.02339418
v 0.00325099 -0.00924959 -0.02335235
v 0.00325099 -0.00949894 -0.02333100
v 0.00300061 -0.00949894 -0.02333812
v 0.00000666 -0.00725096 -0.02349982
v 0.00475194 -0.00949894 -0.02326956
v 0.00375175 -0.00924959 -0.02333208
v 0.00375175 -0.00824834 -0.02341444
v 0.00425118 -0.00724903 -0.02346446
v 0.00475194 -0.00674840 -0.02347330
v 0.00525137 -0.00624778 -0.02347481
v 0.00525137 -0.00574909 -0.02348451
v 0.00575081 -0.00524846 -0.02348451
v 0.00625157 -0.00474977 -0.02348408
v 0.00675100 -0.00424915 -0.02347999
v 0.00724911 -0.00375046 -0.02347395
v 0.00375175 -0.00274921 -0.02356860
v 0.00575081 -0.00375046 -0.02350995
v 0.00575081 -0.00224858 -0.02352806
v 0.00175136 -0.00074864 -0.02364082
v 0.00525137 -0.00174989 -0.02354510
v 0.00694309 -0.00224858 -0.02349853
v 0.00724911 -0.00224858 -0.02349076
v 0.00774854 -0.00224858 -0.02347804
v 0.00824797 -0.00124927 -0.02346662
v 0.00724911 -0.00324983 -0.02348020
v 0.00625157 -0.00274921 -0.02351017
v 0.00874873 -0.00024995 -0.02344657
v 0.00874873 -0.00074864 -0.02344096
v 0.01324894 -0.00024995 -0.02303779
v 0.00924817 -0.00000254 -0.02340323
v 0.01351521 -0.00000254 -0.02301343
v 0.01324894 -0.00000254 -0.02303779
v 0.01274818 0.00025261 -0.02308328
v 0.01353906 0.00075710 -0.02300394
v 0.00674967 0.00475050 -0.02347330
v 0.00774722 0.00374925 -0.02345131
v 0.00724646 0.00424987 -0.02346424
v 0.00625024 0.00524919 -0.02347459
v 0.00625024 0.00574788 -0.02345993
v 0.00575081 0.00624850 -0.02345993
v 0.00525137 0.00674913 -0.02345972
v 0.00475194 0.00724782 -0.02345088
v 0.00425118 0.00774844 -0.02343428
v 0.00475194 0.00774844 -0.02341336
v 0.00525137 0.00774844 -0.02339224
v 0.00674967 0.01024770 -0.02312381
v 0.00674967 0.00974901 -0.02316392
v 0.01353906 0.00374925 -0.02296039
v 0.01330325 0.00374925 -0.02298195
v 0.00974760 0.00274993 -0.02332109
v 0.00874741 0.00224931 -0.02341983
v 0.00824665 0.00224931 -0.02345713
v 0.00774722 0.00274993 -0.02347373
v 0.00774722 0.00324862 -0.02346468
v 0.00275156 0.01024770 -0.02327560
v 0.00225212 0.00874776 -0.02341983
v 0.00125193 0.00874776 -0.02343428
v 0.00075117 0.00874776 -0.02344075
v 0.00025174 0.00874776 -0.02344635
v 0.00000666 0.00824907 -0.02347330
v 0.00025041 -0.00524846 -0.02355264
v 0.00025041 -0.00324983 -0.02360525
v 0.00075250 -0.00474977 -0.02356364
v 0.00194345 -0.00699002 -0.02349960
v 0.00225212 -0.00694363 -0.02349853
v 0.00225212 -0.00574909 -0.02352806
v 0.00275156 -0.00624778 -0.02351017
v 0.00325099 -0.00724903 -0.02348020
v 0.00375175 -0.00724903 -0.02347395
v 0.00025041 -0.00124927 -0.02365764
v 0.00075250 -0.00174989 -0.02364082
v 0.00375175 -0.00949894 -0.02331139
v 0.00350004 -0.00949894 -0.02332152
v 0.00000666 -0.00324983 -0.02360525
v 0.00475194 -0.00624778 -0.02348408
v 0.00425118 -0.00674840 -0.02347999
v 0.00375175 -0.00574909 -0.02350995
v 0.00275156 -0.00375046 -0.02356860
v 0.00473869 -0.00573556 -0.02349421
v 0.00375175 -0.00424915 -0.02354100
v 0.00275156 -0.00274921 -0.02358822
v 0.00425118 -0.00375046 -0.02354100
v 0.00225212 -0.00174989 -0.02361603
v 0.00125193 -0.00074864 -0.02365268
v 0.00225212 -0.00124927 -0.02362314
v 0.00375175 -0.00174989 -0.02358153
v 0.00075250 -0.00024995 -0.02366971
v 0.00125193 -0.00024995 -0.02365764
v 0.00698946 -0.00194125 -0.02349960
v 0.00774854 -0.00174989 -0.02348042
v 0.00824797 -0.00024995 -0.02347330
v 0.00824797 -0.00074864 -0.02347050
v 0.00874873 -0.00000254 -0.02344657
v 0.00924684 0.00025261 -0.02340301
v 0.00874741 0.00124999 -0.02343428
v 0.01338274 0.00274993 -0.02298928
v 0.00724646 0.00374925 -0.02347373
v 0.00674967 0.00424987 -0.02347977
v 0.00620917 0.00421315 -0.02349292
v 0.00525137 0.00374925 -0.02352095
v 0.00589521 0.00435811 -0.02349766
v 0.00625024 0.00475050 -0.02348387
v 0.00575081 0.00524919 -0.02348430
v 0.00525137 0.00624850 -0.02347459
v 0.00573756 0.00473697 -0.02349421
v 0.00475194 0.00674913 -0.02347330
v 0.00425118 0.00724782 -0.02346424
v 0.00375175 0.00774844 -0.02345131
v 0.00325099 0.00824907 -0.02343492
v 0.00375175 0.00824907 -0.02341423
v 0.00575081 0.00874776 -0.02328918
v 0.00625024 0.00924838 -0.02322687
v 0.00375175 0.01024770 -0.02324972
v 0.00874741 0.00074937 -0.02344075
v 0.00874741 0.00025261 -0.02344635
v 0.00824665 0.00124999 -0.02346640
v 0.00724646 0.00274993 -0.02348602
v 0.00724646 0.00324862 -0.02347999
v 0.00774722 0.00224931 -0.02347783
v 0.00669536 0.00224931 -0.02350456
v 0.00625024 0.00224931 -0.02351556
v 0.00325099 0.01024770 -0.02326611
v 0.00275156 0.00974901 -0.02332109
v 0.00275156 0.00924838 -0.02336636
v 0.00275156 0.00874776 -0.02341013
v 0.00275156 0.00824907 -0.02344980
v 0.00225212 0.00824907 -0.02345713
v 0.00125193 0.00824907 -0.02346640
v 0.00075117 0.00824907 -0.02347050
v 0.00025174 0.00824907 -0.02347330
v 0.00000666 0.00399666 -0.02358541
v 0.00025041 -0.00174989 -0.02364470
v 0.00075250 -0.00324983 -0.02360309
v 0.00175136 -0.00424915 -0.02356967
v 0.00175136 -0.00375046 -0.02358153
v 0.00000666 -0.00124927 -0.02365764
v 0.00025041 -0.00074864 -0.02366971
v 0.00075250 -0.00124927 -0.02365268
v 0.00125193 -0.00224858 -0.02362314
v 0.00000666 -0.00174989 -0.02364470
v 0.00325099 -0.00424915 -0.02355005
v 0.00275156 -0.00324983 -0.02357851
v 0.00175136 -0.00224858 -0.02361603
v 0.00175136 -0.00174989 -0.02362573
v 0.00125193 -0.00124927 -0.02364427
v 0.00075250 -0.00074864 -0.02366260
v 0.00025041 -0.00024995 -0.02368049
v 0.00025174 -0.00000254 -0.02368071
v 0.00075250 -0.00000254 -0.02366971
v 0.00125193 -0.00000254 -0.02365764
v 0.00175136 -0.00024995 -0.02364470
v 0.00325099 -0.00074864 -0.02360309
v 0.00625157 -0.00124927 -0.02352203
v 0.00774854 -0.00124927 -0.02348257
v 0.00774854 -0.00024995 -0.02348667
v 0.00800289 -0.00000254 -0.02347999
v 0.00824797 -0.00000254 -0.02347330
v 0.00824665 0.00025261 -0.02347330
v 0.00625024 0.00274993 -0.02350995
v 0.00475194 0.00274993 -0.02354553
v 0.00225212 0.00124999 -0.02362293
v 0.00125193 0.00074937 -0.02365246
v 0.00225212 0.00174868 -0.02361581
v 0.00525137 0.00424987 -0.02351254
v 0.00475194 0.00424987 -0.02352203
v 0.00425118 0.00475050 -0.02352203
v 0.00525137 0.00574788 -0.02348430
v 0.00473737 0.00573435 -0.02349421
v 0.00475194 0.00624850 -0.02348387
v 0.00175136 0.00174868 -0.02362573
v 0.00375175 0.00524919 -0.02352095
v 0.00421541 0.00620598 -0.02349292
v 0.00425118 0.00674913 -0.02347977
v 0.00375175 0.00724782 -0.02347373
v 0.00325099 0.00774844 -0.02346468
v 0.00325099 0.00874776 -0.02339418
v 0.00325099 0.00924838 -0.02335213
v 0.00325099 0.00974901 -0.02330923
v 0.00824665 0.00074937 -0.02347050
v 0.00475194 0.00174868 -0.02355738
v 0.00425118 0.00174868 -0.02356946
v 0.00774722 0.00174868 -0.02348020
v 0.00720804 0.00176608 -0.02349443
v 0.00625024 0.00174868 -0.02351965
v 0.00575081 0.00174868 -0.02353238
v 0.00275156 0.00074937 -0.02361581
v 0.00225212 0.00074937 -0.02362832
v 0.00275156 0.00774844 -0.02347373
v 0.00225212 0.00774844 -0.02347783
v 0.00175136 0.00774844 -0.02348020
v 0.00125193 0.00774844 -0.02348236
v 0.00176726 0.00720916 -0.02349443
v 0.00125193 0.00475050 -0.02356127
v 0.00025174 0.00424987 -0.02357851
v 0.00000666 0.00199609 -0.02363802
v 0.00000666 -0.00074864 -0.02366971
v 0.00000666 -0.00050316 -0.02367510
v 0.00000666 -0.00024995 -0.02368049
v 0.00000666 -0.00000254 -0.02368071
v 0.00025174 0.00025261 -0.02368071
v 0.00075117 0.00025261 -0.02366971
v 0.00125193 0.00025261 -0.02365721
v 0.00175136 -0.00000254 -0.02364470
v 0.00525137 -0.00024995 -0.02355264
v 0.00725176 -0.00000254 -0.02349982
v 0.00325099 -0.00000254 -0.02360525
v 0.00575081 0.00025261 -0.02353906
v 0.00774722 0.00124999 -0.02348236
v 0.00175136 0.00074937 -0.02364082
v 0.00075117 0.00074937 -0.02366260
v 0.00425118 0.00524919 -0.02351254
v 0.00325099 0.00424987 -0.02354984
v 0.00175136 0.00224931 -0.02361581
v 0.00075117 0.00124999 -0.02365246
v 0.00125193 0.00224931 -0.02362293
v 0.00275156 0.00475050 -0.02354553
v 0.00325099 0.00724782 -0.02347999
v 0.00275156 0.00624850 -0.02350995
v 0.00475194 0.00124999 -0.02356127
v 0.00175136 0.00025261 -0.02364427
v 0.00275156 0.00724782 -0.02348602
v 0.00175136 0.00475050 -0.02355738
v 0.00225212 0.00669307 -0.02350456
v 0.00225212 0.00724782 -0.02349055
v 0.00175136 0.00624850 -0.02351965
v 0.00075117 0.00274993 -0.02361581
v 0.00025174 0.00174868 -0.02364427
v 0.00025174 0.00224931 -0.02363112
v 0.00025174 0.00124999 -0.02365721
v 0.00000666 0.00124999 -0.02365721
v 0.00000666 0.00025261 -0.02368071
v 0.00000666 0.00049615 -0.02367532
v 0.00025174 0.00074937 -0.02366971
v 0.00225212 0.00025261 -0.02363112
v 0.00075117 0.00174868 -0.02364082
v 0.00125193 0.00274993 -0.02361107
v 0.00175136 0.00424987 -0.02356946
v 0.00175136 0.00574788 -0.02353238
v 0.00000666 0.00074937 -0.02366971
f 293 294 298
f 293 298 306
f 293 306 334
f 293 334 385
f 293 385 454
f 293 454 525
f 293 525 589
f 293 589 624
f 293 624 633
f 293 633 626
f 293 626 625
f 293 625 593
f 293 593 592
f 293 592 591
f 293 591 590
f 293 590 530
f 293 530 534
f 293 534 468
f 293 468 398
f 293 398 344
f 293 344 312
f 293 312 300
f 293 300 295
f 293 295 299
f 293 299 296
f 293 296 301
f 293 301 307
f 293 307 335
f 293 335 343
f 293 343 397
f 293 397 396
f 293 396 467
f 293 467 466
f 293 466 399
f 293 399 345
f 293 345 313
f 293 313 302
f 293 302 297
f 293 297 294
f 294 297 298
f 295 300 308
f 295 308 299
f 296 299 301
f 297 302 330
f 297 330 303
f 297 303 304
f 297 304 305
f 297 305 298
f 298 305 332
f 298 332 374
f 298 374 440
f 298 440 507
f 298 507 516
f 298 516 449
f 298 449 382
f 298 382 333
f 298 333 306
f 299 307 301
f 299 308 309
f 299 309 310
f 299 310 311
f 299 311 307
f 300 312 336
f 300 336 308
f 302 313 314
f 302 314 315
f 302 315 316
f 302 316 317
f 302 317 318
f 302 318 319
f 302 319 320
f 302 320 321
f 302 321 322
f 302 322 323
f 302 323 324
f 302 324 325
f 302 325 326
f 302 326 327
f 302 327 328
f 302 328 329
f 302 329 330
f 303 330 365
f 303 365 428
f 303 428 442
f 303 442 375
f 303 375 331
f 303 331 304
f 304 331 332
f 304 332 305
f 306 333 384
f 306 384 334
f 307 311 335
f 308 336 337
f 308 337 338
f 308 338 339
f 308 339 309
f 309 339 310
f 310 339 340
f 310 340 311
f 311 340 341
f 311 341 342
f 311 342 343
f 311 343 335
f 312 344 336
f 313 345 314
f 314 345 346
f 314 346 315
f 315 346 316
f 316 346 347
f 316 347 348
f 316 348 349
f 316 349 317
f 317 349 350
f 317 350 351
f 317 351 318
f 318 351 319
f 319 351 352
f 319 352 353
f 319 353 354
f 319 354 321
f 319 321 320
f 321 354 355
f 321 355 323
f 321 323 322
f 323 355 324
f 324 355 356
f 324 356 357
f 324 357 358
f 324 358 359
f 324 359 326
f 324 326 325
f 326 360 361
f 326 361 328
f 326 328 327
f 326 359 362
f 326 362 363
f 326 363 360
f 328 361 329
f 329 361 330
f 330 361 360
f 330 360 363
f 330 363 364
f 330 364 425
f 330 425 365
f 331 366 367
f 331 367 368
f 331 368 369
f 331 369 370
f 331 370 371
f 331 371 372
f 331 372 373
f 331 373 374
f 331 374 332
f 331 375 376
f 331 376 377
f 331 377 378
f 331 378 379
f 331 379 380
f 331 380 381
f 331 381 366
f 333 382 383
f 333 383 384
f 334 384 453
f 334 453 385
f 336 344 386
f 336 386 387
f 336 387 388
f 336 388 389
f 336 389 337
f 337 389 390
f 337 390 338
f 338 390 339
f 339 390 340
f 340 390 391
f 340 391 392
f 340 392 393
f 340 393 341
f 341 393 394
f 341 394 395
f 341 395 396
f 341 396 397
f 341 397 342
f 342 397 343
f 344 398 386
f 345 399 400
f 345 400 346
f 346 400 401
f 346 401 347
f 347 401 393
f 347 393 392
f 347 392 348
f 348 392 402
f 348 402 349
f 349 403 404
f 349 404 350
f 349 402 403
f 350 404 351
f 351 404 352
f 352 404 405
f 352 405 406
f 352 406 407
f 352 407 353
f 353 408 409
f 353 409 354
f 353 407 410
f 353 410 411
f 353 411 408
f 354 409 356
f 354 356 355
f 356 409 357
f 357 412 413
f 357 413 414
f 357 414 415
f 357 415 416
f 357 416 417
f 357 417 486
f 357 486 418
f 357 418 358
f 357 409 408
f 357 408 419
f 357 419 420
f 357 420 412
f 358 418 421
f 358 421 422
f 358 422 359
f 359 422 362
f 362 423 363
f 362 422 421
f 362 421 487
f 362 487 424
f 362 424 426
f 362 426 423
f 363 423 364
f 364 423 426
f 364 426 425
f 365 425 426
f 365 426 424
f 365 424 427
f 365 427 428
f 366 381 367
f 367 429 369
f 367 369 368
f 367 381 430
f 367 430 448
f 367 448 431
f 367 431 429
f 369 429 432
f 369 432 433
f 369 433 370
f 370 433 434
f 370 434 371
f 371 434 435
f 371 435 372
f 372 435 436
f 372 436 437
f 372 437 438
f 372 438 439
f 372 439 373
f 373 439 374
f 374 439 441
f 374 441 440
f 375 442 443
f 375 443 377
f 375 377 376
f 377 443 444
f 377 444 378
f 378 444 445
f 378 445 379
f 379 445 380
f 380 445 446
f 380 446 447
f 380 447 448
f 380 448 430
f 380 430 381
f 382 449 450
f 382 450 383
f 383 450 451
f 383 451 384
f 384 451 452
f 384 452 453
f 385 453 524
f 385 524 454
f 386 398 455
f 386 455 387
f 387 455 456
f 387 456 457
f 387 457 458
f 387 458 388
f 388 458 389
f 389 458 459
f 389 459 390
f 390 460 461
f 390 461 462
f 390 462 470
f 390 470 463
f 390 463 391
f 390 459 464
f 390 464 465
f 390 465 460
f 391 463 402
f 391 402 392
f 393 401 394
f 394 401 400
f 394 400 466
f 394 466 467
f 394 467 395
f 395 467 396
f 398 468 455
f 399 466 400
f 402 463 403
f 403 469 404
f 403 463 470
f 403 470 471
f 403 471 472
f 403 472 469
f 404 469 405
f 405 473 474
f 405 474 475
f 405 475 406
f 405 469 473
f 406 475 476
f 406 476 407
f 407 476 477
f 407 477 410
f 408 411 420
f 408 420 419
f 410 477 478
f 410 478 411
f 411 478 479
f 411 479 480
f 411 480 420
f 412 420 480
f 412 480 479
f 412 479 413
f 413 479 478
f 413 478 481
f 413 481 482
f 413 482 414
f 414 482 415
f 415 482 416
f 416 483 417
f 416 482 483
f 417 483 484
f 417 484 485
f 417 485 486
f 418 486 421
f 421 486 485
f 421 485 551
f 421 551 487
f 424 487 509
f 424 509 488
f 424 488 427
f 427 488 428
f 428 488 489
f 428 489 445
f 428 445 490
f 428 490 442
f 429 431 448
f 429 448 491
f 429 491 492
f 429 492 493
f 429 493 494
f 429 494 495
f 429 495 496
f 429 496 432
f 432 497 498
f 432 498 434
f 432 434 433
f 432 496 499
f 432 499 497
f 434 498 435
f 435 498 500
f 435 500 436
f 436 500 501
f 436 501 569
f 436 569 502
f 436 502 503
f 436 503 437
f 437 503 504
f 437 504 438
f 438 504 505
f 438 505 439
f 439 505 440
f 439 440 506
f 439 506 441
f 440 441 506
f 440 505 504
f 440 504 507
f 442 490 443
f 443 490 445
f 443 445 444
f 445 489 446
f 446 489 508
f 446 508 509
f 446 509 510
f 446 510 447
f 447 511 512
f 447 512 491
f 447 491 448
f 447 510 573
f 447 573 513
f 447 513 514
f 447 514 515
f 447 515 511
f 449 516 517
f 449 517 450
f 450 517 518
f 450 518 519
f 450 519 520
f 450 520 521
f 450 521 451
f 451 521 452
f 452 521 453
f 453 521 522
f 453 522 523
f 453 523 524
f 454 524 525
f 455 468 456
f 456 468 534
f 456 534 526
f 456 526 458
f 456 458 457
f 458 526 527
f 458 527 464
f 458 464 459
f 460 471 461
f 460 465 528
f 460 528 529
f 460 529 471
f 461 471 462
f 462 471 470
f 464 527 526
f 464 526 534
f 464 534 530
f 464 530 590
f 464 590 531
f 464 531 465
f 465 531 532
f 465 532 533
f 465 533 528
f 469 472 535
f 469 535 536
f 469 536 474
f 469 474 473
f 471 529 533
f 471 533 532
f 471 532 472
f 472 532 537
f 472 537 535
f 474 536 538
f 474 538 475
f 475 538 476
f 476 538 477
f 477 538 539
f 477 539 540
f 477 540 478
f 478 540 541
f 478 541 481
f 481 541 542
f 481 542 594
f 481 594 543
f 481 543 544
f 481 544 482
f 482 544 597
f 482 597 545
f 482 545 546
f 482 546 483
f 483 546 545
f 483 545 547
f 483 547 548
f 483 548 484
f 484 548 485
f 485 548 549
f 485 549 550
f 485 550 551
f 487 551 552
f 487 552 509
f 488 509 508
f 488 508 489
f 491 512 492
f 492 512 553
f 492 553 554
f 492 554 493
f 493 554 555
f 493 555 556
f 493 556 494
f 494 556 557
f 494 557 495
f 495 557 496
f 496 557 558
f 496 558 499
f 497 499 559
f 497 559 560
f 497 560 561
f 497 561 498
f 498 561 562
f 498 562 563
f 498 563 500
f 499 558 564
f 499 564 559
f 500 563 565
f 500 565 566
f 500 566 567
f 500 567 568
f 500 568 569
f 500 569 501
f 502 569 520
f 502 520 503
f 503 520 519
f 503 519 570
f 503 570 504
f 504 570 507
f 507 571 572
f 507 572 516
f 507 570 571
f 509 573 510
f 509 552 573
f 511 553 512
f 511 515 574
f 511 574 575
f 511 575 553
f 513 576 577
f 513 577 578
f 513 578 579
f 513 579 514
f 513 573 552
f 513 552 576
f 514 579 580
f 514 580 581
f 514 581 574
f 514 574 515
f 516 572 519
f 516 519 518
f 516 518 517
f 519 572 571
f 519 571 570
f 520 569 582
f 520 582 521
f 521 582 522
f 522 582 583
f 522 583 523
f 523 583 524
f 524 583 584
f 524 584 585
f 524 585 586
f 524 586 587
f 524 587 588
f 524 588 525
f 525 588 622
f 525 622 589
f 528 533 529
f 531 590 591
f 531 591 541
f 531 541 532
f 532 541 540
f 532 540 539
f 532 539 537
f 535 537 536
f 536 537 538
f 537 539 538
f 541 591 592
f 541 592 593
f 541 593 542
f 542 593 625
f 542 625 594
f 543 594 595
f 543 595 544
f 544 595 596
f 544 596 614
f 544 614 597
f 545 597 598
f 545 598 547
f 547 598 548
f 548 598 549
f 549 598 550
f 550 599 552
f 550 552 551
f 550 598 599
f 552 599 600
f 552 600 601
f 552 601 602
f 552 602 576
f 553 575 555
f 553 555 554
f 555 603 556
f 555 575 603
f 556 604 557
f 556 603 595
f 556 595 594
f 556 594 604
f 557 564 558
f 557 604 564
f 559 564 560
f 560 605 562
f 560 562 561
f 560 564 605
f 562 605 563
f 563 605 606
f 563 606 565
f 564 604 607
f 564 607 605
f 565 606 607
f 565 607 608
f 565 608 566
f 566 608 609
f 566 609 610
f 566 610 567
f 567 611 568
f 567 610 612
f 567 612 611
f 568 611 582
f 568 582 569
f 574 581 603
f 574 603 575
f 576 602 577
f 577 602 613
f 577 613 578
f 578 613 580
f 578 580 579
f 580 613 614
f 580 614 596
f 580 596 581
f 581 596 595
f 581 595 603
f 582 611 615
f 582 615 616
f 582 616 617
f 582 617 618
f 582 618 583
f 583 618 632
f 583 632 619
f 583 619 586
f 583 586 584
f 584 586 585
f 586 619 587
f 587 619 620
f 587 620 621
f 587 621 622
f 587 622 588
f 589 622 621
f 589 621 623
f 589 623 624
f 594 625 626
f 594 626 627
f 594 627 608
f 594 608 604
f 597 614 628
f 597 628 600
f 597 600 598
f 598 600 599
f 600 628 601
f 601 628 613
f 601 613 602
f 604 608 607
f 605 607 606
f 608 627 629
f 608 629 609
f 609 629 630
f 609 630 610
f 610 631 612
f 610 630 631
f 611 612 615
f 612 631 615
f 613 628 614
f 615 631 616
f 616 631 629
f 616 629 620
f 616 620 617
f 617 620 632
f 617 632 618
f 619 632 620
f 620 629 627
f 620 627 623
f 620 623 621
f 623 627 633
f 623 633 624
f 626 633 627
f 629 631 630

o part_3
v -0.01322780 -0.01819839 0.02424892
v -0.01322780 -0.01826419 0.02268992
v -0.01322780 -0.01826693 0.02475981
v 0.00000401 -0.02248266 0.02455510
v 0.00000401 -0.02248266 0.02438151
v -0.01322780 -0.02020654 0.02268992
v 0.00000401 -0.02256765 0.02268992
v -0.01322780 -0.01827652 0.02478258
v 0.00000401 -0.02259575 0.02480510
v -0.01322780 -0.02099951 0.02351105
v -0.01257243 -0.02054648 0.02268992
v -0.01153108 -0.02201661 0.02349004
v -0.01247140 -0.02148339 0.02351408
v 0.00000401 -0.02426258 0.02268992
v -0.01322780 -0.01866033 0.02511457
v -0.01301150 -0.01850887 0.02498856
v 0.00000401 -0.02284591 0.02509534
v -0.01322780 -0.02117017 0.02373145
v -0.01158289 -0.02105229 0.02268992
v -0.01084463 -0.02243469 0.02357557
v -0.01125780 -0.02235176 0.02374536
v -0.01186395 -0.02191586 0.02359657
v -0.01059336 -0.02155604 0.02268992
v -0.00960252 -0.02205842 0.02268992
v -0.00861040 -0.02255942 0.02268992
v -0.00824903 -0.02274173 0.02268992
v -0.00761568 -0.02305701 0.02268992
v 0.00000401 -0.02494178 0.02356899
v -0.00025114 -0.02426258 0.02268992
v -0.01322780 -0.01870694 0.02513051
v 0.00000401 -0.02304467 0.02516316
v -0.01322780 -0.02118456 0.02375447
v -0.01205305 -0.02203237 0.02392983
v -0.01109719 -0.02254160 0.02390883
v -0.00944192 -0.02297613 0.02352193
v -0.00837467 -0.02344767 0.02355609
v -0.00862983 -0.02355390 0.02388934
v -0.01171889 -0.02211050 0.02375801
v -0.00728540 -0.02314816 0.02268992
v -0.00674919 -0.02395210 0.02355305
v -0.00724914 -0.02388836 0.02365199
v -0.00804051 -0.02351346 0.02349030
v 0.00000401 -0.02508503 0.02381900
v -0.00025114 -0.02494178 0.02356899
v -0.00125363 -0.02412482 0.02268992
v -0.00075109 -0.02491848 0.02359961
v -0.00375079 -0.02453810 0.02347334
v -0.00408884 -0.02451685 0.02348802
v -0.01322780 -0.01925044 0.02525602
v 0.00000401 -0.02324960 0.02523299
v -0.01299208 -0.02149572 0.02403307
v -0.01322780 -0.02137510 0.02421121
v -0.01143265 -0.02246895 0.02424993
v -0.01174997 -0.02228527 0.02424993
v -0.01118267 -0.02257793 0.02424993
v -0.01003124 -0.02301314 0.02396728
v -0.00771671 -0.02382394 0.02378585
v -0.00822443 -0.02361421 0.02373372
v -0.00752890 -0.02400830 0.02397639
v -0.00896269 -0.02348468 0.02412138
v -0.00724914 -0.02315638 0.02268992
v -0.00442170 -0.02448121 0.02351813
v -0.00475069 -0.02444077 0.02356697
v -0.00475069 -0.02459224 0.02381697
v -0.00724914 -0.02404326 0.02390199
v 0.00000401 -0.02514328 0.02403788
v -0.00025114 -0.02508503 0.02381900
v -0.00075109 -0.02506583 0.02384962
v -0.00172897 -0.02405628 0.02268992
v -0.00125104 -0.02504596 0.02388707
v -0.00125104 -0.02489586 0.02363706
v -0.00375079 -0.02473274 0.02375017
v -0.00425333 -0.02463199 0.02371095
v -0.00477400 -0.02358063 0.02268992
v -0.01322780 -0.01975008 0.02527475
v -0.01274987 -0.01975008 0.02527171
v 0.00000401 -0.02374992 0.02527500
v -0.01279520 -0.02164171 0.02421982
v -0.01322780 -0.02137715 0.02422058
v -0.00901321 -0.02350524 0.02451714
v -0.01008175 -0.02303370 0.02459938
v -0.01111403 -0.02254846 0.02474994
v -0.01136400 -0.02242235 0.02474994
v -0.01209061 -0.02205499 0.02464543
v -0.01302964 -0.02151834 0.02454978
v -0.01302964 -0.02151834 0.02436658
v -0.01074878 -0.02275955 0.02424993
v -0.00901321 -0.02350524 0.02445464
v -0.00550838 -0.02450177 0.02399461
v -0.00724914 -0.02411591 0.02424993
v -0.00759237 -0.02402749 0.02424993
v -0.00784234 -0.02395005 0.02424993
v -0.00824903 -0.02379652 0.02424993
v -0.01033431 -0.02293158 0.02424993
v -0.00375079 -0.02491916 0.02424993
v -0.00425074 -0.02483486 0.02424993
v -0.00525064 -0.02453262 0.02392452
v 0.00000401 -0.02519948 0.02424993
v -0.00025114 -0.02519948 0.02424993
v -0.00175099 -0.02502608 0.02393135
v -0.00213955 -0.02501101 0.02397032
v -0.00247372 -0.02499730 0.02401865
v -0.01322780 -0.02025040 0.02526311
v -0.01274987 -0.02025040 0.02527500
v -0.01224992 -0.02025040 0.02527500
v -0.00375079 -0.02374992 0.02527500
v 0.00000401 -0.02399597 0.02526994
v -0.01322780 -0.02131479 0.02471932
v -0.00759496 -0.02402818 0.02458875
v -0.00871919 -0.02355596 0.02471021
v -0.01100523 -0.02250185 0.02500222
v -0.01197793 -0.02198371 0.02497869
v -0.01178624 -0.02217150 0.02478714
v -0.01322780 -0.02131341 0.02473020
v -0.00582571 -0.02445791 0.02424993
v -0.00559127 -0.02452096 0.02456775
v -0.00305138 -0.02500347 0.02451284
v -0.00323141 -0.02496783 0.02427928
v -0.00305138 -0.02500347 0.02446552
v -0.00425074 -0.02475742 0.02474994
v 0.00000401 -0.02517001 0.02450398
v -0.00075109 -0.02516042 0.02424993
v -0.00025114 -0.02514123 0.02474994
v -0.00175099 -0.02508160 0.02424993
v -0.01322780 -0.02075004 0.02517986
v -0.01274987 -0.02075004 0.02524287
v -0.01174997 -0.02125036 0.02525628
v -0.01224992 -0.02075004 0.02527019
v -0.01124873 -0.02125036 0.02527500
v -0.00625053 -0.02324960 0.02527424
v -0.00425074 -0.02374992 0.02527323
v -0.00025114 -0.02424956 0.02526463
v -0.00774909 -0.02274996 0.02527500
v 0.00000401 -0.02424956 0.02526463
v -0.00722712 -0.02406382 0.02475323
v -0.00737995 -0.02395416 0.02492201
v -0.00853268 -0.02351278 0.02501234
v -0.00824903 -0.02372182 0.02474994
v -0.01074878 -0.02254297 0.02503309
v -0.01074878 -0.02224963 0.02515810
v -0.01120340 -0.02224347 0.02507434
v -0.01164377 -0.02207281 0.02504650
v -0.00959734 -0.02303576 0.02503082
v -0.01258020 -0.02154576 0.02503436
v -0.01291307 -0.02143336 0.02488304
v -0.01322780 -0.02124693 0.02482965
v -0.00475069 -0.02465255 0.02474994
v -0.00521178 -0.02455249 0.02474058
v -0.00225094 -0.02503499 0.02461304
v -0.00275089 -0.02501512 0.02455105
v -0.00101791 -0.02500072 0.02500121
v -0.00375079 -0.02483144 0.02474994
v -0.00502009 -0.02450383 0.02500450
v 0.00000401 -0.02514123 0.02474994
v -0.00025114 -0.02502677 0.02502702
v -0.00075109 -0.02501032 0.02501057
v -0.00075109 -0.02510490 0.02474994
v -0.00175099 -0.02505487 0.02467276
v -0.01322780 -0.02109478 0.02505409
v -0.01274728 -0.02125995 0.02510521
v -0.01178624 -0.02179043 0.02512292
v -0.01224992 -0.02125036 0.02520896
v -0.01124873 -0.02175000 0.02522869
v -0.01074878 -0.02175000 0.02526235
v -0.01024883 -0.02175000 0.02527500
v -0.00674919 -0.02324960 0.02526614
v -0.00475069 -0.02374992 0.02526336
v -0.00375079 -0.02424956 0.02521452
v -0.00325084 -0.02424956 0.02522338
v -0.00275089 -0.02424956 0.02523072
v -0.00175099 -0.02424956 0.02524514
v -0.00125104 -0.02424956 0.02525223
v -0.00075109 -0.02424956 0.02525881
v -0.00025114 -0.02474988 0.02515430
v 0.00000401 -0.02449560 0.02521048
v -0.00924893 -0.02224963 0.02527120
v -0.00824903 -0.02274996 0.02526539
v -0.00704579 -0.02400968 0.02501057
v -0.00824903 -0.02355801 0.02504397
v -0.00824903 -0.02324960 0.02517201
v -0.00924893 -0.02274996 0.02519858
v -0.01024883 -0.02224963 0.02521807
v -0.01224992 -0.02164719 0.02507586
v -0.00121089 -0.02506035 0.02478056
v -0.00375079 -0.02460664 0.02507712
v -0.00425074 -0.02457511 0.02506042
v -0.00475069 -0.02453056 0.02502778
v 0.00000401 -0.02502677 0.02502702
v -0.00974888 -0.02224963 0.02525147
v -0.00724914 -0.02324960 0.02524843
v -0.00525064 -0.02374992 0.02524489
v -0.00425074 -0.02424956 0.02519631
v 0.00000401 -0.02474988 0.02515430
v -0.00874898 -0.02274996 0.02523856
v -0.00774909 -0.02324960 0.02522237
v -0.00674919 -0.02403846 0.02503486
v -0.00722712 -0.02377254 0.02509509
v -0.00774909 -0.02363889 0.02508497
v -0.00674919 -0.02374992 0.02516341
v -0.00475069 -0.02424956 0.02515380
v -0.00625053 -0.02374992 0.02520137
v -0.00575058 -0.02374992 0.02522363
f 634 635 639
f 634 639 643
f 634 643 651
f 634 651 665
f 634 665 685
f 634 685 712
f 634 712 741
f 634 741 747
f 634 747 779
f 634 779 792
f 634 792 758
f 634 758 736
f 634 736 708
f 634 708 682
f 634 682 663
f 634 663 648
f 634 648 641
f 634 641 636
f 634 636 637
f 634 637 638
f 634 638 635
f 635 638 640
f 635 640 647
f 635 647 662
f 635 662 678
f 635 678 702
f 635 702 707
f 635 707 694
f 635 694 672
f 635 672 660
f 635 660 659
f 635 659 658
f 635 658 657
f 635 657 656
f 635 656 652
f 635 652 644
f 635 644 639
f 636 641 637
f 637 642 650
f 637 650 664
f 637 664 683
f 637 683 710
f 637 710 740
f 637 740 767
f 637 767 808
f 637 808 826
f 637 826 821
f 637 821 787
f 637 787 754
f 637 754 731
f 637 731 699
f 637 699 676
f 637 676 661
f 637 661 647
f 637 647 640
f 637 640 638
f 637 641 642
f 639 644 645
f 639 645 646
f 639 646 643
f 641 648 649
f 641 649 642
f 642 649 650
f 643 646 651
f 644 652 645
f 645 653 654
f 645 654 655
f 645 655 646
f 645 652 656
f 645 656 657
f 645 657 658
f 645 658 659
f 645 659 660
f 645 660 653
f 646 655 651
f 647 661 677
f 647 677 662
f 648 663 650
f 648 650 649
f 650 663 664
f 651 655 666
f 651 666 665
f 653 667 654
f 653 660 668
f 653 668 669
f 653 669 670
f 653 670 667
f 654 667 671
f 654 671 655
f 655 671 666
f 660 672 673
f 660 673 674
f 660 674 675
f 660 675 669
f 660 669 668
f 661 676 700
f 661 700 677
f 662 677 679
f 662 679 680
f 662 680 681
f 662 681 678
f 663 682 683
f 663 683 664
f 665 684 685
f 665 666 684
f 666 671 667
f 666 667 686
f 666 686 687
f 666 687 684
f 667 688 686
f 667 670 689
f 667 689 688
f 669 675 674
f 669 674 690
f 669 690 691
f 669 691 670
f 670 691 692
f 670 692 693
f 670 693 689
f 672 694 695
f 672 695 673
f 673 695 696
f 673 696 697
f 673 697 698
f 673 698 674
f 674 698 692
f 674 692 690
f 676 699 700
f 677 700 701
f 677 701 679
f 678 681 702
f 679 701 703
f 679 703 704
f 679 704 705
f 679 705 681
f 679 681 680
f 681 705 706
f 681 706 695
f 681 695 694
f 681 694 707
f 681 707 702
f 682 708 709
f 682 709 710
f 682 710 683
f 684 711 712
f 684 712 685
f 684 687 711
f 686 688 713
f 686 713 714
f 686 714 715
f 686 715 716
f 686 716 717
f 686 717 687
f 687 717 718
f 687 718 719
f 687 719 711
f 688 689 720
f 688 720 721
f 688 721 713
f 689 693 720
f 690 692 691
f 692 698 722
f 692 722 723
f 692 723 724
f 692 724 725
f 692 725 726
f 692 726 693
f 693 726 721
f 693 721 727
f 693 727 720
f 695 706 697
f 695 697 696
f 697 706 705
f 697 705 728
f 697 728 729
f 697 729 730
f 697 730 698
f 698 730 722
f 699 731 732
f 699 732 700
f 700 732 701
f 701 732 703
f 703 733 705
f 703 705 704
f 703 732 733
f 705 733 734
f 705 734 735
f 705 735 728
f 708 736 737
f 708 737 738
f 708 738 710
f 708 710 709
f 710 739 740
f 710 738 737
f 710 737 762
f 710 762 798
f 710 798 766
f 710 766 739
f 711 719 712
f 712 718 741
f 712 719 718
f 713 721 726
f 713 726 725
f 713 725 742
f 713 742 743
f 713 743 714
f 714 743 744
f 714 744 715
f 715 744 716
f 716 744 745
f 716 745 746
f 716 746 717
f 717 746 745
f 717 745 718
f 718 745 747
f 718 747 741
f 720 727 721
f 722 730 729
f 722 729 748
f 722 748 723
f 723 749 742
f 723 742 724
f 723 748 749
f 724 742 725
f 728 750 729
f 728 735 751
f 728 751 752
f 728 752 750
f 729 750 753
f 729 753 749
f 729 749 748
f 731 754 732
f 732 755 735
f 732 735 734
f 732 734 733
f 732 754 756
f 732 756 750
f 732 750 752
f 732 752 755
f 735 755 757
f 735 757 751
f 736 758 759
f 736 759 760
f 736 760 761
f 736 761 737
f 737 761 762
f 739 763 764
f 739 764 765
f 739 765 740
f 739 766 763
f 740 765 767
f 742 749 768
f 742 768 769
f 742 769 770
f 742 770 771
f 742 771 743
f 743 771 770
f 743 770 744
f 744 772 773
f 744 773 774
f 744 774 775
f 744 775 745
f 744 770 776
f 744 776 772
f 745 775 777
f 745 777 778
f 745 778 747
f 747 778 779
f 749 753 780
f 749 780 781
f 749 781 768
f 750 756 782
f 750 782 783
f 750 783 784
f 750 784 785
f 750 785 753
f 751 757 752
f 752 757 755
f 753 785 786
f 753 786 780
f 754 787 756
f 756 787 821
f 756 821 788
f 756 788 789
f 756 789 784
f 756 784 790
f 756 790 791
f 756 791 782
f 758 792 793
f 758 793 794
f 758 794 795
f 758 795 759
f 759 795 796
f 759 796 760
f 760 796 797
f 760 797 761
f 761 797 762
f 762 797 798
f 763 799 764
f 763 766 799
f 764 800 801
f 764 801 802
f 764 802 803
f 764 803 804
f 764 804 805
f 764 805 806
f 764 806 765
f 764 799 800
f 765 806 807
f 765 807 808
f 765 808 767
f 766 798 809
f 766 809 810
f 766 810 799
f 768 781 786
f 768 786 811
f 768 811 769
f 769 811 770
f 770 811 812
f 770 812 776
f 772 776 773
f 773 796 794
f 773 794 774
f 773 776 813
f 773 813 814
f 773 814 815
f 773 815 796
f 774 794 775
f 775 794 816
f 775 816 777
f 776 812 813
f 777 792 778
f 777 816 792
f 778 792 779
f 780 786 781
f 782 791 784
f 782 784 783
f 784 791 817
f 784 817 790
f 784 789 818
f 784 818 819
f 784 819 785
f 785 819 820
f 785 820 786
f 786 820 811
f 788 821 826
f 788 826 807
f 788 807 818
f 788 818 789
f 790 817 791
f 792 816 793
f 793 816 794
f 794 796 795
f 796 815 797
f 797 815 822
f 797 822 810
f 797 810 809
f 797 809 798
f 799 823 800
f 799 810 823
f 800 824 825
f 800 825 801
f 800 823 824
f 801 825 807
f 801 807 802
f 802 807 803
f 803 807 804
f 804 807 805
f 805 807 806
f 807 826 808
f 807 825 818
f 810 827 828
f 810 828 823
f 810 822 827
f 811 829 830
f 811 830 831
f 811 831 812
f 811 820 829
f 812 831 813
f 813 831 832
f 813 832 828
f 813 828 814
f 814 828 815
f 815 828 827
f 815 827 822
f 818 825 819
f 819 825 833
f 819 833 820
f 820 833 829
f 823 834 835
f 823 835 824
f 823 828 834
f 824 835 825
f 825 835 834
f 825 834 832
f 825 832 833
f 828 832 834
f 829 832 830
f 829 833 832
f 830 832 831

o part_4
v 0.01353964 0.01004714 -0.02321586
v 0.01353964 0.01007933 -0.02474990
v 0.01354066 0.01002981 -0.02314561
v 0.01353964 0.01260326 -0.02314561
v 0.01353964 0.01009170 -0.02478179
v 0.01687479 -0.00000405 -0.02474990
v 0.01677320 -0.00000405 -0.02314561
v 0.01353964 0.01264040 -0.02314561
v 0.01353964 0.01030461 -0.02512449
v 0.01693746 -0.00000405 -0.02508113
v 0.01870181 -0.00000405 -0.02314561
v 0.01353964 0.01264164 -0.02314770
v 0.01364325 0.01253766 -0.02314561
v 0.01353964 0.01041106 -0.02516348
v 0.01724980 -0.00000405 -0.02521872
v 0.01353964 0.01096066 -0.02527354
v 0.01850471 -0.00000405 -0.02500818
v 0.01870181 0.00025095 -0.02314561
v 0.01403848 0.01214279 -0.02314561
v 0.01453832 0.01164271 -0.02314561
v 0.01470510 0.01120451 -0.02474990
v 0.01395508 0.01195464 -0.02474990
v 0.01353964 0.01241387 -0.02449120
v 0.01724980 0.00075103 -0.02525249
v 0.01774964 -0.00000405 -0.02527500
v 0.01353964 0.01146074 -0.02527292
v 0.01425024 0.01024891 -0.02527500
v 0.01847843 -0.00000405 -0.02502089
v 0.01850471 0.00003433 -0.02500818
v 0.01862904 0.00025095 -0.02375014
v 0.01862449 0.00075103 -0.02314561
v 0.01484105 0.01133944 -0.02314561
v 0.01501036 0.01101141 -0.02407179
v 0.01498408 0.01097675 -0.02440490
v 0.01495477 0.01093590 -0.02474990
v 0.01462272 0.01112158 -0.02508885
v 0.01362253 0.01212175 -0.02508885
v 0.01370491 0.01220468 -0.02474990
v 0.01353964 0.01236931 -0.02474990
v 0.01774964 0.00125111 -0.02527500
v 0.01828183 -0.00000405 -0.02511491
v 0.01353964 0.01176278 -0.02521142
v 0.01427349 0.01127259 -0.02516160
v 0.01425024 0.01074899 -0.02527292
v 0.01475008 0.00974882 -0.02527500
v 0.01828183 0.00022124 -0.02511491
v 0.01851785 0.00022124 -0.02470028
v 0.01815345 0.00125111 -0.02513742
v 0.01812060 0.00175120 -0.02512637
v 0.01808118 0.00225004 -0.02509844
v 0.01804125 0.00275013 -0.02505737
v 0.01801447 0.00309301 -0.02502214
v 0.01771729 0.00525055 -0.02474990
v 0.01811353 0.00275013 -0.02474990
v 0.01827172 0.00175120 -0.02474990
v 0.01856839 0.00025095 -0.02424981
v 0.01849965 0.00050099 -0.02450058
v 0.01861185 0.00075103 -0.02325005
v 0.01854514 0.00125359 -0.02314561
v 0.01502856 0.01114262 -0.02314561
v 0.01511801 0.01078613 -0.02424293
v 0.01510639 0.01068586 -0.02474990
v 0.01503361 0.01103864 -0.02375014
v 0.01529490 0.01074033 -0.02314561
v 0.01527570 0.01074899 -0.02325005
v 0.01505989 0.01060417 -0.02506613
v 0.01477383 0.01076261 -0.02514805
v 0.01377364 0.01177268 -0.02516160
v 0.01353964 0.01215764 -0.02510615
v 0.01353964 0.01228638 -0.02492062
v 0.01774964 0.00175120 -0.02526395
v 0.01818630 0.00075103 -0.02513742
v 0.01724980 0.00425038 -0.02527500
v 0.01724980 0.00475046 -0.02526791
v 0.01353964 0.01200663 -0.02516160
v 0.01475008 0.01024891 -0.02525582
v 0.01525043 0.00874989 -0.02527500
v 0.01525043 0.00924998 -0.02525770
v 0.01674995 0.00625071 -0.02526270
v 0.01774964 0.00225004 -0.02523581
v 0.01724980 0.00525055 -0.02524602
v 0.01763036 0.00475046 -0.02513033
v 0.01759347 0.00525055 -0.02510844
v 0.01754899 0.00564170 -0.02506237
v 0.01757881 0.00578529 -0.02475698
v 0.01765513 0.00575063 -0.02424981
v 0.01778299 0.00575063 -0.02325005
v 0.01779614 0.00575063 -0.02314561
v 0.01783859 0.00525055 -0.02375014
v 0.01791238 0.00524807 -0.02314561
v 0.01792754 0.00515276 -0.02314561
v 0.01785729 0.00475046 -0.02424981
v 0.01841171 0.00125111 -0.02424981
v 0.01791794 0.00475046 -0.02375014
v 0.01847539 0.00084758 -0.02424981
v 0.01824544 0.00314623 -0.02314561
v 0.01507657 0.01108940 -0.02314561
v 0.01546421 0.01042839 -0.02314561
v 0.01545714 0.01041478 -0.02325005
v 0.01538992 0.01028233 -0.02424981
v 0.01536718 0.01019939 -0.02470008
v 0.01558905 0.00977358 -0.02470008
v 0.01547078 0.00995554 -0.02483370
v 0.01512913 0.01100646 -0.02314561
v 0.01698143 0.00697484 -0.02490457
v 0.01748582 0.00597592 -0.02492813
v 0.01556277 0.00962257 -0.02506863
v 0.01514783 0.01024891 -0.02511845
v 0.01674995 0.00575063 -0.02527500
v 0.01565273 0.00924998 -0.02512012
v 0.01716843 0.00625071 -0.02512512
v 0.01729124 0.00578529 -0.02514742
v 0.01707189 0.00664063 -0.02507530
v 0.01751260 0.00602543 -0.02459481
v 0.01789924 0.00525055 -0.02325005
v 0.01765412 0.00610836 -0.02314561
v 0.01605907 0.00926112 -0.02314561
v 0.01710525 0.00678422 -0.02474281
v 0.01753585 0.00607123 -0.02424981
v 0.01739131 0.00621605 -0.02475698
v 0.01606615 0.00862859 -0.02507092
v 0.01760307 0.00620244 -0.02325005
v 0.01760661 0.00622348 -0.02314561
f 836 837 838
f 836 838 839
f 836 839 843
f 836 843 847
f 836 847 858
f 836 858 874
f 836 874 905
f 836 905 904
f 836 904 910
f 836 910 877
f 836 877 861
f 836 861 851
f 836 851 849
f 836 849 844
f 836 844 840
f 836 840 837
f 837 840 841
f 837 841 842
f 837 842 838
f 838 842 846
f 838 846 853
f 838 853 866
f 838 866 894
f 838 894 931
f 838 931 926
f 838 926 925
f 838 925 923
f 838 923 951
f 838 951 958
f 838 958 952
f 838 952 933
f 838 933 899
f 838 899 939
f 838 939 932
f 838 932 895
f 838 895 867
f 838 867 855
f 838 855 854
f 838 854 848
f 838 848 843
f 838 843 839
f 840 844 845
f 840 845 841
f 841 845 850
f 841 850 860
f 841 860 876
f 841 876 863
f 841 863 852
f 841 852 846
f 841 846 842
f 843 848 847
f 844 849 845
f 845 849 851
f 845 851 850
f 846 852 864
f 846 864 853
f 847 854 855
f 847 855 856
f 847 856 857
f 847 857 858
f 847 848 854
f 850 859 860
f 850 851 859
f 851 861 862
f 851 862 860
f 851 860 859
f 852 863 864
f 853 864 865
f 853 865 866
f 855 867 856
f 856 867 868
f 856 868 869
f 856 869 870
f 856 870 871
f 856 871 857
f 857 872 873
f 857 873 858
f 857 871 872
f 858 873 874
f 860 875 881
f 860 881 876
f 860 862 880
f 860 880 912
f 860 912 944
f 860 944 908
f 860 908 875
f 861 877 878
f 861 878 879
f 861 879 880
f 861 880 862
f 863 876 881
f 863 881 864
f 864 882 865
f 864 881 883
f 864 883 884
f 864 884 885
f 864 885 886
f 864 886 887
f 864 887 888
f 864 888 889
f 864 889 890
f 864 890 882
f 865 882 891
f 865 891 892
f 865 892 866
f 866 892 893
f 866 893 894
f 867 895 868
f 868 896 897
f 868 897 869
f 868 895 898
f 868 898 899
f 868 899 900
f 868 900 896
f 869 897 870
f 870 897 901
f 870 901 871
f 871 901 902
f 871 902 878
f 871 878 903
f 871 903 904
f 871 904 872
f 872 904 905
f 872 905 873
f 873 905 874
f 875 906 907
f 875 907 881
f 875 908 909
f 875 909 906
f 877 903 878
f 877 910 903
f 878 902 879
f 879 911 880
f 879 902 911
f 880 911 913
f 880 913 914
f 880 914 912
f 881 907 883
f 882 892 891
f 882 890 892
f 883 906 884
f 883 907 906
f 884 906 915
f 884 915 916
f 884 916 917
f 884 917 918
f 884 918 885
f 885 918 886
f 886 918 887
f 887 918 919
f 887 919 888
f 888 919 920
f 888 920 921
f 888 921 922
f 888 922 923
f 888 923 924
f 888 924 925
f 888 925 926
f 888 926 927
f 888 927 889
f 889 928 890
f 889 927 929
f 889 929 928
f 890 928 892
f 892 930 893
f 892 928 930
f 893 930 928
f 893 928 894
f 894 928 931
f 895 932 898
f 896 900 897
f 897 900 899
f 897 899 933
f 897 933 934
f 897 934 935
f 897 935 936
f 897 936 937
f 897 937 938
f 897 938 901
f 898 939 899
f 898 932 939
f 901 938 940
f 901 940 941
f 901 941 942
f 901 942 943
f 901 943 902
f 902 943 911
f 903 910 904
f 906 909 916
f 906 916 915
f 908 944 909
f 909 944 914
f 909 914 916
f 911 943 945
f 911 945 946
f 911 946 913
f 912 914 944
f 913 946 914
f 914 946 916
f 916 946 947
f 916 947 918
f 916 918 917
f 918 947 946
f 918 946 919
f 919 946 948
f 919 948 941
f 919 941 920
f 920 941 949
f 920 949 922
f 920 922 921
f 922 949 923
f 923 925 950
f 923 950 924
f 923 949 951
f 924 950 925
f 926 931 929
f 926 929 927
f 928 929 931
f 933 952 934
f 934 937 935
f 934 952 937
f 935 937 936
f 937 953 940
f 937 940 938
f 937 952 954
f 937 954 949
f 937 949 953
f 940 953 941
f 941 955 949
f 941 948 956
f 941 956 942
f 941 953 955
f 942 956 943
f 943 956 948
f 943 948 945
f 945 948 946
f 949 954 951
f 949 955 953
f 951 954 957
f 951 957 958
f 952 958 954
f 954 958 957

o part_5
v -0.01818128 -0.00355948 -0.02313523
v -0.01626221 -0.00355948 -0.02313523
v -0.01807087 -0.00355948 -0.02404518
v -0.01793046 -0.00514234 -0.02313523
v -0.01166207 -0.01191807 -0.02313523
v -0.01166207 -0.01196528 -0.02474985
v -0.01635092 -0.00355948 -0.02474985
v -0.01800769 -0.00355948 -0.02456509
v -0.01771731 -0.00525073 -0.02474985
v -0.01783856 -0.00525073 -0.02375003
v -0.01789919 -0.00525073 -0.02325002
v -0.01791323 -0.00524751 -0.02313523
v -0.01166207 -0.01452147 -0.02313523
v -0.01166207 -0.01200392 -0.02485668
v -0.01637007 -0.00355948 -0.02487176
v -0.01800641 -0.00355948 -0.02457431
v -0.01754882 -0.00564242 -0.02506239
v -0.01757882 -0.00578514 -0.02475676
v -0.01765476 -0.00575080 -0.02424984
v -0.01779772 -0.00575080 -0.02313523
v -0.01796684 -0.00355948 -0.02483217
v -0.01404000 -0.01203933 -0.02375003
v -0.01320523 -0.01270467 -0.02474985
v -0.01166207 -0.01424783 -0.02474985
v -0.01464948 -0.01153389 -0.02313523
v -0.01166207 -0.01225181 -0.02514952
v -0.01642559 -0.00355948 -0.02509108
v -0.01748564 -0.00597509 -0.02492811
v -0.01759350 -0.00525073 -0.02510847
v -0.01716782 -0.00625088 -0.02512523
v -0.01707209 -0.00664257 -0.02507516
v -0.01751244 -0.00602553 -0.02459484
v -0.01765859 -0.00609850 -0.02313523
v -0.01786537 -0.00355948 -0.02499870
v -0.01420529 -0.01170451 -0.02474985
v -0.01212285 -0.01362219 -0.02508878
v -0.01166207 -0.01416090 -0.02492811
v -0.01484158 -0.01134072 -0.02313523
v -0.01483201 -0.01133107 -0.02325002
v -0.01478988 -0.01128921 -0.02375003
v -0.01166207 -0.01228829 -0.02516272
v -0.01654047 -0.00355948 -0.02514387
v -0.01606565 -0.00863000 -0.02507097
v -0.01556211 -0.00962265 -0.02506867
v -0.01698146 -0.00697524 -0.02490465
v -0.01710527 -0.00678530 -0.02474273
v -0.01739119 -0.00621547 -0.02475676
v -0.01763051 -0.00475065 -0.02513046
v -0.01724951 -0.00525073 -0.02524588
v -0.01729099 -0.00578514 -0.02514743
v -0.01674980 -0.00625088 -0.02526264
v -0.01574974 -0.00825012 -0.02525950
v -0.01475032 -0.01024935 -0.02525594
v -0.01615755 -0.00825012 -0.02512187
v -0.01514727 -0.01024935 -0.02511832
v -0.01756924 -0.00613713 -0.02375003
v -0.01659982 -0.00778223 -0.02472848
v -0.01718951 -0.00675096 -0.02424984
v -0.01755967 -0.00631849 -0.02313523
v -0.01760307 -0.00620259 -0.02325002
v -0.01760690 -0.00622513 -0.02313523
v -0.01773390 -0.00355948 -0.02513193
v -0.01412296 -0.01162188 -0.02508878
v -0.01470500 -0.01120444 -0.02474985
v -0.01166207 -0.01403213 -0.02510763
v -0.01166207 -0.01410188 -0.02504898
v -0.01502346 -0.01114863 -0.02313523
v -0.01503304 -0.01103918 -0.02375003
v -0.01501006 -0.01101127 -0.02407178
v -0.01166207 -0.01283774 -0.02527354
v -0.01674980 -0.00355948 -0.02522871
v -0.01505920 -0.01060456 -0.02506616
v -0.01597374 -0.00896267 -0.02485731
v -0.01558827 -0.00977288 -0.02470020
v -0.01724951 -0.00475065 -0.02526788
v -0.01766242 -0.00425057 -0.02513738
v -0.01674980 -0.00575080 -0.02527500
v -0.01475032 -0.00974928 -0.02527500
v -0.01425061 -0.01074943 -0.02527291
v -0.01477393 -0.01076231 -0.02514806
v -0.01600310 -0.00900667 -0.02452404
v -0.01659344 -0.00818466 -0.02325002
v -0.01739246 -0.00664687 -0.02313523
v -0.01745820 -0.00355948 -0.02521614
v -0.01724951 -0.00425057 -0.02527500
v -0.01377387 -0.01177319 -0.02516167
v -0.01462268 -0.01112181 -0.02508878
v -0.01498390 -0.01097693 -0.02440506
v -0.01495454 -0.01093615 -0.02474985
v -0.01166207 -0.01388511 -0.02516167
v -0.01277381 -0.01277335 -0.02516167
v -0.01507643 -0.01109069 -0.02313523
v -0.01506878 -0.01108103 -0.02325002
v -0.01513451 -0.01099947 -0.02313523
v -0.01529661 -0.01073977 -0.02313523
v -0.01510579 -0.01068612 -0.02474985
v -0.01166207 -0.01333781 -0.02527291
v -0.01425061 -0.01024935 -0.02527500
v -0.01724951 -0.00355948 -0.02527500
v -0.01694126 -0.00355948 -0.02525531
v -0.01547020 -0.00995532 -0.02483364
v -0.01536682 -0.01019999 -0.02470020
v -0.01538915 -0.01028262 -0.02424984
v -0.01551679 -0.01003258 -0.02424984
v -0.01427358 -0.01127312 -0.02516167
v -0.01225049 -0.01274974 -0.02527291
v -0.01636815 -0.00865683 -0.02313523
v -0.01581547 -0.00974069 -0.02313523
v -0.01710208 -0.00721670 -0.02313523
v -0.01175014 -0.01324982 -0.02527291
v -0.01546382 -0.01042964 -0.02313523
v -0.01545616 -0.01041462 -0.02325002
v -0.01542298 -0.01034808 -0.02375003
v -0.01558380 -0.01016458 -0.02325002
v -0.01555317 -0.01025472 -0.02313523
f 959 960 965
f 959 965 973
f 959 973 985
f 959 985 1000
f 959 1000 1029
f 959 1029 1058
f 959 1058 1057
f 959 1057 1042
f 959 1042 1020
f 959 1020 992
f 959 992 979
f 959 979 974
f 959 974 966
f 959 966 961
f 959 961 962
f 959 962 970
f 959 970 978
f 959 978 991
f 959 991 1019
f 959 1019 1017
f 959 1017 1041
f 959 1041 1067
f 959 1067 1065
f 959 1065 1066
f 959 1066 1073
f 959 1073 1069
f 959 1069 1053
f 959 1053 1052
f 959 1052 1050
f 959 1050 1025
f 959 1025 996
f 959 996 983
f 959 983 971
f 959 971 963
f 959 963 960
f 960 963 964
f 960 964 965
f 961 966 967
f 961 967 962
f 962 967 968
f 962 968 969
f 962 969 970
f 963 971 982
f 963 982 995
f 963 995 1024
f 963 1024 1023
f 963 1023 1048
f 963 1048 1055
f 963 1055 1028
f 963 1028 999
f 963 999 984
f 963 984 972
f 963 972 964
f 964 972 973
f 964 973 965
f 966 974 967
f 967 975 976
f 967 976 977
f 967 977 978
f 967 978 968
f 967 974 979
f 967 979 975
f 968 978 969
f 969 978 970
f 971 980 981
f 971 981 982
f 971 983 980
f 972 984 985
f 972 985 973
f 975 986 976
f 975 979 987
f 975 987 988
f 975 988 989
f 975 989 986
f 976 986 990
f 976 990 978
f 976 978 977
f 978 990 991
f 979 992 987
f 980 993 981
f 980 983 993
f 981 993 1021
f 981 1021 994
f 981 994 982
f 982 994 995
f 983 996 997
f 983 997 998
f 983 998 993
f 984 999 985
f 985 999 1000
f 986 989 1001
f 986 1001 1002
f 986 1002 1003
f 986 1003 1004
f 986 1004 1005
f 986 1005 990
f 987 1006 1007
f 987 1007 1008
f 987 1008 988
f 987 992 1006
f 988 1009 1010
f 988 1010 1011
f 988 1011 1012
f 988 1012 989
f 988 1008 1007
f 988 1007 1009
f 989 1012 1013
f 989 1013 1001
f 990 1014 991
f 990 1005 1004
f 990 1004 1015
f 990 1015 1016
f 990 1016 1017
f 990 1017 1014
f 991 1014 1018
f 991 1018 1019
f 992 1020 1006
f 993 998 1022
f 993 1022 1045
f 993 1045 1021
f 994 1023 1024
f 994 1024 995
f 994 1021 1023
f 996 1025 1026
f 996 1026 1027
f 996 1027 997
f 997 1027 998
f 998 1027 1022
f 999 1028 1029
f 999 1029 1000
f 1001 1013 1002
f 1002 1013 1030
f 1002 1030 1003
f 1003 1015 1004
f 1003 1030 1031
f 1003 1031 1032
f 1003 1032 1015
f 1006 1033 1007
f 1006 1020 1034
f 1006 1034 1033
f 1007 1033 1009
f 1009 1033 1035
f 1009 1035 1036
f 1009 1036 1010
f 1010 1036 1011
f 1011 1036 1037
f 1011 1037 1038
f 1011 1038 1013
f 1011 1013 1012
f 1013 1038 1030
f 1014 1017 1018
f 1015 1039 1040
f 1015 1040 1041
f 1015 1041 1016
f 1015 1032 1039
f 1016 1041 1017
f 1017 1019 1018
f 1020 1042 1043
f 1020 1043 1033
f 1020 1033 1034
f 1021 1044 1023
f 1021 1045 1063
f 1021 1063 1044
f 1022 1027 1046
f 1022 1046 1047
f 1022 1047 1045
f 1023 1044 1049
f 1023 1049 1048
f 1025 1050 1051
f 1025 1051 1026
f 1026 1052 1053
f 1026 1053 1027
f 1026 1051 1052
f 1027 1053 1054
f 1027 1054 1046
f 1028 1055 1056
f 1028 1056 1057
f 1028 1057 1058
f 1028 1058 1029
f 1030 1038 1045
f 1030 1045 1047
f 1030 1047 1054
f 1030 1054 1059
f 1030 1059 1031
f 1031 1059 1032
f 1032 1059 1060
f 1032 1060 1061
f 1032 1061 1062
f 1032 1062 1039
f 1033 1043 1035
f 1035 1043 1057
f 1035 1057 1056
f 1035 1056 1036
f 1036 1056 1037
f 1037 1063 1038
f 1037 1056 1064
f 1037 1064 1049
f 1037 1049 1044
f 1037 1044 1063
f 1038 1063 1045
f 1039 1065 1040
f 1039 1062 1066
f 1039 1066 1065
f 1040 1065 1067
f 1040 1067 1041
f 1042 1057 1043
f 1046 1054 1047
f 1048 1068 1055
f 1048 1049 1064
f 1048 1064 1068
f 1050 1052 1051
f 1053 1069 1054
f 1054 1069 1070
f 1054 1070 1071
f 1054 1071 1061
f 1054 1061 1060
f 1054 1060 1059
f 1055 1068 1056
f 1056 1068 1064
f 1061 1071 1062
f 1062 1071 1072
f 1062 1072 1066
f 1066 1072 1073
f 1069 1073 1070
f 1070 1073 1072
f 1070 1072 1071

o part_6
v 0.01351564 -0.01266392 -0.02315483
v 0.01351564 -0.01239377 -0.02474994
v 0.01359026 -0.01258957 -0.02315483
v 0.01351564 -0.01006032 -0.02315483
v 0.01401257 -0.01201209 -0.02407192
v 0.01351564 -0.01216824 -0.02511105
v 0.01362274 -0.01212115 -0.02508884
v 0.01462269 -0.01112233 -0.02508884
v 0.01445519 -0.01145445 -0.02474994
v 0.01388770 -0.01229216 -0.02315483
v 0.01351767 -0.01005289 -0.02315483
v 0.01351564 -0.01010370 -0.02474994
v 0.01459021 -0.01158952 -0.02315483
v 0.01351564 -0.01176177 -0.02521648
v 0.01377350 -0.01177292 -0.02516169
v 0.01427347 -0.01127228 -0.02516169
v 0.01477345 -0.01076172 -0.02514799
v 0.01505973 -0.01060434 -0.02506622
v 0.01495516 -0.01093645 -0.02474994
v 0.01470492 -0.01120412 -0.02474994
v 0.01677792 -0.00000405 -0.02315483
v 0.01351564 -0.01031436 -0.02511956
v 0.01687436 -0.00000405 -0.02474994
v 0.01483994 -0.01133920 -0.02315483
v 0.01351564 -0.01124997 -0.02527313
v 0.01375015 -0.01124997 -0.02527293
v 0.01425012 -0.01074933 -0.02527293
v 0.01475010 -0.01024992 -0.02525591
v 0.01514754 -0.01024992 -0.02511831
v 0.01556275 -0.00962164 -0.02506850
v 0.01748550 -0.00597585 -0.02492821
v 0.01698146 -0.00697466 -0.02490455
v 0.01597441 -0.00896237 -0.02485744
v 0.01547088 -0.00995499 -0.02483378
v 0.01510643 -0.01068613 -0.02474994
v 0.01498410 -0.01097735 -0.02440502
v 0.01501049 -0.01101204 -0.02407192
v 0.01870118 -0.00000405 -0.02315483
v 0.01351564 -0.01073818 -0.02522416
v 0.01690634 -0.00000405 -0.02491825
v 0.01693730 -0.00000405 -0.02508116
v 0.01503333 -0.01103931 -0.02375004
v 0.01506887 -0.01108144 -0.02325009
v 0.01507597 -0.01108888 -0.02315483
v 0.01724998 -0.00000405 -0.02521855
v 0.01724998 -0.00075006 -0.02525259
v 0.01774996 -0.00000405 -0.02527500
v 0.01375015 -0.01074933 -0.02527355
v 0.01425012 -0.01024992 -0.02527500
v 0.01475010 -0.00974928 -0.02527500
v 0.01565259 -0.00924987 -0.02512018
v 0.01575005 -0.00824982 -0.02525944
v 0.01716826 -0.00625096 -0.02512516
v 0.01707182 -0.00664131 -0.02507515
v 0.01606577 -0.00862902 -0.02507100
v 0.01754895 -0.00564250 -0.02506228
v 0.01757839 -0.00578501 -0.02475700
v 0.01751240 -0.00602542 -0.02459491
v 0.01739109 -0.00621626 -0.02475700
v 0.01710532 -0.00678382 -0.02474268
v 0.01609470 -0.00877649 -0.02471445
v 0.01558864 -0.00977282 -0.02470013
v 0.01536733 -0.01019911 -0.02470013
v 0.01538966 -0.01028214 -0.02424999
v 0.01542316 -0.01034906 -0.02375004
v 0.01545717 -0.01041474 -0.02325009
v 0.01529322 -0.01074189 -0.02315483
v 0.01527596 -0.01074933 -0.02325009
v 0.01511810 -0.01078651 -0.02424293
v 0.01870118 -0.00025065 -0.02315483
v 0.01850474 -0.00000405 -0.02500832
v 0.01828191 -0.00000405 -0.02511499
v 0.01774996 -0.00125070 -0.02527500
v 0.01624952 -0.00724977 -0.02526110
v 0.01674950 -0.00575031 -0.02527500
v 0.01674950 -0.00625096 -0.02526255
v 0.01724998 -0.00525091 -0.02524595
v 0.01759362 -0.00525091 -0.02510856
v 0.01801441 -0.00309219 -0.02502222
v 0.01771747 -0.00525091 -0.02474994
v 0.01765503 -0.00575031 -0.02424999
v 0.01778295 -0.00575031 -0.02325009
v 0.01779513 -0.00575031 -0.02315483
v 0.01753575 -0.00607127 -0.02424999
v 0.01740835 -0.00632159 -0.02424999
v 0.01589471 -0.00929201 -0.02424999
v 0.01550032 -0.00999960 -0.02450048
v 0.01558661 -0.01018548 -0.02315483
v 0.01546326 -0.01042713 -0.02315483
v 0.01544194 -0.01046679 -0.02315483
v 0.01551707 -0.01003306 -0.02424999
v 0.01608912 -0.00917428 -0.02325009
v 0.01760631 -0.00622122 -0.02315483
v 0.01862352 -0.00075006 -0.02315483
v 0.01849967 -0.00050097 -0.02450048
v 0.01856819 -0.00025065 -0.02424999
v 0.01851794 -0.00022091 -0.02470034
v 0.01850474 -0.00003503 -0.02500832
v 0.01847835 -0.00000405 -0.02502098
v 0.01828191 -0.00022091 -0.02511499
v 0.01818597 -0.00075006 -0.02513741
v 0.01815349 -0.00125070 -0.02513741
v 0.01774996 -0.00175011 -0.02526380
v 0.01724998 -0.00475026 -0.02526794
v 0.01724998 -0.00425086 -0.02527500
v 0.01774996 -0.00225075 -0.02523598
v 0.01812049 -0.00175011 -0.02512641
v 0.01763016 -0.00475026 -0.02513035
v 0.01808090 -0.00225075 -0.02509839
v 0.01804131 -0.00275016 -0.02505750
v 0.01800832 -0.00355318 -0.02456876
v 0.01783878 -0.00525091 -0.02375004
v 0.01788904 -0.00534633 -0.02315483
v 0.01819257 -0.00225075 -0.02474994
v 0.01760275 -0.00620263 -0.02325009
v 0.01846312 -0.00176374 -0.02315483
v 0.01853367 -0.00125442 -0.02323909
v 0.01854484 -0.00077732 -0.02376976
v 0.01827176 -0.00175011 -0.02474994
v 0.01797888 -0.00482214 -0.02315483
v 0.01789919 -0.00525091 -0.02325009
v 0.01791086 -0.00524843 -0.02315483
f 1074 1075 1076
f 1074 1076 1083
f 1074 1083 1086
f 1074 1086 1097
f 1074 1097 1117
f 1074 1117 1140
f 1074 1140 1163
f 1074 1163 1162
f 1074 1162 1161
f 1074 1161 1166
f 1074 1166 1156
f 1074 1156 1186
f 1074 1186 1195
f 1074 1195 1193
f 1074 1193 1189
f 1074 1189 1167
f 1074 1167 1143
f 1074 1143 1111
f 1074 1111 1094
f 1074 1094 1084
f 1074 1084 1077
f 1074 1077 1085
f 1074 1085 1095
f 1074 1095 1112
f 1074 1112 1098
f 1074 1098 1087
f 1074 1087 1079
f 1074 1079 1075
f 1075 1078 1076
f 1075 1079 1080
f 1075 1080 1081
f 1075 1081 1082
f 1075 1082 1078
f 1076 1078 1083
f 1077 1084 1085
f 1078 1082 1086
f 1078 1086 1083
f 1079 1087 1088
f 1079 1088 1081
f 1079 1081 1080
f 1081 1088 1089
f 1081 1089 1090
f 1081 1090 1091
f 1081 1091 1092
f 1081 1092 1093
f 1081 1093 1082
f 1082 1093 1097
f 1082 1097 1086
f 1084 1094 1085
f 1085 1094 1096
f 1085 1096 1095
f 1087 1098 1099
f 1087 1099 1088
f 1088 1099 1100
f 1088 1100 1089
f 1089 1100 1090
f 1090 1100 1101
f 1090 1101 1102
f 1090 1102 1091
f 1091 1102 1103
f 1091 1103 1104
f 1091 1104 1105
f 1091 1105 1106
f 1091 1106 1107
f 1091 1107 1108
f 1091 1108 1092
f 1092 1109 1093
f 1092 1108 1109
f 1093 1109 1110
f 1093 1110 1097
f 1094 1111 1144
f 1094 1144 1172
f 1094 1172 1145
f 1094 1145 1120
f 1094 1120 1118
f 1094 1118 1114
f 1094 1114 1113
f 1094 1113 1096
f 1095 1096 1113
f 1095 1113 1114
f 1095 1114 1112
f 1097 1110 1115
f 1097 1115 1116
f 1097 1116 1117
f 1098 1112 1118
f 1098 1118 1119
f 1098 1119 1120
f 1098 1120 1121
f 1098 1121 1122
f 1098 1122 1099
f 1099 1122 1123
f 1099 1123 1100
f 1100 1123 1101
f 1101 1124 1102
f 1101 1123 1125
f 1101 1125 1126
f 1101 1126 1124
f 1102 1124 1127
f 1102 1127 1128
f 1102 1128 1103
f 1103 1128 1104
f 1104 1129 1130
f 1104 1130 1131
f 1104 1131 1132
f 1104 1132 1133
f 1104 1133 1105
f 1104 1128 1127
f 1104 1127 1129
f 1105 1133 1134
f 1105 1134 1135
f 1105 1135 1106
f 1106 1135 1107
f 1107 1135 1108
f 1108 1135 1136
f 1108 1136 1137
f 1108 1137 1138
f 1108 1138 1139
f 1108 1139 1140
f 1108 1140 1141
f 1108 1141 1142
f 1108 1142 1110
f 1108 1110 1109
f 1110 1142 1141
f 1110 1141 1140
f 1110 1140 1115
f 1111 1143 1171
f 1111 1171 1144
f 1112 1114 1118
f 1115 1140 1116
f 1116 1140 1117
f 1118 1120 1119
f 1120 1145 1173
f 1120 1173 1146
f 1120 1146 1178
f 1120 1178 1148
f 1120 1148 1123
f 1120 1123 1122
f 1120 1122 1121
f 1123 1147 1125
f 1123 1148 1149
f 1123 1149 1147
f 1124 1126 1127
f 1125 1147 1149
f 1125 1149 1126
f 1126 1149 1150
f 1126 1150 1151
f 1126 1151 1129
f 1126 1129 1127
f 1129 1151 1152
f 1129 1152 1153
f 1129 1153 1130
f 1130 1154 1155
f 1130 1155 1156
f 1130 1156 1131
f 1130 1153 1154
f 1131 1156 1157
f 1131 1157 1158
f 1131 1158 1134
f 1131 1134 1133
f 1131 1133 1132
f 1134 1159 1160
f 1134 1160 1135
f 1134 1158 1159
f 1135 1160 1136
f 1136 1160 1137
f 1137 1160 1138
f 1138 1160 1139
f 1139 1161 1162
f 1139 1162 1163
f 1139 1163 1140
f 1139 1160 1164
f 1139 1164 1159
f 1139 1159 1158
f 1139 1158 1165
f 1139 1165 1166
f 1139 1166 1161
f 1143 1167 1168
f 1143 1168 1169
f 1143 1169 1170
f 1143 1170 1171
f 1144 1171 1172
f 1145 1172 1173
f 1146 1173 1174
f 1146 1174 1175
f 1146 1175 1176
f 1146 1176 1177
f 1146 1177 1178
f 1148 1178 1177
f 1148 1177 1149
f 1149 1177 1150
f 1150 1177 1176
f 1150 1176 1179
f 1150 1179 1180
f 1150 1180 1181
f 1150 1181 1151
f 1151 1181 1180
f 1151 1180 1182
f 1151 1182 1183
f 1151 1183 1152
f 1152 1183 1171
f 1152 1171 1153
f 1153 1184 1185
f 1153 1185 1186
f 1153 1186 1156
f 1153 1156 1155
f 1153 1155 1154
f 1153 1171 1187
f 1153 1187 1184
f 1156 1166 1188
f 1156 1188 1157
f 1157 1188 1166
f 1157 1166 1158
f 1158 1166 1165
f 1159 1164 1160
f 1167 1189 1190
f 1167 1190 1191
f 1167 1191 1168
f 1168 1170 1169
f 1168 1191 1192
f 1168 1192 1170
f 1170 1192 1171
f 1171 1183 1182
f 1171 1182 1180
f 1171 1180 1175
f 1171 1175 1173
f 1171 1173 1172
f 1171 1192 1187
f 1173 1175 1174
f 1175 1180 1176
f 1176 1180 1179
f 1184 1187 1191
f 1184 1191 1190
f 1184 1190 1185
f 1185 1193 1194
f 1185 1194 1186
f 1185 1190 1193
f 1186 1194 1195
f 1187 1192 1191
f 1189 1193 1190
f 1193 1195 1194

o part_7
v -0.01851053 -0.00355952 -0.02041897
v -0.01669970 -0.00355952 -0.02041897
v -0.01825107 -0.00355952 -0.02255836
v -0.01801642 -0.00459940 -0.02313502
v -0.01798357 -0.00539664 -0.02236455
v -0.01814179 -0.00525016 -0.02125006
v -0.01824236 -0.00525016 -0.02041897
v -0.01166210 -0.00355952 -0.02189504
v -0.01166210 -0.01245213 -0.02041897
v -0.01819006 -0.00355952 -0.02305818
v -0.01815788 -0.00370600 -0.02313502
v -0.01792994 -0.00514282 -0.02313502
v -0.01800368 -0.00551628 -0.02203116
v -0.01791317 -0.00524792 -0.02313502
v -0.01814380 -0.00575109 -0.02041897
v -0.01166210 -0.00355952 -0.02313316
v -0.01166210 -0.01498137 -0.02041897
v -0.01818068 -0.00355952 -0.02313502
v -0.01779719 -0.00575109 -0.02313502
v -0.01798022 -0.00592999 -0.02135481
v -0.01800234 -0.00600602 -0.02102141
v -0.01811631 -0.00584948 -0.02041897
v -0.01166210 -0.01191877 -0.02313502
v -0.01626258 -0.00355952 -0.02313502
v -0.01307201 -0.01357139 -0.02041897
v -0.01166210 -0.01483042 -0.02131067
v -0.01765908 -0.00609883 -0.02313502
v -0.01760679 -0.00622518 -0.02313502
v -0.01778043 -0.00625090 -0.02175014
v -0.01791586 -0.00633588 -0.02041897
v -0.01802044 -0.00604181 -0.02075024
v -0.01804190 -0.00608541 -0.02041897
v -0.01166210 -0.01452069 -0.02313502
v -0.01507190 -0.01157103 -0.02041897
v -0.01401530 -0.01251474 -0.02108761
v -0.01437465 -0.01187405 -0.02274978
v -0.01166210 -0.01458666 -0.02274978
v -0.01353461 -0.01264892 -0.02313502
v -0.01748343 -0.00646782 -0.02313502
v -0.01749483 -0.00649130 -0.02296274
v -0.01710196 -0.00721698 -0.02313502
v -0.01656695 -0.00863255 -0.02175014
v -0.01710531 -0.00770784 -0.02125006
v -0.01769663 -0.00676636 -0.02041897
v -0.01795876 -0.00625090 -0.02041897
v -0.01209184 -0.01409133 -0.02313502
v -0.01523682 -0.01137983 -0.02041897
v -0.01507726 -0.01109135 -0.02313502
v -0.01502430 -0.01114837 -0.02313502
v -0.01504374 -0.01154308 -0.02075024
v -0.01470920 -0.01170856 -0.02175014
v -0.01414939 -0.01203394 -0.02313502
v -0.01459187 -0.01159116 -0.02313502
v -0.01609162 -0.00919945 -0.02313502
v -0.01625185 -0.00925088 -0.02175014
v -0.01639935 -0.00921957 -0.02077044
v -0.01667825 -0.00876449 -0.02041897
v -0.01533203 -0.01126689 -0.02041897
v -0.01542723 -0.01114725 -0.02041897
v -0.01551907 -0.01102985 -0.02041897
v -0.01550902 -0.01101419 -0.02056998
v -0.01548555 -0.01097394 -0.02090337
v -0.01513492 -0.01099966 -0.02313502
v -0.01484194 -0.01134069 -0.02313502
v -0.01495927 -0.01145810 -0.02175014
v -0.01555327 -0.01025497 -0.02313502
v -0.01548220 -0.01046518 -0.02286836
v -0.01552377 -0.01054681 -0.02224996
v -0.01555729 -0.01061278 -0.02175014
v -0.01601251 -0.01002464 -0.02059364
v -0.01595955 -0.01017447 -0.02041897
v -0.01559416 -0.01088896 -0.02041897
v -0.01565986 -0.01076149 -0.02041897
v -0.01546410 -0.01042940 -0.02313502
v -0.01546142 -0.01092810 -0.02125006
v -0.01529649 -0.01074025 -0.02313502
f 1196 1197 1203
f 1196 1203 1211
f 1196 1211 1219
f 1196 1219 1213
f 1196 1213 1205
f 1196 1205 1198
f 1196 1198 1199
f 1196 1199 1200
f 1196 1200 1201
f 1196 1201 1202
f 1196 1202 1210
f 1196 1210 1217
f 1196 1217 1227
f 1196 1227 1240
f 1196 1240 1225
f 1196 1225 1239
f 1196 1239 1252
f 1196 1252 1266
f 1196 1266 1268
f 1196 1268 1267
f 1196 1267 1255
f 1196 1255 1254
f 1196 1254 1253
f 1196 1253 1242
f 1196 1242 1229
f 1196 1229 1220
f 1196 1220 1212
f 1196 1212 1204
f 1196 1204 1197
f 1197 1204 1203
f 1198 1205 1206
f 1198 1206 1199
f 1199 1206 1213
f 1199 1213 1219
f 1199 1219 1218
f 1199 1218 1228
f 1199 1228 1241
f 1199 1241 1233
f 1199 1233 1247
f 1199 1247 1248
f 1199 1248 1259
f 1199 1259 1244
f 1199 1244 1243
f 1199 1243 1258
f 1199 1258 1271
f 1199 1271 1269
f 1199 1269 1261
f 1199 1261 1249
f 1199 1249 1236
f 1199 1236 1234
f 1199 1234 1223
f 1199 1223 1222
f 1199 1222 1214
f 1199 1214 1209
f 1199 1209 1207
f 1199 1207 1200
f 1200 1208 1202
f 1200 1202 1201
f 1200 1207 1209
f 1200 1209 1208
f 1202 1208 1210
f 1203 1204 1212
f 1203 1212 1221
f 1203 1221 1232
f 1203 1232 1228
f 1203 1228 1218
f 1203 1218 1211
f 1205 1213 1206
f 1208 1214 1215
f 1208 1215 1216
f 1208 1216 1210
f 1208 1209 1214
f 1210 1216 1217
f 1211 1218 1219
f 1212 1220 1221
f 1214 1222 1216
f 1214 1216 1215
f 1216 1222 1223
f 1216 1223 1224
f 1216 1224 1225
f 1216 1225 1226
f 1216 1226 1217
f 1217 1226 1227
f 1220 1229 1230
f 1220 1230 1231
f 1220 1231 1221
f 1221 1231 1233
f 1221 1233 1232
f 1223 1234 1235
f 1223 1235 1224
f 1224 1235 1236
f 1224 1236 1237
f 1224 1237 1238
f 1224 1238 1239
f 1224 1239 1225
f 1225 1240 1226
f 1226 1240 1227
f 1228 1232 1241
f 1229 1242 1243
f 1229 1243 1244
f 1229 1244 1245
f 1229 1245 1246
f 1229 1246 1231
f 1229 1231 1230
f 1231 1247 1233
f 1231 1246 1248
f 1231 1248 1247
f 1232 1233 1241
f 1234 1236 1235
f 1236 1249 1250
f 1236 1250 1237
f 1237 1250 1251
f 1237 1251 1238
f 1238 1251 1239
f 1239 1251 1252
f 1242 1253 1243
f 1243 1253 1254
f 1243 1254 1255
f 1243 1255 1256
f 1243 1256 1257
f 1243 1257 1258
f 1244 1259 1260
f 1244 1260 1245
f 1245 1260 1246
f 1246 1260 1259
f 1246 1259 1248
f 1249 1261 1262
f 1249 1262 1250
f 1250 1262 1263
f 1250 1263 1264
f 1250 1264 1265
f 1250 1265 1251
f 1251 1265 1266
f 1251 1266 1252
f 1255 1267 1256
f 1256 1267 1257
f 1257 1267 1268
f 1257 1268 1264
f 1257 1264 1263
f 1257 1263 1262
f 1257 1262 1269
f 1257 1269 1270
f 1257 1270 1271
f 1257 1271 1258
f 1261 1269 1262
f 1264 1268 1266
f 1264 1266 1265
f 1269 1271 1270

o part_8
v 0.00000401 -0.00355841 -0.02234972
v 0.00000401 -0.01131945 -0.02197516
v 0.00000401 -0.00355841 -0.02359725
v -0.01166143 -0.00355841 -0.02189526
v -0.01166143 -0.01131945 -0.02150987
v 0.00000401 -0.01131945 -0.02321410
v 0.00000401 -0.00625000 -0.02352634
v -0.00025063 -0.00355841 -0.02359725
v -0.01166143 -0.00355841 -0.02313318
v -0.01166143 -0.01131945 -0.02280582
v -0.00025063 -0.01131945 -0.02321410
v 0.00000401 -0.01074968 -0.02326621
v 0.00000401 -0.00824952 -0.02347362
v -0.00025063 -0.00625000 -0.02352634
v -0.00125091 -0.00704616 -0.02350121
v -0.00075077 -0.00375061 -0.02359010
v -0.00044246 -0.00355841 -0.02359643
v -0.01166143 -0.00375061 -0.02312930
v -0.01124921 -0.00355841 -0.02316976
v -0.00804738 -0.01103760 -0.02300301
v -0.00774935 -0.01131945 -0.02299361
v -0.01166143 -0.00774964 -0.02296542
v -0.01137025 -0.00774964 -0.02298932
v -0.01112018 -0.00774964 -0.02300976
v -0.00774935 -0.00525025 -0.02339249
v -0.00724921 -0.00525025 -0.02343112
v -0.00674906 -0.00575013 -0.02343398
v -0.00575106 -0.00675064 -0.02343398
v -0.00525092 -0.00725052 -0.02343112
v -0.00068112 -0.01131945 -0.02320797
v -0.00025063 -0.01074968 -0.02326621
v 0.00000401 -0.00974992 -0.02335755
v 0.00000401 -0.00874940 -0.02344644
v -0.00025063 -0.00824952 -0.02347362
v -0.00125091 -0.00774964 -0.02348261
v -0.00176590 -0.00721102 -0.02349467
v -0.00125091 -0.00575013 -0.02353533
v -0.00075077 -0.00355841 -0.02359500
v -0.00225006 -0.00774964 -0.02347832
v -0.00125091 -0.00475037 -0.02356149
v -0.00125091 -0.00425049 -0.02357436
v -0.01074907 -0.00355841 -0.02321349
v -0.01124921 -0.00375061 -0.02316506
v -0.01166143 -0.00425049 -0.02311234
v -0.00774935 -0.01112041 -0.02300976
v -0.00525092 -0.00774964 -0.02339249
v -0.00624892 -0.00924928 -0.02322718
v -0.00525092 -0.00824952 -0.02335162
v -0.00525092 -0.00974992 -0.02322800
v -0.00525092 -0.01131945 -0.02309865
v -0.01166143 -0.00696336 -0.02299852
v -0.01154153 -0.00708187 -0.02300342
v -0.00924978 -0.00625000 -0.02322718
v -0.00824949 -0.00525025 -0.02335162
v -0.00774935 -0.00475037 -0.02341375
v -0.00774935 -0.00425049 -0.02343459
v -0.00724921 -0.00475037 -0.02345114
v -0.00674906 -0.00525025 -0.02345993
v -0.00624892 -0.00575013 -0.02346013
v -0.00575106 -0.00625000 -0.02346013
v -0.00525092 -0.00675064 -0.02345993
v -0.00475077 -0.00725052 -0.02345114
v -0.00425063 -0.00774964 -0.02343459
v -0.00475077 -0.00774964 -0.02341375
v -0.00125091 -0.01131945 -0.02319980
v -0.00075077 -0.01074968 -0.02325906
v -0.00025063 -0.00974992 -0.02335755
v 0.00000401 -0.00950378 -0.02338003
v 0.00000401 -0.00900390 -0.02342458
v -0.00025063 -0.00874940 -0.02344644
v -0.00075077 -0.00824952 -0.02347076
v -0.00125091 -0.00375061 -0.02358683
v -0.00125091 -0.00355841 -0.02359153
v -0.00225006 -0.00725052 -0.02349099
v -0.00275020 -0.00774964 -0.02347423
v -0.00225006 -0.00669519 -0.02350488
v -0.01024892 -0.00355841 -0.02325599
v -0.01074907 -0.00375061 -0.02320797
v -0.01166143 -0.00433861 -0.02310866
v -0.01024892 -0.00375061 -0.02324966
v -0.00974992 -0.00375061 -0.02329094
v -0.00375049 -0.00824952 -0.02341456
v -0.00375049 -0.00974992 -0.02329094
v -0.00468112 -0.01131945 -0.02312256
v -0.01166143 -0.00671570 -0.02300894
v -0.00824949 -0.00375061 -0.02341456
v -0.00974992 -0.00525025 -0.02322800
v -0.00824949 -0.00355841 -0.02342253
v -0.00794119 -0.00355841 -0.02344542
v -0.00774935 -0.00375061 -0.02345175
v -0.00724921 -0.00425049 -0.02346463
v -0.00674906 -0.00475037 -0.02347342
v -0.00624892 -0.00525025 -0.02347505
v -0.00575106 -0.00575013 -0.02347505
v -0.00525092 -0.00625000 -0.02347505
v -0.00475077 -0.00675064 -0.02347342
v -0.00425063 -0.00725052 -0.02346463
v -0.00375049 -0.00774964 -0.02345175
v -0.00325034 -0.00824952 -0.02343520
v -0.00218155 -0.01131945 -0.02318631
v -0.00075077 -0.00974992 -0.02335040
v -0.00025063 -0.00924928 -0.02340312
v -0.00125091 -0.00874940 -0.02343438
v 0.00000401 -0.00924928 -0.02340312
v -0.00075077 -0.00874940 -0.02344113
v -0.00225006 -0.00824952 -0.02345727
v -0.00175106 -0.00824952 -0.02346197
v -0.00125091 -0.00824952 -0.02346667
v -0.00175106 -0.00475037 -0.02355761
v -0.00175106 -0.00375061 -0.02358172
v -0.00175106 -0.00355841 -0.02358621
v -0.00275020 -0.00824952 -0.02345012
v -0.00325034 -0.00774964 -0.02346483
v -0.00375049 -0.00725052 -0.02347423
v -0.00325034 -0.00725052 -0.02348036
v -0.00275020 -0.00725052 -0.02348629
v -0.00974992 -0.00355841 -0.02329809
v -0.00924978 -0.00355841 -0.02333998
v -0.01166143 -0.00525025 -0.02307045
v -0.00844133 -0.00355841 -0.02340680
v -0.00325034 -0.00874940 -0.02339433
v -0.00375049 -0.01024980 -0.02324966
v -0.00425063 -0.01131945 -0.02314054
v -0.00774935 -0.00355841 -0.02345666
v -0.00744104 -0.00355841 -0.02347055
v -0.00724921 -0.00375061 -0.02347423
v -0.00674906 -0.00425049 -0.02347995
v -0.00620781 -0.00421478 -0.02349324
v -0.00525092 -0.00375061 -0.02352123
v -0.00589380 -0.00435761 -0.02349794
v -0.00624892 -0.00475037 -0.02348404
v -0.00573736 -0.00473669 -0.02349446
v -0.00525092 -0.00425049 -0.02351285
v -0.00475077 -0.00625000 -0.02348404
v -0.00425063 -0.00525025 -0.02351285
v -0.00435797 -0.00589447 -0.02349794
v -0.00375049 -0.00525025 -0.02352123
v -0.00421523 -0.00620898 -0.02349324
v -0.00425063 -0.00675064 -0.02347995
v -0.00275020 -0.00874940 -0.02341068
v -0.00175106 -0.00974992 -0.02333589
v -0.00318069 -0.01131945 -0.02317180
v -0.00175106 -0.00874940 -0.02342723
v -0.00225006 -0.00375061 -0.02357559
v -0.00275020 -0.00684029 -0.02349610
v -0.00275020 -0.00625000 -0.02351020
v -0.00322066 -0.00625988 -0.02350427
v -0.00225006 -0.00355841 -0.02357988
v -0.00225006 -0.00874940 -0.02341988
v -0.00325034 -0.00924928 -0.02335244
v -0.00375049 -0.01074968 -0.02320797
v -0.00375049 -0.01131945 -0.02315913
v -0.00724921 -0.00355841 -0.02347648
v -0.00625805 -0.00355841 -0.02350018
v -0.00575106 -0.00355841 -0.02351224
v -0.00575106 -0.00375061 -0.02350979
v -0.00525092 -0.00355841 -0.02352368
v -0.00475077 -0.00355841 -0.02353451
v -0.00475077 -0.00375061 -0.02353145
v -0.00425063 -0.00355841 -0.02354453
v -0.00375049 -0.00355841 -0.02355413
v -0.00325034 -0.00355841 -0.02356353
v -0.00325034 -0.00375061 -0.02355985
v -0.00275020 -0.00355841 -0.02357252
v -0.00275020 -0.00375061 -0.02356864
v -0.00275020 -0.00924928 -0.02336654
v -0.00325034 -0.01074968 -0.02322228
v -0.00325034 -0.01024980 -0.02326621
v -0.00325034 -0.00974992 -0.02330953
v -0.00275020 -0.00974992 -0.02332138
v -0.00325034 -0.01131945 -0.02317078
v -0.00325034 -0.01124955 -0.02317712
f 1272 1273 1277
f 1272 1277 1283
f 1272 1283 1303
f 1272 1303 1339
f 1272 1339 1375
f 1272 1375 1340
f 1272 1340 1304
f 1272 1304 1284
f 1272 1284 1278
f 1272 1278 1274
f 1272 1274 1279
f 1272 1279 1288
f 1272 1288 1309
f 1272 1309 1344
f 1272 1344 1382
f 1272 1382 1419
f 1272 1419 1435
f 1272 1435 1433
f 1272 1433 1432
f 1272 1432 1431
f 1272 1431 1429
f 1272 1429 1428
f 1272 1428 1426
f 1272 1426 1425
f 1272 1425 1424
f 1272 1424 1396
f 1272 1396 1395
f 1272 1395 1360
f 1272 1360 1359
f 1272 1359 1391
f 1272 1391 1389
f 1272 1389 1388
f 1272 1388 1348
f 1272 1348 1313
f 1272 1313 1290
f 1272 1290 1280
f 1272 1280 1275
f 1272 1275 1276
f 1272 1276 1273
f 1273 1276 1281
f 1273 1281 1292
f 1273 1292 1321
f 1273 1321 1355
f 1273 1355 1394
f 1273 1394 1423
f 1273 1423 1442
f 1273 1442 1413
f 1273 1413 1371
f 1273 1371 1336
f 1273 1336 1301
f 1273 1301 1282
f 1273 1282 1277
f 1274 1278 1285
f 1274 1285 1279
f 1275 1280 1289
f 1275 1289 1315
f 1275 1315 1350
f 1275 1350 1390
f 1275 1390 1356
f 1275 1356 1322
f 1275 1322 1293
f 1275 1293 1281
f 1275 1281 1276
f 1277 1282 1302
f 1277 1302 1283
f 1278 1284 1305
f 1278 1305 1285
f 1279 1285 1286
f 1279 1286 1287
f 1279 1287 1288
f 1280 1290 1289
f 1281 1291 1292
f 1281 1293 1294
f 1281 1294 1295
f 1281 1295 1296
f 1281 1296 1297
f 1281 1297 1298
f 1281 1298 1299
f 1281 1299 1300
f 1281 1300 1291
f 1282 1301 1302
f 1283 1302 1338
f 1283 1338 1303
f 1284 1304 1341
f 1284 1341 1305
f 1285 1305 1286
f 1286 1306 1307
f 1286 1307 1308
f 1286 1308 1287
f 1286 1305 1306
f 1287 1309 1288
f 1287 1308 1307
f 1287 1307 1310
f 1287 1310 1311
f 1287 1311 1312
f 1287 1312 1309
f 1289 1290 1313
f 1289 1313 1314
f 1289 1314 1315
f 1291 1316 1292
f 1291 1300 1317
f 1291 1317 1316
f 1292 1316 1317
f 1292 1317 1318
f 1292 1318 1319
f 1292 1319 1320
f 1292 1320 1321
f 1293 1322 1323
f 1293 1323 1324
f 1293 1324 1294
f 1294 1324 1295
f 1295 1324 1296
f 1296 1325 1326
f 1296 1326 1297
f 1296 1324 1325
f 1297 1326 1327
f 1297 1327 1328
f 1297 1328 1329
f 1297 1329 1298
f 1298 1329 1330
f 1298 1330 1331
f 1298 1331 1299
f 1299 1331 1332
f 1299 1332 1300
f 1300 1332 1333
f 1300 1333 1334
f 1300 1334 1335
f 1300 1335 1317
f 1301 1336 1337
f 1301 1337 1302
f 1302 1337 1372
f 1302 1372 1338
f 1303 1338 1339
f 1304 1340 1341
f 1305 1341 1342
f 1305 1342 1310
f 1305 1310 1306
f 1306 1310 1307
f 1309 1312 1343
f 1309 1343 1344
f 1310 1345 1312
f 1310 1312 1311
f 1310 1342 1379
f 1310 1379 1346
f 1310 1346 1345
f 1312 1345 1347
f 1312 1347 1343
f 1313 1348 1349
f 1313 1349 1314
f 1314 1349 1315
f 1315 1349 1351
f 1315 1351 1352
f 1315 1352 1350
f 1317 1335 1319
f 1317 1319 1318
f 1319 1335 1353
f 1319 1353 1354
f 1319 1354 1320
f 1320 1354 1355
f 1320 1355 1321
f 1322 1356 1323
f 1323 1356 1325
f 1323 1325 1324
f 1325 1357 1326
f 1325 1356 1358
f 1325 1358 1352
f 1325 1352 1357
f 1326 1357 1327
f 1327 1357 1359
f 1327 1359 1360
f 1327 1360 1361
f 1327 1361 1328
f 1328 1362 1363
f 1328 1363 1329
f 1328 1361 1362
f 1329 1363 1364
f 1329 1364 1330
f 1330 1364 1365
f 1330 1365 1331
f 1331 1365 1366
f 1331 1366 1332
f 1332 1366 1367
f 1332 1367 1368
f 1332 1368 1333
f 1333 1368 1369
f 1333 1369 1370
f 1333 1370 1334
f 1334 1370 1353
f 1334 1353 1335
f 1336 1371 1372
f 1336 1372 1337
f 1338 1373 1339
f 1338 1372 1414
f 1338 1414 1374
f 1338 1374 1373
f 1339 1373 1375
f 1340 1375 1373
f 1340 1373 1341
f 1341 1373 1376
f 1341 1376 1377
f 1341 1377 1378
f 1341 1378 1379
f 1341 1379 1342
f 1343 1347 1380
f 1343 1380 1344
f 1344 1380 1381
f 1344 1381 1382
f 1345 1346 1347
f 1346 1383 1384
f 1346 1384 1385
f 1346 1385 1386
f 1346 1386 1387
f 1346 1387 1380
f 1346 1380 1347
f 1346 1379 1378
f 1346 1378 1377
f 1346 1377 1383
f 1348 1388 1349
f 1349 1388 1389
f 1349 1389 1351
f 1350 1352 1390
f 1351 1389 1352
f 1352 1358 1390
f 1352 1389 1391
f 1352 1391 1357
f 1353 1370 1392
f 1353 1392 1354
f 1354 1392 1393
f 1354 1393 1394
f 1354 1394 1355
f 1356 1390 1358
f 1357 1391 1359
f 1360 1395 1361
f 1361 1395 1362
f 1362 1395 1396
f 1362 1396 1397
f 1362 1397 1363
f 1363 1397 1398
f 1363 1398 1399
f 1363 1399 1400
f 1363 1400 1401
f 1363 1401 1402
f 1363 1402 1364
f 1364 1402 1403
f 1364 1403 1365
f 1365 1403 1404
f 1365 1404 1406
f 1365 1406 1366
f 1366 1405 1367
f 1366 1406 1405
f 1367 1405 1407
f 1367 1407 1408
f 1367 1408 1409
f 1367 1409 1410
f 1367 1410 1385
f 1367 1385 1368
f 1368 1385 1384
f 1368 1384 1369
f 1369 1384 1383
f 1369 1383 1370
f 1370 1383 1411
f 1370 1411 1392
f 1371 1412 1372
f 1371 1413 1441
f 1371 1441 1412
f 1372 1412 1414
f 1373 1374 1376
f 1374 1414 1383
f 1374 1383 1377
f 1374 1377 1376
f 1380 1387 1381
f 1381 1415 1382
f 1381 1387 1416
f 1381 1416 1417
f 1381 1417 1386
f 1381 1386 1418
f 1381 1418 1415
f 1382 1415 1419
f 1383 1414 1420
f 1383 1420 1411
f 1385 1418 1386
f 1385 1410 1418
f 1386 1417 1416
f 1386 1416 1387
f 1392 1421 1422
f 1392 1422 1393
f 1392 1411 1421
f 1393 1422 1394
f 1394 1422 1423
f 1396 1424 1397
f 1397 1424 1425
f 1397 1425 1398
f 1398 1425 1426
f 1398 1426 1399
f 1399 1426 1427
f 1399 1427 1400
f 1400 1427 1426
f 1400 1426 1428
f 1400 1428 1429
f 1400 1429 1430
f 1400 1430 1401
f 1401 1430 1404
f 1401 1404 1402
f 1402 1404 1403
f 1404 1430 1431
f 1404 1431 1432
f 1404 1432 1406
f 1405 1406 1407
f 1406 1432 1433
f 1406 1433 1434
f 1406 1434 1435
f 1406 1435 1436
f 1406 1436 1407
f 1407 1436 1408
f 1408 1436 1415
f 1408 1415 1409
f 1409 1418 1410
f 1409 1415 1418
f 1411 1437 1438
f 1411 1438 1439
f 1411 1439 1423
f 1411 1423 1440
f 1411 1440 1421
f 1411 1420 1437
f 1412 1441 1414
f 1413 1442 1441
f 1414 1441 1420
f 1415 1436 1419
f 1419 1436 1435
f 1420 1441 1437
f 1421 1440 1422
f 1422 1440 1423
f 1423 1439 1438
f 1423 1438 1443
f 1423 1443 1442
f 1429 1431 1430
f 1433 1435 1434
f 1437 1441 1438
f 1438 1441 1443
f 1441 1442 1443

o part_9
v 0.01818740 -0.01324363 0.02424876
v 0.01825467 -0.01324363 0.02269969
v 0.01819015 -0.01324363 0.02429514
v 0.02248320 -0.00000405 0.02455504
v 0.02248320 -0.00000405 0.02438161
v 0.02020076 -0.01324363 0.02269969
v 0.02256832 -0.00000405 0.02269969
v 0.01825879 -0.01324363 0.02476503
v 0.02259578 -0.00000405 0.02480511
v 0.02115767 -0.01324363 0.02372795
v 0.02053780 -0.01259435 0.02269969
v 0.02201642 -0.01153166 0.02348998
v 0.02148304 -0.01247123 0.02351418
v 0.02104303 -0.01307645 0.02347612
v 0.02426385 -0.00000405 0.02269969
v 0.01843796 -0.01324363 0.02503073
v 0.02271865 -0.00000405 0.02494779
v 0.02149609 -0.01299221 0.02403323
v 0.02115904 -0.01324363 0.02373047
v 0.02191551 -0.01186472 0.02359636
v 0.02203289 -0.01205264 0.02392987
v 0.02055908 -0.01255288 0.02269969
v 0.02243446 -0.01084480 0.02357569
v 0.02235140 -0.01125821 0.02374534
v 0.02104372 -0.01160423 0.02269969
v 0.02154826 -0.01061412 0.02269969
v 0.02205966 -0.00960456 0.02269969
v 0.02276602 -0.00820492 0.02269969
v 0.02305776 -0.00761784 0.02269969
v 0.02494206 -0.00000405 0.02356889
v 0.02426385 -0.00025028 0.02269969
v 0.01867409 -0.01324363 0.02512476
v 0.02284633 -0.00000405 0.02509526
v 0.02138351 -0.01321771 0.02421977
v 0.02136772 -0.01324363 0.02422154
v 0.02118238 -0.01324363 0.02378215
v 0.02228550 -0.01174938 0.02424977
v 0.02211046 -0.01171828 0.02375795
v 0.02254155 -0.01109751 0.02390895
v 0.02246879 -0.01143317 0.02424977
v 0.02297607 -0.00944256 0.02352175
v 0.02344766 -0.00837469 0.02355603
v 0.02315798 -0.00724979 0.02269969
v 0.02395220 -0.00674955 0.02355300
v 0.02388836 -0.00724979 0.02365207
v 0.02351356 -0.00804033 0.02349023
v 0.02508553 -0.00000405 0.02381895
v 0.02494206 -0.00025028 0.02356889
v 0.02413480 -0.00120022 0.02269969
v 0.02453774 -0.00375068 0.02347335
v 0.02451646 -0.00408893 0.02348796
v 0.01870842 -0.01324363 0.02513383
v 0.02324996 -0.00000405 0.02523290
v 0.02304472 -0.00000405 0.02516308
v 0.02151874 -0.01302850 0.02436648
v 0.02130388 -0.01324363 0.02473100
v 0.02151874 -0.01302850 0.02454975
v 0.02205486 -0.01209022 0.02464529
v 0.02355338 -0.00862999 0.02388954
v 0.02301314 -0.01003093 0.02396718
v 0.02257793 -0.01118304 0.02424977
v 0.02303373 -0.01008147 0.02459941
v 0.02254841 -0.01111436 0.02474991
v 0.02242279 -0.01136448 0.02474991
v 0.02382384 -0.00771763 0.02378593
v 0.02361447 -0.00822436 0.02373375
v 0.02358221 -0.00477709 0.02269969
v 0.02448077 -0.00442199 0.02351796
v 0.02444095 -0.00475117 0.02356712
v 0.02459266 -0.00475117 0.02381694
v 0.02404281 -0.00724979 0.02390214
v 0.02400849 -0.00752842 0.02397625
v 0.02520017 -0.00000405 0.02424977
v 0.02508553 -0.00025028 0.02381895
v 0.02506563 -0.00075052 0.02384946
v 0.02491872 -0.00075052 0.02359964
v 0.02406135 -0.00171861 0.02269969
v 0.02405654 -0.00175101 0.02269969
v 0.02473270 -0.00375068 0.02375013
v 0.02463179 -0.00425352 0.02371081
v 0.01925003 -0.01324363 0.02525736
v 0.02374970 -0.00000405 0.02527500
v 0.01925689 -0.01324363 0.02525811
v 0.02129427 -0.01324363 0.02475344
v 0.02198415 -0.01197747 0.02497880
v 0.02217155 -0.01178567 0.02478721
v 0.02348473 -0.00896306 0.02412120
v 0.02275915 -0.01074890 0.02424977
v 0.02350532 -0.00901360 0.02445471
v 0.02350532 -0.00901360 0.02451698
v 0.02355544 -0.00871941 0.02471008
v 0.02250174 -0.01100550 0.02500224
v 0.02491872 -0.00375068 0.02424977
v 0.02483498 -0.00425093 0.02424977
v 0.02453225 -0.00525012 0.02392458
v 0.02450136 -0.00550931 0.02399466
v 0.02402771 -0.00759322 0.02424977
v 0.02395014 -0.00784334 0.02424977
v 0.02379638 -0.00824898 0.02424977
v 0.02411558 -0.00724979 0.02424977
v 0.02514113 -0.00000405 0.02474991
v 0.02520017 -0.00025028 0.02424977
v 0.02504572 -0.00125077 0.02388702
v 0.02489607 -0.00125077 0.02363695
v 0.02502581 -0.00175101 0.02393138
v 0.02501071 -0.00213980 0.02397020
v 0.02499767 -0.00247286 0.02401861
v 0.02374970 -0.00375068 0.02527500
v 0.02399545 -0.00000405 0.02526996
v 0.01975045 -0.01274987 0.02527172
v 0.01975662 -0.01324363 0.02527500
v 0.02143362 -0.01291316 0.02488301
v 0.02109383 -0.01324363 0.02504838
v 0.02207270 -0.01164441 0.02504661
v 0.02154551 -0.01258010 0.02503451
v 0.02317446 -0.00974971 0.02424977
v 0.02293145 -0.01033548 0.02424977
v 0.02402840 -0.00759452 0.02458857
v 0.02372224 -0.00824898 0.02474991
v 0.02351287 -0.00853280 0.02501233
v 0.02224363 -0.01120248 0.02507434
v 0.02303579 -0.00959678 0.02503073
v 0.02254292 -0.01074890 0.02503325
v 0.02224981 -0.01074890 0.02515829
v 0.02496815 -0.00323100 0.02427926
v 0.02500384 -0.00305216 0.02446555
v 0.02500384 -0.00305216 0.02451295
v 0.02452127 -0.00559225 0.02456765
v 0.02435584 -0.00625060 0.02424977
v 0.02475741 -0.00425093 0.02474991
v 0.02502649 -0.00000405 0.02502695
v 0.02514113 -0.00025028 0.02474991
v 0.02512123 -0.00125077 0.02424977
v 0.02324996 -0.00575036 0.02527500
v 0.02324996 -0.00625060 0.02527424
v 0.02374970 -0.00425093 0.02527324
v 0.02424943 -0.00025028 0.02526467
v 0.02424943 -0.00000405 0.02526467
v 0.02025018 -0.01324363 0.02526290
v 0.02025018 -0.01274987 0.02527500
v 0.02108902 -0.01324363 0.02505241
v 0.02178989 -0.01178567 0.02512299
v 0.02164779 -0.01224962 0.02507585
v 0.02395426 -0.00737939 0.02492208
v 0.02406409 -0.00722776 0.02475318
v 0.02400986 -0.00704632 0.02501056
v 0.02355818 -0.00824898 0.02504384
v 0.02324996 -0.00824898 0.02517190
v 0.02274954 -0.00924946 0.02519862
v 0.02224981 -0.01024995 0.02521803
v 0.02174939 -0.01124914 0.02522862
v 0.02503542 -0.00225125 0.02461328
v 0.02500110 -0.00101749 0.02500124
v 0.02483154 -0.00375068 0.02474991
v 0.02465238 -0.00475117 0.02474991
v 0.02455216 -0.00521253 0.02474058
v 0.02450411 -0.00501943 0.02500451
v 0.02488577 -0.00000405 0.02509173
v 0.02502649 -0.00025028 0.02502695
v 0.02501002 -0.00075052 0.02501056
v 0.02510475 -0.00075052 0.02474991
v 0.02505464 -0.00175101 0.02467277
v 0.02274954 -0.00774874 0.02527500
v 0.02324996 -0.00674955 0.02526618
v 0.02374970 -0.00475117 0.02526341
v 0.02424943 -0.00375068 0.02521450
v 0.02424943 -0.00325044 0.02522357
v 0.02424943 -0.00225125 0.02523795
v 0.02424943 -0.00125077 0.02525231
v 0.02424943 -0.00075052 0.02525887
v 0.02474986 -0.00025028 0.02515425
v 0.02449587 -0.00000405 0.02521047
v 0.02025705 -0.01324363 0.02526240
v 0.02125034 -0.01174938 0.02525635
v 0.02075060 -0.01224962 0.02527021
v 0.02125034 -0.01124914 0.02527500
v 0.02075678 -0.01324363 0.02517593
v 0.02125995 -0.01274727 0.02510510
v 0.02125034 -0.01224962 0.02520896
v 0.02403870 -0.00674955 0.02503476
v 0.02377235 -0.00722776 0.02509501
v 0.02363918 -0.00774874 0.02508493
v 0.02453019 -0.00475117 0.02502796
v 0.02374970 -0.00674955 0.02516358
v 0.02324996 -0.00774874 0.02522232
v 0.02274954 -0.00874922 0.02523845
v 0.02224981 -0.00974971 0.02525156
v 0.02174939 -0.01074890 0.02526240
v 0.02075060 -0.01274987 0.02524299
v 0.02506013 -0.00121059 0.02478066
v 0.02460707 -0.00375068 0.02507711
v 0.02457550 -0.00425093 0.02506048
v 0.02474986 -0.00000405 0.02515425
v 0.02174939 -0.01024995 0.02527500
v 0.02224981 -0.00924946 0.02527122
v 0.02274954 -0.00824898 0.02526542
v 0.02324996 -0.00724979 0.02524828
v 0.02374970 -0.00525012 0.02524475
v 0.02424943 -0.00425093 0.02519610
v 0.02075060 -0.01324363 0.02517770
v 0.02424943 -0.00475117 0.02515400
v 0.02374970 -0.00625060 0.02520139
v 0.02374970 -0.00575036 0.02522357
f 1444 1445 1449
f 1444 1449 1453
f 1444 1453 1462
f 1444 1462 1479
f 1444 1479 1478
f 1444 1478 1499
f 1444 1499 1527
f 1444 1527 1556
f 1444 1556 1584
f 1444 1584 1620
f 1444 1620 1643
f 1444 1643 1616
f 1444 1616 1582
f 1444 1582 1554
f 1444 1554 1526
f 1444 1526 1524
f 1444 1524 1495
f 1444 1495 1475
f 1444 1475 1459
f 1444 1459 1451
f 1444 1451 1446
f 1444 1446 1447
f 1444 1447 1448
f 1444 1448 1445
f 1445 1448 1450
f 1445 1450 1458
f 1445 1458 1474
f 1445 1474 1492
f 1445 1492 1520
f 1445 1520 1521
f 1445 1521 1510
f 1445 1510 1486
f 1445 1486 1472
f 1445 1472 1471
f 1445 1471 1470
f 1445 1470 1469
f 1445 1469 1468
f 1445 1468 1465
f 1445 1465 1454
f 1445 1454 1449
f 1446 1451 1447
f 1447 1452 1460
f 1447 1460 1476
f 1447 1476 1497
f 1447 1497 1496
f 1447 1496 1525
f 1447 1525 1552
f 1447 1552 1581
f 1447 1581 1615
f 1447 1615 1636
f 1447 1636 1601
f 1447 1601 1574
f 1447 1574 1544
f 1447 1544 1516
f 1447 1516 1490
f 1447 1490 1473
f 1447 1473 1458
f 1447 1458 1450
f 1447 1450 1448
f 1447 1451 1452
f 1449 1454 1455
f 1449 1455 1456
f 1449 1456 1457
f 1449 1457 1453
f 1451 1459 1452
f 1452 1459 1460
f 1453 1461 1462
f 1453 1457 1456
f 1453 1456 1463
f 1453 1463 1464
f 1453 1464 1461
f 1454 1465 1455
f 1455 1466 1467
f 1455 1467 1463
f 1455 1463 1456
f 1455 1465 1468
f 1455 1468 1469
f 1455 1469 1470
f 1455 1470 1471
f 1455 1471 1472
f 1455 1472 1466
f 1458 1473 1491
f 1458 1491 1474
f 1459 1475 1476
f 1459 1476 1460
f 1461 1477 1478
f 1461 1478 1479
f 1461 1479 1462
f 1461 1464 1480
f 1461 1480 1477
f 1463 1467 1481
f 1463 1481 1464
f 1464 1481 1482
f 1464 1482 1483
f 1464 1483 1480
f 1466 1482 1467
f 1466 1472 1484
f 1466 1484 1485
f 1466 1485 1482
f 1467 1482 1481
f 1472 1486 1487
f 1472 1487 1488
f 1472 1488 1489
f 1472 1489 1485
f 1472 1485 1484
f 1473 1490 1517
f 1473 1517 1491
f 1474 1491 1493
f 1474 1493 1494
f 1474 1494 1492
f 1475 1495 1496
f 1475 1496 1497
f 1475 1497 1476
f 1477 1498 1478
f 1477 1480 1498
f 1478 1498 1500
f 1478 1500 1499
f 1480 1483 1501
f 1480 1501 1500
f 1480 1500 1498
f 1482 1485 1502
f 1482 1502 1503
f 1482 1503 1504
f 1482 1504 1483
f 1483 1504 1505
f 1483 1505 1506
f 1483 1506 1507
f 1483 1507 1501
f 1485 1489 1488
f 1485 1488 1508
f 1485 1508 1509
f 1485 1509 1502
f 1486 1510 1494
f 1486 1494 1511
f 1486 1511 1487
f 1487 1511 1512
f 1487 1512 1513
f 1487 1513 1514
f 1487 1514 1488
f 1488 1514 1515
f 1488 1515 1508
f 1490 1516 1545
f 1490 1545 1517
f 1491 1517 1518
f 1491 1518 1519
f 1491 1519 1493
f 1492 1494 1520
f 1493 1519 1494
f 1494 1510 1521
f 1494 1521 1520
f 1494 1519 1522
f 1494 1522 1523
f 1494 1523 1511
f 1495 1524 1496
f 1496 1524 1526
f 1496 1526 1525
f 1499 1500 1527
f 1500 1501 1528
f 1500 1528 1527
f 1501 1507 1529
f 1501 1529 1528
f 1502 1509 1515
f 1502 1515 1530
f 1502 1530 1503
f 1503 1530 1504
f 1504 1530 1531
f 1504 1531 1532
f 1504 1532 1533
f 1504 1533 1505
f 1505 1533 1534
f 1505 1534 1535
f 1505 1535 1506
f 1506 1535 1507
f 1507 1535 1528
f 1507 1528 1529
f 1508 1515 1509
f 1511 1523 1513
f 1511 1513 1512
f 1513 1523 1522
f 1513 1522 1536
f 1513 1536 1537
f 1513 1537 1538
f 1513 1538 1514
f 1514 1538 1539
f 1514 1539 1515
f 1515 1540 1541
f 1515 1541 1542
f 1515 1542 1530
f 1515 1539 1543
f 1515 1543 1540
f 1516 1544 1575
f 1516 1575 1545
f 1517 1545 1518
f 1518 1546 1519
f 1518 1545 1546
f 1519 1546 1547
f 1519 1547 1522
f 1522 1547 1546
f 1522 1546 1548
f 1522 1548 1549
f 1522 1549 1550
f 1522 1550 1536
f 1525 1551 1552
f 1525 1526 1553
f 1525 1553 1554
f 1525 1554 1583
f 1525 1583 1619
f 1525 1619 1637
f 1525 1637 1606
f 1525 1606 1577
f 1525 1577 1551
f 1526 1554 1553
f 1527 1555 1556
f 1527 1528 1555
f 1528 1535 1557
f 1528 1557 1558
f 1528 1558 1555
f 1530 1542 1532
f 1530 1532 1559
f 1530 1559 1560
f 1530 1560 1531
f 1531 1560 1532
f 1532 1560 1559
f 1532 1542 1533
f 1533 1542 1541
f 1533 1541 1561
f 1533 1561 1534
f 1534 1561 1562
f 1534 1562 1563
f 1534 1563 1535
f 1535 1564 1557
f 1535 1563 1565
f 1535 1565 1566
f 1535 1566 1567
f 1535 1567 1564
f 1536 1550 1568
f 1536 1568 1569
f 1536 1569 1570
f 1536 1570 1537
f 1537 1571 1572
f 1537 1572 1539
f 1537 1539 1538
f 1537 1570 1573
f 1537 1573 1571
f 1539 1572 1543
f 1540 1561 1541
f 1540 1543 1561
f 1543 1572 1571
f 1543 1571 1561
f 1544 1574 1602
f 1544 1602 1575
f 1545 1569 1576
f 1545 1576 1550
f 1545 1550 1549
f 1545 1549 1548
f 1545 1548 1546
f 1545 1575 1570
f 1545 1570 1569
f 1550 1576 1568
f 1551 1577 1578
f 1551 1578 1579
f 1551 1579 1580
f 1551 1580 1552
f 1552 1580 1581
f 1554 1582 1583
f 1555 1558 1556
f 1556 1558 1584
f 1557 1585 1586
f 1557 1586 1558
f 1557 1564 1585
f 1558 1586 1584
f 1561 1587 1563
f 1561 1563 1562
f 1561 1571 1588
f 1561 1588 1587
f 1563 1587 1589
f 1563 1589 1590
f 1563 1590 1565
f 1564 1567 1585
f 1565 1567 1566
f 1565 1590 1591
f 1565 1591 1567
f 1567 1591 1592
f 1567 1592 1593
f 1567 1593 1594
f 1567 1594 1585
f 1568 1576 1569
f 1570 1575 1595
f 1570 1595 1596
f 1570 1596 1597
f 1570 1597 1573
f 1571 1573 1598
f 1571 1598 1599
f 1571 1599 1588
f 1573 1597 1600
f 1573 1600 1598
f 1574 1601 1602
f 1575 1602 1603
f 1575 1603 1596
f 1575 1596 1604
f 1575 1604 1605
f 1575 1605 1595
f 1577 1606 1578
f 1578 1607 1579
f 1578 1606 1607
f 1579 1608 1609
f 1579 1609 1610
f 1579 1610 1611
f 1579 1611 1612
f 1579 1612 1613
f 1579 1613 1580
f 1579 1607 1608
f 1580 1613 1614
f 1580 1614 1615
f 1580 1615 1581
f 1582 1616 1617
f 1582 1617 1618
f 1582 1618 1583
f 1583 1618 1619
f 1584 1586 1621
f 1584 1621 1620
f 1585 1622 1620
f 1585 1620 1586
f 1585 1594 1622
f 1586 1620 1621
f 1587 1588 1589
f 1588 1599 1600
f 1588 1600 1589
f 1589 1623 1624
f 1589 1624 1625
f 1589 1625 1590
f 1589 1600 1626
f 1589 1626 1623
f 1590 1625 1591
f 1591 1625 1627
f 1591 1627 1628
f 1591 1628 1592
f 1592 1628 1593
f 1593 1628 1629
f 1593 1629 1630
f 1593 1630 1631
f 1593 1631 1594
f 1594 1631 1617
f 1594 1617 1632
f 1594 1632 1622
f 1595 1605 1596
f 1596 1605 1633
f 1596 1633 1604
f 1596 1603 1634
f 1596 1634 1635
f 1596 1635 1597
f 1597 1635 1626
f 1597 1626 1600
f 1598 1600 1599
f 1601 1636 1614
f 1601 1614 1602
f 1602 1614 1634
f 1602 1634 1603
f 1604 1633 1605
f 1606 1637 1638
f 1606 1638 1639
f 1606 1639 1607
f 1607 1639 1640
f 1607 1640 1608
f 1608 1641 1642
f 1608 1642 1609
f 1608 1640 1641
f 1609 1642 1614
f 1609 1614 1610
f 1610 1614 1611
f 1611 1614 1612
f 1612 1614 1613
f 1614 1636 1615
f 1614 1642 1634
f 1616 1643 1632
f 1616 1632 1617
f 1617 1631 1618
f 1618 1631 1619
f 1619 1631 1637
f 1620 1622 1643
f 1622 1632 1643
f 1623 1627 1624
f 1623 1626 1644
f 1623 1644 1627
f 1624 1627 1625
f 1626 1635 1644
f 1627 1644 1642
f 1627 1642 1645
f 1627 1645 1628
f 1628 1640 1639
f 1628 1639 1629
f 1628 1645 1640
f 1629 1639 1630
f 1630 1639 1631
f 1631 1639 1638
f 1631 1638 1637
f 1634 1642 1635
f 1635 1642 1644
f 1640 1645 1646
f 1640 1646 1641
f 1641 1646 1642
f 1642 1646 1645

o part_10
v -0.01263306 -0.00355703 -0.02304606
v -0.01263306 -0.00355703 -0.02180904
v -0.01263306 -0.00332106 -0.02304970
v -0.01224959 -0.00324972 -0.02308581
v -0.01124887 -0.00324972 -0.02317705
v -0.01224959 -0.00355703 -0.02308089
v 0.00000401 -0.00355703 -0.02234988
v -0.01263306 0.01045755 -0.02149770
v -0.01263306 -0.00324972 -0.02305076
v -0.01263306 -0.00224956 -0.02306530
v -0.01263306 -0.00186678 -0.02307085
v -0.01024938 -0.00274895 -0.02327578
v -0.00974964 -0.00274895 -0.02332129
v -0.00924990 -0.00274895 -0.02336659
v -0.01074913 -0.00324972 -0.02322214
v -0.01174985 -0.00355703 -0.02312534
v 0.00000401 -0.00355703 -0.02359716
v 0.00000401 0.01045755 -0.02205307
v -0.01263306 0.01045755 -0.02285524
v -0.01263306 -0.00174879 -0.02307256
v -0.00924990 -0.00074863 -0.02339608
v -0.00924990 -0.00124940 -0.02338882
v -0.00924990 -0.00224956 -0.02337429
v -0.00874892 -0.00224956 -0.02342001
v -0.00874892 -0.00274895 -0.02341061
v -0.01024938 -0.00324972 -0.02326616
v -0.01124887 -0.00355703 -0.02316979
v -0.00025081 -0.00355703 -0.02359716
v 0.00000401 -0.00350353 -0.02359865
v 0.00000401 0.01045755 -0.02329287
v -0.01263306 0.00410674 -0.02303474
v -0.00695652 0.01045755 -0.02309778
v -0.00625020 0.00924885 -0.02322706
v -0.00525071 0.00774930 -0.02339245
v -0.00525071 0.00724990 -0.02343113
v -0.00575046 0.00674914 -0.02343390
v -0.00625020 0.00624974 -0.02343390
v -0.00674994 0.00574898 -0.02343390
v -0.00674994 0.00524958 -0.02345997
v -0.00724969 0.00524958 -0.02343113
v -0.00724969 0.00474882 -0.02345121
v -0.00774943 0.00424942 -0.02343454
v -0.00824917 0.00325064 -0.02343519
v -0.00874892 0.00275124 -0.02341061
v -0.01024938 0.00325064 -0.02326616
v -0.01174985 0.00374866 -0.02312171
v -0.01263306 -0.00024924 -0.02309414
v -0.01174985 -0.00024924 -0.02317492
v -0.00874892 -0.00124940 -0.02343454
v -0.00974964 -0.00024924 -0.02335762
v -0.00924990 -0.00024924 -0.02340313
v -0.00824917 -0.00274895 -0.02345014
v -0.00824917 -0.00324972 -0.02343519
v -0.00874892 -0.00324972 -0.02339437
v -0.00924990 -0.00324972 -0.02335249
v -0.00974964 -0.00324972 -0.02330954
v -0.01074913 -0.00355703 -0.02321338
v -0.00075055 -0.00355703 -0.02359502
v -0.00025081 -0.00274895 -0.02361853
v 0.00000401 -0.00274895 -0.02361853
v 0.00000401 0.00974961 -0.02335762
v -0.00025081 0.01045755 -0.02329287
v -0.01224959 0.00374866 -0.02307790
v -0.01263306 0.00374866 -0.02304329
v -0.00674994 0.01045755 -0.02310654
v -0.00475097 0.00774930 -0.02341382
v -0.00475097 0.00724990 -0.02345121
v -0.00525071 0.00674914 -0.02345997
v -0.00425123 0.00774930 -0.02343454
v -0.00575046 0.00624974 -0.02346019
v -0.00625020 0.00574898 -0.02346019
v -0.00625020 0.00524958 -0.02347493
v -0.00674994 0.00474882 -0.02347344
v -0.00724969 0.00424942 -0.02346446
v -0.00774943 0.00325064 -0.02346489
v -0.00774943 0.00374866 -0.02345164
v -0.00824917 0.00275124 -0.02345014
v -0.00874892 0.00225048 -0.02342001
v -0.00924990 0.00275124 -0.02336659
v -0.01263306 0.00025016 -0.02309414
v -0.01174985 0.00025016 -0.02317492
v -0.00874892 -0.00074863 -0.02344117
v -0.00824917 -0.00224956 -0.02345720
v -0.00974964 0.00025016 -0.02335762
v -0.00874892 -0.00024924 -0.02344651
v -0.00924990 0.00025016 -0.02340313
v -0.00774943 -0.00274895 -0.02347429
v -0.00774943 -0.00324972 -0.02346489
v -0.00774943 -0.00355703 -0.02345677
v -0.00794116 -0.00355703 -0.02344544
v -0.00824917 -0.00355703 -0.02342236
v -0.00844091 -0.00355703 -0.02340677
v -0.00874892 -0.00355703 -0.02338134
v -0.00924990 -0.00355703 -0.02333988
v -0.00974964 -0.00355703 -0.02329800
v -0.01024938 -0.00355703 -0.02325590
v -0.00125029 -0.00355703 -0.02359160
v -0.00075055 -0.00324972 -0.02360314
v -0.00025081 -0.00174879 -0.02364481
v 0.00000401 -0.00174879 -0.02364481
v 0.00000401 0.00949580 -0.02338070
v -0.00025081 0.00974961 -0.02335762
v -0.00195785 0.01045755 -0.02326830
v -0.00974964 0.00275124 -0.02332129
v -0.01263306 0.00363204 -0.02304521
v -0.00625020 0.01045755 -0.02312769
v -0.00425123 0.01045755 -0.02321167
v -0.00325050 0.00874946 -0.02339437
v -0.00425123 0.00724990 -0.02346446
v -0.00475097 0.00674914 -0.02347344
v -0.00325050 0.00824869 -0.02343519
v -0.00375025 0.00774930 -0.02345164
v -0.00525071 0.00624974 -0.02347493
v -0.00575046 0.00524958 -0.02348455
v -0.00573685 0.00473510 -0.02349438
v -0.00625020 0.00474882 -0.02348412
v -0.00525071 0.00374866 -0.02352109
v -0.00601517 0.00402305 -0.02350015
v -0.00674994 0.00424942 -0.02348006
v -0.00724969 0.00374866 -0.02347429
v -0.00774943 0.00275124 -0.02347429
v -0.00824917 0.00225048 -0.02345720
v -0.00874892 0.00125032 -0.02343454
v -0.00874892 0.00175108 -0.02342728
v -0.01024938 0.00275124 -0.02327578
v -0.01263306 0.00175108 -0.02307256
v -0.00924990 0.00075092 -0.02339608
v -0.00824917 -0.00124940 -0.02346660
v -0.00824917 -0.00024924 -0.02347365
v -0.00824917 -0.00074863 -0.02347066
v -0.00874892 0.00025016 -0.02344651
v -0.00874892 0.00075092 -0.02344117
v -0.00724969 -0.00324972 -0.02348027
v -0.00724969 -0.00355703 -0.02347643
v -0.00744142 -0.00355703 -0.02347066
v -0.00774943 -0.00224956 -0.02347835
v -0.00724969 -0.00224956 -0.02349096
v -0.00694415 -0.00224956 -0.02349865
v -0.00525071 -0.00174879 -0.02354523
v -0.00625020 -0.00224956 -0.02351596
v -0.00575046 -0.00224956 -0.02352814
v -0.00175004 -0.00355703 -0.02358626
v -0.00125029 -0.00324972 -0.02359930
v -0.00075055 -0.00274895 -0.02361596
v -0.00025081 -0.00124940 -0.02365763
v 0.00000401 -0.00124940 -0.02365763
v 0.00000401 0.00924885 -0.02340313
v -0.00025081 0.00924885 -0.02340313
v -0.00125029 0.00874946 -0.02343454
v -0.00245759 0.01045755 -0.02326103
v -0.00225102 0.00874946 -0.02342001
v -0.01224959 0.00325064 -0.02308581
v -0.01263306 0.00313402 -0.02305248
v -0.00395806 0.01045755 -0.02322385
v -0.00325050 0.00924885 -0.02335249
v -0.00275076 0.00874946 -0.02341061
v -0.00375025 0.01024901 -0.02324971
v -0.00375025 0.01045755 -0.02323240
v -0.00375025 0.00724990 -0.02347429
v -0.00325050 0.00774930 -0.02346489
v -0.00475097 0.00624974 -0.02348412
v -0.00425123 0.00674914 -0.02348006
v -0.00402486 0.00601376 -0.02350015
v -0.00375025 0.00524958 -0.02352109
v -0.00275076 0.00824869 -0.02345014
v -0.00473736 0.00573526 -0.02349438
v -0.00525071 0.00574898 -0.02348455
v -0.00525071 0.00424942 -0.02351275
v -0.00175004 0.00175108 -0.02362601
v -0.00375025 0.00325064 -0.02355998
v -0.00325050 0.00275124 -0.02357878
v -0.00225102 0.00175108 -0.02361596
v -0.00375025 0.00275124 -0.02356853
v -0.00325050 0.00225048 -0.02358690
v -0.00125029 0.00075092 -0.02365272
v -0.00225102 0.00125032 -0.02362323
v -0.00375025 0.00225048 -0.02357558
v -0.00525071 0.00275124 -0.02353391
v -0.00625020 0.00275124 -0.02351019
v -0.00724969 0.00325064 -0.02348027
v -0.00575046 0.00225048 -0.02352814
v -0.00425123 0.00175108 -0.02356981
v -0.00475097 0.00175108 -0.02355763
v -0.00525071 0.00175108 -0.02354523
v -0.00694415 0.00225048 -0.02349865
v -0.00724969 0.00225048 -0.02349096
v -0.00774943 0.00225048 -0.02347835
v -0.00824917 0.00075092 -0.02347066
v -0.00824917 0.00125032 -0.02346660
v -0.00824917 0.00175108 -0.02346190
v -0.00924990 0.00175108 -0.02338155
v -0.01224959 0.00275124 -0.02309307
v -0.01263306 0.00213386 -0.02306701
v -0.00425123 -0.00024924 -0.02357900
v -0.00733504 -0.00074863 -0.02349566
v -0.00774943 -0.00124940 -0.02348262
v -0.00824917 0.00025016 -0.02347365
v -0.00625020 -0.00274895 -0.02351019
v -0.00671036 -0.00321953 -0.02349352
v -0.00673510 -0.00355703 -0.02348882
v -0.00694044 -0.00355703 -0.02348391
v -0.00425123 -0.00124940 -0.02357429
v -0.00698992 -0.00194224 -0.02349972
v -0.00175004 -0.00024924 -0.02364481
v -0.00125029 -0.00024924 -0.02365763
v -0.00475097 -0.00174879 -0.02355763
v -0.00375025 -0.00124940 -0.02358690
v -0.00475097 -0.00224956 -0.02355186
v -0.00575046 -0.00324972 -0.02351596
v -0.00625886 -0.00355703 -0.02350015
v -0.00425123 -0.00174879 -0.02356981
v -0.00225102 -0.00355703 -0.02357985
v -0.00175004 -0.00324972 -0.02359353
v -0.00125029 -0.00274895 -0.02361148
v -0.00075055 -0.00174879 -0.02364097
v -0.00025081 -0.00074863 -0.02366981
v 0.00000401 -0.00100382 -0.02366362
v 0.00000401 0.00874946 -0.02344651
v -0.00025081 0.00874946 -0.02344651
v -0.00075055 0.00874946 -0.02344117
v -0.00225102 0.00824869 -0.02345720
v -0.00275076 0.01045755 -0.02325676
v -0.00275076 0.00924885 -0.02336659
v -0.00275076 0.00974961 -0.02332129
v -0.00275076 0.01024901 -0.02327578
v -0.00345832 0.01045755 -0.02324201
v -0.00325050 0.00974961 -0.02330954
v -0.00325050 0.01024901 -0.02326616
v -0.00325050 0.01045755 -0.02324778
v -0.00275076 0.00774930 -0.02347429
v -0.00275076 0.00724990 -0.02348626
v -0.00275076 0.00624974 -0.02351019
v -0.00125029 0.00275124 -0.02361148
v -0.00425123 0.00524958 -0.02351275
v -0.00175004 0.00225048 -0.02361596
v -0.00225102 0.00275124 -0.02359737
v -0.00275076 0.00325064 -0.02357878
v -0.00225102 0.00374866 -0.02357558
v -0.00175004 0.00325064 -0.02359353
v -0.00125029 0.00225048 -0.02362323
v -0.00075055 0.00125032 -0.02365272
v -0.00225102 0.00325064 -0.02358690
v -0.00075055 0.00075092 -0.02366297
v -0.00025081 0.00025016 -0.02368050
v -0.00075055 0.00025016 -0.02366981
v -0.00175004 0.00075092 -0.02364097
v -0.00275076 0.00125032 -0.02361148
v -0.00325050 0.00175108 -0.02359353
v -0.00375025 0.00125032 -0.02358690
v -0.00275076 0.00075092 -0.02361596
v -0.00425123 0.00125032 -0.02357429
v -0.00575046 0.00175108 -0.02353263
v -0.00125029 0.00025016 -0.02365763
v -0.00175004 0.00025016 -0.02364481
v -0.00698992 0.00194316 -0.02349972
v -0.00774943 0.00175108 -0.02348049
v -0.00275076 -0.00024924 -0.02361853
v -0.00625020 -0.00124940 -0.02352216
v -0.00425123 0.00025016 -0.02357900
v -0.00774943 0.00125032 -0.02348262
v -0.00733504 0.00075092 -0.02349566
v -0.00375025 -0.00074863 -0.02359011
v -0.00075055 -0.00024924 -0.02366981
v -0.00175004 -0.00074863 -0.02364097
v -0.00325050 -0.00124940 -0.02359930
v -0.00275076 -0.00124940 -0.02361148
v -0.00593477 -0.00355703 -0.02350784
v -0.00275076 -0.00355703 -0.02357237
v -0.00225102 -0.00324972 -0.02358690
v -0.00125029 -0.00224956 -0.02362323
v -0.00075055 -0.00124940 -0.02365272
v 0.00000401 -0.00050305 -0.02367515
v 0.00000401 -0.00074863 -0.02366981
v -0.00025081 -0.00024924 -0.02368050
v 0.00000401 0.00824869 -0.02347365
v -0.00025081 0.00824869 -0.02347365
v -0.00075055 0.00824869 -0.02347066
v -0.00125029 0.00824869 -0.02346660
v -0.00295857 0.01045755 -0.02325355
v -0.00225102 0.00774930 -0.02347835
v -0.00225102 0.00724990 -0.02349096
v -0.00225102 0.00694395 -0.02349865
v -0.00175004 0.00524958 -0.02354523
v -0.00225102 0.00624974 -0.02351596
v -0.00225102 0.00574898 -0.02352814
v -0.00075055 0.00175108 -0.02364097
v -0.00125029 0.00175108 -0.02363434
v -0.00025081 0.00075092 -0.02366981
v 0.00000401 0.00049711 -0.02367537
v 0.00000401 0.00025016 -0.02368050
v -0.00275076 0.00025016 -0.02361853
v -0.00375025 0.00075092 -0.02359011
v -0.00625020 0.00125032 -0.02352216
v -0.00525071 0.00075092 -0.02355058
v -0.00125029 -0.00074863 -0.02365272
v -0.00225102 -0.00124940 -0.02362323
v -0.00375025 -0.00224956 -0.02357558
v -0.00575046 -0.00355703 -0.02351211
v -0.00325050 -0.00355703 -0.02356361
v -0.00275076 -0.00324972 -0.02357878
v -0.00175004 -0.00224956 -0.02361596
v -0.00075055 -0.00074863 -0.02366297
v 0.00000401 -0.00024924 -0.02368050
v 0.00000401 0.00275124 -0.02361853
v -0.00075055 0.00733496 -0.02349566
v -0.00125029 0.00774930 -0.02348262
v -0.00025081 0.00275124 -0.02361853
v -0.00194301 0.00699060 -0.02349972
v -0.00025081 0.00175108 -0.02364481
v -0.00025081 0.00125032 -0.02365763
v -0.00075055 0.00275124 -0.02361596
v -0.00125029 0.00374866 -0.02358690
v 0.00000401 0.00099650 -0.02366383
v 0.00000401 0.00075092 -0.02366981
v -0.00225102 -0.00174879 -0.02361596
v -0.00325050 -0.00224956 -0.02358690
v -0.00475097 -0.00324972 -0.02353925
v -0.00425123 -0.00274895 -0.02355741
v -0.00525071 -0.00355703 -0.02352365
v -0.00344224 -0.00355703 -0.02355998
v -0.00375025 -0.00324972 -0.02355998
v -0.00175004 -0.00174879 -0.02362601
v 0.00000401 0.00175108 -0.02364481
v -0.00125029 0.00624974 -0.02352216
v 0.00000401 0.00125032 -0.02365763
v -0.00275076 -0.00224956 -0.02359737
v -0.00425123 -0.00324972 -0.02354994
v -0.00375025 -0.00274895 -0.02356853
v -0.00475097 -0.00355703 -0.02353434
v -0.00425123 -0.00355703 -0.02354459
v -0.00325050 -0.00274895 -0.02357878
f 1647 1648 1654
f 1647 1654 1665
f 1647 1665 1677
f 1647 1677 1710
f 1647 1710 1751
f 1647 1751 1799
f 1647 1799 1839
f 1647 1839 1772
f 1647 1772 1726
f 1647 1726 1693
f 1647 1693 1666
f 1647 1666 1657
f 1647 1657 1656
f 1647 1656 1655
f 1647 1655 1649
f 1647 1649 1650
f 1647 1650 1651
f 1647 1651 1652
f 1647 1652 1662
f 1647 1662 1673
f 1647 1673 1703
f 1647 1703 1742
f 1647 1742 1741
f 1647 1741 1740
f 1647 1740 1739
f 1647 1739 1738
f 1647 1738 1737
f 1647 1737 1736
f 1647 1736 1735
f 1647 1735 1781
f 1647 1781 1780
f 1647 1780 1847
f 1647 1847 1846
f 1647 1846 1856
f 1647 1856 1913
f 1647 1913 1944
f 1647 1944 1965
f 1647 1965 1975
f 1647 1975 1976
f 1647 1976 1966
f 1647 1966 1945
f 1647 1945 1914
f 1647 1914 1858
f 1647 1858 1788
f 1647 1788 1743
f 1647 1743 1704
f 1647 1704 1674
f 1647 1674 1663
f 1647 1663 1653
f 1647 1653 1648
f 1648 1653 1654
f 1649 1655 1650
f 1650 1655 1656
f 1650 1656 1657
f 1650 1657 1658
f 1650 1658 1651
f 1651 1658 1659
f 1651 1659 1660
f 1651 1660 1661
f 1651 1661 1652
f 1652 1661 1662
f 1653 1663 1675
f 1653 1675 1706
f 1653 1706 1746
f 1653 1746 1792
f 1653 1792 1863
f 1653 1863 1919
f 1653 1919 1918
f 1653 1918 1949
f 1653 1949 1936
f 1653 1936 1935
f 1653 1935 1960
f 1653 1960 1959
f 1653 1959 1971
f 1653 1971 1969
f 1653 1969 1950
f 1653 1950 1921
f 1653 1921 1864
f 1653 1864 1793
f 1653 1793 1747
f 1653 1747 1707
f 1653 1707 1676
f 1653 1676 1664
f 1653 1664 1654
f 1654 1664 1676
f 1654 1676 1708
f 1654 1708 1749
f 1654 1749 1796
f 1654 1796 1868
f 1654 1868 1925
f 1654 1925 1875
f 1654 1875 1872
f 1654 1872 1804
f 1654 1804 1800
f 1654 1800 1753
f 1654 1753 1752
f 1654 1752 1711
f 1654 1711 1678
f 1654 1678 1665
f 1657 1666 1667
f 1657 1667 1658
f 1658 1667 1668
f 1658 1668 1669
f 1658 1669 1670
f 1658 1670 1659
f 1659 1670 1660
f 1660 1671 1672
f 1660 1672 1661
f 1660 1670 1671
f 1661 1672 1673
f 1661 1673 1662
f 1663 1674 1675
f 1665 1678 1679
f 1665 1679 1680
f 1665 1680 1681
f 1665 1681 1682
f 1665 1682 1683
f 1665 1683 1684
f 1665 1684 1685
f 1665 1685 1686
f 1665 1686 1687
f 1665 1687 1688
f 1665 1688 1689
f 1665 1689 1690
f 1665 1690 1691
f 1665 1691 1692
f 1665 1692 1677
f 1666 1693 1694
f 1666 1694 1667
f 1667 1695 1668
f 1667 1694 1696
f 1667 1696 1697
f 1667 1697 1695
f 1668 1695 1670
f 1668 1670 1669
f 1670 1695 1698
f 1670 1698 1671
f 1671 1698 1699
f 1671 1699 1700
f 1671 1700 1701
f 1671 1701 1702
f 1671 1702 1672
f 1672 1702 1703
f 1672 1703 1673
f 1674 1704 1705
f 1674 1705 1675
f 1675 1705 1706
f 1676 1707 1748
f 1676 1748 1708
f 1677 1692 1709
f 1677 1709 1710
f 1678 1711 1679
f 1679 1712 1680
f 1679 1711 1712
f 1680 1712 1681
f 1681 1713 1714
f 1681 1714 1682
f 1681 1712 1715
f 1681 1715 1713
f 1682 1714 1716
f 1682 1716 1683
f 1683 1716 1717
f 1683 1717 1684
f 1684 1717 1685
f 1685 1718 1719
f 1685 1719 1687
f 1685 1687 1686
f 1685 1717 1718
f 1687 1719 1720
f 1687 1720 1721
f 1687 1721 1722
f 1687 1722 1689
f 1687 1689 1688
f 1689 1723 1690
f 1689 1722 1723
f 1690 1723 1724
f 1690 1724 1725
f 1690 1725 1709
f 1690 1709 1691
f 1691 1709 1692
f 1693 1726 1727
f 1693 1727 1694
f 1694 1727 1730
f 1694 1730 1696
f 1695 1697 1728
f 1695 1728 1729
f 1695 1729 1698
f 1696 1730 1732
f 1696 1732 1697
f 1697 1731 1728
f 1697 1732 1777
f 1697 1777 1731
f 1698 1733 1734
f 1698 1734 1735
f 1698 1735 1736
f 1698 1736 1699
f 1698 1729 1733
f 1699 1736 1737
f 1699 1737 1738
f 1699 1738 1700
f 1700 1738 1739
f 1700 1739 1740
f 1700 1740 1701
f 1701 1740 1741
f 1701 1741 1742
f 1701 1742 1703
f 1701 1703 1702
f 1704 1743 1744
f 1704 1744 1705
f 1705 1744 1745
f 1705 1745 1746
f 1705 1746 1706
f 1707 1747 1748
f 1708 1748 1749
f 1709 1725 1710
f 1710 1725 1750
f 1710 1750 1751
f 1711 1752 1712
f 1712 1752 1753
f 1712 1753 1754
f 1712 1754 1715
f 1713 1755 1756
f 1713 1756 1714
f 1713 1715 1757
f 1713 1757 1758
f 1713 1758 1806
f 1713 1806 1755
f 1714 1756 1759
f 1714 1759 1716
f 1715 1754 1757
f 1716 1759 1718
f 1716 1718 1717
f 1718 1760 1761
f 1718 1761 1762
f 1718 1762 1719
f 1718 1759 1760
f 1719 1762 1763
f 1719 1763 1764
f 1719 1764 1765
f 1719 1765 1766
f 1719 1766 1720
f 1720 1766 1721
f 1721 1767 1723
f 1721 1723 1722
f 1721 1766 1767
f 1723 1767 1768
f 1723 1768 1769
f 1723 1769 1770
f 1723 1770 1724
f 1724 1770 1771
f 1724 1771 1750
f 1724 1750 1725
f 1726 1772 1727
f 1727 1772 1773
f 1727 1773 1730
f 1728 1731 1729
f 1729 1731 1774
f 1729 1774 1733
f 1730 1773 1732
f 1731 1775 1776
f 1731 1776 1774
f 1731 1777 1843
f 1731 1843 1775
f 1732 1773 1769
f 1732 1769 1778
f 1732 1778 1777
f 1733 1779 1780
f 1733 1780 1781
f 1733 1781 1734
f 1733 1774 1782
f 1733 1782 1783
f 1733 1783 1784
f 1733 1784 1785
f 1733 1785 1786
f 1733 1786 1787
f 1733 1787 1779
f 1734 1781 1735
f 1743 1788 1789
f 1743 1789 1791
f 1743 1791 1790
f 1743 1790 1744
f 1744 1790 1791
f 1744 1791 1745
f 1745 1791 1792
f 1745 1792 1746
f 1747 1793 1794
f 1747 1794 1748
f 1748 1794 1795
f 1748 1795 1749
f 1749 1795 1797
f 1749 1797 1796
f 1750 1771 1751
f 1751 1798 1799
f 1751 1771 1798
f 1753 1800 1754
f 1754 1801 1802
f 1754 1802 1757
f 1754 1800 1803
f 1754 1803 1804
f 1754 1804 1801
f 1755 1805 1756
f 1755 1806 1805
f 1756 1807 1759
f 1756 1805 1808
f 1756 1808 1809
f 1756 1809 1810
f 1756 1810 1807
f 1757 1811 1758
f 1757 1802 1811
f 1758 1811 1806
f 1759 1807 1812
f 1759 1812 1813
f 1759 1813 1760
f 1760 1814 1761
f 1760 1813 1815
f 1760 1815 1816
f 1760 1816 1814
f 1761 1814 1762
f 1762 1814 1817
f 1762 1817 1818
f 1762 1818 1819
f 1762 1819 1763
f 1763 1819 1820
f 1763 1820 1764
f 1764 1820 1821
f 1764 1821 1822
f 1764 1822 1823
f 1764 1823 1765
f 1765 1823 1894
f 1765 1894 1824
f 1765 1824 1825
f 1765 1825 1766
f 1766 1825 1826
f 1766 1826 1767
f 1767 1825 1827
f 1767 1827 1828
f 1767 1828 1829
f 1767 1829 1830
f 1767 1830 1831
f 1767 1831 1832
f 1767 1832 1833
f 1767 1833 1834
f 1767 1834 1835
f 1767 1835 1836
f 1767 1836 1768
f 1767 1826 1825
f 1768 1836 1777
f 1768 1777 1778
f 1768 1778 1769
f 1769 1773 1770
f 1770 1837 1771
f 1770 1773 1837
f 1771 1838 1798
f 1771 1837 1773
f 1771 1773 1772
f 1771 1772 1838
f 1772 1839 1838
f 1774 1776 1782
f 1775 1840 1841
f 1775 1841 1842
f 1775 1842 1782
f 1775 1782 1776
f 1775 1843 1905
f 1775 1905 1840
f 1777 1836 1835
f 1777 1835 1834
f 1777 1834 1843
f 1779 1787 1844
f 1779 1844 1845
f 1779 1845 1846
f 1779 1846 1847
f 1779 1847 1780
f 1782 1848 1783
f 1782 1842 1849
f 1782 1849 1850
f 1782 1850 1851
f 1782 1851 1848
f 1783 1848 1785
f 1783 1785 1784
f 1785 1852 1786
f 1785 1848 1853
f 1785 1853 1911
f 1785 1911 1852
f 1786 1852 1857
f 1786 1857 1787
f 1787 1854 1855
f 1787 1855 1856
f 1787 1856 1844
f 1787 1857 1854
f 1788 1858 1859
f 1788 1859 1860
f 1788 1860 1789
f 1789 1860 1861
f 1789 1861 1791
f 1791 1861 1862
f 1791 1862 1863
f 1791 1863 1792
f 1793 1864 1865
f 1793 1865 1794
f 1794 1865 1866
f 1794 1866 1795
f 1795 1866 1867
f 1795 1867 1811
f 1795 1811 1797
f 1796 1797 1868
f 1797 1811 1802
f 1797 1802 1869
f 1797 1869 1870
f 1797 1870 1871
f 1797 1871 1868
f 1798 1838 1799
f 1799 1838 1839
f 1800 1804 1803
f 1801 1804 1872
f 1801 1872 1873
f 1801 1873 1802
f 1802 1873 1874
f 1802 1874 1875
f 1802 1875 1869
f 1805 1806 1876
f 1805 1876 1877
f 1805 1877 1878
f 1805 1878 1879
f 1805 1879 1808
f 1806 1811 1876
f 1807 1880 1812
f 1807 1810 1881
f 1807 1881 1882
f 1807 1882 1883
f 1807 1883 1880
f 1808 1884 1809
f 1808 1879 1885
f 1808 1885 1884
f 1809 1884 1886
f 1809 1886 1887
f 1809 1887 1888
f 1809 1888 1810
f 1810 1888 1881
f 1811 1867 1876
f 1812 1880 1813
f 1813 1880 1815
f 1814 1816 1817
f 1815 1818 1817
f 1815 1817 1816
f 1815 1880 1883
f 1815 1883 1882
f 1815 1882 1881
f 1815 1881 1889
f 1815 1889 1818
f 1818 1889 1821
f 1818 1821 1820
f 1818 1820 1819
f 1821 1889 1890
f 1821 1890 1891
f 1821 1891 1892
f 1821 1892 1893
f 1821 1893 1822
f 1822 1893 1894
f 1822 1894 1823
f 1824 1894 1828
f 1824 1828 1825
f 1825 1828 1827
f 1828 1894 1893
f 1828 1893 1892
f 1828 1892 1829
f 1829 1892 1830
f 1830 1892 1895
f 1830 1895 1899
f 1830 1899 1896
f 1830 1896 1897
f 1830 1897 1898
f 1830 1898 1833
f 1830 1833 1832
f 1830 1832 1831
f 1833 1898 1897
f 1833 1897 1896
f 1833 1896 1899
f 1833 1899 1900
f 1833 1900 1901
f 1833 1901 1902
f 1833 1902 1843
f 1833 1843 1834
f 1840 1903 1904
f 1840 1904 1841
f 1840 1905 1937
f 1840 1937 1903
f 1841 1904 1842
f 1842 1904 1849
f 1843 1902 1906
f 1843 1906 1907
f 1843 1907 1905
f 1844 1856 1845
f 1845 1856 1846
f 1848 1851 1853
f 1849 1904 1908
f 1849 1908 1850
f 1850 1908 1903
f 1850 1903 1937
f 1850 1937 1900
f 1850 1900 1899
f 1850 1899 1851
f 1851 1909 1910
f 1851 1910 1853
f 1851 1899 1891
f 1851 1891 1909
f 1852 1911 1912
f 1852 1912 1857
f 1853 1910 1911
f 1854 1857 1912
f 1854 1912 1913
f 1854 1913 1855
f 1855 1913 1856
f 1858 1914 1915
f 1858 1915 1916
f 1858 1916 1859
f 1859 1916 1860
f 1860 1916 1917
f 1860 1917 1861
f 1861 1917 1862
f 1862 1918 1919
f 1862 1919 1863
f 1862 1917 1920
f 1862 1920 1918
f 1864 1921 1922
f 1864 1922 1865
f 1865 1922 1923
f 1865 1923 1924
f 1865 1924 1867
f 1865 1867 1866
f 1867 1924 1876
f 1868 1871 1925
f 1869 1875 1925
f 1869 1925 1870
f 1870 1925 1871
f 1872 1875 1874
f 1872 1874 1873
f 1876 1924 1923
f 1876 1923 1926
f 1876 1926 1927
f 1876 1927 1928
f 1876 1928 1929
f 1876 1929 1930
f 1876 1930 1879
f 1876 1879 1931
f 1876 1931 1877
f 1877 1931 1878
f 1878 1931 1879
f 1879 1932 1887
f 1879 1887 1886
f 1879 1886 1885
f 1879 1930 1932
f 1881 1933 1889
f 1881 1888 1933
f 1884 1885 1886
f 1887 1932 1934
f 1887 1934 1890
f 1887 1890 1889
f 1887 1889 1933
f 1887 1933 1888
f 1890 1934 1935
f 1890 1935 1936
f 1890 1936 1949
f 1890 1949 1920
f 1890 1920 1909
f 1890 1909 1891
f 1891 1899 1892
f 1892 1899 1895
f 1900 1937 1938
f 1900 1938 1901
f 1901 1938 1939
f 1901 1939 1906
f 1901 1906 1902
f 1903 1908 1904
f 1905 1907 1940
f 1905 1940 1938
f 1905 1938 1937
f 1906 1939 1907
f 1907 1939 1940
f 1909 1920 1941
f 1909 1941 1910
f 1910 1941 1942
f 1910 1942 1912
f 1910 1912 1911
f 1912 1942 1943
f 1912 1943 1913
f 1913 1943 1944
f 1914 1945 1946
f 1914 1946 1947
f 1914 1947 1915
f 1915 1947 1917
f 1915 1917 1916
f 1917 1948 1920
f 1917 1947 1948
f 1918 1920 1949
f 1920 1948 1941
f 1921 1950 1953
f 1921 1953 1922
f 1922 1951 1952
f 1922 1952 1926
f 1922 1926 1923
f 1922 1953 1951
f 1926 1952 1954
f 1926 1954 1955
f 1926 1955 1956
f 1926 1956 1957
f 1926 1957 1927
f 1927 1929 1928
f 1927 1957 1929
f 1929 1958 1932
f 1929 1932 1930
f 1929 1957 1956
f 1929 1956 1958
f 1932 1956 1934
f 1932 1958 1956
f 1934 1956 1959
f 1934 1959 1960
f 1934 1960 1935
f 1938 1940 1939
f 1941 1948 1961
f 1941 1961 1962
f 1941 1962 1942
f 1942 1962 1963
f 1942 1963 1964
f 1942 1964 1943
f 1943 1964 1944
f 1944 1964 1965
f 1945 1966 1967
f 1945 1967 1968
f 1945 1968 1946
f 1946 1968 1947
f 1947 1968 1948
f 1948 1968 1961
f 1950 1969 1955
f 1950 1955 1953
f 1951 1970 1954
f 1951 1954 1952
f 1951 1953 1970
f 1953 1955 1954
f 1953 1954 1970
f 1955 1969 1971
f 1955 1971 1956
f 1956 1971 1959
f 1961 1968 1972
f 1961 1972 1973
f 1961 1973 1974
f 1961 1974 1962
f 1962 1974 1963
f 1963 1974 1973
f 1963 1973 1975
f 1963 1975 1965
f 1963 1965 1964
f 1966 1976 1967
f 1967 1977 1968
f 1967 1976 1977
f 1968 1977 1972
f 1972 1977 1973
f 1973 1977 1976
f 1973 1976 1975

o part_11
v 0.00517361 -0.01605164 -0.02338482
v 0.00517361 -0.01789493 -0.02338482
v 0.00517361 -0.01606121 -0.02425000
v -0.00643456 -0.01606405 -0.02525688
v -0.00693510 -0.01606405 -0.02527500
v -0.00743422 -0.01606405 -0.02526594
v -0.00797424 -0.01606405 -0.02519750
v -0.00824918 -0.01606405 -0.02515322
v -0.00838031 -0.01606405 -0.02512946
v -0.00862846 -0.01606405 -0.02507129
v -0.00863410 -0.01606405 -0.02506666
v -0.00882303 -0.01606405 -0.02475022
v -0.00883431 -0.01606405 -0.02471419
v -0.00885123 -0.01606405 -0.02465098
v -0.00891186 -0.01606405 -0.02442432
v -0.00895839 -0.01606405 -0.02424980
v -0.00909515 -0.01606405 -0.02373266
v -0.00923051 -0.01606405 -0.02321855
v -0.00514163 -0.01606405 -0.02321855
v -0.00272779 -0.01638161 -0.02321855
v 0.00000189 -0.01681011 -0.02321855
v 0.00517361 -0.01779020 -0.02425000
v 0.00000189 -0.01869348 -0.02321855
v 0.00112281 -0.01853677 -0.02338482
v 0.00517361 -0.01607000 -0.02474982
v 0.00517361 -0.01625180 -0.02512665
v -0.00674898 -0.01625025 -0.02527500
v 0.00517361 -0.01675037 -0.02527500
v -0.00724952 -0.01625025 -0.02526091
v -0.00624986 -0.01675037 -0.02526252
v -0.00824918 -0.01615793 -0.02512181
v -0.00624986 -0.01716853 -0.02512504
v -0.00664042 -0.01707233 -0.02507511
v -0.00862705 -0.01606586 -0.02507069
v -0.00597351 -0.01748531 -0.02492797
v -0.00697317 -0.01698208 -0.02490441
v -0.00796719 -0.01647807 -0.02488086
v -0.00877650 -0.01609457 -0.02471419
v -0.00818996 -0.01659496 -0.02321855
v 0.00517361 -0.01772891 -0.02474982
v 0.00175024 -0.01833248 -0.02425000
v 0.00224936 -0.01819258 -0.02474982
v 0.00325466 -0.01803432 -0.02474116
v 0.00025004 -0.01867305 -0.02338482
v 0.00061522 -0.01861642 -0.02338482
v 0.00075622 -0.01859444 -0.02338482
v -0.00025049 -0.01869322 -0.02321855
v -0.00003618 -0.01850497 -0.02500808
v 0.00000330 -0.01850497 -0.02500828
v 0.00003432 -0.01850497 -0.02500828
v 0.00059548 -0.01851505 -0.02425000
v 0.00049961 -0.01849979 -0.02450041
v -0.00574792 -0.01675037 -0.02527500
v 0.00517361 -0.01725024 -0.02524923
v 0.00474922 -0.01725024 -0.02526796
v 0.00424868 -0.01725024 -0.02527500
v -0.00474826 -0.01725024 -0.02526775
v -0.00524879 -0.01725024 -0.02524581
v -0.00524879 -0.01759340 -0.02510833
v -0.00564076 -0.01754893 -0.02506223
v -0.00602427 -0.01751246 -0.02459462
v -0.00621461 -0.01739118 -0.02475666
v -0.00678423 -0.01710595 -0.02474257
v -0.00578316 -0.01757866 -0.02475666
v -0.00620756 -0.01760401 -0.02321855
v -0.00613565 -0.01756936 -0.02375018
v 0.00517361 -0.01759909 -0.02511175
v 0.00309111 -0.01801440 -0.02502217
v 0.00175024 -0.01827145 -0.02474982
v 0.00022043 -0.01851790 -0.02470010
v 0.00025004 -0.01862883 -0.02375018
v -0.00075103 -0.01861565 -0.02321855
v -0.00025049 -0.01868960 -0.02325036
v -0.00022229 -0.01828205 -0.02511477
v -0.00022229 -0.01851815 -0.02470010
v -0.00175069 -0.01827145 -0.02474982
v -0.00224981 -0.01819258 -0.02474982
v -0.00325511 -0.01803457 -0.02474116
v -0.00524879 -0.01771727 -0.02474982
v -0.00309156 -0.01801440 -0.02502197
v -0.00275035 -0.01804130 -0.02505720
v -0.00224981 -0.01808112 -0.02509826
v -0.00175069 -0.01812043 -0.02512624
v -0.00125156 -0.01815327 -0.02513731
v 0.00022043 -0.01828205 -0.02511477
v 0.00124970 -0.01815353 -0.02513731
v 0.00175024 -0.01812043 -0.02512624
v 0.00224936 -0.01808086 -0.02509826
v 0.00274849 -0.01804130 -0.02505720
v 0.00025004 -0.01856832 -0.02425000
v -0.00424913 -0.01725024 -0.02527500
v 0.00474922 -0.01763039 -0.02513047
v 0.00224936 -0.01774986 -0.02523595
v 0.00175024 -0.01774986 -0.02526373
v 0.00124970 -0.01774986 -0.02527500
v -0.00125156 -0.01774986 -0.02527500
v -0.00175069 -0.01774986 -0.02526373
v -0.00224981 -0.01774986 -0.02523575
v -0.00474826 -0.01763039 -0.02513027
v -0.00574792 -0.01778684 -0.02321855
v -0.00574792 -0.01765495 -0.02424980
v -0.00617231 -0.01761823 -0.02321855
v -0.00075103 -0.01861202 -0.02325036
v -0.00170980 -0.01846411 -0.02321855
v -0.00050146 -0.01849979 -0.02450041
v -0.00075103 -0.01818611 -0.02513731
v -0.00447472 -0.01799578 -0.02346695
v -0.00524879 -0.01790321 -0.02321855
v 0.00074917 -0.01818611 -0.02513731
f 1978 1979 1999
f 1978 1999 2017
f 1978 2017 2044
f 1978 2044 2031
f 1978 2031 2005
f 1978 2005 2003
f 1978 2003 2002
f 1978 2002 1980
f 1978 1980 1981
f 1978 1981 1982
f 1978 1982 1983
f 1978 1983 1984
f 1978 1984 1985
f 1978 1985 1986
f 1978 1986 1987
f 1978 1987 1988
f 1978 1988 1989
f 1978 1989 1990
f 1978 1990 1991
f 1978 1991 1992
f 1978 1992 1993
f 1978 1993 1994
f 1978 1994 1995
f 1978 1995 1996
f 1978 1996 1997
f 1978 1997 1998
f 1978 1998 2000
f 1978 2000 1979
f 1979 2000 2001
f 1979 2001 1999
f 1980 2002 1981
f 1981 2002 2003
f 1981 2003 1982
f 1982 2004 1983
f 1982 2003 2005
f 1982 2005 2033
f 1982 2033 2072
f 1982 2072 2073
f 1982 2073 2068
f 1982 2068 2030
f 1982 2030 2004
f 1983 2006 1984
f 1983 2004 2007
f 1983 2007 2006
f 1984 2006 1985
f 1985 2008 1986
f 1985 2006 2009
f 1985 2009 2008
f 1986 2008 1987
f 1987 2008 2010
f 1987 2010 2011
f 1987 2011 1988
f 1988 2011 2012
f 1988 2012 2013
f 1988 2013 2014
f 1988 2014 1989
f 1989 2014 2015
f 1989 2015 1990
f 1990 2015 1991
f 1991 2015 1992
f 1992 2015 1993
f 1993 2015 1994
f 1994 2015 2016
f 1994 2016 1995
f 1995 2016 2042
f 1995 2042 2079
f 1995 2079 2077
f 1995 2077 2085
f 1995 2085 2081
f 1995 2081 2049
f 1995 2049 2024
f 1995 2024 2000
f 1995 2000 1998
f 1995 1998 1997
f 1995 1997 1996
f 1999 2001 2018
f 1999 2018 2019
f 1999 2019 2020
f 1999 2020 2017
f 2000 2021 2022
f 2000 2022 2023
f 2000 2023 2001
f 2000 2024 2025
f 2000 2025 2026
f 2000 2026 2027
f 2000 2027 2021
f 2001 2023 2028
f 2001 2028 2029
f 2001 2029 2018
f 2004 2030 2007
f 2005 2031 2032
f 2005 2032 2033
f 2006 2007 2009
f 2007 2030 2034
f 2007 2034 2035
f 2007 2035 2009
f 2008 2009 2010
f 2009 2035 2036
f 2009 2036 2037
f 2009 2037 2010
f 2010 2037 2012
f 2010 2012 2011
f 2012 2038 2039
f 2012 2039 2040
f 2012 2040 2013
f 2012 2037 2041
f 2012 2041 2038
f 2013 2040 2015
f 2013 2015 2014
f 2015 2040 2016
f 2016 2040 2043
f 2016 2043 2042
f 2017 2020 2019
f 2017 2019 2027
f 2017 2027 2045
f 2017 2045 2044
f 2018 2029 2019
f 2019 2029 2046
f 2019 2046 2027
f 2021 2027 2047
f 2021 2047 2048
f 2021 2048 2029
f 2021 2029 2022
f 2022 2029 2023
f 2023 2029 2028
f 2024 2049 2080
f 2024 2080 2050
f 2024 2050 2025
f 2025 2051 2026
f 2025 2050 2052
f 2025 2052 2053
f 2025 2053 2054
f 2025 2054 2055
f 2025 2055 2056
f 2025 2056 2057
f 2025 2057 2058
f 2025 2058 2059
f 2025 2059 2060
f 2025 2060 2061
f 2025 2061 2051
f 2026 2051 2062
f 2026 2062 2027
f 2027 2062 2063
f 2027 2063 2064
f 2027 2064 2065
f 2027 2065 2066
f 2027 2066 2045
f 2027 2046 2047
f 2029 2048 2067
f 2029 2067 2047
f 2029 2047 2046
f 2030 2068 2034
f 2031 2044 2069
f 2031 2069 2064
f 2031 2064 2070
f 2031 2070 2071
f 2031 2071 2032
f 2032 2071 2072
f 2032 2072 2033
f 2034 2068 2073
f 2034 2073 2074
f 2034 2074 2035
f 2035 2074 2075
f 2035 2075 2060
f 2035 2060 2076
f 2035 2076 2036
f 2036 2076 2060
f 2036 2060 2059
f 2036 2059 2058
f 2036 2058 2057
f 2036 2057 2037
f 2037 2057 2056
f 2037 2056 2041
f 2038 2043 2040
f 2038 2040 2039
f 2038 2041 2077
f 2038 2077 2043
f 2041 2056 2078
f 2041 2078 2077
f 2042 2043 2079
f 2043 2077 2079
f 2044 2045 2066
f 2044 2066 2065
f 2044 2065 2064
f 2044 2064 2069
f 2047 2067 2048
f 2049 2081 2080
f 2050 2080 2082
f 2050 2082 2052
f 2051 2061 2083
f 2051 2083 2073
f 2051 2073 2072
f 2051 2072 2062
f 2052 2082 2053
f 2053 2082 2054
f 2054 2082 2055
f 2055 2082 2081
f 2055 2081 2084
f 2055 2084 2085
f 2055 2085 2056
f 2056 2085 2077
f 2056 2077 2078
f 2060 2075 2074
f 2060 2074 2061
f 2061 2074 2073
f 2061 2073 2083
f 2062 2072 2086
f 2062 2086 2063
f 2063 2086 2072
f 2063 2072 2071
f 2063 2071 2064
f 2064 2071 2070
f 2080 2081 2082
f 2081 2085 2084

o part_12
v 0.00764977 -0.02111876 0.02424979
v 0.00764977 -0.02112635 0.02431054
v 0.00764977 -0.02116311 0.02271046
v 0.00000401 -0.02248349 0.02438158
v 0.00000401 -0.02248349 0.02455504
v 0.00764977 -0.02119547 0.02474181
v 0.00764977 -0.02304401 0.02271046
v 0.00000401 -0.02257019 0.02271046
v 0.00000401 -0.02253902 0.02467805
v 0.00764977 -0.02123981 0.02482591
v 0.00000401 -0.02259655 0.02480507
v 0.00764977 -0.02383344 0.02376655
v 0.00763930 -0.02304920 0.02271046
v 0.00000401 -0.02426531 0.02271046
v 0.00764977 -0.02140601 0.02506313
v 0.00000401 -0.02271960 0.02494791
v 0.00761909 -0.02305919 0.02271046
v 0.00764977 -0.02389097 0.02385467
v 0.00724937 -0.02388897 0.02365208
v 0.00000401 -0.02494208 0.02356899
v 0.00025024 -0.02426531 0.02271046
v 0.00764977 -0.02144996 0.02508196
v 0.00000401 -0.02284665 0.02509526
v 0.00724937 -0.02315947 0.02271046
v 0.00674944 -0.02395210 0.02355292
v 0.00764977 -0.02401042 0.02424979
v 0.00752928 -0.02400883 0.02397642
v 0.00724937 -0.02404318 0.02390211
v 0.00000401 -0.02508551 0.02381902
v 0.00025024 -0.02494208 0.02356899
v 0.00121120 -0.02413507 0.02271046
v 0.00408809 -0.02451700 0.02348791
v 0.00375056 -0.02453818 0.02347335
v 0.00764977 -0.02174320 0.02519216
v 0.00000401 -0.02304520 0.02516304
v 0.00721046 -0.02316626 0.02271046
v 0.00442113 -0.02448105 0.02351803
v 0.00474968 -0.02459251 0.02381701
v 0.00474968 -0.02444110 0.02356698
v 0.00764977 -0.02401122 0.02451438
v 0.00759514 -0.02402840 0.02458868
v 0.00759290 -0.02402800 0.02424979
v 0.00724937 -0.02411590 0.02424979
v 0.00550782 -0.02450182 0.02399449
v 0.00524962 -0.02453259 0.02392470
v 0.00000401 -0.02519977 0.02424979
v 0.00025024 -0.02508551 0.02381902
v 0.00075018 -0.02491851 0.02359962
v 0.00075018 -0.02506593 0.02384964
v 0.00172835 -0.02406196 0.02271046
v 0.00478037 -0.02358375 0.02271046
v 0.00425274 -0.02463206 0.02371082
v 0.00375056 -0.02473274 0.02375024
v 0.00764977 -0.02185027 0.02521952
v 0.00000401 -0.02324975 0.02523283
v 0.00424975 -0.02483501 0.02424979
v 0.00375056 -0.02491891 0.02424979
v 0.00764977 -0.02398446 0.02464391
v 0.00764977 -0.02391414 0.02480131
v 0.00737960 -0.02395449 0.02492205
v 0.00722767 -0.02406436 0.02475311
v 0.00559090 -0.02452140 0.02456785
v 0.00582440 -0.02445788 0.02424979
v 0.00000401 -0.02517020 0.02450383
v 0.00025024 -0.02519977 0.02424979
v 0.00125012 -0.02489614 0.02363702
v 0.00125012 -0.02504596 0.02388705
v 0.00247302 -0.02499762 0.02401884
v 0.00213998 -0.02501080 0.02397039
v 0.00175005 -0.02502638 0.02393148
v 0.00764977 -0.02225018 0.02527099
v 0.00000401 -0.02349585 0.02525367
v 0.00424975 -0.02475791 0.02474984
v 0.00305154 -0.02500361 0.02451287
v 0.00305154 -0.02500361 0.02446568
v 0.00323116 -0.02496805 0.02427941
v 0.00275068 -0.02498683 0.02411323
v 0.00764977 -0.02372477 0.02504079
v 0.00704656 -0.02401003 0.02501041
v 0.00501911 -0.02450422 0.02500439
v 0.00521145 -0.02455216 0.02474056
v 0.00474968 -0.02465284 0.02474984
v 0.00025024 -0.02514104 0.02474984
v 0.00000401 -0.02514104 0.02474984
v 0.00075018 -0.02516062 0.02424979
v 0.00764977 -0.02235046 0.02527400
v 0.00000401 -0.02374994 0.02527475
v 0.00375056 -0.02483142 0.02474984
v 0.00101736 -0.02500081 0.02500113
v 0.00275068 -0.02501559 0.02455103
v 0.00764977 -0.02366485 0.02508673
v 0.00722767 -0.02377272 0.02509501
v 0.00674944 -0.02403839 0.02503476
v 0.00474968 -0.02453059 0.02502773
v 0.00225074 -0.02503517 0.02461328
v 0.00175005 -0.02505515 0.02467278
v 0.00075018 -0.02510508 0.02474984
v 0.00075018 -0.02501000 0.02501067
v 0.00025024 -0.02502678 0.02502698
v 0.00000401 -0.02508311 0.02489067
v 0.00624950 -0.02275037 0.02527475
v 0.00764977 -0.02275037 0.02527475
v 0.00000401 -0.02399564 0.02526998
v 0.00375056 -0.02374994 0.02527475
v 0.00424975 -0.02457533 0.02506037
v 0.00121045 -0.02506034 0.02478072
v 0.00375056 -0.02460689 0.02507719
v 0.00764977 -0.02335003 0.02519794
v 0.00674944 -0.02374994 0.02516354
v 0.00474968 -0.02424973 0.02515400
v 0.00025024 -0.02474992 0.02515426
v 0.00000401 -0.02502678 0.02502698
v 0.00764977 -0.02285024 0.02526948
v 0.00574956 -0.02324975 0.02527475
v 0.00624950 -0.02324975 0.02527425
v 0.00674944 -0.02324975 0.02526597
v 0.00000401 -0.02424973 0.02526471
v 0.00025024 -0.02424973 0.02526471
v 0.00424975 -0.02374994 0.02527325
v 0.00424975 -0.02424973 0.02519618
v 0.00764977 -0.02324975 0.02522756
v 0.00624950 -0.02374994 0.02520145
v 0.00125012 -0.02424973 0.02525216
v 0.00075018 -0.02424973 0.02525893
v 0.00000401 -0.02449583 0.02521049
v 0.00000401 -0.02474992 0.02515426
v 0.00375056 -0.02424973 0.02521450
v 0.00325062 -0.02424973 0.02522354
v 0.00175005 -0.02424973 0.02524513
v 0.00724937 -0.02324975 0.02524839
v 0.00474968 -0.02374994 0.02526346
v 0.00574956 -0.02374994 0.02522354
v 0.00524962 -0.02374994 0.02524488
f 2087 2088 2092
f 2087 2092 2096
f 2087 2096 2101
f 2087 2101 2108
f 2087 2108 2120
f 2087 2120 2140
f 2087 2140 2157
f 2087 2157 2172
f 2087 2172 2188
f 2087 2188 2199
f 2087 2199 2207
f 2087 2207 2194
f 2087 2194 2177
f 2087 2177 2164
f 2087 2164 2145
f 2087 2145 2144
f 2087 2144 2126
f 2087 2126 2112
f 2087 2112 2104
f 2087 2104 2098
f 2087 2098 2093
f 2087 2093 2089
f 2087 2089 2090
f 2087 2090 2091
f 2087 2091 2088
f 2088 2091 2092
f 2089 2093 2099
f 2089 2099 2103
f 2089 2103 2110
f 2089 2110 2122
f 2089 2122 2137
f 2089 2137 2136
f 2089 2136 2117
f 2089 2117 2107
f 2089 2107 2100
f 2089 2100 2094
f 2089 2094 2090
f 2090 2094 2100
f 2090 2100 2106
f 2090 2106 2115
f 2090 2115 2132
f 2090 2132 2150
f 2090 2150 2170
f 2090 2170 2186
f 2090 2186 2198
f 2090 2198 2212
f 2090 2212 2211
f 2090 2211 2203
f 2090 2203 2189
f 2090 2189 2173
f 2090 2173 2158
f 2090 2158 2141
f 2090 2141 2121
f 2090 2121 2109
f 2090 2109 2102
f 2090 2102 2097
f 2090 2097 2095
f 2090 2095 2091
f 2091 2095 2092
f 2092 2095 2097
f 2092 2097 2096
f 2093 2098 2099
f 2096 2097 2101
f 2097 2102 2101
f 2098 2103 2099
f 2098 2104 2105
f 2098 2105 2103
f 2100 2107 2116
f 2100 2116 2106
f 2101 2102 2109
f 2101 2109 2108
f 2103 2105 2111
f 2103 2111 2110
f 2104 2112 2113
f 2104 2113 2105
f 2105 2114 2111
f 2105 2113 2114
f 2106 2116 2133
f 2106 2133 2115
f 2107 2117 2118
f 2107 2118 2119
f 2107 2119 2116
f 2108 2109 2120
f 2109 2121 2120
f 2110 2111 2123
f 2110 2123 2118
f 2110 2118 2122
f 2111 2114 2124
f 2111 2124 2125
f 2111 2125 2123
f 2112 2126 2127
f 2112 2127 2128
f 2112 2128 2113
f 2113 2128 2129
f 2113 2129 2130
f 2113 2130 2114
f 2114 2130 2131
f 2114 2131 2124
f 2115 2133 2151
f 2115 2151 2132
f 2116 2119 2134
f 2116 2134 2135
f 2116 2135 2133
f 2117 2136 2118
f 2118 2137 2122
f 2118 2123 2138
f 2118 2138 2139
f 2118 2139 2134
f 2118 2134 2119
f 2118 2136 2137
f 2120 2121 2141
f 2120 2141 2140
f 2123 2125 2124
f 2123 2124 2138
f 2124 2142 2143
f 2124 2143 2139
f 2124 2139 2138
f 2124 2131 2142
f 2126 2144 2127
f 2127 2129 2128
f 2127 2144 2145
f 2127 2145 2146
f 2127 2146 2147
f 2127 2147 2148
f 2127 2148 2129
f 2129 2148 2149
f 2129 2149 2130
f 2130 2149 2142
f 2130 2142 2131
f 2132 2151 2150
f 2133 2135 2151
f 2134 2152 2153
f 2134 2153 2135
f 2134 2139 2152
f 2135 2153 2151
f 2139 2143 2154
f 2139 2154 2155
f 2139 2155 2156
f 2139 2156 2152
f 2140 2141 2157
f 2141 2158 2157
f 2142 2149 2148
f 2142 2148 2159
f 2142 2159 2160
f 2142 2160 2143
f 2143 2160 2161
f 2143 2161 2162
f 2143 2162 2163
f 2143 2163 2154
f 2145 2164 2146
f 2146 2164 2165
f 2146 2165 2147
f 2147 2165 2166
f 2147 2166 2167
f 2147 2167 2148
f 2148 2167 2168
f 2148 2168 2159
f 2150 2151 2169
f 2150 2169 2170
f 2151 2160 2169
f 2151 2153 2156
f 2151 2156 2155
f 2151 2155 2154
f 2151 2154 2171
f 2151 2171 2161
f 2151 2161 2160
f 2152 2156 2153
f 2154 2163 2171
f 2157 2158 2173
f 2157 2173 2172
f 2159 2168 2166
f 2159 2166 2174
f 2159 2174 2160
f 2160 2174 2175
f 2160 2175 2176
f 2160 2176 2169
f 2161 2171 2162
f 2162 2171 2163
f 2164 2177 2165
f 2165 2177 2178
f 2165 2178 2179
f 2165 2179 2180
f 2165 2180 2166
f 2166 2180 2174
f 2166 2168 2167
f 2169 2176 2181
f 2169 2181 2182
f 2169 2182 2183
f 2169 2183 2175
f 2169 2175 2184
f 2169 2184 2185
f 2169 2185 2186
f 2169 2186 2170
f 2172 2187 2188
f 2172 2173 2187
f 2173 2189 2190
f 2173 2190 2200
f 2173 2200 2188
f 2173 2188 2187
f 2174 2180 2191
f 2174 2191 2175
f 2175 2183 2192
f 2175 2192 2182
f 2175 2182 2181
f 2175 2181 2176
f 2175 2191 2193
f 2175 2193 2184
f 2177 2194 2195
f 2177 2195 2178
f 2178 2195 2179
f 2179 2195 2196
f 2179 2196 2180
f 2180 2196 2191
f 2182 2192 2183
f 2184 2193 2185
f 2185 2197 2212
f 2185 2212 2198
f 2185 2198 2186
f 2185 2193 2197
f 2188 2200 2201
f 2188 2201 2202
f 2188 2202 2199
f 2189 2203 2204
f 2189 2204 2190
f 2190 2204 2205
f 2190 2205 2201
f 2190 2201 2200
f 2191 2196 2206
f 2191 2206 2193
f 2193 2206 2197
f 2194 2207 2195
f 2195 2207 2208
f 2195 2208 2206
f 2195 2206 2196
f 2197 2209 2210
f 2197 2210 2204
f 2197 2204 2211
f 2197 2211 2212
f 2197 2206 2213
f 2197 2213 2214
f 2197 2214 2215
f 2197 2215 2209
f 2199 2202 2216
f 2199 2216 2207
f 2201 2205 2202
f 2202 2205 2217
f 2202 2217 2216
f 2203 2211 2204
f 2204 2210 2205
f 2205 2210 2209
f 2205 2209 2215
f 2205 2215 2214
f 2205 2214 2213
f 2205 2213 2217
f 2206 2208 2218
f 2206 2218 2219
f 2206 2219 2217
f 2206 2217 2213
f 2207 2216 2208
f 2208 2216 2218
f 2216 2217 2219
f 2216 2219 2218

o part_13
v -0.02493725 -0.00355935 0.02426068
v -0.02491085 -0.00355935 0.02441868
v -0.02474981 -0.00355935 0.02375017
v -0.02491877 -0.00375065 0.02425000
v -0.02485541 -0.00355935 0.02473443
v -0.02462969 -0.00355935 0.02357950
v -0.02453796 -0.00375065 0.02347342
v -0.02473265 -0.00375065 0.02375017
v -0.02459274 -0.00475068 0.02381699
v -0.02483495 -0.00425066 0.02425000
v -0.02475773 -0.00425066 0.02474983
v -0.02483099 -0.00375065 0.02474983
v -0.02461517 -0.00355935 0.02508048
v -0.02460725 -0.00375065 0.02507701
v -0.02454654 -0.00355935 0.02346771
v -0.02451684 -0.00408873 0.02348808
v -0.02374927 -0.00355935 0.02273734
v -0.02463167 -0.00425350 0.02371092
v -0.02448120 -0.00442207 0.02351814
v -0.02444094 -0.00475068 0.02356708
v -0.02395188 -0.00675075 0.02355317
v -0.02404296 -0.00725076 0.02390220
v -0.02453268 -0.00525070 0.02392456
v -0.02452146 -0.00559162 0.02456773
v -0.02450166 -0.00550828 0.02399487
v -0.02435580 -0.00625073 0.02425000
v -0.02465279 -0.00475068 0.02474983
v -0.02450364 -0.00501963 0.02500446
v -0.02453004 -0.00475068 0.02502782
v -0.02457491 -0.00425066 0.02506036
v -0.02424954 -0.00355935 0.02521786
v -0.02424954 -0.00375065 0.02521463
v -0.02424954 -0.00425066 0.02519625
v -0.02359879 -0.00478004 0.02273734
v -0.02316320 -0.00725076 0.02273734
v -0.02204847 -0.00355935 0.02273734
v -0.02316122 -0.00725834 0.02273734
v -0.02306024 -0.00762388 0.02273734
v -0.02388853 -0.00725076 0.02365204
v -0.02400864 -0.00753013 0.02397648
v -0.02455248 -0.00521187 0.02474064
v -0.02411556 -0.00725076 0.02425000
v -0.02402844 -0.00759547 0.02458860
v -0.02406408 -0.00722898 0.02475306
v -0.02400996 -0.00704716 0.02501043
v -0.02424954 -0.00475068 0.02515377
v -0.02403834 -0.00675075 0.02503477
v -0.02374993 -0.00355935 0.02527500
v -0.02374993 -0.00425066 0.02527326
v -0.02374993 -0.00375065 0.02527500
v -0.02374993 -0.00475068 0.02526332
v -0.02374993 -0.00675075 0.02516346
v -0.02374993 -0.00625073 0.02520147
v -0.02374993 -0.00575071 0.02522358
v -0.02374993 -0.00525070 0.02524469
v -0.01819479 -0.01323297 0.02424876
v -0.01826805 -0.01323297 0.02273759
v -0.01847000 -0.01294224 0.02273734
v -0.02216727 -0.00355935 0.02425000
v -0.02274872 -0.00825080 0.02273734
v -0.02201679 -0.01153121 0.02348982
v -0.02243457 -0.01084463 0.02357552
v -0.02297642 -0.00944307 0.02352186
v -0.02344765 -0.00837485 0.02355615
v -0.02351365 -0.00804151 0.02349031
v -0.02382385 -0.00771858 0.02378594
v -0.02361397 -0.00822523 0.02373377
v -0.02355391 -0.00862960 0.02388953
v -0.02348461 -0.00896294 0.02412131
v -0.02379679 -0.00825080 0.02425000
v -0.02394990 -0.00784453 0.02425000
v -0.02402778 -0.00759452 0.02425000
v -0.02355589 -0.00871956 0.02471008
v -0.02372221 -0.00825080 0.02474983
v -0.02351299 -0.00853300 0.02501242
v -0.02395452 -0.00738050 0.02492199
v -0.02350507 -0.00901313 0.02451706
v -0.02355787 -0.00825080 0.02504396
v -0.02363905 -0.00775078 0.02508495
v -0.02377237 -0.00722898 0.02509489
v -0.02324965 -0.00355935 0.02527301
v -0.02324965 -0.00425066 0.02527500
v -0.02324965 -0.00375065 0.02527426
v -0.02324965 -0.00675075 0.02526606
v -0.02324965 -0.00625073 0.02527426
v -0.02274938 -0.00775078 0.02527500
v -0.02324965 -0.00725076 0.02524842
v -0.02324965 -0.00825080 0.02517190
v -0.02324965 -0.00775078 0.02522233
v -0.01826409 -0.01323297 0.02476151
v -0.01893530 -0.01323297 0.02273734
v -0.02227881 -0.00355935 0.02474983
v -0.02206299 -0.00960974 0.02273734
v -0.02156074 -0.01060030 0.02273734
v -0.02105717 -0.01158992 0.02273734
v -0.02055161 -0.01257954 0.02273734
v -0.02021172 -0.01323297 0.02273734
v -0.02148352 -0.01247158 0.02351416
v -0.02191581 -0.01186455 0.02359639
v -0.02235141 -0.01125847 0.02374545
v -0.02254148 -0.01109748 0.02390891
v -0.02301272 -0.01003116 0.02396729
v -0.02275928 -0.01074993 0.02425000
v -0.02293154 -0.01033514 0.02425000
v -0.02340211 -0.00920821 0.02427285
v -0.02350507 -0.00901313 0.02445470
v -0.02303384 -0.01008230 0.02459928
v -0.02250188 -0.01100562 0.02500223
v -0.02303582 -0.00959743 0.02503080
v -0.02257778 -0.01118271 0.02425000
v -0.02246889 -0.01143272 0.02425000
v -0.02274938 -0.00355935 0.02518855
v -0.01975039 -0.01275000 0.02527177
v -0.01925011 -0.01323297 0.02525662
v -0.02025066 -0.01224998 0.02527500
v -0.01975039 -0.01323297 0.02527475
v -0.02274938 -0.00825080 0.02526531
v -0.02224977 -0.00924988 0.02527127
v -0.02174950 -0.01024991 0.02527500
v -0.02224977 -0.01074993 0.02515824
v -0.02274938 -0.00924988 0.02519873
v -0.02224977 -0.01024991 0.02521786
v -0.02274938 -0.00874987 0.02523848
v -0.01827069 -0.01323297 0.02477765
v -0.02243787 -0.00355935 0.02505266
v -0.02099777 -0.01323297 0.02351242
v -0.02116672 -0.01323297 0.02373154
v -0.02203263 -0.01205300 0.02392978
v -0.02211051 -0.01171871 0.02375787
v -0.02254808 -0.01111453 0.02474983
v -0.02242269 -0.01136453 0.02474983
v -0.02198379 -0.01197819 0.02497863
v -0.02207289 -0.01164485 0.02504670
v -0.02224383 -0.01120260 0.02507427
v -0.02254280 -0.01074993 0.02503328
v -0.02228541 -0.01174996 0.02425000
v -0.02205507 -0.01208994 0.02464524
v -0.01925011 -0.01275000 0.02521339
v -0.01870760 -0.01323297 0.02513141
v -0.01864952 -0.01323297 0.02511154
v -0.02025066 -0.01275000 0.02527500
v -0.02025066 -0.01323297 0.02526308
v -0.02224977 -0.00974990 0.02525140
v -0.02174950 -0.01074993 0.02526233
v -0.02125054 -0.01124995 0.02527500
v -0.02179042 -0.01178690 0.02512296
v -0.02174950 -0.01124995 0.02522855
v -0.01850894 -0.01301137 0.02498857
v -0.02117728 -0.01323297 0.02374843
v -0.02149606 -0.01299243 0.02403312
v -0.02217123 -0.01178690 0.02478709
v -0.02154556 -0.01257954 0.02503453
v -0.02151850 -0.01302936 0.02454985
v -0.02130994 -0.01323297 0.02473045
v -0.02143336 -0.01291288 0.02488299
v -0.02164654 -0.01224998 0.02507601
v -0.02151850 -0.01302936 0.02436651
v -0.02075027 -0.01224998 0.02527028
v -0.02075027 -0.01323297 0.02517911
v -0.02125054 -0.01174996 0.02525637
v -0.02075027 -0.01275000 0.02524295
v -0.02126044 -0.01274810 0.02510508
v -0.02125054 -0.01224998 0.02520892
v -0.02137066 -0.01323297 0.02420652
v -0.02137396 -0.01323297 0.02422093
v -0.02138320 -0.01321782 0.02421994
v -0.02109281 -0.01323297 0.02505341
v -0.02131258 -0.01323297 0.02471381
v -0.02120962 -0.01323297 0.02488125
f 2220 2221 2224
f 2220 2224 2232
f 2220 2232 2250
f 2220 2250 2267
f 2220 2267 2300
f 2220 2300 2331
f 2220 2331 2344
f 2220 2344 2311
f 2220 2311 2278
f 2220 2278 2255
f 2220 2255 2236
f 2220 2236 2234
f 2220 2234 2225
f 2220 2225 2222
f 2220 2222 2223
f 2220 2223 2221
f 2221 2223 2224
f 2222 2225 2226
f 2222 2226 2227
f 2222 2227 2223
f 2223 2227 2228
f 2223 2228 2229
f 2223 2229 2230
f 2223 2230 2231
f 2223 2231 2224
f 2224 2231 2233
f 2224 2233 2232
f 2225 2234 2226
f 2226 2235 2227
f 2226 2234 2236
f 2226 2236 2235
f 2227 2235 2237
f 2227 2237 2228
f 2228 2237 2238
f 2228 2238 2239
f 2228 2239 2240
f 2228 2240 2241
f 2228 2241 2242
f 2228 2242 2229
f 2229 2243 2230
f 2229 2242 2244
f 2229 2244 2245
f 2229 2245 2243
f 2230 2243 2246
f 2230 2246 2247
f 2230 2247 2231
f 2231 2247 2248
f 2231 2248 2249
f 2231 2249 2233
f 2232 2233 2251
f 2232 2251 2250
f 2233 2249 2252
f 2233 2252 2251
f 2235 2238 2237
f 2235 2236 2253
f 2235 2253 2254
f 2235 2254 2238
f 2236 2255 2277
f 2236 2277 2310
f 2236 2310 2316
f 2236 2316 2315
f 2236 2315 2314
f 2236 2314 2313
f 2236 2313 2312
f 2236 2312 2279
f 2236 2279 2257
f 2236 2257 2256
f 2236 2256 2254
f 2236 2254 2253
f 2238 2254 2240
f 2238 2240 2239
f 2240 2254 2256
f 2240 2256 2257
f 2240 2257 2258
f 2240 2258 2241
f 2241 2258 2259
f 2241 2259 2242
f 2242 2259 2244
f 2243 2260 2246
f 2243 2245 2261
f 2243 2261 2262
f 2243 2262 2263
f 2243 2263 2260
f 2244 2259 2261
f 2244 2261 2245
f 2246 2260 2247
f 2247 2260 2263
f 2247 2263 2264
f 2247 2264 2248
f 2248 2265 2249
f 2248 2264 2266
f 2248 2266 2265
f 2249 2265 2252
f 2250 2251 2268
f 2250 2268 2269
f 2250 2269 2267
f 2251 2252 2270
f 2251 2270 2268
f 2252 2265 2271
f 2252 2271 2272
f 2252 2272 2273
f 2252 2273 2274
f 2252 2274 2270
f 2255 2275 2276
f 2255 2276 2277
f 2255 2278 2275
f 2257 2279 2280
f 2257 2280 2281
f 2257 2281 2282
f 2257 2282 2283
f 2257 2283 2284
f 2257 2284 2258
f 2258 2284 2283
f 2258 2283 2285
f 2258 2285 2259
f 2259 2285 2286
f 2259 2286 2287
f 2259 2287 2288
f 2259 2288 2289
f 2259 2289 2290
f 2259 2290 2291
f 2259 2291 2261
f 2261 2291 2262
f 2262 2292 2293
f 2262 2293 2294
f 2262 2294 2295
f 2262 2295 2263
f 2262 2291 2290
f 2262 2290 2296
f 2262 2296 2292
f 2263 2295 2264
f 2264 2295 2294
f 2264 2294 2297
f 2264 2297 2298
f 2264 2298 2299
f 2264 2299 2266
f 2265 2266 2271
f 2266 2299 2271
f 2267 2269 2305
f 2267 2305 2338
f 2267 2338 2364
f 2267 2364 2360
f 2267 2360 2334
f 2267 2334 2301
f 2267 2301 2302
f 2267 2302 2300
f 2268 2270 2303
f 2268 2303 2304
f 2268 2304 2269
f 2269 2304 2305
f 2270 2274 2306
f 2270 2306 2303
f 2271 2299 2298
f 2271 2298 2307
f 2271 2307 2308
f 2271 2308 2272
f 2272 2308 2306
f 2272 2306 2273
f 2273 2306 2274
f 2275 2309 2343
f 2275 2343 2359
f 2275 2359 2358
f 2275 2358 2333
f 2275 2333 2335
f 2275 2335 2361
f 2275 2361 2378
f 2275 2378 2386
f 2275 2386 2388
f 2275 2388 2373
f 2275 2373 2387
f 2275 2387 2384
f 2275 2384 2383
f 2275 2383 2368
f 2275 2368 2346
f 2275 2346 2345
f 2275 2345 2316
f 2275 2316 2310
f 2275 2310 2276
f 2275 2278 2309
f 2276 2310 2277
f 2278 2311 2309
f 2279 2312 2280
f 2280 2312 2313
f 2280 2313 2314
f 2280 2314 2315
f 2280 2315 2316
f 2280 2316 2317
f 2280 2317 2318
f 2280 2318 2319
f 2280 2319 2281
f 2281 2319 2320
f 2281 2320 2287
f 2281 2287 2283
f 2281 2283 2282
f 2283 2287 2286
f 2283 2286 2285
f 2287 2320 2321
f 2287 2321 2288
f 2288 2321 2322
f 2288 2322 2323
f 2288 2323 2289
f 2289 2323 2324
f 2289 2324 2325
f 2289 2325 2296
f 2289 2296 2290
f 2292 2294 2293
f 2292 2296 2326
f 2292 2326 2327
f 2292 2327 2294
f 2294 2327 2328
f 2294 2328 2297
f 2296 2325 2329
f 2296 2329 2330
f 2296 2330 2326
f 2297 2307 2298
f 2297 2328 2307
f 2300 2302 2332
f 2300 2332 2333
f 2300 2333 2331
f 2301 2334 2335
f 2301 2335 2302
f 2302 2335 2332
f 2303 2306 2336
f 2303 2336 2305
f 2303 2305 2304
f 2305 2336 2337
f 2305 2337 2338
f 2306 2308 2336
f 2307 2328 2339
f 2307 2339 2340
f 2307 2340 2308
f 2308 2340 2341
f 2308 2341 2342
f 2308 2342 2336
f 2309 2311 2343
f 2311 2344 2343
f 2316 2345 2317
f 2317 2345 2346
f 2317 2346 2318
f 2318 2346 2347
f 2318 2347 2348
f 2318 2348 2319
f 2319 2348 2320
f 2320 2348 2347
f 2320 2347 2330
f 2320 2330 2329
f 2320 2329 2321
f 2321 2329 2322
f 2322 2329 2325
f 2322 2325 2323
f 2323 2325 2324
f 2326 2330 2349
f 2326 2349 2327
f 2327 2349 2350
f 2327 2350 2351
f 2327 2351 2352
f 2327 2352 2353
f 2327 2353 2339
f 2327 2339 2354
f 2327 2354 2328
f 2328 2354 2339
f 2330 2350 2349
f 2330 2347 2355
f 2330 2355 2356
f 2330 2356 2350
f 2331 2333 2357
f 2331 2357 2358
f 2331 2358 2359
f 2331 2359 2344
f 2332 2335 2333
f 2333 2358 2357
f 2334 2360 2335
f 2335 2360 2361
f 2336 2342 2362
f 2336 2362 2363
f 2336 2363 2337
f 2337 2363 2338
f 2338 2363 2364
f 2339 2353 2365
f 2339 2365 2366
f 2339 2366 2341
f 2339 2341 2340
f 2341 2366 2363
f 2341 2363 2362
f 2341 2362 2342
f 2343 2367 2359
f 2343 2344 2367
f 2344 2359 2367
f 2346 2368 2347
f 2347 2368 2369
f 2347 2369 2355
f 2350 2356 2370
f 2350 2370 2351
f 2351 2371 2352
f 2351 2370 2356
f 2351 2356 2372
f 2351 2372 2373
f 2351 2373 2374
f 2351 2374 2371
f 2352 2371 2375
f 2352 2375 2365
f 2352 2365 2353
f 2355 2369 2376
f 2355 2376 2372
f 2355 2372 2356
f 2360 2377 2361
f 2360 2364 2377
f 2361 2377 2379
f 2361 2379 2380
f 2361 2380 2378
f 2363 2366 2379
f 2363 2379 2377
f 2363 2377 2364
f 2365 2375 2381
f 2365 2381 2378
f 2365 2378 2382
f 2365 2382 2366
f 2366 2382 2380
f 2366 2380 2379
f 2368 2383 2369
f 2369 2383 2384
f 2369 2384 2385
f 2369 2385 2376
f 2371 2374 2386
f 2371 2386 2375
f 2372 2376 2384
f 2372 2384 2387
f 2372 2387 2373
f 2373 2388 2374
f 2374 2388 2386
f 2375 2386 2381
f 2376 2385 2384
f 2378 2380 2382
f 2378 2381 2386

o part_14
v 0.00000401 -0.01131945 -0.02197485
v 0.00000401 -0.01722505 -0.02041897
v 0.00000401 -0.01131945 -0.02321424
v -0.01166143 -0.01131945 -0.02150984
v -0.01166143 -0.01245328 -0.02041897
v 0.00000401 -0.01903570 -0.02041897
v -0.00025063 -0.01131945 -0.02321424
v 0.00000401 -0.01680959 -0.02321835
v -0.01166143 -0.01193509 -0.02321835
v -0.01166143 -0.01131945 -0.02280595
v -0.01166143 -0.01498155 -0.02041897
v -0.00022665 -0.01903570 -0.02041897
v 0.00000401 -0.01902362 -0.02061928
v -0.00118126 -0.01131945 -0.02320081
v 0.00000401 -0.01869276 -0.02321835
v -0.01166143 -0.01450793 -0.02321835
v -0.00779502 -0.01131945 -0.02299146
v -0.00755180 -0.01131945 -0.02300188
v -0.00721952 -0.01131945 -0.02301585
v -0.00568141 -0.01131945 -0.02308052
v -0.00525092 -0.01131945 -0.02309860
v -0.00425063 -0.01131945 -0.02314053
v -0.00375049 -0.01131945 -0.02315916
v -0.00325034 -0.01131945 -0.02317067
v -0.00318069 -0.01131945 -0.02317177
v -0.00275020 -0.01131945 -0.02317807
v -0.01157122 -0.01507144 -0.02041897
v -0.01166143 -0.01492565 -0.02075026
v -0.01151413 -0.01501555 -0.02108758
v -0.00010218 -0.01901455 -0.02075026
v -0.00000170 -0.01899945 -0.02100099
v 0.00000401 -0.01900020 -0.02099249
v -0.00042762 -0.01900549 -0.02041897
v -0.00046873 -0.01899491 -0.02045925
v 0.00000401 -0.01899869 -0.02100427
v 0.00000059 -0.01899945 -0.02100099
v -0.00025063 -0.01869276 -0.02321835
v -0.01166143 -0.01476854 -0.02168001
v -0.01133371 -0.01483501 -0.02321835
v -0.01138053 -0.01523687 -0.02041897
v -0.01109962 -0.01505709 -0.02321835
v -0.01108364 -0.01507144 -0.02321835
v -0.00025063 -0.01875017 -0.02274978
v -0.00053153 -0.01898963 -0.02041897
v -0.00075648 -0.01895412 -0.02041897
v -0.00141991 -0.01884913 -0.02041897
v -0.00225006 -0.01871769 -0.02041897
v -0.00525092 -0.01824255 -0.02041897
v -0.00075077 -0.01879398 -0.02175016
v -0.00075077 -0.01861571 -0.02321835
v -0.01126634 -0.01533205 -0.02041897
v -0.01105852 -0.01508731 -0.02321835
v -0.01097402 -0.01548615 -0.02090344
v -0.01101398 -0.01550881 -0.02056996
v -0.01102997 -0.01551939 -0.02041897
v -0.01114758 -0.01542723 -0.02041897
v -0.00551583 -0.01800309 -0.02203103
v -0.00539708 -0.01798345 -0.02236451
v -0.00522123 -0.01790791 -0.02321835
v -0.00575106 -0.01814360 -0.02041897
v -0.00275020 -0.01829920 -0.02321835
v -0.01074678 -0.01528069 -0.02321835
v -0.01076163 -0.01565989 -0.02041897
v -0.01088952 -0.01559417 -0.02041897
v -0.01072623 -0.01529202 -0.02321835
v -0.01041906 -0.01545820 -0.02321835
v -0.01050927 -0.01550428 -0.02253495
v -0.01047958 -0.01580417 -0.02041897
v -0.00558435 -0.01802047 -0.02175016
v -0.00592919 -0.01798043 -0.02135475
v -0.00575106 -0.01778705 -0.02321835
v -0.00524978 -0.01790263 -0.02321835
v -0.00584812 -0.01811640 -0.02041897
v -0.00600456 -0.01800234 -0.02102154
v -0.01018955 -0.01557529 -0.02321835
v -0.00987210 -0.01593485 -0.02175016
v -0.00707564 -0.01753853 -0.02041897
v -0.00617356 -0.01761785 -0.02321835
v -0.00608449 -0.01804237 -0.02041897
v -0.00604110 -0.01802047 -0.02075026
v -0.00623408 -0.01759065 -0.02321835
v -0.00620781 -0.01760349 -0.02321835
v -0.00942791 -0.01596355 -0.02321835
v -0.00947130 -0.01598546 -0.02289199
v -0.00672052 -0.01740256 -0.02277773
v -0.00629117 -0.01789356 -0.02075026
v -0.00625006 -0.01795853 -0.02041897
v -0.00620324 -0.01787619 -0.02121280
v -0.00674792 -0.01732929 -0.02321835
f 2389 2390 2394
f 2389 2394 2401
f 2389 2401 2420
f 2389 2420 2423
f 2389 2423 2403
f 2389 2403 2396
f 2389 2396 2391
f 2389 2391 2395
f 2389 2395 2402
f 2389 2402 2414
f 2389 2414 2413
f 2389 2413 2412
f 2389 2412 2411
f 2389 2411 2410
f 2389 2410 2409
f 2389 2409 2408
f 2389 2408 2407
f 2389 2407 2406
f 2389 2406 2405
f 2389 2405 2398
f 2389 2398 2392
f 2389 2392 2393
f 2389 2393 2390
f 2390 2393 2399
f 2390 2399 2415
f 2390 2415 2428
f 2390 2428 2439
f 2390 2439 2444
f 2390 2444 2443
f 2390 2443 2452
f 2390 2452 2451
f 2390 2451 2456
f 2390 2456 2465
f 2390 2465 2475
f 2390 2475 2467
f 2390 2467 2461
f 2390 2461 2448
f 2390 2448 2436
f 2390 2436 2435
f 2390 2435 2434
f 2390 2434 2433
f 2390 2433 2432
f 2390 2432 2421
f 2390 2421 2400
f 2390 2400 2394
f 2391 2396 2397
f 2391 2397 2395
f 2392 2398 2397
f 2392 2397 2404
f 2392 2404 2426
f 2392 2426 2416
f 2392 2416 2399
f 2392 2399 2393
f 2394 2400 2401
f 2395 2397 2402
f 2396 2403 2425
f 2396 2425 2438
f 2396 2438 2449
f 2396 2449 2447
f 2396 2447 2460
f 2396 2460 2459
f 2396 2459 2466
f 2396 2466 2470
f 2396 2470 2469
f 2396 2469 2477
f 2396 2477 2471
f 2396 2471 2463
f 2396 2463 2454
f 2396 2454 2453
f 2396 2453 2450
f 2396 2450 2440
f 2396 2440 2430
f 2396 2430 2429
f 2396 2429 2427
f 2396 2427 2404
f 2396 2404 2397
f 2397 2398 2405
f 2397 2405 2406
f 2397 2406 2407
f 2397 2407 2408
f 2397 2408 2409
f 2397 2409 2410
f 2397 2410 2411
f 2397 2411 2412
f 2397 2412 2413
f 2397 2413 2414
f 2397 2414 2402
f 2399 2416 2417
f 2399 2417 2415
f 2400 2418 2419
f 2400 2419 2420
f 2400 2420 2401
f 2400 2421 2422
f 2400 2422 2418
f 2403 2423 2424
f 2403 2424 2419
f 2403 2419 2425
f 2404 2427 2426
f 2415 2417 2429
f 2415 2429 2430
f 2415 2430 2428
f 2416 2426 2417
f 2417 2426 2427
f 2417 2427 2429
f 2418 2422 2419
f 2419 2424 2420
f 2419 2422 2431
f 2419 2431 2425
f 2420 2424 2423
f 2421 2432 2422
f 2422 2432 2433
f 2422 2433 2434
f 2422 2434 2435
f 2422 2435 2436
f 2422 2436 2437
f 2422 2437 2438
f 2422 2438 2431
f 2425 2431 2438
f 2428 2430 2439
f 2430 2440 2441
f 2430 2441 2442
f 2430 2442 2443
f 2430 2443 2444
f 2430 2444 2439
f 2436 2445 2446
f 2436 2446 2447
f 2436 2447 2437
f 2436 2448 2445
f 2437 2447 2449
f 2437 2449 2438
f 2440 2450 2441
f 2441 2451 2452
f 2441 2452 2442
f 2441 2450 2453
f 2441 2453 2454
f 2441 2454 2455
f 2441 2455 2456
f 2441 2456 2451
f 2442 2452 2443
f 2445 2457 2458
f 2445 2458 2459
f 2445 2459 2460
f 2445 2460 2446
f 2445 2448 2457
f 2446 2460 2447
f 2448 2461 2462
f 2448 2462 2458
f 2448 2458 2457
f 2454 2463 2455
f 2455 2463 2464
f 2455 2464 2456
f 2456 2464 2465
f 2458 2462 2459
f 2459 2462 2466
f 2461 2467 2468
f 2461 2468 2462
f 2462 2468 2469
f 2462 2469 2470
f 2462 2470 2466
f 2463 2471 2472
f 2463 2472 2464
f 2464 2472 2473
f 2464 2473 2465
f 2465 2473 2474
f 2465 2474 2475
f 2467 2475 2468
f 2468 2475 2474
f 2468 2474 2476
f 2468 2476 2469
f 2469 2476 2473
f 2469 2473 2477
f 2471 2477 2472
f 2472 2477 2473
f 2473 2476 2474

o part_15
v 0.00025002 0.01868178 -0.02331483
v 0.00050094 0.01850002 -0.02450041
v 0.00022148 0.01851815 -0.02470034
v 0.00003452 0.01850505 -0.02500830
v 0.00000500 0.01868178 -0.02331483
v 0.00075384 0.01860374 -0.02331483
v 0.00175065 0.01827144 -0.02474985
v 0.00122125 0.01852973 -0.02331483
v 0.00388697 0.01798194 -0.02435114
v 0.00275042 0.01811335 -0.02474985
v 0.00225054 0.01808112 -0.02509848
v 0.00175065 0.01812039 -0.02512630
v 0.00125077 0.01815362 -0.02513743
v 0.00022148 0.01828201 -0.02511498
v 0.00000500 0.01850505 -0.02500830
v 0.00524984 0.01771711 -0.02474985
v 0.00309188 0.01801416 -0.02502230
v 0.00275042 0.01804135 -0.02505742
v 0.00000500 0.01683148 -0.02331483
v 0.00432092 0.01803883 -0.02331483
v 0.00475094 0.01791799 -0.02375019
v 0.00524984 0.01777803 -0.02425002
v 0.00524984 0.01759325 -0.02510846
v 0.00475094 0.01763051 -0.02513033
v 0.00524984 0.01724987 -0.02524603
v 0.00225054 0.01774983 -0.02523586
v 0.00175065 0.01774983 -0.02526387
v 0.00075089 0.01818585 -0.02513743
v 0.00000500 0.01802826 -0.02519135
v 0.00000500 0.01828201 -0.02511498
v 0.00125077 0.01774983 -0.02527481
v 0.00564148 0.01754894 -0.02506241
v 0.00574972 0.01777450 -0.02331483
v 0.00574972 0.01771912 -0.02375019
v 0.00574972 0.01765518 -0.02425002
v 0.00578417 0.01757865 -0.02475695
v 0.01005581 0.01353820 -0.02331483
v 0.00000500 0.01687478 -0.02474985
v 0.01005581 0.01355985 -0.02474985
v 0.00470863 0.01797740 -0.02331483
v 0.00524984 0.01789131 -0.02331483
v 0.00624961 0.01716831 -0.02512515
v 0.00475094 0.01724987 -0.02526790
v 0.00624961 0.01674992 -0.02526272
v 0.00000500 0.01774983 -0.02527481
v 0.00425007 0.01724987 -0.02527481
v 0.00597408 0.01748550 -0.02492829
v 0.00664125 0.01707164 -0.02507526
v 0.00579991 0.01775487 -0.02331483
v 0.00602427 0.01751269 -0.02459481
v 0.01005581 0.01563067 -0.02331483
v 0.00000500 0.01690549 -0.02491294
v 0.01005581 0.01356237 -0.02475599
v 0.00000500 0.01693721 -0.02508121
v 0.00924990 0.01565283 -0.02512016
v 0.00924990 0.01525004 -0.02525773
v 0.00824914 0.01575050 -0.02525946
v 0.00574972 0.01674992 -0.02527481
v 0.00974978 0.01475008 -0.02527481
v 0.00774926 0.01575050 -0.02527481
v 0.00125077 0.01724987 -0.02527059
v 0.00075089 0.01724987 -0.02525255
v 0.00000500 0.01749557 -0.02524641
v 0.01005581 0.01444346 -0.02527481
v 0.00621418 0.01739135 -0.02475695
v 0.00678393 0.01710537 -0.02474275
v 0.00697483 0.01698152 -0.02490450
v 0.00962186 0.01556270 -0.02506855
v 0.00862898 0.01606619 -0.02507085
v 0.00607052 0.01753585 -0.02425002
v 0.00619352 0.01759828 -0.02331483
v 0.00977340 0.01558889 -0.02470015
v 0.00778075 0.01659988 -0.02472855
v 0.01005581 0.01551034 -0.02421260
v 0.00974978 0.01578726 -0.02331483
v 0.01005581 0.01378088 -0.02514050
v 0.00000500 0.01724987 -0.02521859
v 0.01005581 0.01520221 -0.02513167
v 0.01005581 0.01496608 -0.02521341
v 0.01005581 0.01475008 -0.02526330
v 0.01005581 0.01425013 -0.02525965
v 0.00995544 0.01547057 -0.02483369
v 0.01005581 0.01535980 -0.02493117
v 0.00649069 0.01744724 -0.02331483
v 0.00910820 0.01605561 -0.02375019
v 0.00999972 0.01550027 -0.02450041
v 0.01005581 0.01544187 -0.02470015
v 0.01005581 0.01550531 -0.02425002
v 0.01005581 0.01391128 -0.02518924
v 0.01005581 0.01542777 -0.02477863
v 0.01005581 0.01547812 -0.02445014
f 2478 2479 2480
f 2478 2480 2481
f 2478 2481 2492
f 2478 2492 2482
f 2478 2482 2496
f 2478 2496 2514
f 2478 2514 2528
f 2478 2528 2552
f 2478 2552 2561
f 2478 2561 2548
f 2478 2548 2526
f 2478 2526 2510
f 2478 2510 2518
f 2478 2518 2517
f 2478 2517 2497
f 2478 2497 2485
f 2478 2485 2483
f 2478 2483 2479
f 2479 2484 2480
f 2479 2483 2485
f 2479 2485 2486
f 2479 2486 2487
f 2479 2487 2484
f 2480 2484 2481
f 2481 2488 2489
f 2481 2489 2490
f 2481 2490 2491
f 2481 2491 2507
f 2481 2507 2492
f 2481 2484 2487
f 2481 2487 2493
f 2481 2493 2494
f 2481 2494 2495
f 2481 2495 2488
f 2482 2492 2507
f 2482 2507 2506
f 2482 2506 2522
f 2482 2522 2540
f 2482 2540 2554
f 2482 2554 2531
f 2482 2531 2529
f 2482 2529 2515
f 2482 2515 2496
f 2485 2497 2498
f 2485 2498 2486
f 2486 2498 2499
f 2486 2499 2493
f 2486 2493 2487
f 2488 2495 2500
f 2488 2500 2489
f 2489 2500 2501
f 2489 2501 2502
f 2489 2502 2503
f 2489 2503 2504
f 2489 2504 2490
f 2490 2504 2505
f 2490 2505 2491
f 2491 2506 2507
f 2491 2505 2508
f 2491 2508 2506
f 2493 2509 2494
f 2493 2499 2510
f 2493 2510 2511
f 2493 2511 2512
f 2493 2512 2513
f 2493 2513 2509
f 2494 2509 2500
f 2494 2500 2495
f 2496 2515 2516
f 2496 2516 2514
f 2497 2517 2498
f 2498 2517 2518
f 2498 2518 2499
f 2499 2518 2510
f 2500 2509 2519
f 2500 2519 2502
f 2500 2502 2501
f 2502 2520 2504
f 2502 2504 2503
f 2502 2519 2521
f 2502 2521 2520
f 2504 2508 2505
f 2504 2520 2508
f 2506 2508 2522
f 2508 2520 2523
f 2508 2523 2535
f 2508 2535 2537
f 2508 2537 2536
f 2508 2536 2541
f 2508 2541 2522
f 2509 2513 2524
f 2509 2524 2525
f 2509 2525 2519
f 2510 2526 2527
f 2510 2527 2513
f 2510 2513 2511
f 2511 2513 2512
f 2513 2527 2524
f 2514 2516 2530
f 2514 2530 2553
f 2514 2553 2566
f 2514 2566 2558
f 2514 2558 2541
f 2514 2541 2557
f 2514 2557 2556
f 2514 2556 2555
f 2514 2555 2560
f 2514 2560 2567
f 2514 2567 2564
f 2514 2564 2568
f 2514 2568 2565
f 2514 2565 2551
f 2514 2551 2528
f 2515 2529 2516
f 2516 2529 2531
f 2516 2531 2530
f 2519 2525 2532
f 2519 2532 2533
f 2519 2533 2534
f 2519 2534 2521
f 2520 2521 2535
f 2520 2535 2523
f 2521 2534 2536
f 2521 2536 2537
f 2521 2537 2535
f 2522 2538 2539
f 2522 2539 2540
f 2522 2541 2538
f 2524 2527 2542
f 2524 2542 2543
f 2524 2543 2544
f 2524 2544 2545
f 2524 2545 2546
f 2524 2546 2525
f 2525 2546 2532
f 2526 2547 2527
f 2526 2548 2547
f 2527 2543 2542
f 2527 2547 2549
f 2527 2549 2550
f 2527 2550 2543
f 2528 2551 2552
f 2530 2531 2553
f 2531 2554 2553
f 2532 2546 2545
f 2532 2545 2555
f 2532 2555 2556
f 2532 2556 2533
f 2533 2556 2557
f 2533 2557 2536
f 2533 2536 2534
f 2536 2557 2541
f 2538 2541 2558
f 2538 2558 2539
f 2539 2554 2540
f 2539 2558 2554
f 2543 2550 2544
f 2544 2550 2549
f 2544 2549 2559
f 2544 2559 2545
f 2545 2559 2560
f 2545 2560 2555
f 2547 2548 2561
f 2547 2561 2552
f 2547 2552 2562
f 2547 2562 2549
f 2549 2562 2552
f 2549 2552 2563
f 2549 2563 2564
f 2549 2564 2559
f 2551 2565 2563
f 2551 2563 2552
f 2553 2554 2566
f 2554 2558 2566
f 2559 2564 2567
f 2559 2567 2560
f 2563 2565 2568
f 2563 2568 2564

o part_16
v -0.01647738 0.00393634 -0.02109270
v -0.01599313 0.00393634 -0.02150008
v -0.01836884 0.00393634 -0.02109270
v -0.01654539 -0.00355841 -0.02109270
v -0.01599313 -0.00355841 -0.02150376
v -0.01599313 0.00393634 -0.02284341
v -0.01836738 0.00393634 -0.02110580
v -0.01837351 0.00390700 -0.02109270
v -0.01842868 -0.00355841 -0.02109270
v -0.01599313 -0.00355841 -0.02283604
v -0.01629232 0.00393634 -0.02474971
v -0.01599313 -0.00324955 -0.02283727
v -0.01834987 0.00393634 -0.02125033
v -0.01850866 0.00305452 -0.02109270
v -0.01837176 -0.00355841 -0.02156272
v -0.01850545 -0.00307421 -0.02109270
v -0.01637055 -0.00355841 -0.02487171
v -0.01639653 0.00393634 -0.02511450
v -0.01642571 -0.00355841 -0.02509117
v -0.01816802 0.00393634 -0.02275006
v -0.01825822 0.00375000 -0.02225015
v -0.01884871 0.00090719 -0.02109270
v -0.01819050 -0.00355841 -0.02305877
v -0.01851566 -0.00259882 -0.02162987
v -0.01871532 -0.00174928 -0.02109270
v -0.01675001 0.00393634 -0.02525207
v -0.01654072 -0.00355841 -0.02514357
v -0.01675001 -0.00355841 -0.02522874
v -0.01797654 0.00393634 -0.02432922
v -0.01807637 0.00375000 -0.02374988
v -0.01850165 0.00201057 -0.02251423
v -0.01854485 0.00077660 -0.02376954
v -0.01885455 0.00074946 -0.02125033
v -0.01887352 0.00074946 -0.02109270
v -0.01810672 -0.00355841 -0.02374988
v -0.01844707 -0.00220633 -0.02270871
v -0.01879442 -0.00124968 -0.02109270
v -0.01885455 -0.00074934 -0.02125033
v -0.01871474 -0.00124968 -0.02175024
v -0.01725002 0.00393634 -0.02527500
v -0.01694178 -0.00355841 -0.02525535
v -0.01725002 -0.00355841 -0.02527500
v -0.01791583 0.00393634 -0.02474438
v -0.01800806 0.00355265 -0.02456874
v -0.01803433 0.00325480 -0.02474111
v -0.01811344 0.00274933 -0.02474971
v -0.01849990 0.00050003 -0.02450036
v -0.01817415 0.00274933 -0.02424979
v -0.01896226 0.00017723 -0.02109270
v -0.01817415 -0.00274995 -0.02424979
v -0.01800777 -0.00355841 -0.02456505
v -0.01854485 -0.00077649 -0.02376954
v -0.01887352 -0.00074934 -0.02109270
v -0.01889308 -0.00062389 -0.02109270
v -0.01849990 -0.00049991 -0.02450036
v -0.01774974 0.00124979 -0.02527500
v -0.01774974 0.00174939 -0.02526394
v -0.01774974 0.00224973 -0.02523570
v -0.01768581 0.00393634 -0.02513743
v -0.01745872 -0.00355841 -0.02521604
v -0.01774974 -0.00224961 -0.02523570
v -0.01774974 -0.00174928 -0.02526394
v -0.01774974 -0.00124968 -0.02527500
v -0.01801448 0.00309120 -0.02502197
v -0.01798121 0.00342500 -0.02490201
v -0.01850487 0.00003417 -0.02500805
v -0.01819254 0.00224973 -0.02474971
v -0.01827164 0.00174939 -0.02474971
v -0.01851829 0.00021978 -0.02470016
v -0.01897481 0.00009286 -0.02109270
v -0.01811344 -0.00274995 -0.02474971
v -0.01803433 -0.00325468 -0.02474111
v -0.01798121 -0.00342489 -0.02490201
v -0.01796691 -0.00355841 -0.02483200
v -0.01895292 -0.00023654 -0.02109270
v -0.01851829 -0.00022040 -0.02470016
v -0.01827164 -0.00174928 -0.02474971
v -0.01818612 0.00074946 -0.02513743
v -0.01828215 0.00021978 -0.02511492
v -0.01815343 0.00124979 -0.02513743
v -0.01812044 0.00174939 -0.02512638
v -0.01804134 0.00274933 -0.02505719
v -0.01808104 0.00224973 -0.02509813
v -0.01773398 -0.00355841 -0.02513170
v -0.01774974 -0.00274995 -0.02519475
v -0.01812044 -0.00174928 -0.02512638
v -0.01815343 -0.00124968 -0.02513743
v -0.01818612 -0.00074934 -0.02513743
v -0.01828215 -0.00022040 -0.02511492
v -0.01850487 -0.00003406 -0.02500805
v -0.01897481 -0.00009201 -0.02109270
v -0.01801448 -0.00309182 -0.02502197
v -0.01786562 -0.00355841 -0.02499864
v -0.01804134 -0.00274995 -0.02505719
v -0.01808104 -0.00224961 -0.02509813
f 2569 2570 2574
f 2569 2574 2579
f 2569 2579 2586
f 2569 2586 2594
f 2569 2594 2608
f 2569 2608 2627
f 2569 2627 2611
f 2569 2611 2597
f 2569 2597 2588
f 2569 2588 2581
f 2569 2581 2575
f 2569 2575 2571
f 2569 2571 2576
f 2569 2576 2582
f 2569 2582 2590
f 2569 2590 2602
f 2569 2602 2617
f 2569 2617 2638
f 2569 2638 2659
f 2569 2659 2643
f 2569 2643 2622
f 2569 2622 2621
f 2569 2621 2605
f 2569 2605 2593
f 2569 2593 2584
f 2569 2584 2577
f 2569 2577 2572
f 2569 2572 2573
f 2569 2573 2570
f 2570 2573 2578
f 2570 2578 2580
f 2570 2580 2574
f 2571 2575 2576
f 2572 2577 2583
f 2572 2583 2591
f 2572 2591 2603
f 2572 2603 2619
f 2572 2619 2642
f 2572 2642 2661
f 2572 2661 2652
f 2572 2652 2628
f 2572 2628 2610
f 2572 2610 2609
f 2572 2609 2596
f 2572 2596 2595
f 2572 2595 2587
f 2572 2587 2585
f 2572 2585 2578
f 2572 2578 2573
f 2574 2580 2579
f 2575 2581 2582
f 2575 2582 2576
f 2577 2584 2583
f 2578 2585 2579
f 2578 2579 2580
f 2579 2585 2587
f 2579 2587 2586
f 2581 2588 2598
f 2581 2598 2589
f 2581 2589 2582
f 2582 2589 2590
f 2583 2584 2591
f 2584 2592 2591
f 2584 2593 2592
f 2586 2587 2595
f 2586 2595 2596
f 2586 2596 2594
f 2588 2597 2598
f 2589 2598 2599
f 2589 2599 2590
f 2590 2599 2600
f 2590 2600 2601
f 2590 2601 2602
f 2591 2592 2604
f 2591 2604 2603
f 2592 2593 2604
f 2593 2605 2606
f 2593 2606 2607
f 2593 2607 2604
f 2594 2596 2609
f 2594 2609 2610
f 2594 2610 2608
f 2597 2611 2612
f 2597 2612 2613
f 2597 2613 2614
f 2597 2614 2615
f 2597 2615 2616
f 2597 2616 2600
f 2597 2600 2598
f 2598 2600 2599
f 2600 2615 2601
f 2600 2616 2615
f 2601 2615 2617
f 2601 2617 2602
f 2603 2618 2619
f 2603 2604 2618
f 2604 2607 2620
f 2604 2620 2618
f 2605 2621 2606
f 2606 2621 2622
f 2606 2622 2623
f 2606 2623 2620
f 2606 2620 2607
f 2608 2624 2625
f 2608 2625 2626
f 2608 2626 2627
f 2608 2610 2631
f 2608 2631 2624
f 2610 2628 2629
f 2610 2629 2630
f 2610 2630 2631
f 2611 2627 2632
f 2611 2632 2633
f 2611 2633 2613
f 2611 2613 2612
f 2613 2633 2634
f 2613 2634 2614
f 2614 2635 2615
f 2614 2634 2635
f 2615 2635 2636
f 2615 2636 2637
f 2615 2637 2617
f 2617 2637 2638
f 2618 2639 2619
f 2618 2620 2623
f 2618 2623 2639
f 2619 2640 2641
f 2619 2641 2642
f 2619 2639 2640
f 2622 2643 2623
f 2623 2643 2644
f 2623 2644 2645
f 2623 2645 2639
f 2624 2646 2625
f 2624 2631 2657
f 2624 2657 2647
f 2624 2647 2646
f 2625 2646 2648
f 2625 2648 2649
f 2625 2649 2626
f 2626 2649 2627
f 2627 2650 2632
f 2627 2649 2651
f 2627 2651 2650
f 2628 2652 2653
f 2628 2653 2629
f 2629 2653 2654
f 2629 2654 2630
f 2630 2654 2655
f 2630 2655 2656
f 2630 2656 2631
f 2631 2656 2657
f 2632 2650 2634
f 2632 2634 2633
f 2634 2658 2659
f 2634 2659 2638
f 2634 2638 2637
f 2634 2637 2636
f 2634 2636 2635
f 2634 2650 2651
f 2634 2651 2649
f 2634 2649 2648
f 2634 2648 2647
f 2634 2647 2657
f 2634 2657 2658
f 2639 2645 2658
f 2639 2658 2640
f 2640 2658 2641
f 2641 2660 2661
f 2641 2661 2642
f 2641 2658 2660
f 2643 2659 2644
f 2644 2659 2658
f 2644 2658 2645
f 2646 2647 2648
f 2652 2661 2660
f 2652 2660 2662
f 2652 2662 2663
f 2652 2663 2654
f 2652 2654 2653
f 2654 2658 2655
f 2654 2663 2658
f 2655 2658 2657
f 2655 2657 2656
f 2658 2663 2662
f 2658 2662 2660

o part_17
v 0.00009278 0.01897425 -0.02109229
v 0.00000534 0.01897425 -0.02109229
v 0.00023719 0.01895289 -0.02109229
v 0.00020142 0.01894521 -0.02120063
v 0.00025044 0.01868123 -0.02331483
v 0.00000534 0.01868123 -0.02331483
v 0.00000534 0.01707688 -0.02109229
v 0.00062539 0.01889309 -0.02109229
v 0.00075125 0.01873334 -0.02224990
v 0.00075125 0.01861203 -0.02325000
v 0.00075390 0.01860349 -0.02331483
v 0.00000534 0.01683170 -0.02331483
v 0.00000534 0.01024770 -0.02207194
v 0.01353914 0.01033996 -0.02109229
v 0.00075125 0.01887345 -0.02109229
v 0.00260213 0.01858043 -0.02109229
v 0.00525060 0.01816097 -0.02109229
v 0.00225103 0.01837454 -0.02325000
v 0.00281544 0.01827715 -0.02331483
v 0.00000534 0.01024770 -0.02331200
v 0.01335365 0.01024770 -0.02331483
v 0.01353914 0.01024770 -0.02115364
v 0.01353914 0.01027675 -0.02113428
v 0.01353914 0.01298997 -0.02109229
v 0.00575671 0.01805760 -0.02109229
v 0.00551557 0.01800378 -0.02203126
v 0.00539766 0.01798328 -0.02236455
v 0.00523867 0.01796192 -0.02274919
v 0.00470871 0.01797730 -0.02331483
v 0.00432052 0.01803881 -0.02331483
v 0.01353914 0.01024770 -0.02331483
v 0.01353914 0.01298826 -0.02110469
v 0.01252162 0.01400742 -0.02109229
v 0.00591437 0.01801745 -0.02109229
v 0.00525060 0.01789102 -0.02331483
v 0.00593027 0.01797986 -0.02135488
v 0.00575008 0.01778252 -0.02325000
v 0.00575008 0.01777398 -0.02331483
v 0.01353914 0.01261408 -0.02331483
v 0.01353914 0.01294042 -0.02138773
v 0.01195854 0.01445934 -0.02175017
v 0.01152132 0.01500694 -0.02109229
v 0.00607998 0.01795594 -0.02109229
v 0.00619392 0.01759799 -0.02331483
v 0.00580043 0.01775518 -0.02331483
v 0.01283164 0.01333254 -0.02325000
v 0.01353914 0.01270976 -0.02274984
v 0.01182605 0.01432693 -0.02331483
v 0.01158094 0.01458236 -0.02325000
v 0.01135836 0.01479337 -0.02331483
v 0.01129344 0.01485744 -0.02331483
v 0.01107616 0.01506418 -0.02331483
v 0.01150807 0.01501890 -0.02109229
v 0.00620320 0.01760312 -0.02325000
v 0.00983076 0.01604404 -0.02109229
v 0.00671725 0.01760995 -0.02125002
v 0.00641253 0.01748779 -0.02331483
v 0.01078733 0.01524358 -0.02331483
v 0.01094897 0.01547253 -0.02109229
v 0.01114505 0.01531875 -0.02109229
v 0.01126562 0.01522393 -0.02109229
v 0.01053030 0.01568695 -0.02109229
v 0.01067869 0.01559042 -0.02125002
v 0.01061245 0.01555710 -0.02175017
v 0.01054620 0.01552378 -0.02224990
v 0.00974994 0.01579545 -0.02325000
v 0.01037396 0.01546825 -0.02331483
v 0.01074891 0.01526579 -0.02331483
v 0.01074891 0.01527519 -0.02325000
v 0.01040576 0.01545202 -0.02331483
v 0.01081250 0.01554258 -0.02109229
f 2664 2665 2670
f 2664 2670 2677
f 2664 2677 2687
f 2664 2687 2696
f 2664 2696 2705
f 2664 2705 2716
f 2664 2716 2724
f 2664 2724 2723
f 2664 2723 2722
f 2664 2722 2734
f 2664 2734 2725
f 2664 2725 2718
f 2664 2718 2706
f 2664 2706 2697
f 2664 2697 2688
f 2664 2688 2680
f 2664 2680 2679
f 2664 2679 2678
f 2664 2678 2671
f 2664 2671 2666
f 2664 2666 2667
f 2664 2667 2668
f 2664 2668 2669
f 2664 2669 2665
f 2665 2669 2675
f 2665 2675 2683
f 2665 2683 2676
f 2665 2676 2670
f 2666 2671 2672
f 2666 2672 2673
f 2666 2673 2668
f 2666 2668 2667
f 2668 2673 2674
f 2668 2674 2682
f 2668 2682 2693
f 2668 2693 2692
f 2668 2692 2698
f 2668 2698 2701
f 2668 2701 2708
f 2668 2708 2707
f 2668 2707 2720
f 2668 2720 2730
f 2668 2730 2733
f 2668 2733 2731
f 2668 2731 2721
f 2668 2721 2715
f 2668 2715 2714
f 2668 2714 2713
f 2668 2713 2711
f 2668 2711 2702
f 2668 2702 2694
f 2668 2694 2684
f 2668 2684 2675
f 2668 2675 2669
f 2670 2676 2677
f 2671 2678 2672
f 2672 2678 2679
f 2672 2679 2680
f 2672 2680 2681
f 2672 2681 2673
f 2673 2681 2682
f 2673 2682 2674
f 2675 2684 2683
f 2676 2685 2686
f 2676 2686 2677
f 2676 2683 2684
f 2676 2684 2694
f 2676 2694 2685
f 2677 2686 2685
f 2677 2685 2694
f 2677 2694 2702
f 2677 2702 2710
f 2677 2710 2703
f 2677 2703 2695
f 2677 2695 2687
f 2680 2688 2689
f 2680 2689 2690
f 2680 2690 2691
f 2680 2691 2692
f 2680 2692 2693
f 2680 2693 2681
f 2681 2693 2682
f 2687 2695 2696
f 2688 2697 2689
f 2689 2698 2690
f 2689 2697 2699
f 2689 2699 2700
f 2689 2700 2701
f 2689 2701 2698
f 2690 2698 2691
f 2691 2698 2692
f 2695 2703 2704
f 2695 2704 2696
f 2696 2704 2705
f 2697 2706 2699
f 2699 2706 2707
f 2699 2707 2708
f 2699 2708 2701
f 2699 2701 2700
f 2702 2709 2710
f 2702 2711 2709
f 2703 2710 2709
f 2703 2709 2704
f 2704 2709 2711
f 2704 2711 2705
f 2705 2711 2712
f 2705 2712 2713
f 2705 2713 2714
f 2705 2714 2715
f 2705 2715 2716
f 2706 2717 2707
f 2706 2718 2719
f 2706 2719 2720
f 2706 2720 2717
f 2707 2717 2720
f 2711 2713 2712
f 2715 2721 2722
f 2715 2722 2723
f 2715 2723 2724
f 2715 2724 2716
f 2718 2725 2726
f 2718 2726 2727
f 2718 2727 2728
f 2718 2728 2729
f 2718 2729 2719
f 2719 2729 2720
f 2720 2729 2730
f 2721 2731 2722
f 2722 2731 2732
f 2722 2732 2733
f 2722 2733 2728
f 2722 2728 2727
f 2722 2727 2726
f 2722 2726 2734
f 2725 2734 2726
f 2728 2733 2730
f 2728 2730 2729
f 2731 2733 2732

o part_18
v 0.02017777 0.00958628 0.02271046
v 0.02027806 0.00958628 0.02424979
v 0.02207100 0.00958628 0.02271046
v 0.02257049 -0.00000405 0.02271046
v 0.02248347 -0.00000405 0.02438158
v 0.02248347 -0.00000405 0.02455504
v 0.02038671 0.00958628 0.02475286
v 0.02294510 0.00958628 0.02356623
v 0.02297607 0.00944265 0.02352180
v 0.02274501 0.00824949 0.02271046
v 0.02426510 -0.00000405 0.02271046
v 0.02253902 -0.00000405 0.02467805
v 0.02044177 0.00958628 0.02491427
v 0.02310291 0.00958628 0.02381475
v 0.02355373 0.00862969 0.02388956
v 0.02344754 0.00837435 0.02355619
v 0.02305867 0.00761959 0.02271046
v 0.02426510 0.00025036 0.02271046
v 0.02494207 -0.00000405 0.02356899
v 0.02259654 -0.00000405 0.02480507
v 0.02050224 0.00950273 0.02499736
v 0.02058532 0.00958628 0.02505033
v 0.02317125 0.00958628 0.02398947
v 0.02361420 0.00822415 0.02373367
v 0.02348441 0.00896295 0.02412126
v 0.02400848 0.00752947 0.02397642
v 0.02382412 0.00771722 0.02378588
v 0.02388852 0.00724972 0.02365208
v 0.02351342 0.00804109 0.02349042
v 0.02395243 0.00674936 0.02355292
v 0.02315404 0.00727319 0.02271046
v 0.02494207 0.00025036 0.02356899
v 0.02412893 0.00125201 0.02271046
v 0.02451681 0.00408893 0.02348791
v 0.02453795 0.00375004 0.02347335
v 0.02508562 -0.00000405 0.02381902
v 0.02271896 -0.00000405 0.02494791
v 0.02284629 -0.00000405 0.02509526
v 0.02073182 0.00958628 0.02511660
v 0.02324302 0.00958628 0.02425682
v 0.02379659 0.00824949 0.02424979
v 0.02404289 0.00724972 0.02390211
v 0.02394998 0.00784301 0.02424979
v 0.02402765 0.00759330 0.02424979
v 0.02411614 0.00724972 0.02424979
v 0.02450157 0.00550739 0.02399449
v 0.02459252 0.00475075 0.02381701
v 0.02444111 0.00475075 0.02356698
v 0.02448093 0.00442219 0.02351803
v 0.02315945 0.00724972 0.02271046
v 0.02508562 0.00025036 0.02381902
v 0.02491847 0.00075071 0.02359962
v 0.02506596 0.00075071 0.02384964
v 0.02405961 0.00173922 0.02271046
v 0.02358273 0.00478736 0.02271046
v 0.02463185 0.00425321 0.02371082
v 0.02473264 0.00375004 0.02375024
v 0.02489635 0.00125013 0.02363702
v 0.02520017 -0.00000405 0.02424979
v 0.02304441 -0.00000405 0.02516304
v 0.02125048 0.00958628 0.02525216
v 0.02324991 -0.00000405 0.02523283
v 0.02317666 0.00958628 0.02474407
v 0.02350555 0.00901364 0.02451714
v 0.02350555 0.00901364 0.02445463
v 0.02453255 0.00524923 0.02392470
v 0.02402814 0.00759518 0.02458868
v 0.02452124 0.00559094 0.02456785
v 0.02483489 0.00425039 0.02424979
v 0.02491896 0.00375004 0.02424979
v 0.02520017 0.00025036 0.02424979
v 0.02504580 0.00125013 0.02388705
v 0.02499762 0.00247333 0.02401884
v 0.02501089 0.00214007 0.02397039
v 0.02502613 0.00175049 0.02393148
v 0.02514117 -0.00000405 0.02474984
v 0.02175046 0.00924927 0.02527475
v 0.02175046 0.00958628 0.02527475
v 0.02374989 -0.00000405 0.02527475
v 0.02303753 0.00958628 0.02503175
v 0.02351292 0.00853300 0.02501242
v 0.02355569 0.00871981 0.02471018
v 0.02395440 0.00738021 0.02492205
v 0.02406403 0.00722813 0.02475311
v 0.02372186 0.00824949 0.02474984
v 0.02455221 0.00521074 0.02474056
v 0.02465299 0.00475075 0.02474984
v 0.02475771 0.00425039 0.02474984
v 0.02500352 0.00305160 0.02451287
v 0.02500352 0.00305160 0.02446568
v 0.02496812 0.00323091 0.02427941
v 0.02498680 0.00275026 0.02411323
v 0.02514117 0.00025036 0.02474984
v 0.02516084 0.00075071 0.02424979
v 0.02508316 -0.00000405 0.02489067
v 0.02225044 0.00874985 0.02527475
v 0.02225044 0.00924927 0.02527124
v 0.02225044 0.00958628 0.02525793
v 0.02399570 -0.00000405 0.02526998
v 0.02374989 0.00375004 0.02527475
v 0.02302622 0.00958628 0.02503627
v 0.02324991 0.00824949 0.02517183
v 0.02355815 0.00824949 0.02504405
v 0.02400995 0.00704601 0.02501041
v 0.02450403 0.00501924 0.02500439
v 0.02483145 0.00375004 0.02474984
v 0.02500106 0.00101732 0.02500113
v 0.02501532 0.00275026 0.02455103
v 0.02502663 0.00025036 0.02502698
v 0.02503498 0.00225084 0.02461328
v 0.02505514 0.00175049 0.02467278
v 0.02510479 0.00075071 0.02474984
v 0.02500991 0.00075071 0.02501067
v 0.02502663 -0.00000405 0.02502698
v 0.02274993 0.00774914 0.02527475
v 0.02274993 0.00824949 0.02526546
v 0.02276615 0.00958628 0.02513995
v 0.02274993 0.00874985 0.02523835
v 0.02274993 0.00924927 0.02519869
v 0.02424986 -0.00000405 0.02526471
v 0.02424986 0.00025036 0.02526471
v 0.02374989 0.00425039 0.02527325
v 0.02324991 0.00624994 0.02527425
v 0.02324991 0.00774914 0.02522228
v 0.02374989 0.00674936 0.02516354
v 0.02363927 0.00774914 0.02508472
v 0.02377250 0.00722813 0.02509501
v 0.02403847 0.00674936 0.02503476
v 0.02453058 0.00475075 0.02502773
v 0.02457532 0.00425039 0.02506037
v 0.02506055 0.00121070 0.02478072
v 0.02460678 0.00375004 0.02507719
v 0.02474984 0.00025036 0.02515426
v 0.02488602 -0.00000405 0.02509175
v 0.02324991 0.00674936 0.02526597
v 0.02324991 0.00724972 0.02524839
v 0.02449568 -0.00000405 0.02521049
v 0.02424986 0.00075071 0.02525893
v 0.02424986 0.00125013 0.02525216
v 0.02424986 0.00175049 0.02524513
v 0.02424986 0.00325062 0.02522354
v 0.02424986 0.00375004 0.02521450
v 0.02374989 0.00475075 0.02526346
v 0.02374989 0.00624994 0.02520145
v 0.02424986 0.00425039 0.02519618
v 0.02424986 0.00475075 0.02515400
v 0.02474984 -0.00000405 0.02515426
v 0.02374989 0.00524923 0.02524488
v 0.02374989 0.00574959 0.02522354
f 2735 2736 2741
f 2735 2741 2747
f 2735 2747 2756
f 2735 2756 2773
f 2735 2773 2795
f 2735 2795 2812
f 2735 2812 2832
f 2735 2832 2851
f 2735 2851 2835
f 2735 2835 2814
f 2735 2814 2797
f 2735 2797 2774
f 2735 2774 2757
f 2735 2757 2748
f 2735 2748 2742
f 2735 2742 2737
f 2735 2737 2744
f 2735 2744 2751
f 2735 2751 2765
f 2735 2765 2784
f 2735 2784 2789
f 2735 2789 2788
f 2735 2788 2767
f 2735 2767 2752
f 2735 2752 2745
f 2735 2745 2738
f 2735 2738 2739
f 2735 2739 2740
f 2735 2740 2736
f 2736 2740 2741
f 2737 2742 2743
f 2737 2743 2744
f 2738 2745 2753
f 2738 2753 2770
f 2738 2770 2793
f 2738 2793 2810
f 2738 2810 2829
f 2738 2829 2848
f 2738 2848 2868
f 2738 2868 2881
f 2738 2881 2871
f 2738 2871 2854
f 2738 2854 2833
f 2738 2833 2813
f 2738 2813 2796
f 2738 2796 2794
f 2738 2794 2772
f 2738 2772 2771
f 2738 2771 2754
f 2738 2754 2746
f 2738 2746 2740
f 2738 2740 2739
f 2740 2746 2747
f 2740 2747 2741
f 2742 2748 2749
f 2742 2749 2750
f 2742 2750 2743
f 2743 2750 2751
f 2743 2751 2744
f 2745 2752 2766
f 2745 2766 2753
f 2746 2754 2747
f 2747 2755 2756
f 2747 2754 2755
f 2748 2757 2749
f 2749 2758 2750
f 2749 2757 2759
f 2749 2759 2760
f 2749 2760 2758
f 2750 2758 2761
f 2750 2761 2762
f 2750 2762 2763
f 2750 2763 2751
f 2751 2762 2764
f 2751 2764 2765
f 2751 2763 2762
f 2752 2767 2768
f 2752 2768 2769
f 2752 2769 2766
f 2753 2766 2785
f 2753 2785 2770
f 2754 2771 2755
f 2755 2771 2772
f 2755 2772 2756
f 2756 2772 2773
f 2757 2774 2759
f 2758 2760 2761
f 2759 2775 2760
f 2759 2774 2775
f 2760 2776 2762
f 2760 2762 2761
f 2760 2775 2777
f 2760 2777 2778
f 2760 2778 2779
f 2760 2779 2780
f 2760 2780 2776
f 2762 2776 2764
f 2764 2776 2781
f 2764 2781 2782
f 2764 2782 2783
f 2764 2783 2765
f 2765 2783 2784
f 2766 2769 2786
f 2766 2786 2787
f 2766 2787 2785
f 2767 2788 2768
f 2768 2789 2784
f 2768 2784 2783
f 2768 2783 2790
f 2768 2790 2791
f 2768 2791 2792
f 2768 2792 2786
f 2768 2786 2769
f 2768 2788 2789
f 2770 2785 2805
f 2770 2805 2793
f 2772 2794 2773
f 2773 2794 2796
f 2773 2796 2795
f 2774 2797 2798
f 2774 2798 2799
f 2774 2799 2775
f 2775 2799 2798
f 2775 2798 2777
f 2776 2780 2800
f 2776 2800 2781
f 2777 2801 2778
f 2777 2798 2801
f 2778 2801 2779
f 2779 2801 2802
f 2779 2802 2803
f 2779 2803 2780
f 2780 2803 2800
f 2781 2803 2804
f 2781 2804 2791
f 2781 2791 2790
f 2781 2790 2783
f 2781 2783 2782
f 2781 2800 2803
f 2785 2787 2805
f 2786 2792 2806
f 2786 2806 2787
f 2787 2806 2805
f 2791 2804 2807
f 2791 2807 2808
f 2791 2808 2809
f 2791 2809 2792
f 2792 2809 2806
f 2793 2805 2827
f 2793 2827 2810
f 2795 2811 2812
f 2795 2796 2813
f 2795 2813 2811
f 2797 2814 2815
f 2797 2815 2816
f 2797 2816 2798
f 2798 2816 2801
f 2801 2817 2818
f 2801 2818 2802
f 2801 2816 2819
f 2801 2819 2815
f 2801 2815 2817
f 2802 2818 2820
f 2802 2820 2821
f 2802 2821 2822
f 2802 2822 2803
f 2803 2822 2823
f 2803 2823 2804
f 2804 2824 2825
f 2804 2825 2826
f 2804 2826 2807
f 2804 2823 2824
f 2805 2806 2809
f 2805 2809 2808
f 2805 2808 2807
f 2805 2807 2828
f 2805 2828 2824
f 2805 2824 2823
f 2805 2823 2827
f 2807 2826 2828
f 2810 2827 2829
f 2811 2813 2834
f 2811 2834 2849
f 2811 2849 2830
f 2811 2830 2812
f 2812 2830 2831
f 2812 2831 2832
f 2813 2833 2834
f 2814 2835 2836
f 2814 2836 2837
f 2814 2837 2815
f 2815 2837 2838
f 2815 2838 2817
f 2815 2819 2816
f 2817 2838 2818
f 2818 2838 2839
f 2818 2839 2820
f 2820 2839 2821
f 2821 2839 2822
f 2822 2839 2840
f 2822 2840 2823
f 2823 2840 2841
f 2823 2841 2842
f 2823 2842 2827
f 2824 2828 2825
f 2825 2828 2826
f 2827 2843 2829
f 2827 2842 2844
f 2827 2844 2845
f 2827 2845 2846
f 2827 2846 2841
f 2827 2841 2847
f 2827 2847 2843
f 2829 2843 2848
f 2830 2849 2831
f 2831 2849 2850
f 2831 2850 2832
f 2832 2850 2852
f 2832 2852 2853
f 2832 2853 2851
f 2833 2854 2855
f 2833 2855 2834
f 2834 2855 2856
f 2834 2856 2857
f 2834 2857 2849
f 2835 2851 2836
f 2836 2851 2853
f 2836 2853 2858
f 2836 2858 2859
f 2836 2859 2860
f 2836 2860 2837
f 2837 2860 2838
f 2838 2860 2861
f 2838 2861 2862
f 2838 2862 2863
f 2838 2863 2839
f 2839 2863 2840
f 2840 2863 2864
f 2840 2864 2841
f 2841 2846 2865
f 2841 2865 2845
f 2841 2845 2844
f 2841 2844 2842
f 2841 2864 2866
f 2841 2866 2847
f 2843 2867 2868
f 2843 2868 2848
f 2843 2847 2866
f 2843 2866 2867
f 2845 2865 2846
f 2849 2857 2869
f 2849 2869 2850
f 2850 2869 2870
f 2850 2870 2858
f 2850 2858 2852
f 2852 2858 2853
f 2854 2871 2855
f 2855 2871 2867
f 2855 2867 2872
f 2855 2872 2856
f 2856 2872 2873
f 2856 2873 2874
f 2856 2874 2875
f 2856 2875 2876
f 2856 2876 2877
f 2856 2877 2869
f 2856 2869 2857
f 2858 2870 2878
f 2858 2878 2859
f 2859 2862 2861
f 2859 2861 2860
f 2859 2878 2879
f 2859 2879 2880
f 2859 2880 2862
f 2862 2880 2863
f 2863 2880 2864
f 2864 2880 2879
f 2864 2879 2866
f 2866 2879 2867
f 2867 2874 2873
f 2867 2873 2872
f 2867 2871 2881
f 2867 2881 2868
f 2867 2879 2876
f 2867 2876 2875
f 2867 2875 2874
f 2869 2877 2870
f 2870 2877 2882
f 2870 2882 2883
f 2870 2883 2878
f 2876 2879 2877
f 2877 2879 2882
f 2878 2883 2879
f 2879 2883 2882

o part_19
v -0.02520016 -0.00024978 0.02424991
v -0.02514136 -0.00024978 0.02474982
v -0.02520016 0.00025019 0.02424991
v -0.02508532 -0.00024978 0.02381872
v -0.02506594 -0.00074976 0.02384927
v -0.02504622 -0.00124973 0.02388686
v -0.02502616 -0.00174970 0.02393122
v -0.02501094 -0.00213927 0.02396999
v -0.02499779 -0.00247229 0.02401875
v -0.02516073 -0.00074976 0.02424991
v -0.02500367 -0.00305035 0.02446550
v -0.02500367 -0.00305035 0.02451279
v -0.02502685 -0.00024978 0.02502680
v -0.02514136 0.00025019 0.02474982
v -0.02501578 -0.00274965 0.02455097
v -0.02503516 -0.00224968 0.02461324
v -0.02505487 -0.00174970 0.02467257
v -0.02510503 -0.00074976 0.02474982
v -0.02500091 -0.00101635 0.02500125
v -0.02501025 -0.00074976 0.02501065
v -0.02516073 0.00075017 0.02424991
v -0.02499779 0.00247180 0.02401875
v -0.02501094 0.00213878 0.02396999
v -0.02502616 0.00174922 0.02393122
v -0.02504622 0.00124924 0.02388686
v -0.02506594 0.00075017 0.02384927
v -0.02508532 0.00025019 0.02381872
v -0.02500367 0.00305076 0.02451279
v -0.02500367 0.00305076 0.02446550
v -0.02420837 -0.00024978 0.02227462
v -0.02475010 -0.00355841 0.02375028
v -0.02493691 -0.00355841 0.02426077
v -0.02496804 -0.00322988 0.02427928
v -0.02501578 -0.00274965 0.02436328
v -0.02491096 -0.00355841 0.02441880
v -0.02485561 -0.00355841 0.02473426
v -0.02474976 -0.00024978 0.02515428
v -0.02502685 0.00025019 0.02502680
v -0.02461519 -0.00355841 0.02508056
v -0.02501025 0.00075017 0.02501065
v -0.02500091 0.00101676 0.02500125
v -0.02510503 0.00075017 0.02474982
v -0.02505487 0.00174922 0.02467257
v -0.02503516 0.00224919 0.02461324
v -0.02501578 0.00274916 0.02455097
v -0.02506041 -0.00120934 0.02478066
v -0.02501578 0.00274916 0.02436328
v -0.02496804 0.00323029 0.02427928
v -0.02491892 0.00374911 0.02424991
v -0.02473281 0.00374911 0.02375028
v -0.02420837 0.00025019 0.02227462
v -0.02483140 0.00374911 0.02474982
v -0.02475771 0.00424998 0.02474982
v -0.02483486 0.00424998 0.02424991
v -0.02413123 -0.00074976 0.02227462
v -0.02462972 -0.00355841 0.02357934
v -0.02424988 -0.00124973 0.02525209
v -0.02424988 -0.00074976 0.02525885
v -0.02424988 -0.00024978 0.02526472
v -0.02474976 0.00025019 0.02515428
v -0.02424988 -0.00355841 0.02521802
v -0.02424988 -0.00324963 0.02522331
v -0.02424988 -0.00224968 0.02523799
v -0.02460723 0.00374911 0.02507703
v -0.02457541 0.00424998 0.02506029
v -0.02506041 0.00120975 0.02478066
v -0.02459270 0.00474996 0.02381666
v -0.02463214 0.00425268 0.02371092
v -0.02451694 0.00408751 0.02348799
v -0.02420491 0.00027443 0.02227462
v -0.02453044 0.00474996 0.02502769
v -0.02450414 0.00501835 0.02500448
v -0.02465290 0.00474996 0.02474982
v -0.02452144 0.00559103 0.02456771
v -0.02451591 0.00561167 0.02453981
v -0.02471516 0.00474996 0.02424991
v -0.02450172 0.00550755 0.02399466
v -0.02453251 0.00524993 0.02392446
v -0.02405028 -0.00127127 0.02227462
v -0.02381885 -0.00272631 0.02227462
v -0.02373928 -0.00322539 0.02227462
v -0.02368601 -0.00355841 0.02227462
v -0.02374966 -0.00355841 0.02527471
v -0.02424988 0.00025019 0.02526472
v -0.02424988 0.00075017 0.02525885
v -0.02424988 0.00124924 0.02525209
v -0.02424988 0.00224919 0.02523799
v -0.02424988 0.00324914 0.02522331
v -0.02424988 0.00374911 0.02521449
v -0.02424988 0.00424998 0.02519628
v -0.02424988 0.00474996 0.02515399
v -0.02444118 0.00474996 0.02356700
v -0.02448097 0.00442143 0.02351795
v -0.02336187 0.00561167 0.02227462
v -0.02352065 0.00461621 0.02227462
v -0.02397521 0.00174922 0.02227462
v -0.02404475 0.00131028 0.02227462
v -0.02412811 0.00077440 0.02227462
v -0.02416997 0.00561167 0.02508673
v -0.02455223 0.00521133 0.02474043
v -0.02424366 0.00561167 0.02502181
v -0.02444534 0.00535226 0.02490109
v -0.02441489 0.00561167 0.02479770
v -0.02450587 0.00561167 0.02458945
v -0.02450864 0.00561167 0.02424991
v -0.02441074 0.00561167 0.02389039
v -0.02433879 0.00561167 0.02377202
v -0.02437753 0.00524993 0.02367450
v -0.02199163 -0.00355841 0.02227462
v -0.02325013 -0.00355841 0.02527294
v -0.02325013 0.00424998 0.02527471
v -0.02374966 0.00374911 0.02527471
v -0.02374966 0.00424998 0.02527324
v -0.02374966 0.00474996 0.02526325
v -0.02374966 0.00524993 0.02524475
v -0.02374966 0.00561167 0.02522948
v -0.02388285 0.00561167 0.02518894
v -0.02166610 0.00561167 0.02227462
v -0.02216736 -0.00355841 0.02424991
v -0.02170900 0.00561167 0.02424991
v -0.02275026 -0.00355841 0.02518835
v -0.02238841 0.00561167 0.02520745
v -0.02275026 0.00561167 0.02526854
v -0.02288863 0.00561167 0.02527265
v -0.02325013 0.00561167 0.02527471
v -0.02338851 0.00561167 0.02526648
v -0.02227910 -0.00355841 0.02474982
v -0.02180655 0.00561167 0.02476010
v -0.02243857 -0.00355841 0.02505265
v -0.02200754 0.00561167 0.02506881
v -0.02223897 0.00561167 0.02516838
v -0.02184460 0.00561167 0.02484852
v -0.02194977 0.00561167 0.02504325
f 2884 2885 2897
f 2884 2897 2886
f 2884 2886 2910
f 2884 2910 2887
f 2884 2887 2888
f 2884 2888 2889
f 2884 2889 2890
f 2884 2890 2891
f 2884 2891 2892
f 2884 2892 2893
f 2884 2893 2894
f 2884 2894 2895
f 2884 2895 2885
f 2885 2896 2921
f 2885 2921 2897
f 2885 2895 2898
f 2885 2898 2899
f 2885 2899 2900
f 2885 2900 2901
f 2885 2901 2902
f 2885 2902 2903
f 2885 2903 2896
f 2886 2904 2905
f 2886 2905 2906
f 2886 2906 2907
f 2886 2907 2908
f 2886 2908 2909
f 2886 2909 2910
f 2886 2897 2911
f 2886 2911 2912
f 2886 2912 2904
f 2887 2910 2934
f 2887 2934 2913
f 2887 2913 2888
f 2888 2913 2889
f 2889 2913 2890
f 2890 2914 2891
f 2890 2913 2914
f 2891 2914 2892
f 2892 2914 2915
f 2892 2915 2916
f 2892 2916 2917
f 2892 2917 2893
f 2893 2917 2894
f 2894 2917 2916
f 2894 2916 2915
f 2894 2915 2895
f 2895 2915 2918
f 2895 2918 2919
f 2895 2919 2902
f 2895 2902 2898
f 2896 2920 2943
f 2896 2943 2921
f 2896 2903 2922
f 2896 2922 2920
f 2897 2921 2923
f 2897 2923 2924
f 2897 2924 2925
f 2897 2925 2926
f 2897 2926 2927
f 2897 2927 2928
f 2897 2928 2911
f 2898 2902 2899
f 2899 2902 2900
f 2900 2902 2929
f 2900 2929 2901
f 2901 2929 2902
f 2902 2919 2922
f 2902 2922 2903
f 2904 2912 2930
f 2904 2930 2931
f 2904 2931 2905
f 2905 2931 2932
f 2905 2932 2933
f 2905 2933 2906
f 2906 2933 2907
f 2907 2933 2934
f 2907 2934 2908
f 2908 2934 2909
f 2909 2934 2910
f 2911 2928 2924
f 2911 2924 2935
f 2911 2935 2936
f 2911 2936 2937
f 2911 2937 2932
f 2911 2932 2912
f 2912 2932 2931
f 2912 2931 2930
f 2913 2934 2953
f 2913 2953 2981
f 2913 2981 2980
f 2913 2980 2979
f 2913 2979 2978
f 2913 2978 2977
f 2913 2977 3001
f 2913 3001 2992
f 2913 2992 2965
f 2913 2965 2964
f 2913 2964 2963
f 2913 2963 2962
f 2913 2962 2938
f 2913 2938 2939
f 2913 2939 2914
f 2914 2939 2965
f 2914 2965 2992
f 2914 2992 3002
f 2914 3002 3010
f 2914 3010 3012
f 2914 3012 3004
f 2914 3004 2993
f 2914 2993 2966
f 2914 2966 2944
f 2914 2944 2922
f 2914 2922 2919
f 2914 2919 2918
f 2914 2918 2915
f 2920 2940 2941
f 2920 2941 2942
f 2920 2942 2967
f 2920 2967 2943
f 2920 2922 2944
f 2920 2944 2945
f 2920 2945 2946
f 2920 2946 2940
f 2921 2943 2947
f 2921 2947 2923
f 2923 2947 2924
f 2924 2947 2948
f 2924 2948 2935
f 2924 2928 2927
f 2924 2927 2926
f 2924 2926 2949
f 2924 2949 2925
f 2925 2949 2926
f 2932 2937 2950
f 2932 2950 2933
f 2933 2950 2951
f 2933 2951 2952
f 2933 2952 2934
f 2934 2952 2953
f 2935 2948 2954
f 2935 2954 2955
f 2935 2955 2936
f 2936 2955 2956
f 2936 2956 2957
f 2936 2957 2937
f 2937 2957 2958
f 2937 2958 2959
f 2937 2959 2960
f 2937 2960 2961
f 2937 2961 2950
f 2938 2962 2939
f 2939 2963 2964
f 2939 2964 2965
f 2939 2962 2963
f 2940 2946 2966
f 2940 2966 2941
f 2941 2966 2942
f 2942 2966 2995
f 2942 2995 2967
f 2943 2967 2968
f 2943 2968 2969
f 2943 2969 2970
f 2943 2970 2971
f 2943 2971 2972
f 2943 2972 2973
f 2943 2973 2947
f 2944 2966 2945
f 2945 2966 2946
f 2947 2973 2948
f 2948 2973 2974
f 2948 2974 2954
f 2950 2975 2976
f 2950 2976 2951
f 2950 2961 2975
f 2951 2976 2952
f 2952 2976 2977
f 2952 2977 2978
f 2952 2978 2979
f 2952 2979 2980
f 2952 2980 2981
f 2952 2981 2953
f 2954 2974 2982
f 2954 2982 2955
f 2955 2983 2956
f 2955 2982 2984
f 2955 2984 2985
f 2955 2985 2986
f 2955 2986 2987
f 2955 2987 2957
f 2955 2957 2983
f 2956 2983 2957
f 2957 2987 2958
f 2958 2987 2986
f 2958 2986 2984
f 2958 2984 2982
f 2958 2982 3000
f 2958 3000 2999
f 2958 2999 3009
f 2958 3009 3008
f 2958 3008 3007
f 2958 3007 3006
f 2958 3006 3005
f 2958 3005 3014
f 2958 3014 3013
f 2958 3013 3016
f 2958 3016 3015
f 2958 3015 3011
f 2958 3011 3003
f 2958 3003 3001
f 2958 3001 2977
f 2958 2977 2990
f 2958 2990 2989
f 2958 2989 2988
f 2958 2988 2959
f 2959 2988 2960
f 2960 2988 2989
f 2960 2989 2961
f 2961 2989 2990
f 2961 2990 2991
f 2961 2991 2975
f 2966 2993 2994
f 2966 2994 3008
f 2966 3008 2995
f 2967 2995 2996
f 2967 2996 2968
f 2968 2996 2969
f 2969 2996 2970
f 2970 2996 2971
f 2971 2996 2972
f 2972 2996 2997
f 2972 2997 2973
f 2973 2997 2998
f 2973 2998 2999
f 2973 2999 2974
f 2974 2999 3000
f 2974 3000 2982
f 2975 2991 2977
f 2975 2977 2976
f 2977 2991 2990
f 2984 2986 2985
f 2992 3001 3003
f 2992 3003 3002
f 2993 3004 3005
f 2993 3005 3006
f 2993 3006 3007
f 2993 3007 2994
f 2994 3007 3008
f 2995 3008 2996
f 2996 3008 2997
f 2997 3008 3009
f 2997 3009 2998
f 2998 3009 2999
f 3002 3003 3011
f 3002 3011 3010
f 3004 3012 3013
f 3004 3013 3014
f 3004 3014 3005
f 3010 3011 3015
f 3010 3015 3012
f 3012 3015 3016
f 3012 3016 3013

o part_20
v 0.02136755 -0.01324363 0.02422134
v 0.02118091 -0.01324363 0.02378199
v 0.02130310 -0.01324363 0.02473104
v 0.02054443 -0.01457063 0.02462098
v 0.02110705 -0.01367577 0.02424985
v 0.02075525 -0.01425021 0.02424985
v 0.02052160 -0.01453585 0.02394906
v 0.02106006 -0.01359883 0.02388690
v 0.02115808 -0.01324679 0.02373196
v 0.02115808 -0.01324363 0.02373014
v 0.02129236 -0.01324363 0.02475348
v 0.02101440 -0.01352716 0.02501363
v 0.02107348 -0.01362202 0.02474984
v 0.02046789 -0.01445785 0.02495420
v 0.02035107 -0.01474243 0.02477258
v 0.02008789 -0.01510502 0.02474984
v 0.01900293 -0.01650369 0.02450758
v 0.02012683 -0.01514928 0.02424985
v 0.02037658 -0.01482992 0.02424985
v 0.02054980 -0.01458012 0.02424985
v 0.02007178 -0.01508499 0.02388205
v 0.01961657 -0.01416800 0.02217740
v 0.01987707 -0.01371899 0.02217740
v 0.02010132 -0.01328052 0.02217740
v 0.02010534 -0.01327209 0.02217740
v 0.02115674 -0.01324363 0.02372772
v 0.02109228 -0.01324363 0.02504850
v 0.02108825 -0.01324363 0.02505244
v 0.02073779 -0.01371688 0.02507943
v 0.02056457 -0.01412478 0.02504335
v 0.02002075 -0.01502596 0.02501636
v 0.01796631 -0.01746389 0.02495511
v 0.01805090 -0.01756086 0.02462188
v 0.01852624 -0.01703280 0.02456640
v 0.01900293 -0.01650369 0.02447938
v 0.01805761 -0.01756824 0.02424985
v 0.01830737 -0.01727628 0.02424985
v 0.01897741 -0.01647418 0.02414615
v 0.01850073 -0.01700224 0.02399576
v 0.01942724 -0.01441885 0.02217740
v 0.01802539 -0.01753135 0.02394815
v 0.02011877 -0.01324363 0.02217740
v 0.02075525 -0.01324363 0.02517585
v 0.02074988 -0.01325101 0.02517676
v 0.02027991 -0.01427551 0.02511855
v 0.02011609 -0.01475087 0.02506003
v 0.01972400 -0.01521569 0.02506973
v 0.01954138 -0.01554981 0.02502910
v 0.01810192 -0.01713083 0.02505123
v 0.01763330 -0.01763359 0.02505790
v 0.01746276 -0.01796666 0.02495511
v 0.01776220 -0.01776429 0.02478865
v 0.01755945 -0.01805203 0.02462188
v 0.01781726 -0.01781804 0.02424985
v 0.01917749 -0.01467814 0.02217740
v 0.01789380 -0.01737852 0.02361523
v 0.01771118 -0.01771264 0.02378139
v 0.01752990 -0.01802674 0.02394815
v 0.01817578 -0.01324363 0.02217740
v 0.02074988 -0.01324363 0.02517767
v 0.02024902 -0.01375061 0.02522588
v 0.01974951 -0.01475087 0.02518192
v 0.01923523 -0.01573004 0.02508671
v 0.01777966 -0.01727839 0.02512067
v 0.01727746 -0.01778010 0.02512067
v 0.01712976 -0.01810368 0.02505123
v 0.01554931 -0.01954135 0.02502910
v 0.01502429 -0.02002093 0.02501636
v 0.01510351 -0.02008838 0.02474984
v 0.01756750 -0.01805836 0.02424985
v 0.01703174 -0.01852739 0.02456640
v 0.01771386 -0.01614216 0.02217740
v 0.01737683 -0.01789499 0.02361523
v 0.01542712 -0.01842832 0.02217740
v 0.01700219 -0.01850210 0.02399576
v 0.01508337 -0.02007152 0.02388205
v 0.01441870 -0.01942752 0.02217740
v 0.01818652 -0.01324363 0.02424863
v 0.00764977 -0.02109075 0.02217740
v 0.02025573 -0.01324363 0.02526227
v 0.01974951 -0.01425021 0.02525317
v 0.01925000 -0.01525047 0.02520193
v 0.01874914 -0.01575007 0.02521800
v 0.01824963 -0.01625073 0.02523104
v 0.01774878 -0.01675033 0.02524225
v 0.01724926 -0.01725098 0.02524984
v 0.01674975 -0.01775059 0.02524225
v 0.01624890 -0.01825019 0.02523104
v 0.01574939 -0.01874979 0.02521800
v 0.01524987 -0.01924939 0.02520193
v 0.01572924 -0.01923569 0.02508671
v 0.01521496 -0.01972475 0.02506973
v 0.01474902 -0.02011684 0.02506003
v 0.01412463 -0.02056480 0.02504335
v 0.01352710 -0.02101486 0.02501363
v 0.01445764 -0.02046783 0.02495420
v 0.01474231 -0.02035189 0.02477258
v 0.01457043 -0.02054477 0.02462098
v 0.01650268 -0.01900275 0.02450758
v 0.01650268 -0.01900275 0.02447938
v 0.01702502 -0.01852212 0.02424985
v 0.01463891 -0.01921355 0.02217740
v 0.01467651 -0.01917666 0.02217740
v 0.01471276 -0.01914083 0.02217740
v 0.01514782 -0.02012633 0.02424985
v 0.01453418 -0.02052264 0.02394906
v 0.01416894 -0.01961724 0.02217740
v 0.01818921 -0.01324363 0.02429533
v 0.00764977 -0.02111815 0.02424985
v 0.00764977 -0.02296795 0.02217740
v 0.02024902 -0.01324363 0.02526287
v 0.02024902 -0.01325101 0.02526257
v 0.01974951 -0.01375061 0.02527409
v 0.01925000 -0.01475087 0.02525923
v 0.01724926 -0.01675033 0.02527500
v 0.01674975 -0.01725098 0.02527500
v 0.01624890 -0.01775059 0.02527227
v 0.01574939 -0.01825019 0.02526863
v 0.01524987 -0.01874979 0.02526439
v 0.01474902 -0.01924939 0.02525923
v 0.01425085 -0.01974899 0.02525317
v 0.01874914 -0.01525047 0.02526439
v 0.01824963 -0.01575007 0.02526863
v 0.01774878 -0.01625073 0.02527227
v 0.01474902 -0.01974899 0.02518192
v 0.01427502 -0.02028021 0.02511855
v 0.01371643 -0.02073871 0.02507943
v 0.01258044 -0.02154503 0.02503456
v 0.01197888 -0.02198350 0.02497876
v 0.01362243 -0.02107283 0.02474984
v 0.01457849 -0.02055004 0.02424985
v 0.01482824 -0.02037613 0.02424985
v 0.01209167 -0.02205517 0.02464523
v 0.01303027 -0.02151762 0.02454972
v 0.01425085 -0.02075452 0.02424985
v 0.01299401 -0.02149549 0.02403305
v 0.01205407 -0.02203198 0.02392966
v 0.01359961 -0.02105913 0.02388690
v 0.01186608 -0.02191604 0.02359643
v 0.01371911 -0.01987758 0.02217740
v 0.01825769 -0.01324363 0.02476500
v 0.00764977 -0.02112553 0.02431049
v 0.00863134 -0.02355292 0.02388902
v 0.00764977 -0.02389021 0.02385446
v 0.00765917 -0.02296373 0.02217740
v 0.01109802 -0.02254107 0.02390873
v 0.01975622 -0.01324363 0.02527500
v 0.01925000 -0.01425021 0.02527500
v 0.01425085 -0.01924939 0.02527500
v 0.01375134 -0.01974899 0.02527409
v 0.01325048 -0.02024965 0.02526257
v 0.01175061 -0.02124991 0.02525620
v 0.01275097 -0.02074925 0.02524286
v 0.01375134 -0.02024965 0.02522588
v 0.01325048 -0.02074925 0.02517676
v 0.01274829 -0.02125939 0.02510520
v 0.01225012 -0.02164621 0.02507579
v 0.01164587 -0.02207204 0.02504668
v 0.01100671 -0.02250207 0.02500211
v 0.01136523 -0.02242197 0.02474984
v 0.01178820 -0.02217111 0.02478714
v 0.01303027 -0.02151762 0.02436658
v 0.01143371 -0.02246834 0.02424985
v 0.01175061 -0.02228495 0.02424985
v 0.01392590 -0.02095373 0.02424985
v 0.01210913 -0.02206571 0.02424985
v 0.01171972 -0.02210998 0.02375774
v 0.01125915 -0.02235135 0.02374500
v 0.01367212 -0.01990182 0.02217740
v 0.01153308 -0.02201617 0.02349000
v 0.01843628 -0.01324363 0.02503061
v 0.00764977 -0.02119510 0.02474196
v 0.00825134 -0.02379640 0.02424985
v 0.00784448 -0.02395029 0.02424985
v 0.01003186 -0.02301221 0.02396695
v 0.00896435 -0.02348441 0.02412128
v 0.00764977 -0.02401036 0.02424985
v 0.00779077 -0.02289733 0.02217740
v 0.01084558 -0.02243461 0.02357551
v 0.01118396 -0.02257796 0.02424985
v 0.01925537 -0.01324363 0.02525802
v 0.00764977 -0.02224911 0.02527106
v 0.00775048 -0.02224911 0.02527379
v 0.00825134 -0.02224911 0.02527500
v 0.01125109 -0.02124991 0.02527500
v 0.01225012 -0.02074925 0.02527015
v 0.01125109 -0.02174951 0.02522861
v 0.01075024 -0.02174951 0.02526227
v 0.01225012 -0.02124991 0.02520890
v 0.01178820 -0.02178956 0.02512309
v 0.01120410 -0.02224384 0.02507428
v 0.01111547 -0.02254845 0.02474984
v 0.01075024 -0.02224911 0.02515827
v 0.01075024 -0.02254318 0.02503334
v 0.00959814 -0.02303540 0.02503061
v 0.00853332 -0.02351287 0.02501242
v 0.00871997 -0.02355608 0.02471012
v 0.01008288 -0.02303329 0.02459945
v 0.01337268 -0.02005466 0.02217740
v 0.01867261 -0.01324363 0.02512491
v 0.00764977 -0.02123936 0.02482595
v 0.00764977 -0.02140484 0.02506336
v 0.00901403 -0.02350549 0.02451697
v 0.00975122 -0.02317453 0.02424985
v 0.00901403 -0.02350549 0.02445451
v 0.00764977 -0.02401142 0.02451425
v 0.01075024 -0.02275925 0.02424985
v 0.00857092 -0.02250102 0.02217740
v 0.01249987 -0.02049945 0.02217740
v 0.00949609 -0.02202987 0.02217740
v 0.01925000 -0.01324363 0.02525741
v 0.00764977 -0.02184964 0.02521951
v 0.00764977 -0.02234924 0.02527379
v 0.00764977 -0.02274976 0.02527500
v 0.01025073 -0.02174951 0.02527500
v 0.01025073 -0.02224911 0.02521800
v 0.00925036 -0.02224911 0.02527106
v 0.00825134 -0.02274976 0.02526530
v 0.00975122 -0.02224911 0.02525135
v 0.00925036 -0.02274976 0.02519859
v 0.00825134 -0.02324937 0.02517191
v 0.00825134 -0.02355819 0.02504396
v 0.00764977 -0.02372473 0.02504062
v 0.00764977 -0.02391339 0.02480139
v 0.00775854 -0.02389758 0.02475318
v 0.00764977 -0.02398401 0.02464402
v 0.00825134 -0.02372156 0.02474984
v 0.01870752 -0.01324363 0.02513371
v 0.00764977 -0.02144911 0.02508186
v 0.00764977 -0.02174213 0.02519223
v 0.00764977 -0.02284990 0.02526954
v 0.00775048 -0.02274976 0.02527500
v 0.00875085 -0.02274976 0.02523831
v 0.00775048 -0.02324937 0.02522224
v 0.00764977 -0.02324937 0.02522740
v 0.00764977 -0.02334950 0.02519799
v 0.00764977 -0.02366465 0.02508671
v 0.00775048 -0.02363935 0.02508489
f 3017 3018 3026
f 3017 3026 3042
f 3017 3042 3058
f 3017 3058 3075
f 3017 3075 3094
f 3017 3094 3124
f 3017 3124 3157
f 3017 3157 3187
f 3017 3187 3216
f 3017 3216 3244
f 3017 3244 3227
f 3017 3227 3197
f 3017 3197 3163
f 3017 3163 3127
f 3017 3127 3096
f 3017 3096 3076
f 3017 3076 3059
f 3017 3059 3044
f 3017 3044 3043
f 3017 3043 3027
f 3017 3027 3019
f 3017 3019 3020
f 3017 3020 3021
f 3017 3021 3022
f 3017 3022 3023
f 3017 3023 3024
f 3017 3024 3018
f 3018 3025 3026
f 3018 3024 3025
f 3019 3027 3028
f 3019 3028 3029
f 3019 3029 3020
f 3020 3030 3031
f 3020 3031 3032
f 3020 3032 3033
f 3020 3033 3034
f 3020 3034 3035
f 3020 3035 3036
f 3020 3036 3022
f 3020 3022 3021
f 3020 3029 3030
f 3022 3036 3023
f 3023 3036 3035
f 3023 3035 3034
f 3023 3034 3037
f 3023 3037 3038
f 3023 3038 3024
f 3024 3038 3039
f 3024 3039 3025
f 3025 3040 3041
f 3025 3041 3042
f 3025 3042 3026
f 3025 3039 3040
f 3027 3043 3028
f 3028 3030 3029
f 3028 3043 3044
f 3028 3044 3045
f 3028 3045 3046
f 3028 3046 3047
f 3028 3047 3030
f 3030 3047 3031
f 3031 3047 3032
f 3032 3047 3048
f 3032 3048 3049
f 3032 3049 3050
f 3032 3050 3033
f 3033 3051 3034
f 3033 3050 3049
f 3033 3049 3052
f 3033 3052 3051
f 3034 3051 3053
f 3034 3053 3054
f 3034 3054 3055
f 3034 3055 3037
f 3037 3056 3038
f 3037 3055 3057
f 3037 3057 3056
f 3038 3056 3071
f 3038 3071 3088
f 3038 3088 3090
f 3038 3090 3120
f 3038 3120 3119
f 3038 3119 3118
f 3038 3118 3093
f 3038 3093 3123
f 3038 3123 3156
f 3038 3156 3185
f 3038 3185 3215
f 3038 3215 3225
f 3038 3225 3226
f 3038 3226 3224
f 3038 3224 3194
f 3038 3194 3161
f 3038 3161 3126
f 3038 3126 3095
f 3038 3095 3075
f 3038 3075 3058
f 3038 3058 3041
f 3038 3041 3040
f 3038 3040 3039
f 3041 3058 3042
f 3044 3059 3060
f 3044 3060 3045
f 3045 3060 3061
f 3045 3061 3046
f 3046 3061 3062
f 3046 3062 3047
f 3047 3062 3063
f 3047 3063 3064
f 3047 3064 3048
f 3048 3065 3066
f 3048 3066 3067
f 3048 3067 3068
f 3048 3068 3049
f 3048 3064 3065
f 3049 3068 3069
f 3049 3069 3070
f 3049 3070 3052
f 3051 3052 3053
f 3052 3070 3057
f 3052 3057 3055
f 3052 3055 3054
f 3052 3054 3053
f 3056 3057 3072
f 3056 3072 3071
f 3057 3073 3072
f 3057 3070 3074
f 3057 3074 3073
f 3059 3076 3060
f 3060 3076 3077
f 3060 3077 3078
f 3060 3078 3061
f 3061 3078 3062
f 3062 3078 3063
f 3063 3078 3079
f 3063 3079 3064
f 3064 3079 3065
f 3065 3080 3066
f 3065 3079 3080
f 3066 3080 3081
f 3066 3081 3082
f 3066 3082 3067
f 3067 3082 3083
f 3067 3083 3084
f 3067 3084 3085
f 3067 3085 3069
f 3067 3069 3068
f 3069 3086 3070
f 3069 3085 3087
f 3069 3087 3086
f 3070 3086 3074
f 3071 3072 3088
f 3072 3073 3089
f 3072 3089 3090
f 3072 3090 3088
f 3073 3074 3089
f 3074 3091 3092
f 3074 3092 3093
f 3074 3093 3089
f 3074 3086 3091
f 3075 3095 3094
f 3076 3096 3077
f 3077 3096 3097
f 3077 3097 3078
f 3078 3097 3098
f 3078 3098 3079
f 3079 3098 3080
f 3080 3099 3100
f 3080 3100 3101
f 3080 3101 3102
f 3080 3102 3081
f 3080 3098 3099
f 3081 3102 3103
f 3081 3103 3104
f 3081 3104 3105
f 3081 3105 3106
f 3081 3106 3107
f 3081 3107 3082
f 3082 3107 3083
f 3083 3107 3108
f 3083 3108 3084
f 3084 3108 3109
f 3084 3109 3110
f 3084 3110 3111
f 3084 3111 3112
f 3084 3112 3113
f 3084 3113 3085
f 3085 3113 3114
f 3085 3114 3115
f 3085 3115 3087
f 3086 3087 3115
f 3086 3115 3116
f 3086 3116 3117
f 3086 3117 3091
f 3089 3093 3118
f 3089 3118 3119
f 3089 3119 3120
f 3089 3120 3090
f 3091 3117 3121
f 3091 3121 3092
f 3092 3121 3122
f 3092 3122 3123
f 3092 3123 3093
f 3094 3095 3125
f 3094 3125 3124
f 3095 3126 3160
f 3095 3160 3193
f 3095 3193 3222
f 3095 3222 3242
f 3095 3242 3240
f 3095 3240 3239
f 3095 3239 3253
f 3095 3253 3252
f 3095 3252 3251
f 3095 3251 3247
f 3095 3247 3230
f 3095 3230 3229
f 3095 3229 3198
f 3095 3198 3228
f 3095 3228 3246
f 3095 3246 3245
f 3095 3245 3218
f 3095 3218 3217
f 3095 3217 3188
f 3095 3188 3158
f 3095 3158 3125
f 3096 3127 3128
f 3096 3128 3097
f 3097 3129 3130
f 3097 3130 3102
f 3097 3102 3101
f 3097 3101 3100
f 3097 3100 3099
f 3097 3099 3098
f 3097 3128 3129
f 3102 3131 3132
f 3102 3132 3133
f 3102 3133 3134
f 3102 3134 3135
f 3102 3135 3136
f 3102 3136 3137
f 3102 3137 3103
f 3102 3130 3138
f 3102 3138 3139
f 3102 3139 3140
f 3102 3140 3131
f 3103 3137 3104
f 3104 3137 3105
f 3105 3137 3106
f 3106 3141 3107
f 3106 3137 3141
f 3107 3141 3108
f 3108 3141 3109
f 3109 3141 3142
f 3109 3142 3110
f 3110 3142 3143
f 3110 3143 3111
f 3111 3143 3144
f 3111 3144 3145
f 3111 3145 3146
f 3111 3146 3112
f 3112 3114 3113
f 3112 3146 3114
f 3114 3147 3148
f 3114 3148 3121
f 3114 3121 3115
f 3114 3146 3149
f 3114 3149 3150
f 3114 3150 3147
f 3115 3121 3116
f 3116 3121 3117
f 3121 3148 3122
f 3122 3148 3147
f 3122 3147 3151
f 3122 3151 3152
f 3122 3152 3153
f 3122 3153 3154
f 3122 3154 3123
f 3123 3154 3153
f 3123 3153 3155
f 3123 3155 3156
f 3124 3125 3157
f 3125 3158 3157
f 3126 3159 3160
f 3126 3161 3162
f 3126 3162 3159
f 3127 3163 3129
f 3127 3129 3128
f 3129 3163 3164
f 3129 3164 3131
f 3129 3131 3140
f 3129 3140 3139
f 3129 3139 3138
f 3129 3138 3130
f 3131 3164 3163
f 3131 3163 3200
f 3131 3200 3230
f 3131 3230 3248
f 3131 3248 3231
f 3131 3231 3201
f 3131 3201 3165
f 3131 3165 3132
f 3132 3165 3166
f 3132 3166 3133
f 3133 3166 3134
f 3134 3166 3135
f 3135 3166 3136
f 3136 3166 3137
f 3137 3166 3167
f 3137 3167 3168
f 3137 3168 3169
f 3137 3169 3170
f 3137 3170 3141
f 3141 3170 3171
f 3141 3171 3142
f 3142 3171 3143
f 3143 3171 3172
f 3143 3172 3173
f 3143 3173 3144
f 3144 3173 3174
f 3144 3174 3145
f 3145 3174 3175
f 3145 3175 3176
f 3145 3176 3177
f 3145 3177 3149
f 3145 3149 3146
f 3147 3150 3178
f 3147 3178 3151
f 3149 3177 3176
f 3149 3176 3179
f 3149 3179 3180
f 3149 3180 3150
f 3150 3180 3178
f 3151 3178 3181
f 3151 3181 3152
f 3152 3181 3178
f 3152 3178 3182
f 3152 3182 3180
f 3152 3180 3153
f 3153 3180 3179
f 3153 3179 3162
f 3153 3162 3183
f 3153 3183 3155
f 3155 3183 3184
f 3155 3184 3156
f 3156 3184 3186
f 3156 3186 3185
f 3157 3158 3188
f 3157 3188 3187
f 3159 3189 3190
f 3159 3190 3160
f 3159 3162 3191
f 3159 3191 3192
f 3159 3192 3189
f 3160 3190 3193
f 3161 3194 3195
f 3161 3195 3162
f 3162 3179 3196
f 3162 3196 3191
f 3162 3195 3184
f 3162 3184 3183
f 3163 3197 3198
f 3163 3198 3199
f 3163 3199 3200
f 3165 3201 3166
f 3166 3201 3202
f 3166 3202 3167
f 3167 3202 3168
f 3168 3203 3169
f 3168 3202 3204
f 3168 3204 3203
f 3169 3203 3170
f 3170 3203 3205
f 3170 3205 3171
f 3171 3205 3206
f 3171 3206 3173
f 3171 3173 3172
f 3173 3206 3174
f 3174 3207 3175
f 3174 3206 3207
f 3175 3208 3176
f 3175 3207 3209
f 3175 3209 3210
f 3175 3210 3211
f 3175 3211 3212
f 3175 3212 3213
f 3175 3213 3214
f 3175 3214 3208
f 3176 3208 3179
f 3178 3180 3182
f 3179 3208 3214
f 3179 3214 3196
f 3184 3195 3186
f 3185 3186 3195
f 3185 3195 3215
f 3187 3188 3217
f 3187 3217 3218
f 3187 3218 3216
f 3189 3219 3190
f 3189 3192 3220
f 3189 3220 3221
f 3189 3221 3219
f 3190 3219 3222
f 3190 3222 3193
f 3191 3196 3192
f 3192 3196 3223
f 3192 3223 3220
f 3194 3224 3195
f 3195 3225 3215
f 3195 3224 3226
f 3195 3226 3225
f 3196 3214 3219
f 3196 3219 3221
f 3196 3221 3223
f 3197 3227 3228
f 3197 3228 3198
f 3198 3229 3199
f 3199 3229 3230
f 3199 3230 3200
f 3201 3231 3204
f 3201 3204 3202
f 3203 3206 3205
f 3203 3204 3232
f 3203 3232 3209
f 3203 3209 3206
f 3204 3231 3233
f 3204 3233 3234
f 3204 3234 3235
f 3204 3235 3232
f 3206 3209 3207
f 3209 3232 3236
f 3209 3236 3237
f 3209 3237 3211
f 3209 3211 3210
f 3211 3237 3238
f 3211 3238 3212
f 3212 3238 3239
f 3212 3239 3240
f 3212 3240 3241
f 3212 3241 3242
f 3212 3242 3243
f 3212 3243 3213
f 3213 3243 3242
f 3213 3242 3219
f 3213 3219 3214
f 3216 3218 3245
f 3216 3245 3246
f 3216 3246 3244
f 3219 3242 3222
f 3220 3223 3221
f 3227 3244 3246
f 3227 3246 3228
f 3230 3247 3248
f 3231 3248 3233
f 3232 3235 3249
f 3232 3249 3250
f 3232 3250 3236
f 3233 3248 3234
f 3234 3248 3247
f 3234 3247 3251
f 3234 3251 3250
f 3234 3250 3249
f 3234 3249 3235
f 3236 3250 3237
f 3237 3250 3252
f 3237 3252 3253
f 3237 3253 3254
f 3237 3254 3238
f 3238 3254 3253
f 3238 3253 3239
f 3240 3242 3241
f 3250 3251 3252

o part_21
v -0.01819476 -0.01323297 0.02424876
v -0.01826732 -0.01323297 0.02273759
v -0.01826333 -0.01323297 0.02476151
v -0.01798265 -0.01347930 0.02454264
v -0.01322780 -0.01819787 0.02424876
v -0.01322780 -0.01827042 0.02273734
v -0.01826174 -0.01324094 0.02273734
v -0.01893474 -0.01323297 0.02273734
v -0.01827051 -0.01323297 0.02477765
v -0.01322780 -0.01827600 0.02478237
v -0.01322780 -0.01826643 0.02475977
v -0.01347978 -0.01798263 0.02454264
v -0.01322780 -0.02021317 0.02273734
v -0.02021056 -0.01323297 0.02273734
v -0.01864847 -0.01323297 0.02511154
v -0.01840607 -0.01334537 0.02504943
v -0.01334582 -0.01840594 0.02504943
v -0.01322780 -0.01865945 0.02511452
v -0.01322780 -0.02099841 0.02351118
v -0.01325173 -0.02020201 0.02273734
v -0.02020179 -0.01325130 0.02273734
v -0.02099679 -0.01323297 0.02351242
v -0.01870668 -0.01323297 0.02513141
v -0.01322780 -0.01870648 0.02513042
v -0.01322780 -0.02116901 0.02373129
v -0.01341120 -0.02094500 0.02355391
v -0.01357068 -0.02004257 0.02273734
v -0.02004311 -0.01357018 0.02273734
v -0.02094496 -0.01341154 0.02355391
v -0.02116663 -0.01323297 0.02373154
v -0.01924970 -0.01323297 0.02525662
v -0.01322780 -0.01924937 0.02525612
v -0.01322780 -0.02118335 0.02375464
v -0.01359859 -0.02105979 0.02388705
v -0.01453553 -0.02052248 0.02394940
v -0.01434894 -0.02040450 0.02361602
v -0.01401563 -0.02050813 0.02349479
v -0.01426999 -0.01962405 0.02273734
v -0.01383143 -0.01989509 0.02273734
v -0.01381947 -0.01990227 0.02273734
v -0.01989559 -0.01383166 0.02273734
v -0.02105978 -0.01359888 0.02388705
v -0.01962448 -0.01427011 0.02273734
v -0.02050799 -0.01401581 0.02349479
v -0.02040433 -0.01434903 0.02361602
v -0.02052234 -0.01453558 0.02394940
v -0.02117700 -0.01323297 0.02374843
v -0.01974967 -0.01323297 0.02527475
v -0.01924970 -0.01325051 0.02525811
v -0.01325013 -0.01924937 0.02525811
v -0.01322780 -0.01974921 0.02527475
v -0.01322780 -0.02137388 0.02421124
v -0.01322780 -0.02137707 0.02422044
v -0.01425006 -0.02075526 0.02425000
v -0.01458018 -0.02055039 0.02425000
v -0.01482976 -0.02037660 0.02425000
v -0.01514872 -0.02012628 0.02425000
v -0.01508413 -0.02007127 0.02388233
v -0.01473408 -0.02023789 0.02374917
v -0.01493342 -0.01994292 0.02354894
v -0.01434814 -0.01956825 0.02273734
v -0.02136997 -0.01323297 0.02420652
v -0.01956787 -0.01434824 0.02273734
v -0.01994264 -0.01493338 0.02354894
v -0.02023767 -0.01473408 0.02374917
v -0.02055105 -0.01458022 0.02425000
v -0.02075518 -0.01425018 0.02425000
v -0.02137316 -0.01323297 0.02422093
v -0.02007182 -0.01508404 0.02388233
v -0.02012604 -0.01514862 0.02425000
v -0.02037642 -0.01482974 0.02425000
v -0.02024964 -0.01323297 0.02526308
v -0.01974967 -0.01325051 0.02527500
v -0.01325013 -0.01974921 0.02527500
v -0.01322780 -0.02024984 0.02526308
v -0.01924970 -0.01375034 0.02527500
v -0.01322780 -0.02131409 0.02471927
v -0.01457141 -0.02054480 0.02462090
v -0.01367594 -0.02110682 0.02425000
v -0.01650429 -0.01900304 0.02450762
v -0.01650429 -0.01900304 0.02447954
v -0.01539910 -0.01991263 0.02425000
v -0.01700266 -0.01850160 0.02399611
v -0.01752973 -0.01802568 0.02394841
v -0.01737743 -0.01789414 0.02361502
v -0.01546209 -0.01946700 0.02352534
v -0.01462005 -0.01933945 0.02273734
v -0.01933901 -0.01462008 0.02273734
v -0.01946660 -0.01546191 0.02352534
v -0.01789414 -0.01737677 0.02361502
v -0.01802571 -0.01752983 0.02394841
v -0.02054467 -0.01457065 0.02462090
v -0.02095373 -0.01392573 0.02425000
v -0.02110683 -0.01367541 0.02425000
v -0.02131176 -0.01323297 0.02471381
v -0.01850175 -0.01700288 0.02399611
v -0.01966275 -0.01569150 0.02425000
v -0.01900251 -0.01650384 0.02447954
v -0.01900251 -0.01650384 0.02450762
v -0.02074960 -0.01323297 0.02517911
v -0.02024964 -0.01325051 0.02526258
v -0.01974967 -0.01375034 0.02527426
v -0.01924970 -0.01425018 0.02527500
v -0.01425006 -0.01924937 0.02527500
v -0.01375009 -0.01974921 0.02527426
v -0.01325013 -0.02024984 0.02526258
v -0.01322780 -0.02074968 0.02517985
v -0.01322780 -0.02131250 0.02473020
v -0.01362171 -0.02107334 0.02474983
v -0.01445818 -0.02046827 0.02495428
v -0.01474285 -0.02035188 0.02477244
v -0.01510486 -0.02008881 0.02474983
v -0.01703216 -0.01852711 0.02456624
v -0.01756721 -0.01805757 0.02425000
v -0.01727616 -0.01830789 0.02425000
v -0.01647398 -0.01897753 0.02414616
v -0.01781759 -0.01781761 0.02425000
v -0.01771233 -0.01771159 0.02378172
v -0.01756083 -0.01756092 0.02347143
v -0.01599077 -0.01899108 0.02350597
v -0.01473089 -0.01923263 0.02273734
v -0.01923216 -0.01473089 0.02273734
v -0.01899135 -0.01599045 0.02350597
v -0.01805760 -0.01756730 0.02425000
v -0.02107334 -0.01362200 0.02474983
v -0.02130937 -0.01323297 0.02473045
v -0.02008856 -0.01510477 0.02474983
v -0.02035170 -0.01474285 0.02477244
v -0.02046812 -0.01445825 0.02495428
v -0.01830799 -0.01727632 0.02425000
v -0.01852647 -0.01703238 0.02456624
v -0.02109248 -0.01323297 0.02505341
v -0.02074960 -0.01325051 0.02517687
v -0.02024964 -0.01375034 0.02522581
v -0.01974967 -0.01425018 0.02525314
v -0.01924970 -0.01475002 0.02525935
v -0.01874974 -0.01525066 0.02526432
v -0.01824978 -0.01575050 0.02526879
v -0.01774981 -0.01625034 0.02527227
v -0.01725064 -0.01675018 0.02527500
v -0.01675068 -0.01725001 0.02527500
v -0.01625071 -0.01774985 0.02527227
v -0.01575075 -0.01824969 0.02526879
v -0.01525079 -0.01874953 0.02526432
v -0.01475002 -0.01924937 0.02525935
v -0.01425006 -0.01974921 0.02525314
v -0.01375009 -0.02024984 0.02522581
v -0.01325013 -0.02074968 0.02517687
v -0.01322780 -0.02109407 0.02505390
v -0.01322780 -0.02124633 0.02482957
v -0.01352683 -0.02101515 0.02501366
v -0.01502592 -0.02002105 0.02501639
v -0.01746275 -0.01796589 0.02495528
v -0.01755924 -0.01805119 0.02462189
v -0.01805123 -0.01755932 0.02462189
v -0.01873539 -0.01523471 0.02273734
v -0.01823861 -0.01573774 0.02273734
v -0.01774024 -0.01623997 0.02273734
v -0.01724108 -0.01674141 0.02273734
v -0.01674111 -0.01724124 0.02273734
v -0.01573799 -0.01823853 0.02273734
v -0.01523484 -0.01873598 0.02273734
v -0.02101513 -0.01352713 0.02501366
v -0.02120890 -0.01323297 0.02488125
v -0.02002078 -0.01502585 0.02501639
v -0.01796590 -0.01746286 0.02495528
v -0.02073844 -0.01371607 0.02507949
v -0.02028073 -0.01427490 0.02511874
v -0.01974967 -0.01475002 0.02518184
v -0.01924970 -0.01525066 0.02520171
v -0.01874974 -0.01575050 0.02521786
v -0.01824978 -0.01625034 0.02523103
v -0.01774981 -0.01675018 0.02524221
v -0.01725064 -0.01725001 0.02524966
v -0.01675068 -0.01774985 0.02524221
v -0.01625071 -0.01824969 0.02523103
v -0.01575075 -0.01874953 0.02521786
v -0.01525079 -0.01924937 0.02520171
v -0.01475002 -0.01974921 0.02518184
v -0.01427478 -0.02028093 0.02511874
v -0.01371661 -0.02073852 0.02507949
v -0.01412487 -0.02056473 0.02504347
v -0.01475002 -0.02011671 0.02505986
v -0.01521570 -0.01972449 0.02506980
v -0.01554981 -0.01954114 0.02502906
v -0.01713024 -0.01810221 0.02505142
v -0.01763259 -0.01763267 0.02505813
v -0.01776257 -0.01776261 0.02478858
v -0.02056460 -0.01412423 0.02504347
v -0.01954075 -0.01554960 0.02502906
v -0.01972415 -0.01521558 0.02506980
v -0.02011727 -0.01475002 0.02505986
v -0.01810226 -0.01713043 0.02505142
v -0.01923535 -0.01572977 0.02508670
v -0.01874655 -0.01624396 0.02509961
v -0.01777931 -0.01727871 0.02512073
v -0.01727855 -0.01777935 0.02512073
v -0.01573002 -0.01923582 0.02508670
f 3255 3256 3262
f 3255 3262 3268
f 3255 3268 3276
f 3255 3276 3284
f 3255 3284 3301
f 3255 3301 3316
f 3255 3316 3322
f 3255 3322 3349
f 3255 3349 3380
f 3255 3380 3418
f 3255 3418 3386
f 3255 3386 3354
f 3255 3354 3326
f 3255 3326 3302
f 3255 3302 3285
f 3255 3285 3277
f 3255 3277 3269
f 3255 3269 3263
f 3255 3263 3257
f 3255 3257 3258
f 3255 3258 3259
f 3255 3259 3260
f 3255 3260 3256
f 3256 3261 3262
f 3256 3260 3261
f 3257 3263 3264
f 3257 3264 3265
f 3257 3265 3258
f 3258 3265 3266
f 3258 3266 3259
f 3259 3266 3265
f 3259 3265 3264
f 3259 3264 3272
f 3259 3272 3278
f 3259 3278 3286
f 3259 3286 3305
f 3259 3305 3329
f 3259 3329 3361
f 3259 3361 3403
f 3259 3403 3404
f 3259 3404 3362
f 3259 3362 3331
f 3259 3331 3307
f 3259 3307 3306
f 3259 3306 3287
f 3259 3287 3279
f 3259 3279 3273
f 3259 3273 3267
f 3259 3267 3260
f 3260 3267 3274
f 3260 3274 3281
f 3260 3281 3294
f 3260 3294 3293
f 3260 3293 3292
f 3260 3292 3315
f 3260 3315 3341
f 3260 3341 3375
f 3260 3375 3416
f 3260 3416 3415
f 3260 3415 3414
f 3260 3414 3413
f 3260 3413 3412
f 3260 3412 3411
f 3260 3411 3410
f 3260 3410 3376
f 3260 3376 3342
f 3260 3342 3317
f 3260 3317 3297
f 3260 3297 3295
f 3260 3295 3282
f 3260 3282 3275
f 3260 3275 3268
f 3260 3268 3262
f 3260 3262 3261
f 3263 3269 3270
f 3263 3270 3264
f 3264 3271 3272
f 3264 3270 3271
f 3267 3273 3274
f 3268 3275 3276
f 3269 3277 3272
f 3269 3272 3270
f 3270 3272 3271
f 3272 3277 3278
f 3273 3279 3280
f 3273 3280 3281
f 3273 3281 3274
f 3275 3282 3276
f 3276 3283 3284
f 3276 3282 3283
f 3277 3285 3286
f 3277 3286 3278
f 3279 3287 3288
f 3279 3288 3280
f 3280 3288 3289
f 3280 3289 3290
f 3280 3290 3291
f 3280 3291 3292
f 3280 3292 3293
f 3280 3293 3294
f 3280 3294 3281
f 3282 3295 3283
f 3283 3296 3284
f 3283 3295 3297
f 3283 3297 3298
f 3283 3298 3299
f 3283 3299 3300
f 3283 3300 3296
f 3284 3296 3301
f 3285 3302 3303
f 3285 3303 3304
f 3285 3304 3286
f 3286 3304 3305
f 3287 3306 3288
f 3288 3306 3307
f 3288 3307 3289
f 3289 3308 3309
f 3289 3309 3310
f 3289 3310 3311
f 3289 3311 3312
f 3289 3312 3313
f 3289 3313 3290
f 3289 3307 3308
f 3290 3292 3291
f 3290 3313 3314
f 3290 3314 3292
f 3292 3314 3315
f 3296 3316 3301
f 3296 3300 3316
f 3297 3317 3318
f 3297 3318 3299
f 3297 3299 3298
f 3299 3318 3319
f 3299 3319 3300
f 3300 3320 3321
f 3300 3321 3322
f 3300 3322 3316
f 3300 3319 3323
f 3300 3323 3324
f 3300 3324 3325
f 3300 3325 3320
f 3302 3326 3327
f 3302 3327 3305
f 3302 3305 3303
f 3303 3305 3304
f 3305 3328 3329
f 3305 3327 3330
f 3305 3330 3328
f 3307 3331 3332
f 3307 3332 3333
f 3307 3333 3308
f 3308 3333 3332
f 3308 3332 3309
f 3309 3332 3310
f 3310 3332 3311
f 3311 3332 3334
f 3311 3334 3335
f 3311 3335 3336
f 3311 3336 3337
f 3311 3337 3312
f 3312 3314 3313
f 3312 3337 3338
f 3312 3338 3314
f 3314 3338 3339
f 3314 3339 3340
f 3314 3340 3341
f 3314 3341 3315
f 3317 3342 3318
f 3318 3323 3319
f 3318 3342 3343
f 3318 3343 3344
f 3318 3344 3345
f 3318 3345 3323
f 3320 3325 3346
f 3320 3346 3321
f 3321 3346 3347
f 3321 3347 3322
f 3322 3348 3346
f 3322 3346 3349
f 3322 3347 3348
f 3323 3345 3350
f 3323 3350 3324
f 3324 3351 3352
f 3324 3352 3353
f 3324 3353 3346
f 3324 3346 3325
f 3324 3350 3351
f 3326 3354 3355
f 3326 3355 3356
f 3326 3356 3327
f 3327 3356 3357
f 3327 3357 3394
f 3327 3394 3395
f 3327 3395 3358
f 3327 3358 3328
f 3327 3328 3330
f 3328 3358 3359
f 3328 3359 3329
f 3329 3359 3360
f 3329 3360 3361
f 3331 3362 3332
f 3332 3362 3363
f 3332 3363 3364
f 3332 3364 3365
f 3332 3365 3366
f 3332 3366 3334
f 3334 3366 3367
f 3334 3367 3368
f 3334 3368 3335
f 3335 3368 3369
f 3335 3369 3336
f 3336 3370 3337
f 3336 3369 3370
f 3337 3369 3368
f 3337 3368 3338
f 3337 3370 3369
f 3338 3368 3371
f 3338 3371 3345
f 3338 3345 3372
f 3338 3372 3339
f 3339 3372 3344
f 3339 3344 3373
f 3339 3373 3341
f 3339 3341 3374
f 3339 3374 3340
f 3340 3374 3341
f 3341 3373 3375
f 3342 3376 3373
f 3342 3373 3344
f 3342 3344 3377
f 3342 3377 3343
f 3343 3377 3344
f 3344 3372 3345
f 3345 3371 3378
f 3345 3378 3350
f 3346 3379 3380
f 3346 3380 3349
f 3346 3348 3347
f 3346 3353 3381
f 3346 3381 3382
f 3346 3382 3383
f 3346 3383 3379
f 3350 3378 3384
f 3350 3384 3351
f 3351 3384 3352
f 3352 3384 3378
f 3352 3378 3353
f 3353 3378 3385
f 3353 3385 3381
f 3354 3386 3387
f 3354 3387 3388
f 3354 3388 3355
f 3355 3388 3389
f 3355 3389 3356
f 3356 3389 3390
f 3356 3390 3391
f 3356 3391 3392
f 3356 3392 3393
f 3356 3393 3394
f 3356 3394 3357
f 3358 3395 3359
f 3359 3395 3396
f 3359 3396 3397
f 3359 3397 3398
f 3359 3398 3399
f 3359 3399 3400
f 3359 3400 3360
f 3360 3400 3401
f 3360 3401 3361
f 3361 3401 3402
f 3361 3402 3403
f 3362 3404 3405
f 3362 3405 3363
f 3363 3405 3364
f 3364 3405 3406
f 3364 3406 3365
f 3365 3406 3366
f 3366 3406 3407
f 3366 3407 3408
f 3366 3408 3367
f 3367 3408 3368
f 3368 3408 3371
f 3371 3408 3409
f 3371 3409 3378
f 3373 3376 3410
f 3373 3410 3411
f 3373 3411 3412
f 3373 3412 3413
f 3373 3413 3414
f 3373 3414 3415
f 3373 3415 3416
f 3373 3416 3375
f 3378 3409 3385
f 3379 3417 3380
f 3379 3383 3417
f 3380 3417 3418
f 3381 3419 3382
f 3381 3385 3409
f 3381 3409 3420
f 3381 3420 3419
f 3382 3419 3383
f 3383 3419 3417
f 3386 3418 3417
f 3386 3417 3421
f 3386 3421 3387
f 3387 3421 3422
f 3387 3422 3423
f 3387 3423 3388
f 3388 3423 3389
f 3389 3423 3424
f 3389 3424 3425
f 3389 3425 3426
f 3389 3426 3427
f 3389 3427 3428
f 3389 3428 3390
f 3390 3428 3391
f 3391 3428 3392
f 3392 3428 3393
f 3393 3428 3394
f 3394 3428 3395
f 3395 3428 3396
f 3396 3428 3397
f 3397 3428 3398
f 3398 3428 3399
f 3399 3428 3400
f 3400 3428 3429
f 3400 3429 3430
f 3400 3430 3431
f 3400 3431 3432
f 3400 3432 3433
f 3400 3433 3401
f 3401 3433 3402
f 3402 3433 3434
f 3402 3434 3435
f 3402 3435 3403
f 3403 3435 3405
f 3403 3405 3404
f 3405 3435 3436
f 3405 3436 3406
f 3406 3436 3437
f 3406 3437 3438
f 3406 3438 3439
f 3406 3439 3407
f 3407 3440 3441
f 3407 3441 3420
f 3407 3420 3442
f 3407 3442 3408
f 3407 3439 3440
f 3408 3442 3409
f 3409 3442 3420
f 3417 3443 3421
f 3417 3419 3443
f 3419 3444 3445
f 3419 3445 3446
f 3419 3446 3443
f 3419 3420 3444
f 3420 3441 3447
f 3420 3447 3444
f 3421 3443 3422
f 3422 3443 3446
f 3422 3446 3423
f 3423 3445 3448
f 3423 3448 3424
f 3423 3446 3445
f 3424 3448 3449
f 3424 3449 3450
f 3424 3450 3425
f 3425 3450 3426
f 3426 3450 3427
f 3427 3450 3428
f 3428 3451 3429
f 3428 3450 3451
f 3429 3451 3430
f 3430 3451 3431
f 3431 3451 3432
f 3432 3452 3433
f 3432 3451 3452
f 3433 3452 3438
f 3433 3438 3437
f 3433 3437 3434
f 3434 3436 3435
f 3434 3437 3436
f 3438 3452 3439
f 3439 3452 3440
f 3440 3451 3441
f 3440 3452 3451
f 3441 3451 3450
f 3441 3450 3447
f 3444 3448 3445
f 3444 3447 3448
f 3447 3450 3448
f 3448 3450 3449

o part_22
v -0.02451603 0.00561238 0.02453946
v -0.02411585 0.00725014 0.02424995
v -0.02435571 0.00625008 0.02424995
v -0.02450863 0.00561238 0.02424995
v -0.02450555 0.00561238 0.02458917
v -0.02402829 0.00759538 0.02458873
v -0.02402767 0.00759395 0.02424995
v -0.02400856 0.00752975 0.02397614
v -0.02441059 0.00561238 0.02389025
v -0.02441490 0.00561238 0.02479758
v -0.02400979 0.00704756 0.02501035
v -0.02406405 0.00722874 0.02475310
v -0.02395430 0.00738067 0.02492184
v -0.02351280 0.00853338 0.02501253
v -0.02372184 0.00825019 0.02474962
v -0.02355597 0.00872026 0.02470994
v -0.02350540 0.00901414 0.02451679
v -0.02394998 0.00784432 0.02424995
v -0.02379645 0.00825019 0.02424995
v -0.02348444 0.00896350 0.02412133
v -0.02355350 0.00863038 0.02388894
v -0.02273588 0.00775016 0.02082078
v -0.02288879 0.00732147 0.02082078
v -0.02291346 0.00725085 0.02082078
v -0.02298190 0.00688920 0.02082078
v -0.02302198 0.00663741 0.02082078
v -0.02307069 0.00632997 0.02082078
v -0.02316257 0.00575005 0.02082078
v -0.02318415 0.00561238 0.02082078
v -0.02424349 0.00561238 0.02502168
v -0.02403816 0.00675011 0.02503476
v -0.02377240 0.00722874 0.02509493
v -0.02363921 0.00775016 0.02508490
v -0.02355782 0.00825019 0.02504392
v -0.02303555 0.00959691 0.02503084
v -0.02250218 0.01100570 0.02500206
v -0.02303370 0.01008196 0.02459919
v -0.02350540 0.00901414 0.02445444
v -0.02246888 0.01143297 0.02424995
v -0.02257741 0.01118331 0.02424995
v -0.02340182 0.00920888 0.02427263
v -0.02275931 0.01074962 0.02424995
v -0.02301273 0.01003132 0.02396699
v -0.02270628 0.00780866 0.02082078
v -0.02254103 0.01109771 0.02390856
v -0.02148539 0.00561238 0.02082078
v -0.02416949 0.00561238 0.02508665
v -0.02408317 0.00625008 0.02506441
v -0.02374958 0.00675011 0.02516338
v -0.02324951 0.00825019 0.02517167
v -0.02224999 0.01074962 0.02515815
v -0.02254288 0.01074962 0.02503302
v -0.02224382 0.01120328 0.02507444
v -0.02207302 0.01164482 0.02504653
v -0.02198361 0.01197793 0.02497852
v -0.02242264 0.01136449 0.02474962
v -0.02254843 0.01111412 0.02474962
v -0.02205514 0.01209063 0.02464541
v -0.02228513 0.01174967 0.02424995
v -0.02203232 0.01205354 0.02392949
v -0.02255459 0.00810753 0.02082078
v -0.02011343 0.01289881 0.02082078
v -0.02040879 0.01231961 0.02082078
v -0.02067208 0.01180317 0.02082078
v -0.02118079 0.01080454 0.02082078
v -0.02170860 0.00561238 0.02424995
v -0.01821674 0.01289881 0.02082078
v -0.01844427 0.01289881 0.02464672
v -0.02388277 0.00561238 0.02518867
v -0.02374958 0.00625008 0.02520132
v -0.02324951 0.00775016 0.02522225
v -0.02274944 0.00925025 0.02519870
v -0.02224999 0.01024959 0.02521789
v -0.02174992 0.01124965 0.02522835
v -0.02179000 0.01178677 0.02512284
v -0.02164694 0.01224970 0.02507575
v -0.02154520 0.01257996 0.02503433
v -0.02143791 0.01289881 0.02488957
v -0.02144901 0.01289881 0.02486908
v -0.02151622 0.01289881 0.02472956
v -0.02156062 0.01289881 0.02463320
v -0.02217106 0.01178677 0.02478711
v -0.02158652 0.01289881 0.02436506
v -0.02158652 0.01289881 0.02428440
v -0.02191332 0.01235812 0.02424995
v -0.02156493 0.01289881 0.02412221
v -0.02180603 0.00561238 0.02476008
v -0.01844735 0.01289881 0.02465980
v -0.02374958 0.00561238 0.02522922
v -0.02374958 0.00575005 0.02522355
v -0.02324951 0.00725014 0.02524841
v -0.02274944 0.00825019 0.02526541
v -0.02274944 0.00875022 0.02523838
v -0.02224999 0.00974956 0.02525146
v -0.02174992 0.01074962 0.02526236
v -0.02125046 0.01174967 0.02525625
v -0.02075039 0.01274973 0.02524274
v -0.02125046 0.01224970 0.02520873
v -0.02110741 0.01289881 0.02512676
v -0.02126033 0.01274759 0.02510496
v -0.02120792 0.01289881 0.02508883
v -0.02164139 0.01279538 0.02421987
v -0.02184426 0.00561238 0.02484859
v -0.01849545 0.01289881 0.02478450
v -0.01854786 0.01289881 0.02490658
v -0.02338825 0.00561238 0.02526628
v -0.02324951 0.00625008 0.02527413
v -0.02324951 0.00675011 0.02526585
v -0.02274944 0.00775016 0.02527500
v -0.02224999 0.00925025 0.02527108
v -0.02125046 0.01124965 0.02527500
v -0.02075039 0.01224970 0.02527021
v -0.02174992 0.01024959 0.02527500
v -0.02060179 0.01289881 0.02524884
v -0.02075039 0.01289881 0.02522312
v -0.02194908 0.00561238 0.02504305
v -0.01865392 0.01289881 0.02502735
v -0.02324951 0.00561238 0.02527500
v -0.02324951 0.00575005 0.02527500
v -0.02025032 0.01274973 0.02527500
v -0.02025032 0.01289881 0.02527108
v -0.02200704 0.00561238 0.02506877
v -0.01880005 0.01289881 0.02509406
v -0.02288818 0.00561238 0.02527282
v -0.02274944 0.00625008 0.02527500
v -0.02010172 0.01289881 0.02527500
v -0.02223827 0.00561238 0.02516818
v -0.01907260 0.01289881 0.02518475
v -0.02274944 0.00561238 0.02526846
v -0.02274944 0.00575005 0.02527195
v -0.01975025 0.01274973 0.02527151
v -0.01975025 0.01289881 0.02527238
v -0.02025032 0.01224970 0.02527500
v -0.02224999 0.00575005 0.02518736
v -0.02238811 0.00561238 0.02520742
v -0.01925018 0.01289881 0.02522661
v -0.01925018 0.01274973 0.02521309
v -0.01960165 0.01289881 0.02526759
f 3453 3454 3455
f 3453 3455 3456
f 3453 3456 3461
f 3453 3461 3481
f 3453 3481 3498
f 3453 3498 3518
f 3453 3518 3539
f 3453 3539 3555
f 3453 3555 3568
f 3453 3568 3574
f 3453 3574 3579
f 3453 3579 3587
f 3453 3587 3581
f 3453 3581 3576
f 3453 3576 3570
f 3453 3570 3558
f 3453 3558 3541
f 3453 3541 3521
f 3453 3521 3499
f 3453 3499 3482
f 3453 3482 3462
f 3453 3462 3457
f 3453 3457 3458
f 3453 3458 3454
f 3454 3458 3459
f 3454 3459 3460
f 3454 3460 3455
f 3455 3460 3456
f 3456 3460 3461
f 3457 3462 3463
f 3457 3463 3464
f 3457 3464 3458
f 3458 3465 3466
f 3458 3466 3467
f 3458 3467 3468
f 3458 3468 3469
f 3458 3469 3470
f 3458 3470 3459
f 3458 3464 3465
f 3459 3470 3460
f 3460 3470 3471
f 3460 3471 3472
f 3460 3472 3473
f 3460 3473 3474
f 3460 3474 3475
f 3460 3475 3476
f 3460 3476 3461
f 3461 3477 3478
f 3461 3478 3479
f 3461 3479 3480
f 3461 3480 3481
f 3461 3476 3477
f 3462 3482 3463
f 3463 3483 3484
f 3463 3484 3485
f 3463 3485 3486
f 3463 3486 3466
f 3463 3466 3465
f 3463 3465 3464
f 3463 3482 3483
f 3466 3468 3467
f 3466 3486 3487
f 3466 3487 3488
f 3466 3488 3468
f 3468 3488 3489
f 3468 3489 3469
f 3469 3490 3471
f 3469 3471 3470
f 3469 3489 3491
f 3469 3491 3492
f 3469 3492 3490
f 3471 3490 3493
f 3471 3493 3472
f 3472 3493 3494
f 3472 3494 3495
f 3472 3495 3473
f 3473 3495 3474
f 3474 3496 3513
f 3474 3513 3517
f 3474 3517 3516
f 3474 3516 3515
f 3474 3515 3514
f 3474 3514 3519
f 3474 3519 3498
f 3474 3498 3481
f 3474 3481 3480
f 3474 3480 3479
f 3474 3479 3478
f 3474 3478 3477
f 3474 3477 3476
f 3474 3476 3475
f 3474 3495 3497
f 3474 3497 3496
f 3482 3499 3483
f 3483 3500 3501
f 3483 3501 3484
f 3483 3499 3500
f 3484 3501 3485
f 3485 3502 3486
f 3485 3501 3502
f 3486 3502 3487
f 3487 3503 3504
f 3487 3504 3488
f 3487 3502 3503
f 3488 3504 3503
f 3488 3503 3505
f 3488 3505 3506
f 3488 3506 3507
f 3488 3507 3508
f 3488 3508 3509
f 3488 3509 3489
f 3489 3509 3491
f 3490 3492 3494
f 3490 3494 3493
f 3491 3497 3492
f 3491 3509 3508
f 3491 3508 3510
f 3491 3510 3511
f 3491 3511 3512
f 3491 3512 3497
f 3492 3497 3495
f 3492 3495 3494
f 3496 3497 3513
f 3497 3512 3514
f 3497 3514 3515
f 3497 3515 3516
f 3497 3516 3517
f 3497 3517 3513
f 3498 3519 3520
f 3498 3520 3518
f 3499 3521 3522
f 3499 3522 3501
f 3499 3501 3500
f 3501 3522 3523
f 3501 3523 3502
f 3502 3523 3524
f 3502 3524 3503
f 3503 3525 3526
f 3503 3526 3527
f 3503 3527 3505
f 3503 3524 3525
f 3505 3527 3506
f 3506 3527 3528
f 3506 3528 3529
f 3506 3529 3507
f 3507 3529 3530
f 3507 3530 3531
f 3507 3531 3532
f 3507 3532 3533
f 3507 3533 3510
f 3507 3510 3534
f 3507 3534 3508
f 3508 3534 3510
f 3510 3533 3535
f 3510 3535 3511
f 3511 3535 3536
f 3511 3536 3537
f 3511 3537 3538
f 3511 3538 3512
f 3512 3538 3514
f 3514 3538 3536
f 3514 3536 3535
f 3514 3535 3533
f 3514 3533 3532
f 3514 3532 3531
f 3514 3531 3530
f 3514 3530 3553
f 3514 3553 3551
f 3514 3551 3567
f 3514 3567 3566
f 3514 3566 3573
f 3514 3573 3578
f 3514 3578 3584
f 3514 3584 3590
f 3514 3590 3588
f 3514 3588 3580
f 3514 3580 3575
f 3514 3575 3569
f 3514 3569 3557
f 3514 3557 3556
f 3514 3556 3540
f 3514 3540 3520
f 3514 3520 3519
f 3518 3520 3539
f 3520 3540 3539
f 3521 3541 3542
f 3521 3542 3522
f 3522 3543 3523
f 3522 3542 3543
f 3523 3544 3545
f 3523 3545 3525
f 3523 3525 3524
f 3523 3543 3544
f 3525 3546 3547
f 3525 3547 3526
f 3525 3545 3546
f 3526 3547 3548
f 3526 3548 3549
f 3526 3549 3550
f 3526 3550 3527
f 3527 3550 3551
f 3527 3551 3528
f 3528 3551 3552
f 3528 3552 3553
f 3528 3553 3529
f 3529 3553 3530
f 3536 3538 3554
f 3536 3554 3537
f 3537 3554 3538
f 3539 3540 3556
f 3539 3556 3557
f 3539 3557 3555
f 3541 3558 3559
f 3541 3559 3560
f 3541 3560 3543
f 3541 3543 3542
f 3543 3560 3544
f 3544 3560 3561
f 3544 3561 3562
f 3544 3562 3547
f 3544 3547 3546
f 3544 3546 3545
f 3547 3563 3564
f 3547 3564 3548
f 3547 3562 3565
f 3547 3565 3563
f 3548 3564 3566
f 3548 3566 3549
f 3549 3566 3567
f 3549 3567 3550
f 3550 3567 3551
f 3551 3553 3552
f 3555 3557 3568
f 3557 3569 3568
f 3558 3570 3571
f 3558 3571 3559
f 3559 3571 3561
f 3559 3561 3560
f 3561 3571 3570
f 3561 3570 3577
f 3561 3577 3585
f 3561 3585 3578
f 3561 3578 3572
f 3561 3572 3563
f 3561 3563 3565
f 3561 3565 3562
f 3563 3572 3564
f 3564 3572 3573
f 3564 3573 3566
f 3568 3569 3575
f 3568 3575 3574
f 3570 3576 3577
f 3572 3578 3573
f 3574 3575 3579
f 3575 3580 3579
f 3576 3581 3582
f 3576 3582 3577
f 3577 3582 3583
f 3577 3583 3584
f 3577 3584 3585
f 3578 3585 3584
f 3579 3586 3587
f 3579 3580 3586
f 3580 3588 3589
f 3580 3589 3587
f 3580 3587 3586
f 3581 3587 3588
f 3581 3588 3590
f 3581 3590 3582
f 3582 3590 3583
f 3583 3590 3584
f 3587 3589 3588

o part_23
v 0.00000401 0.01897511 -0.02109229
v 0.00000401 0.01868329 -0.02329693
v -0.00009247 0.01897511 -0.02109229
v 0.00000401 0.01707666 -0.02109229
v 0.00000401 0.01682988 -0.02329693
v -0.00025081 0.01868329 -0.02329693
v -0.00025081 0.01868913 -0.02324988
v -0.00025081 0.01874999 -0.02274982
v -0.00075055 0.01873332 -0.02224997
v -0.00075055 0.01887339 -0.02109229
v 0.00000401 0.01045838 -0.02205292
v -0.01263306 0.01126628 -0.02109229
v 0.00000401 0.01045838 -0.02329283
v -0.01263306 0.01097197 -0.02329693
v -0.00075303 0.01860576 -0.02329693
v -0.00090889 0.01884838 -0.02109229
v -0.00120205 0.01853489 -0.02329693
v -0.00430318 0.01804381 -0.02329693
v -0.00276066 0.01853655 -0.02124725
v -0.01263306 0.01045838 -0.02149782
v -0.01263306 0.01389592 -0.02109229
v -0.00025081 0.01045838 -0.02329283
v -0.00695652 0.01045838 -0.02309794
v -0.01263306 0.01045838 -0.02285536
v -0.01263306 0.01352240 -0.02329693
v -0.00075055 0.01045838 -0.02328571
v -0.00275076 0.01045838 -0.02325679
v -0.00295857 0.01045838 -0.02325355
v -0.00325050 0.01045838 -0.02324794
v -0.00345832 0.01045838 -0.02324190
v -0.00375025 0.01045838 -0.02323240
v -0.00425123 0.01045838 -0.02321168
v -0.00545853 0.01045838 -0.02316096
v -0.00323690 0.01847986 -0.02109229
v -0.00520371 0.01790041 -0.02329693
v -0.00476210 0.01797294 -0.02327988
v -0.00493652 0.01798962 -0.02291557
v -0.00523834 0.01802630 -0.02221868
v -0.01251431 0.01401514 -0.02109229
v -0.01263306 0.01383505 -0.02145401
v -0.01263306 0.01353074 -0.02324988
v -0.01260090 0.01355492 -0.02329693
v -0.00525071 0.01816054 -0.02109229
v -0.00525071 0.01789290 -0.02329693
v -0.00525071 0.01789874 -0.02324988
v -0.00539668 0.01798295 -0.02236436
v -0.01263306 0.01369082 -0.02230695
v -0.01263306 0.01378503 -0.02175012
v -0.01218403 0.01434531 -0.02109229
v -0.01207765 0.01407851 -0.02329693
v -0.01263306 0.01361578 -0.02274982
v -0.00551543 0.01800296 -0.02203134
v -0.00558346 0.01802047 -0.02175012
v -0.00540781 0.01812885 -0.02109229
v -0.00570345 0.01778785 -0.02329693
v -0.01184386 0.01468464 -0.02109229
v -0.01148637 0.01498646 -0.02142077
v -0.01158162 0.01458209 -0.02324988
v -0.01155317 0.01460210 -0.02329693
v -0.00575046 0.01778285 -0.02324988
v -0.00592982 0.01798045 -0.02135473
v -0.00599043 0.01799795 -0.02109229
v -0.00575664 0.01805798 -0.02109229
v -0.00575046 0.01777618 -0.02329693
v -0.01151358 0.01501397 -0.02109229
v -0.01137380 0.01487390 -0.02274982
v -0.01107693 0.01506483 -0.02329693
v -0.01132680 0.01482721 -0.02329693
v -0.00619701 0.01759942 -0.02329693
v -0.00607950 0.01795543 -0.02109229
v -0.01137133 0.01513487 -0.02109229
v -0.01094952 0.01547253 -0.02109229
v -0.01074913 0.01526827 -0.02329693
v -0.01126495 0.01522408 -0.02109229
v -0.00622051 0.01758775 -0.02329693
v -0.00620319 0.01760276 -0.02324988
v -0.00616237 0.01791375 -0.02109229
v -0.01071078 0.01559510 -0.02109229
v -0.01067862 0.01559093 -0.02125006
v -0.01040772 0.01545336 -0.02329693
v -0.01071202 0.01528911 -0.02329693
v -0.00620443 0.01787623 -0.02121294
v -0.01012568 0.01559760 -0.02329693
v -0.01041514 0.01574600 -0.02109229
f 3591 3592 3596
f 3591 3596 3593
f 3591 3593 3600
f 3591 3600 3606
f 3591 3606 3624
f 3591 3624 3633
f 3591 3633 3644
f 3591 3644 3653
f 3591 3653 3652
f 3591 3652 3660
f 3591 3660 3667
f 3591 3667 3674
f 3591 3674 3668
f 3591 3668 3662
f 3591 3662 3664
f 3591 3664 3661
f 3591 3661 3655
f 3591 3655 3646
f 3591 3646 3639
f 3591 3639 3629
f 3591 3629 3611
f 3591 3611 3602
f 3591 3602 3594
f 3591 3594 3601
f 3591 3601 3603
f 3591 3603 3595
f 3591 3595 3592
f 3592 3595 3604
f 3592 3604 3615
f 3592 3615 3632
f 3592 3632 3640
f 3592 3640 3649
f 3592 3649 3658
f 3592 3658 3657
f 3592 3657 3663
f 3592 3663 3671
f 3592 3671 3670
f 3592 3670 3673
f 3592 3673 3665
f 3592 3665 3659
f 3592 3659 3654
f 3592 3654 3645
f 3592 3645 3634
f 3592 3634 3625
f 3592 3625 3608
f 3592 3608 3607
f 3592 3607 3605
f 3592 3605 3596
f 3593 3596 3597
f 3593 3597 3598
f 3593 3598 3599
f 3593 3599 3600
f 3594 3602 3601
f 3595 3603 3604
f 3596 3605 3597
f 3597 3605 3598
f 3598 3605 3599
f 3599 3606 3600
f 3599 3605 3607
f 3599 3607 3608
f 3599 3608 3609
f 3599 3609 3606
f 3601 3602 3610
f 3601 3610 3614
f 3601 3614 3613
f 3601 3613 3623
f 3601 3623 3622
f 3601 3622 3621
f 3601 3621 3620
f 3601 3620 3619
f 3601 3619 3618
f 3601 3618 3617
f 3601 3617 3616
f 3601 3616 3612
f 3601 3612 3603
f 3602 3611 3630
f 3602 3630 3638
f 3602 3638 3637
f 3602 3637 3641
f 3602 3641 3631
f 3602 3631 3615
f 3602 3615 3604
f 3602 3604 3614
f 3602 3614 3610
f 3603 3612 3604
f 3604 3613 3614
f 3604 3612 3616
f 3604 3616 3617
f 3604 3617 3618
f 3604 3618 3619
f 3604 3619 3620
f 3604 3620 3621
f 3604 3621 3622
f 3604 3622 3623
f 3604 3623 3613
f 3606 3609 3624
f 3608 3625 3626
f 3608 3626 3627
f 3608 3627 3628
f 3608 3628 3609
f 3609 3628 3624
f 3611 3629 3630
f 3615 3631 3632
f 3624 3628 3633
f 3625 3634 3635
f 3625 3635 3626
f 3626 3635 3627
f 3627 3635 3628
f 3628 3635 3636
f 3628 3636 3633
f 3629 3637 3638
f 3629 3638 3630
f 3629 3639 3640
f 3629 3640 3637
f 3631 3641 3640
f 3631 3640 3632
f 3633 3636 3642
f 3633 3642 3643
f 3633 3643 3644
f 3634 3645 3642
f 3634 3642 3636
f 3634 3636 3635
f 3637 3640 3641
f 3639 3646 3647
f 3639 3647 3648
f 3639 3648 3640
f 3640 3648 3649
f 3642 3645 3650
f 3642 3650 3651
f 3642 3651 3652
f 3642 3652 3653
f 3642 3653 3643
f 3643 3653 3644
f 3645 3654 3650
f 3646 3655 3647
f 3647 3656 3648
f 3647 3655 3657
f 3647 3657 3656
f 3648 3656 3658
f 3648 3658 3649
f 3650 3654 3652
f 3650 3652 3651
f 3652 3659 3660
f 3652 3654 3659
f 3655 3661 3657
f 3656 3657 3658
f 3657 3662 3663
f 3657 3661 3664
f 3657 3664 3662
f 3659 3665 3666
f 3659 3666 3660
f 3660 3666 3665
f 3660 3665 3667
f 3662 3668 3669
f 3662 3669 3670
f 3662 3670 3671
f 3662 3671 3663
f 3665 3672 3667
f 3665 3673 3672
f 3667 3672 3669
f 3667 3669 3674
f 3668 3674 3669
f 3669 3673 3670
f 3669 3672 3673

o part_24
v 0.01198138 0.01892345 0.02246517
v 0.01198138 0.01894680 0.02424992
v 0.01198138 0.02080293 0.02246517
v 0.02014346 0.00958628 0.02246517
v 0.01198138 0.01897262 0.02456897
v 0.01198138 0.02186866 0.02363328
v 0.01227241 0.02066034 0.02246517
v 0.02202854 0.00958628 0.02246517
v 0.02027685 0.00958628 0.02424992
v 0.01198138 0.01909800 0.02484071
v 0.02038598 0.00958628 0.02475270
v 0.02044110 0.00958628 0.02491415
v 0.01327117 0.02014898 0.02246517
v 0.01198138 0.02204936 0.02389237
v 0.01205413 0.02203215 0.02392950
v 0.01341117 0.02094429 0.02355379
v 0.01247304 0.02148269 0.02351418
v 0.01402300 0.01974211 0.02246517
v 0.01376063 0.01989576 0.02246517
v 0.02294463 0.00958628 0.02356617
v 0.02167908 0.01027588 0.02246517
v 0.02201642 0.01153214 0.02348998
v 0.02243422 0.01084501 0.02357552
v 0.01198138 0.01932663 0.02508000
v 0.02058441 0.00958628 0.02505029
v 0.01198138 0.02209238 0.02400596
v 0.01299337 0.02149498 0.02403319
v 0.01453561 0.02052266 0.02394902
v 0.01359858 0.02105984 0.02388686
v 0.01434931 0.02040466 0.02361595
v 0.01421702 0.01962287 0.02246517
v 0.02307140 0.00975100 0.02386679
v 0.02310227 0.00958628 0.02381480
v 0.02116978 0.01127400 0.02246517
v 0.02191610 0.01186526 0.02359642
v 0.02235154 0.01125925 0.02374549
v 0.02065938 0.01227336 0.02246517
v 0.02014897 0.01327149 0.02246517
v 0.01989542 0.01376072 0.02246517
v 0.02254115 0.01109823 0.02390859
v 0.01198138 0.01974949 0.02521174
v 0.02073103 0.00958628 0.02511658
v 0.01198138 0.02214401 0.02424992
v 0.01235949 0.02191291 0.02424992
v 0.01392599 0.02095412 0.02424992
v 0.01425009 0.02075499 0.02424992
v 0.01457970 0.02055094 0.02424992
v 0.01482995 0.02037639 0.02424992
v 0.01514854 0.02012563 0.02424992
v 0.01508460 0.02007154 0.02388219
v 0.01473514 0.02023748 0.02374907
v 0.01433277 0.01953929 0.02246517
v 0.01493357 0.01994247 0.02354911
v 0.02301297 0.01003249 0.02396690
v 0.02317061 0.00958628 0.02398918
v 0.02203185 0.01205456 0.02392950
v 0.02211012 0.01172021 0.02375787
v 0.01974219 0.01402377 0.02246517
v 0.02094489 0.01341162 0.02355379
v 0.02246839 0.01143380 0.02424992
v 0.02257753 0.01118427 0.02424992
v 0.01198138 0.02024978 0.02526923
v 0.02124915 0.00958628 0.02525217
v 0.01198138 0.02209607 0.02469631
v 0.01209161 0.02205427 0.02464543
v 0.01302975 0.02151710 0.02454972
v 0.01302975 0.02151710 0.02436654
v 0.01457089 0.02054479 0.02462095
v 0.01650447 0.01900212 0.02450763
v 0.01650447 0.01900212 0.02447958
v 0.01539878 0.01991297 0.02424992
v 0.01700275 0.01850183 0.02399578
v 0.01753080 0.01802489 0.02394820
v 0.01444742 0.01945324 0.02246517
v 0.01737757 0.01789336 0.02361512
v 0.02303502 0.01008658 0.02424992
v 0.02324337 0.00958628 0.02425680
v 0.02275942 0.01075036 0.02424992
v 0.02228540 0.01175094 0.02424992
v 0.02105954 0.01359846 0.02388686
v 0.02052268 0.01453636 0.02394902
v 0.02149498 0.01299368 0.02403319
v 0.01962313 0.01421676 0.02246517
v 0.02040472 0.01434952 0.02361595
v 0.02242209 0.01136497 0.02474995
v 0.02254777 0.01111543 0.02474995
v 0.02303392 0.01008289 0.02459950
v 0.02205500 0.01209144 0.02464543
v 0.01225036 0.02024978 0.02527473
v 0.01198138 0.02074884 0.02527280
v 0.02124915 0.00975100 0.02526235
v 0.02174964 0.00958628 0.02527473
v 0.01198138 0.02198298 0.02497658
v 0.01362173 0.02107336 0.02474995
v 0.01445844 0.02046735 0.02495430
v 0.01474286 0.02035180 0.02477250
v 0.01510444 0.02008875 0.02474995
v 0.01703252 0.01852641 0.02456622
v 0.01756828 0.01805808 0.02424992
v 0.01647471 0.01897753 0.02414623
v 0.01781742 0.01781715 0.02424992
v 0.01802577 0.01752951 0.02394820
v 0.01771159 0.01771144 0.02378180
v 0.01470538 0.01920494 0.02246517
v 0.01756166 0.01756024 0.02347155
v 0.01789348 0.01737709 0.02361512
v 0.02317613 0.00958628 0.02474417
v 0.02075528 0.01425118 0.02424992
v 0.02151703 0.01303056 0.02436654
v 0.02151703 0.01303056 0.02454972
v 0.02055024 0.01458061 0.02424992
v 0.02023826 0.01473426 0.02374907
v 0.02007180 0.01508459 0.02388219
v 0.02012582 0.01514851 0.02424992
v 0.02037606 0.01483014 0.02424992
v 0.01953935 0.01433354 0.02246517
v 0.01994282 0.01493340 0.02354911
v 0.02250147 0.01100603 0.02500216
v 0.02217075 0.01178782 0.02478708
v 0.02198334 0.01197835 0.02497878
v 0.02310337 0.00975960 0.02475957
v 0.02054473 0.01457078 0.02462095
v 0.02107277 0.01362182 0.02474995
v 0.01275084 0.02024978 0.02527473
v 0.01225036 0.02074884 0.02527033
v 0.01198138 0.02124914 0.02523429
v 0.02224902 0.00958628 0.02525795
v 0.02174964 0.01025006 0.02527473
v 0.01198138 0.02172976 0.02510338
v 0.01225036 0.02164617 0.02507587
v 0.01258107 0.02154538 0.02503434
v 0.01352692 0.02101558 0.02501371
v 0.01502617 0.02002114 0.02501619
v 0.01746355 0.01796588 0.02495513
v 0.01756056 0.01805070 0.02462205
v 0.01805112 0.01755901 0.02462205
v 0.01805774 0.01756762 0.02424992
v 0.01850090 0.01700218 0.02399578
v 0.01520696 0.01870588 0.02246517
v 0.01721000 0.01670839 0.02246517
v 0.01670952 0.01720869 0.02246517
v 0.01620903 0.01770775 0.02246517
v 0.01945226 0.01444785 0.02246517
v 0.01920532 0.01470476 0.02246517
v 0.01820766 0.01570781 0.02246517
v 0.02303502 0.00959858 0.02503077
v 0.02303723 0.00958628 0.02503187
v 0.02295785 0.00993169 0.02493285
v 0.01991306 0.01539927 0.02424992
v 0.01900249 0.01650311 0.02447958
v 0.01900249 0.01650311 0.02450763
v 0.02207264 0.01164523 0.02504672
v 0.02224351 0.01120394 0.02507422
v 0.02224902 0.01075036 0.02515811
v 0.02254225 0.01075036 0.02503324
v 0.02154459 0.01258067 0.02503434
v 0.02101545 0.01352717 0.02501371
v 0.02008834 0.01510549 0.02474995
v 0.02035181 0.01474287 0.02477250
v 0.02046756 0.01445769 0.02495430
v 0.01425009 0.01924919 0.02527473
v 0.01375071 0.01974949 0.02527418
v 0.01325022 0.02024978 0.02526262
v 0.01275084 0.02074884 0.02524282
v 0.01225036 0.02124914 0.02520899
v 0.02276604 0.00958628 0.02513968
v 0.02224902 0.00975100 0.02525135
v 0.02174964 0.01075036 0.02526235
v 0.02124915 0.01125065 0.02527473
v 0.01325022 0.02074884 0.02517681
v 0.01274864 0.02125897 0.02510503
v 0.01371653 0.02073778 0.02507945
v 0.01412442 0.02056446 0.02504342
v 0.01475057 0.02011702 0.02505992
v 0.01521578 0.01972367 0.02506982
v 0.01554981 0.01954052 0.02502884
v 0.01713063 0.01810233 0.02505139
v 0.01763222 0.01763277 0.02505799
v 0.01796624 0.01746313 0.02495513
v 0.01776230 0.01776306 0.02478873
v 0.01852625 0.01703168 0.02456622
v 0.01966282 0.01569183 0.02424992
v 0.02277486 0.00975960 0.02510970
v 0.02302620 0.00958628 0.02503627
v 0.02164711 0.01225001 0.02507587
v 0.02179042 0.01178782 0.02512291
v 0.02174964 0.01125065 0.02522852
v 0.02224902 0.01025006 0.02521807
v 0.02002109 0.01502559 0.02501619
v 0.02056457 0.01412457 0.02504342
v 0.02073875 0.01371647 0.02507945
v 0.01675031 0.01724925 0.02527473
v 0.01625093 0.01774954 0.02527225
v 0.01575044 0.01824984 0.02526868
v 0.01525106 0.01874890 0.02526428
v 0.01475057 0.01924919 0.02525933
v 0.01425009 0.01974949 0.02525327
v 0.01375071 0.02024978 0.02522577
v 0.02124915 0.01175094 0.02525630
v 0.02074977 0.01225001 0.02527033
v 0.01974990 0.01375089 0.02527418
v 0.01924942 0.01425118 0.02527473
v 0.01475057 0.01974949 0.02518204
v 0.01427545 0.02028051 0.02511878
v 0.01573060 0.01923567 0.02508660
v 0.01727835 0.01777904 0.02512070
v 0.01777994 0.01727752 0.02512070
v 0.01810183 0.01712879 0.02505139
v 0.01954045 0.01555046 0.02502884
v 0.02074977 0.01325059 0.02517681
v 0.02124915 0.01225001 0.02520899
v 0.02024929 0.01375089 0.02522577
v 0.02074977 0.01275030 0.02524282
v 0.01972455 0.01521612 0.02506982
v 0.02011700 0.01475024 0.02505992
v 0.02028015 0.01427453 0.02511878
v 0.01725079 0.01674896 0.02527473
v 0.01725079 0.01724925 0.02524970
v 0.01675031 0.01774954 0.02524227
v 0.01625093 0.01824984 0.02523100
v 0.01575044 0.01874890 0.02521807
v 0.01525106 0.01924919 0.02520184
v 0.01974990 0.01425118 0.02525327
v 0.02024929 0.01325059 0.02526262
v 0.01924942 0.01475024 0.02525933
v 0.01874894 0.01525054 0.02526428
v 0.01824955 0.01575083 0.02526868
v 0.01774907 0.01624989 0.02527225
v 0.01624431 0.01874644 0.02509980
v 0.01774907 0.01674896 0.02524227
v 0.01824955 0.01624989 0.02523100
v 0.01874894 0.01575083 0.02521807
v 0.01924942 0.01525054 0.02520184
v 0.01874673 0.01624252 0.02509980
v 0.01923509 0.01572993 0.02508660
v 0.01974990 0.01475024 0.02518204
f 3675 3676 3679
f 3675 3679 3684
f 3675 3684 3698
f 3675 3698 3715
f 3675 3715 3736
f 3675 3736 3764
f 3675 3764 3800
f 3675 3800 3803
f 3675 3803 3767
f 3675 3767 3738
f 3675 3738 3717
f 3675 3717 3700
f 3675 3700 3688
f 3675 3688 3680
f 3675 3680 3677
f 3675 3677 3681
f 3675 3681 3687
f 3675 3687 3693
f 3675 3693 3692
f 3675 3692 3705
f 3675 3705 3726
f 3675 3726 3748
f 3675 3748 3778
f 3675 3778 3813
f 3675 3813 3816
f 3675 3816 3815
f 3675 3815 3814
f 3675 3814 3819
f 3675 3819 3818
f 3675 3818 3817
f 3675 3817 3790
f 3675 3790 3757
f 3675 3757 3732
f 3675 3732 3713
f 3675 3713 3712
f 3675 3712 3711
f 3675 3711 3708
f 3675 3708 3695
f 3675 3695 3682
f 3675 3682 3678
f 3675 3678 3676
f 3676 3678 3679
f 3677 3680 3681
f 3678 3682 3694
f 3678 3694 3707
f 3678 3707 3729
f 3678 3729 3751
f 3678 3751 3781
f 3678 3781 3821
f 3678 3821 3858
f 3678 3858 3840
f 3678 3840 3801
f 3678 3801 3766
f 3678 3766 3737
f 3678 3737 3716
f 3678 3716 3699
f 3678 3699 3686
f 3678 3686 3685
f 3678 3685 3683
f 3678 3683 3679
f 3679 3683 3685
f 3679 3685 3686
f 3679 3686 3684
f 3680 3687 3681
f 3680 3688 3689
f 3680 3689 3690
f 3680 3690 3691
f 3680 3691 3692
f 3680 3692 3693
f 3680 3693 3687
f 3682 3695 3696
f 3682 3696 3697
f 3682 3697 3694
f 3684 3686 3698
f 3686 3699 3698
f 3688 3700 3689
f 3689 3700 3701
f 3689 3701 3702
f 3689 3702 3703
f 3689 3703 3690
f 3690 3703 3702
f 3690 3702 3704
f 3690 3704 3705
f 3690 3705 3692
f 3690 3692 3691
f 3694 3706 3707
f 3694 3697 3706
f 3695 3708 3696
f 3696 3709 3710
f 3696 3710 3697
f 3696 3708 3711
f 3696 3711 3712
f 3696 3712 3713
f 3696 3713 3709
f 3697 3710 3714
f 3697 3714 3706
f 3698 3699 3716
f 3698 3716 3715
f 3700 3717 3701
f 3701 3717 3718
f 3701 3718 3719
f 3701 3719 3720
f 3701 3720 3721
f 3701 3721 3702
f 3702 3721 3722
f 3702 3722 3723
f 3702 3723 3724
f 3702 3724 3725
f 3702 3725 3704
f 3704 3725 3705
f 3705 3725 3727
f 3705 3727 3726
f 3706 3728 3729
f 3706 3729 3707
f 3706 3714 3728
f 3709 3730 3731
f 3709 3731 3710
f 3709 3713 3732
f 3709 3732 3733
f 3709 3733 3730
f 3710 3731 3714
f 3714 3731 3730
f 3714 3730 3734
f 3714 3734 3735
f 3714 3735 3728
f 3715 3716 3737
f 3715 3737 3736
f 3717 3738 3739
f 3717 3739 3740
f 3717 3740 3741
f 3717 3741 3718
f 3718 3741 3719
f 3719 3741 3720
f 3720 3741 3721
f 3721 3742 3722
f 3721 3741 3740
f 3721 3740 3742
f 3722 3742 3723
f 3723 3742 3743
f 3723 3743 3744
f 3723 3744 3745
f 3723 3745 3746
f 3723 3746 3724
f 3724 3727 3725
f 3724 3746 3747
f 3724 3747 3727
f 3726 3727 3748
f 3727 3747 3749
f 3727 3749 3748
f 3728 3750 3751
f 3728 3751 3729
f 3728 3735 3752
f 3728 3752 3750
f 3730 3753 3734
f 3730 3733 3754
f 3730 3754 3755
f 3730 3755 3756
f 3730 3756 3753
f 3732 3757 3733
f 3733 3757 3758
f 3733 3758 3755
f 3733 3755 3754
f 3734 3759 3760
f 3734 3760 3761
f 3734 3761 3735
f 3734 3753 3762
f 3734 3762 3759
f 3735 3761 3752
f 3736 3763 3764
f 3736 3737 3765
f 3736 3765 3766
f 3736 3766 3763
f 3737 3766 3765
f 3738 3767 3739
f 3739 3767 3768
f 3739 3768 3742
f 3739 3742 3740
f 3742 3769 3770
f 3742 3770 3771
f 3742 3771 3743
f 3742 3768 3769
f 3743 3772 3773
f 3743 3773 3744
f 3743 3771 3772
f 3744 3773 3774
f 3744 3774 3745
f 3745 3774 3746
f 3746 3773 3747
f 3746 3774 3773
f 3747 3773 3775
f 3747 3775 3776
f 3747 3776 3777
f 3747 3777 3749
f 3748 3749 3779
f 3748 3779 3778
f 3749 3777 3780
f 3749 3780 3779
f 3750 3752 3751
f 3751 3761 3781
f 3751 3752 3761
f 3753 3756 3782
f 3753 3782 3783
f 3753 3783 3784
f 3753 3784 3762
f 3755 3785 3782
f 3755 3782 3756
f 3755 3758 3786
f 3755 3786 3787
f 3755 3787 3788
f 3755 3788 3789
f 3755 3789 3785
f 3757 3790 3791
f 3757 3791 3786
f 3757 3786 3758
f 3759 3792 3760
f 3759 3762 3793
f 3759 3793 3794
f 3759 3794 3792
f 3760 3792 3761
f 3761 3795 3781
f 3761 3792 3795
f 3762 3794 3793
f 3762 3784 3796
f 3762 3796 3797
f 3762 3797 3794
f 3763 3798 3764
f 3763 3766 3802
f 3763 3802 3843
f 3763 3843 3876
f 3763 3876 3891
f 3763 3891 3866
f 3763 3866 3835
f 3763 3835 3798
f 3764 3798 3799
f 3764 3799 3800
f 3766 3801 3802
f 3767 3803 3804
f 3767 3804 3805
f 3767 3805 3806
f 3767 3806 3768
f 3768 3806 3769
f 3769 3807 3770
f 3769 3806 3807
f 3770 3807 3771
f 3771 3807 3808
f 3771 3808 3809
f 3771 3809 3772
f 3772 3809 3773
f 3773 3809 3775
f 3775 3810 3811
f 3775 3811 3776
f 3775 3809 3810
f 3776 3780 3777
f 3776 3811 3812
f 3776 3812 3787
f 3776 3787 3791
f 3776 3791 3780
f 3778 3779 3813
f 3779 3814 3815
f 3779 3815 3816
f 3779 3816 3813
f 3779 3780 3817
f 3779 3817 3818
f 3779 3818 3819
f 3779 3819 3814
f 3780 3791 3817
f 3781 3820 3821
f 3781 3795 3822
f 3781 3822 3820
f 3782 3785 3783
f 3783 3785 3784
f 3784 3785 3796
f 3785 3789 3796
f 3786 3791 3787
f 3787 3812 3788
f 3788 3796 3789
f 3788 3812 3823
f 3788 3823 3824
f 3788 3824 3825
f 3788 3825 3796
f 3790 3817 3791
f 3792 3794 3826
f 3792 3826 3827
f 3792 3827 3828
f 3792 3828 3829
f 3792 3829 3820
f 3792 3820 3822
f 3792 3822 3795
f 3794 3830 3826
f 3794 3797 3831
f 3794 3831 3830
f 3796 3825 3832
f 3796 3832 3833
f 3796 3833 3834
f 3796 3834 3831
f 3796 3831 3797
f 3798 3835 3836
f 3798 3836 3799
f 3799 3836 3837
f 3799 3837 3838
f 3799 3838 3800
f 3800 3839 3803
f 3800 3838 3839
f 3801 3840 3841
f 3801 3841 3842
f 3801 3842 3802
f 3802 3842 3843
f 3803 3839 3844
f 3803 3844 3804
f 3804 3844 3845
f 3804 3845 3846
f 3804 3846 3805
f 3805 3846 3806
f 3806 3846 3847
f 3806 3847 3807
f 3807 3847 3848
f 3807 3848 3849
f 3807 3849 3850
f 3807 3850 3808
f 3808 3851 3852
f 3808 3852 3853
f 3808 3853 3854
f 3808 3854 3809
f 3808 3850 3851
f 3809 3854 3810
f 3810 3855 3811
f 3810 3854 3853
f 3810 3853 3832
f 3810 3832 3855
f 3811 3855 3825
f 3811 3825 3824
f 3811 3824 3856
f 3811 3856 3812
f 3812 3856 3823
f 3820 3857 3821
f 3820 3829 3828
f 3820 3828 3857
f 3821 3857 3858
f 3823 3856 3824
f 3825 3855 3832
f 3826 3830 3859
f 3826 3859 3860
f 3826 3860 3827
f 3827 3860 3828
f 3828 3860 3861
f 3828 3861 3862
f 3828 3862 3840
f 3828 3840 3857
f 3830 3831 3859
f 3831 3834 3863
f 3831 3863 3864
f 3831 3864 3865
f 3831 3865 3859
f 3832 3863 3833
f 3832 3853 3863
f 3833 3863 3834
f 3835 3866 3836
f 3836 3866 3867
f 3836 3867 3868
f 3836 3868 3869
f 3836 3869 3870
f 3836 3870 3871
f 3836 3871 3837
f 3837 3871 3838
f 3838 3871 3872
f 3838 3872 3839
f 3839 3872 3844
f 3840 3858 3857
f 3840 3862 3841
f 3841 3862 3842
f 3842 3861 3873
f 3842 3873 3874
f 3842 3874 3843
f 3842 3862 3861
f 3843 3874 3875
f 3843 3875 3876
f 3844 3872 3877
f 3844 3877 3878
f 3844 3878 3846
f 3844 3846 3845
f 3846 3878 3847
f 3847 3878 3848
f 3848 3878 3877
f 3848 3877 3849
f 3849 3877 3879
f 3849 3879 3850
f 3850 3879 3851
f 3851 3880 3852
f 3851 3879 3880
f 3852 3880 3881
f 3852 3881 3882
f 3852 3882 3853
f 3853 3882 3883
f 3853 3883 3863
f 3859 3865 3884
f 3859 3884 3860
f 3860 3884 3885
f 3860 3885 3861
f 3861 3885 3886
f 3861 3886 3887
f 3861 3887 3873
f 3863 3883 3888
f 3863 3888 3889
f 3863 3889 3864
f 3864 3889 3890
f 3864 3890 3865
f 3865 3890 3884
f 3866 3891 3892
f 3866 3892 3867
f 3867 3892 3868
f 3868 3892 3869
f 3869 3892 3870
f 3870 3892 3871
f 3871 3892 3893
f 3871 3893 3894
f 3871 3894 3895
f 3871 3895 3896
f 3871 3896 3877
f 3871 3877 3872
f 3873 3887 3897
f 3873 3897 3898
f 3873 3898 3874
f 3874 3898 3875
f 3875 3898 3897
f 3875 3897 3899
f 3875 3899 3900
f 3875 3900 3901
f 3875 3901 3902
f 3875 3902 3891
f 3875 3891 3876
f 3877 3896 3879
f 3879 3896 3903
f 3879 3903 3880
f 3880 3894 3893
f 3880 3893 3892
f 3880 3892 3881
f 3880 3903 3896
f 3880 3896 3895
f 3880 3895 3894
f 3881 3892 3904
f 3881 3904 3905
f 3881 3905 3906
f 3881 3906 3907
f 3881 3907 3908
f 3881 3908 3909
f 3881 3909 3882
f 3882 3909 3883
f 3883 3909 3888
f 3884 3890 3910
f 3884 3910 3886
f 3884 3886 3885
f 3886 3897 3887
f 3886 3910 3897
f 3888 3909 3910
f 3888 3910 3889
f 3889 3910 3890
f 3891 3902 3892
f 3892 3902 3901
f 3892 3901 3900
f 3892 3900 3899
f 3892 3899 3897
f 3892 3897 3904
f 3897 3910 3907
f 3897 3907 3906
f 3897 3906 3905
f 3897 3905 3904
f 3907 3910 3909
f 3907 3909 3908

o part_25
v -0.00724988 -0.02315682 0.02268992
v -0.00724988 -0.02135763 0.02268992
v -0.00728675 -0.02314841 0.02268992
v -0.00751496 -0.02300669 0.02194303
v -0.00742250 -0.02298387 0.02160967
v -0.00724988 -0.02198579 0.01352886
v -0.01322780 -0.01826250 0.02268992
v -0.00724988 -0.02129638 0.02225107
v -0.01322780 -0.01088798 -0.02041897
v -0.01322780 -0.01090119 -0.02033457
v -0.00761736 -0.02305713 0.02268992
v -0.00724988 -0.02139487 0.00894200
v -0.00724988 -0.02142609 0.00917831
v -0.00724988 -0.02152578 0.00993786
v -0.01322780 -0.02020582 0.02268992
v -0.00724988 -0.02122672 0.02174892
v -0.00724988 -0.01545682 -0.02032191
v -0.00724988 -0.01544361 -0.02041897
v -0.01322780 -0.01341501 -0.02041897
v -0.00724988 -0.02109100 0.02076150
v -0.00825049 -0.02274126 0.02268992
v -0.00724988 -0.02089042 0.00518221
v -0.01257302 -0.02054572 0.02268992
v -0.01322780 -0.01906240 0.01424622
v -0.01300076 -0.01800067 0.00549025
v -0.00724988 -0.01744938 -0.02041897
v -0.01307098 -0.01357235 -0.02041897
v -0.01322780 -0.01343303 -0.02031770
v -0.00925052 -0.02223681 0.02268992
v -0.00725047 -0.01767398 -0.01874795
v -0.00725047 -0.01881619 -0.01024939
v -0.00724988 -0.01786975 -0.01729214
v -0.01158294 -0.02105136 0.02268992
v -0.01150570 -0.01600450 -0.01503036
v -0.01127807 -0.01609699 -0.01521603
v -0.01076138 -0.01566100 -0.02041897
v -0.01047934 -0.01580513 -0.02041897
v -0.01322780 -0.01858919 0.01078603
v -0.01322780 -0.01853514 0.01040625
v -0.01322780 -0.01801868 0.00694184
v -0.01322780 -0.01795383 0.00651565
v -0.01322780 -0.01788777 0.00609367
v -0.01300779 -0.01750703 0.00245204
v -0.01250221 -0.01700259 -0.00351468
v -0.01199372 -0.01649694 -0.00947718
v -0.00960337 -0.02205785 0.02268992
v -0.00830199 -0.01691491 -0.02041897
v -0.00724988 -0.01780850 -0.01774787
v -0.01290538 -0.01373810 -0.02041897
v -0.01157124 -0.01507248 -0.02041897
v -0.01322780 -0.01399273 -0.01701364
v -0.01059345 -0.02155461 0.02268992
v -0.00848631 -0.01682123 -0.02041897
v -0.01148639 -0.01548925 -0.01843569
v -0.01102997 -0.01552048 -0.02041897
v -0.01088953 -0.01559494 -0.02041897
v -0.01322780 -0.01746499 0.00350697
v -0.01303295 -0.01753105 0.00274742
v -0.01322780 -0.01733768 0.00274742
v -0.01269005 -0.01669151 -0.00424892
v -0.01235124 -0.01635281 -0.00824923
v -0.01151740 -0.01551687 -0.01810233
v -0.01138048 -0.01523702 -0.02041897
v -0.01322780 -0.01631558 -0.00329525
v -0.01126696 -0.01533311 -0.02041897
v -0.01114817 -0.01542799 -0.02041897
v -0.01322780 -0.01700018 0.00075148
v -0.01322780 -0.01675397 -0.00070433
f 3911 3912 3917
f 3911 3917 3925
f 3911 3925 3933
f 3911 3933 3943
f 3911 3943 3962
f 3911 3962 3956
f 3911 3956 3939
f 3911 3939 3931
f 3911 3931 3921
f 3911 3921 3913
f 3911 3913 3914
f 3911 3914 3915
f 3911 3915 3916
f 3911 3916 3924
f 3911 3924 3923
f 3911 3923 3922
f 3911 3922 3932
f 3911 3932 3942
f 3911 3942 3958
f 3911 3958 3936
f 3911 3936 3928
f 3911 3928 3927
f 3911 3927 3930
f 3911 3930 3926
f 3911 3926 3918
f 3911 3918 3912
f 3912 3918 3919
f 3912 3919 3920
f 3912 3920 3917
f 3913 3921 3914
f 3914 3921 3922
f 3914 3922 3923
f 3914 3923 3924
f 3914 3924 3915
f 3915 3924 3916
f 3917 3920 3919
f 3917 3919 3929
f 3917 3929 3938
f 3917 3938 3961
f 3917 3961 3974
f 3917 3974 3978
f 3917 3978 3977
f 3917 3977 3969
f 3917 3969 3967
f 3917 3967 3952
f 3917 3952 3951
f 3917 3951 3950
f 3917 3950 3949
f 3917 3949 3948
f 3917 3948 3934
f 3917 3934 3925
f 3918 3926 3919
f 3919 3927 3928
f 3919 3928 3936
f 3919 3936 3957
f 3919 3957 3963
f 3919 3963 3947
f 3919 3947 3946
f 3919 3946 3966
f 3919 3966 3965
f 3919 3965 3976
f 3919 3976 3975
f 3919 3975 3973
f 3919 3973 3960
f 3919 3960 3959
f 3919 3959 3937
f 3919 3937 3929
f 3919 3926 3930
f 3919 3930 3927
f 3921 3931 3932
f 3921 3932 3922
f 3925 3934 3935
f 3925 3935 3933
f 3929 3937 3938
f 3931 3939 3940
f 3931 3940 3941
f 3931 3941 3932
f 3932 3941 3940
f 3932 3940 3942
f 3933 3935 3944
f 3933 3944 3945
f 3933 3945 3946
f 3933 3946 3947
f 3933 3947 3943
f 3934 3948 3935
f 3935 3948 3949
f 3935 3949 3950
f 3935 3950 3951
f 3935 3951 3952
f 3935 3952 3953
f 3935 3953 3954
f 3935 3954 3955
f 3935 3955 3944
f 3936 3940 3939
f 3936 3939 3956
f 3936 3956 3957
f 3936 3958 3940
f 3937 3959 3938
f 3938 3959 3960
f 3938 3960 3961
f 3940 3958 3942
f 3943 3947 3963
f 3943 3963 3962
f 3944 3955 3964
f 3944 3964 3965
f 3944 3965 3966
f 3944 3966 3945
f 3945 3966 3946
f 3952 3967 3968
f 3952 3968 3953
f 3953 3968 3967
f 3953 3967 3969
f 3953 3969 3970
f 3953 3970 3954
f 3954 3970 3971
f 3954 3971 3960
f 3954 3960 3972
f 3954 3972 3955
f 3955 3972 3964
f 3956 3962 3963
f 3956 3963 3957
f 3960 3973 3964
f 3960 3964 3972
f 3960 3971 3970
f 3960 3970 3974
f 3960 3974 3961
f 3964 3973 3975
f 3964 3975 3976
f 3964 3976 3965
f 3969 3977 3970
f 3970 3978 3974
f 3970 3977 3978

o part_26
v 0.01351564 -0.00949894 -0.02150042
v 0.01351564 -0.01037179 -0.02109229
v 0.01351564 -0.00949894 -0.02286573
v 0.00000533 -0.00949894 -0.02213966
v 0.01351564 -0.01301355 -0.02109229
v 0.00000533 -0.01707636 -0.02109229
v 0.01351564 -0.01008332 -0.02338447
v 0.00649927 -0.00949894 -0.02319578
v 0.00000533 -0.00949894 -0.02338044
v 0.01326435 -0.01326492 -0.02109229
v 0.01351564 -0.01300427 -0.02114861
v 0.00000533 -0.01897512 -0.02109229
v 0.00625063 -0.00949894 -0.02320655
v 0.01351564 -0.01262582 -0.02338447
v 0.00000533 -0.01683797 -0.02338447
v 0.00025001 -0.00949894 -0.02338044
v 0.00075128 -0.00949894 -0.02337326
v 0.00125122 -0.00949894 -0.02336608
v 0.00149987 -0.00949894 -0.02336249
v 0.00249975 -0.00949894 -0.02334790
v 0.00275104 -0.00949894 -0.02334409
v 0.00299969 -0.00949894 -0.02333825
v 0.00325098 -0.00949894 -0.02333107
v 0.00349963 -0.00949894 -0.02332187
v 0.00375092 -0.00949894 -0.02331155
v 0.00399957 -0.00949894 -0.02330123
v 0.00425086 -0.00949894 -0.02329069
v 0.00575069 -0.00949894 -0.02322764
v 0.01252105 -0.01400792 -0.02109229
v 0.01351564 -0.01291894 -0.02165344
v 0.00000533 -0.01867273 -0.02338447
v 0.00009262 -0.01897512 -0.02109229
v 0.01351564 -0.01262953 -0.02336293
v 0.01207004 -0.01407099 -0.02338447
v 0.01168385 -0.01484460 -0.02109229
v 0.00025001 -0.01867273 -0.02338447
v 0.00009924 -0.01897419 -0.02109229
v 0.00025001 -0.01868943 -0.02324985
v 0.01132013 -0.01481955 -0.02338447
v 0.01152117 -0.01500692 -0.02109229
v 0.00061637 -0.01861615 -0.02338447
v 0.00033334 -0.01893802 -0.02109229
v 0.00020108 -0.01894544 -0.02120066
v 0.00075128 -0.01885453 -0.02125002
v 0.00075128 -0.01867273 -0.02274995
v 0.01145768 -0.01495869 -0.02175015
v 0.01107016 -0.01505887 -0.02338447
v 0.01151323 -0.01501434 -0.02109229
v 0.00075128 -0.01861151 -0.02324985
v 0.00119038 -0.01852617 -0.02338447
v 0.00075128 -0.01887309 -0.02109229
v 0.00125122 -0.01865418 -0.02224982
v 0.00190855 -0.01869035 -0.02109229
v 0.00125122 -0.01879424 -0.02109229
v 0.00225110 -0.01835828 -0.02338447
v 0.01150794 -0.01501898 -0.02109229
v 0.01137171 -0.01513493 -0.02109229
v 0.01126458 -0.01522398 -0.02109229
v 0.01094848 -0.01547257 -0.02109229
v 0.01074877 -0.01525644 -0.02338447
v 0.00539755 -0.01798354 -0.02236448
v 0.00275765 -0.01855585 -0.02109229
v 0.00467409 -0.01797426 -0.02338447
v 0.01088368 -0.01550596 -0.02109229
v 0.01067867 -0.01559037 -0.02125002
v 0.01061254 -0.01555698 -0.02175015
v 0.01039696 -0.01544752 -0.02338447
v 0.01092864 -0.01546144 -0.02125002
v 0.01064164 -0.01531488 -0.02338447
v 0.00525074 -0.01789913 -0.02324985
v 0.00525074 -0.01788243 -0.02338447
v 0.00551526 -0.01800301 -0.02203129
v 0.00525074 -0.01816070 -0.02109229
v 0.00475080 -0.01822100 -0.02125002
v 0.00425086 -0.01831932 -0.02109229
v 0.01071042 -0.01559501 -0.02109229
v 0.01023825 -0.01583618 -0.02109229
v 0.00971979 -0.01610054 -0.02109229
v 0.00970921 -0.01588534 -0.02273514
v 0.01005309 -0.01562284 -0.02338447
v 0.00561578 -0.01779802 -0.02338447
v 0.00575069 -0.01776555 -0.02338447
v 0.00593056 -0.01797982 -0.02135480
v 0.00558404 -0.01802064 -0.02175015
v 0.00540813 -0.01812917 -0.02109229
v 0.00674660 -0.01761621 -0.02109229
v 0.00658524 -0.01754293 -0.02224982
v 0.00618582 -0.01759395 -0.02338447
v 0.00599008 -0.01799745 -0.02109229
v 0.00591469 -0.01801693 -0.02109229
v 0.00575598 -0.01805774 -0.02109229
v 0.00608001 -0.01795571 -0.02109229
f 3979 3980 3983
f 3979 3983 3989
f 3979 3989 4008
f 3979 4008 4011
f 3979 4011 3992
f 3979 3992 3985
f 3979 3985 3981
f 3979 3981 3986
f 3979 3986 3991
f 3979 3991 4006
f 3979 4006 4005
f 3979 4005 4004
f 3979 4004 4003
f 3979 4003 4002
f 3979 4002 4001
f 3979 4001 4000
f 3979 4000 3999
f 3979 3999 3998
f 3979 3998 3997
f 3979 3997 3996
f 3979 3996 3995
f 3979 3995 3994
f 3979 3994 3987
f 3979 3987 3982
f 3979 3982 3980
f 3980 3982 3984
f 3980 3984 3990
f 3980 3990 4010
f 3980 4010 4015
f 3980 4015 4020
f 3980 4020 4029
f 3980 4029 4032
f 3980 4032 4031
f 3980 4031 4040
f 3980 4040 4053
f 3980 4053 4051
f 3980 4051 4063
f 3980 4063 4069
f 3980 4069 4068
f 3980 4068 4067
f 3980 4067 4070
f 3980 4070 4064
f 3980 4064 4056
f 3980 4056 4055
f 3980 4055 4054
f 3980 4054 4042
f 3980 4042 4037
f 3980 4037 4036
f 3980 4036 4035
f 3980 4035 4034
f 3980 4034 4026
f 3980 4026 4018
f 3980 4018 4013
f 3980 4013 4007
f 3980 4007 3988
f 3980 3988 3983
f 3981 3985 3986
f 3982 3987 3993
f 3982 3993 4009
f 3982 4009 3990
f 3982 3990 3984
f 3983 3988 3989
f 3985 3991 3986
f 3985 3992 4012
f 3985 4012 4017
f 3985 4017 4025
f 3985 4025 4038
f 3985 4038 4047
f 3985 4047 4045
f 3985 4045 4058
f 3985 4058 4066
f 3985 4066 4060
f 3985 4060 4059
f 3985 4059 4049
f 3985 4049 4041
f 3985 4041 4033
f 3985 4033 4028
f 3985 4028 4019
f 3985 4019 4014
f 3985 4014 4009
f 3985 4009 3993
f 3985 3993 3987
f 3985 3987 3994
f 3985 3994 3995
f 3985 3995 3996
f 3985 3996 3997
f 3985 3997 3998
f 3985 3998 3999
f 3985 3999 4000
f 3985 4000 4001
f 3985 4001 4002
f 3985 4002 4003
f 3985 4003 4004
f 3985 4004 4005
f 3985 4005 4006
f 3985 4006 3991
f 3988 4007 3989
f 3989 4007 4008
f 3990 4009 4014
f 3990 4014 4010
f 3992 4011 4012
f 4007 4012 4008
f 4007 4013 4012
f 4008 4012 4011
f 4010 4014 4016
f 4010 4016 4015
f 4012 4013 4017
f 4013 4018 4017
f 4014 4019 4016
f 4015 4016 4021
f 4015 4021 4022
f 4015 4022 4020
f 4016 4019 4023
f 4016 4023 4021
f 4017 4018 4024
f 4017 4024 4025
f 4018 4026 4025
f 4018 4025 4024
f 4019 4027 4023
f 4019 4028 4027
f 4020 4022 4029
f 4021 4023 4022
f 4022 4023 4030
f 4022 4030 4031
f 4022 4031 4032
f 4022 4032 4029
f 4023 4027 4028
f 4023 4028 4033
f 4023 4033 4030
f 4025 4026 4034
f 4025 4034 4035
f 4025 4035 4036
f 4025 4036 4037
f 4025 4037 4038
f 4030 4033 4039
f 4030 4039 4031
f 4031 4039 4040
f 4033 4041 4039
f 4037 4042 4043
f 4037 4043 4044
f 4037 4044 4045
f 4037 4045 4046
f 4037 4046 4038
f 4038 4046 4047
f 4039 4041 4048
f 4039 4048 4049
f 4039 4049 4050
f 4039 4050 4051
f 4039 4051 4052
f 4039 4052 4053
f 4039 4053 4040
f 4041 4049 4048
f 4042 4054 4043
f 4043 4054 4055
f 4043 4055 4044
f 4044 4055 4045
f 4045 4055 4056
f 4045 4056 4057
f 4045 4057 4058
f 4045 4047 4046
f 4049 4059 4050
f 4050 4059 4060
f 4050 4060 4061
f 4050 4061 4062
f 4050 4062 4051
f 4051 4062 4063
f 4051 4053 4052
f 4056 4064 4057
f 4057 4064 4058
f 4058 4064 4065
f 4058 4065 4066
f 4060 4066 4067
f 4060 4067 4061
f 4061 4067 4062
f 4062 4067 4068
f 4062 4068 4069
f 4062 4069 4063
f 4064 4070 4065
f 4065 4070 4066
f 4066 4070 4067

o part_27
v 0.00000401 0.02519948 0.02424979
v 0.00000401 0.02514174 0.02403089
v -0.00025041 0.02519948 0.02424979
v 0.00000401 0.02514105 0.02474984
v 0.00000401 0.02508538 0.02381902
v -0.00025041 0.02508538 0.02381902
v -0.00025041 0.02514105 0.02474984
v -0.00075017 0.02506544 0.02384964
v -0.00125123 0.02504619 0.02388705
v -0.00175099 0.02502626 0.02393148
v -0.00214041 0.02501045 0.02397039
v -0.00247272 0.02499739 0.02401884
v -0.00125123 0.02512112 0.02424979
v -0.00305166 0.02500358 0.02446568
v -0.00305166 0.02500358 0.02451287
v 0.00000401 0.02508469 0.02488615
v 0.00000401 0.02501251 0.02369200
v -0.00025041 0.02494171 0.02356899
v -0.00225075 0.02503520 0.02461303
v -0.00175099 0.02505513 0.02467278
v -0.00075017 0.02510462 0.02474984
v -0.00101758 0.02500083 0.02500113
v -0.00075017 0.02500976 0.02501067
v -0.00025041 0.02502626 0.02502698
v -0.00075017 0.02491834 0.02359962
v -0.00125123 0.02489635 0.02363702
v -0.00375003 0.02473275 0.02375024
v -0.00323080 0.02496783 0.02427941
v -0.00375003 0.02491903 0.02424979
v -0.00425109 0.02483448 0.02424979
v -0.00425109 0.02475750 0.02474984
v -0.00375003 0.02483105 0.02474984
v 0.00000401 0.02502626 0.02502698
v 0.00000401 0.02494171 0.02356899
v -0.00025041 0.02426534 0.02271046
v -0.00375003 0.02453754 0.02347335
v -0.00408883 0.02451692 0.02348791
v -0.00121099 0.02506063 0.02478072
v -0.00425109 0.02457534 0.02506037
v -0.00375003 0.02460696 0.02507719
v -0.00025041 0.02474994 0.02515426
v -0.00425368 0.02463171 0.02371082
v -0.00475085 0.02459253 0.02381701
v -0.00525061 0.02453273 0.02392470
v -0.00550893 0.02450179 0.02399449
v -0.00582566 0.02445780 0.02424979
v -0.00559200 0.02452104 0.02456785
v -0.00475085 0.02465233 0.02474984
v -0.00501955 0.02450386 0.02500439
v -0.00475085 0.02452998 0.02502773
v 0.00000401 0.02474994 0.02515426
v 0.00000401 0.02426534 0.02271046
v -0.00121099 0.02413543 0.02271046
v -0.00478330 0.02358347 0.02271046
v -0.00724965 0.02315936 0.02271046
v -0.00442243 0.02448117 0.02351803
v -0.00172892 0.02406188 0.02271046
v -0.00175099 0.02405844 0.02271046
v -0.00425109 0.02424953 0.02519618
v -0.00475085 0.02424953 0.02515375
v -0.00325027 0.02424953 0.02522354
v -0.00175099 0.02424953 0.02524513
v -0.00125123 0.02424953 0.02525216
v -0.00075017 0.02424953 0.02525893
v -0.00025041 0.02424953 0.02526471
v -0.00375003 0.02424953 0.02521450
v -0.00475085 0.02444131 0.02356698
v -0.00674989 0.02410312 0.02380295
v -0.00724965 0.02404263 0.02390211
v -0.00752874 0.02400826 0.02397642
v -0.00724965 0.02411549 0.02424979
v -0.00674989 0.02423578 0.02424979
v -0.00759494 0.02402820 0.02458868
v -0.00722758 0.02406394 0.02475311
v -0.00521167 0.02455197 0.02474056
v -0.00704585 0.02400964 0.02501041
v -0.00674989 0.02403851 0.02503476
v 0.00000401 0.02424953 0.02526471
v 0.00000401 0.02256959 0.02271046
v -0.00674989 0.02395190 0.02355318
v -0.00761960 0.02305831 0.02271046
v -0.00674989 0.02374981 0.02516354
v -0.00625013 0.02374981 0.02520145
v -0.00575037 0.02374981 0.02522354
v -0.00525061 0.02374981 0.02524488
v -0.00475085 0.02374981 0.02526346
v -0.00425109 0.02374981 0.02527325
v 0.00000401 0.02400345 0.02526973
v -0.00375003 0.02374981 0.02527475
v -0.00724965 0.02388866 0.02365208
v -0.00771696 0.02382405 0.02378588
v -0.00822451 0.02361440 0.02373367
v -0.00862951 0.02355391 0.02388956
v -0.00896311 0.02348449 0.02412126
v -0.00824917 0.02379655 0.02424979
v -0.00784287 0.02394984 0.02424979
v -0.00759234 0.02402751 0.02424979
v -0.00901374 0.02350511 0.02451714
v -0.00871907 0.02355597 0.02471018
v -0.00824917 0.02372163 0.02474984
v -0.00853215 0.02351267 0.02501242
v -0.00737946 0.02395465 0.02492205
v -0.00824917 0.02355803 0.02504405
v -0.00774941 0.02363914 0.02508472
v -0.00722758 0.02377249 0.02509501
v 0.00000401 0.02248298 0.02438158
v -0.01325715 0.01824671 0.02271046
v -0.00763907 0.02304869 0.02271046
v -0.01153071 0.02201626 0.02348992
v -0.01084403 0.02243487 0.02357552
v -0.00944210 0.02297583 0.02352180
v -0.00837378 0.02344737 0.02355619
v -0.00804018 0.02351335 0.02349042
v -0.00824917 0.02324940 0.02517183
v -0.00774941 0.02324940 0.02522228
v -0.00724965 0.02324940 0.02524839
v -0.00674989 0.02324940 0.02526597
v -0.00625013 0.02324940 0.02527425
v 0.00000401 0.02374981 0.02527475
v -0.00774941 0.02274969 0.02527475
v -0.01003143 0.02301295 0.02396713
v -0.01109715 0.02254141 0.02390889
v -0.01074927 0.02275931 0.02424979
v -0.00974975 0.02317448 0.02424979
v -0.00901374 0.02350511 0.02445463
v -0.01008205 0.02303357 0.02459948
v -0.01118282 0.02257784 0.02424979
v -0.01143335 0.02246924 0.02424979
v -0.01100499 0.02250223 0.02500213
v -0.00959657 0.02303563 0.02503075
v 0.00000401 0.02248298 0.02455504
v -0.01325715 0.01817797 0.02424879
v -0.01325715 0.01955615 0.02271046
v -0.00821412 0.02276274 0.02271046
v -0.01160081 0.02104706 0.02271046
v -0.01259254 0.02054116 0.02271046
v -0.01325196 0.02019747 0.02271046
v -0.01325715 0.02019541 0.02271122
v -0.01247182 0.02148355 0.02351427
v -0.01186432 0.02191590 0.02359635
v -0.01125811 0.02235170 0.02374547
v -0.00958359 0.02207194 0.02271046
v -0.01058052 0.02156672 0.02271046
v -0.01061167 0.02155091 0.02271046
v -0.01074927 0.02224997 0.02515827
v -0.00924999 0.02274969 0.02519869
v -0.01024951 0.02224997 0.02521802
v -0.00874893 0.02274969 0.02523835
v -0.00824917 0.02274969 0.02526546
v 0.00000401 0.02350373 0.02525417
v -0.01325715 0.01974312 0.02527475
v -0.01274961 0.01975068 0.02527174
v -0.01325715 0.01925027 0.02525818
v -0.01325715 0.01924340 0.02525768
v -0.00924999 0.02224997 0.02527124
v -0.01024951 0.02174956 0.02527475
v -0.01171893 0.02211043 0.02375802
v -0.01205254 0.02203276 0.02392972
v -0.01111403 0.02254828 0.02474984
v -0.01174879 0.02228502 0.02424979
v -0.01302869 0.02151860 0.02454977
v -0.01209018 0.02205475 0.02464542
v -0.01136456 0.02242250 0.02474984
v -0.01197725 0.02198395 0.02497878
v -0.01164364 0.02207262 0.02504656
v -0.01120230 0.02224378 0.02507443
v -0.01074927 0.02254279 0.02503326
v 0.00000401 0.02259571 0.02480507
v -0.01325715 0.01824809 0.02476465
v -0.01325715 0.01824396 0.02475436
v -0.01325715 0.01818004 0.02428092
v -0.01325715 0.02114536 0.02372087
v -0.01307672 0.02104294 0.02347611
v -0.01178643 0.02179011 0.02512313
v -0.01124903 0.02174956 0.02522856
v -0.01074927 0.02174956 0.02526245
v -0.00974975 0.02224997 0.02525140
v 0.00000401 0.02324940 0.02523283
v -0.01325715 0.01975068 0.02527475
v -0.01325715 0.01870931 0.02513668
v -0.01124903 0.02125053 0.02527475
v -0.01325715 0.02115636 0.02373693
v -0.01299235 0.02149592 0.02403315
v -0.01210835 0.02206575 0.02424979
v -0.01302869 0.02151860 0.02436652
v -0.01325715 0.02135982 0.02422243
v -0.01325715 0.02135363 0.02427163
v -0.01325715 0.02129521 0.02473177
v -0.01325715 0.02128077 0.02476591
v -0.01178643 0.02217160 0.02478725
v -0.01257956 0.02154541 0.02503451
v -0.01291316 0.02143337 0.02488314
v -0.01224984 0.02164783 0.02507593
v 0.00000401 0.02272288 0.02495268
v -0.01325715 0.01843368 0.02503326
v -0.01325715 0.01825084 0.02476942
v -0.01325715 0.02075012 0.02517534
v -0.01325715 0.02074325 0.02517760
v -0.01224984 0.02125053 0.02520898
v -0.01274961 0.02075012 0.02524287
v -0.01174879 0.02125053 0.02525618
v -0.01224984 0.02075012 0.02527023
v 0.00000401 0.02305075 0.02516530
v -0.01325715 0.01866257 0.02512438
v -0.01325715 0.02024353 0.02526270
v -0.01274961 0.02025040 0.02527475
v -0.01325715 0.02108487 0.02505058
v -0.01325715 0.02108143 0.02505209
v -0.01274701 0.02126015 0.02510505
v 0.00000401 0.02284592 0.02509526
v -0.01325715 0.02025040 0.02526220
v -0.01324936 0.02025040 0.02526270
f 4071 4072 4073
f 4071 4073 4077
f 4071 4077 4074
f 4071 4074 4086
f 4071 4086 4103
f 4071 4103 4121
f 4071 4121 4148
f 4071 4148 4158
f 4071 4158 4189
f 4071 4189 4220
f 4071 4220 4248
f 4071 4248 4273
f 4071 4273 4280
f 4071 4280 4264
f 4071 4264 4238
f 4071 4238 4201
f 4071 4201 4176
f 4071 4176 4149
f 4071 4149 4122
f 4071 4122 4104
f 4071 4104 4087
f 4071 4087 4075
f 4071 4075 4072
f 4072 4075 4076
f 4072 4076 4073
f 4073 4076 4078
f 4073 4078 4079
f 4073 4079 4080
f 4073 4080 4081
f 4073 4081 4082
f 4073 4082 4083
f 4073 4083 4084
f 4073 4084 4085
f 4073 4085 4077
f 4074 4077 4086
f 4075 4087 4076
f 4076 4088 4078
f 4076 4087 4088
f 4077 4085 4089
f 4077 4089 4090
f 4077 4090 4091
f 4077 4091 4092
f 4077 4092 4093
f 4077 4093 4094
f 4077 4094 4086
f 4078 4088 4079
f 4079 4088 4095
f 4079 4095 4096
f 4079 4096 4097
f 4079 4097 4080
f 4080 4097 4081
f 4081 4097 4082
f 4082 4098 4083
f 4082 4097 4099
f 4082 4099 4098
f 4083 4098 4084
f 4084 4098 4099
f 4084 4099 4085
f 4085 4092 4089
f 4085 4099 4100
f 4085 4100 4101
f 4085 4101 4102
f 4085 4102 4092
f 4086 4094 4103
f 4087 4104 4088
f 4088 4104 4122
f 4088 4122 4105
f 4088 4105 4106
f 4088 4106 4107
f 4088 4107 4095
f 4089 4092 4090
f 4090 4092 4108
f 4090 4108 4091
f 4091 4108 4092
f 4092 4102 4109
f 4092 4109 4110
f 4092 4110 4093
f 4093 4110 4094
f 4094 4111 4121
f 4094 4121 4103
f 4094 4110 4111
f 4095 4107 4096
f 4096 4107 4097
f 4097 4107 4112
f 4097 4112 4113
f 4097 4113 4099
f 4099 4113 4100
f 4100 4113 4114
f 4100 4114 4115
f 4100 4115 4116
f 4100 4116 4117
f 4100 4117 4101
f 4101 4117 4118
f 4101 4118 4119
f 4101 4119 4102
f 4102 4119 4120
f 4102 4120 4109
f 4105 4122 4149
f 4105 4149 4177
f 4105 4177 4203
f 4105 4203 4207
f 4105 4207 4206
f 4105 4206 4205
f 4105 4205 4214
f 4105 4214 4213
f 4105 4213 4212
f 4105 4212 4204
f 4105 4204 4178
f 4105 4178 4151
f 4105 4151 4125
f 4105 4125 4124
f 4105 4124 4128
f 4105 4128 4127
f 4105 4127 4123
f 4105 4123 4107
f 4105 4107 4106
f 4107 4124 4125
f 4107 4125 4126
f 4107 4126 4112
f 4107 4123 4127
f 4107 4127 4128
f 4107 4128 4124
f 4109 4129 4110
f 4109 4120 4130
f 4109 4130 4129
f 4110 4129 4111
f 4111 4131 4132
f 4111 4132 4133
f 4111 4133 4134
f 4111 4134 4135
f 4111 4135 4148
f 4111 4148 4121
f 4111 4129 4136
f 4111 4136 4131
f 4112 4126 4113
f 4113 4126 4137
f 4113 4137 4138
f 4113 4138 4139
f 4113 4139 4114
f 4114 4139 4115
f 4115 4139 4140
f 4115 4140 4141
f 4115 4141 4142
f 4115 4142 4116
f 4116 4142 4117
f 4117 4142 4141
f 4117 4141 4143
f 4117 4143 4144
f 4117 4144 4145
f 4117 4145 4118
f 4118 4145 4119
f 4119 4145 4144
f 4119 4144 4146
f 4119 4146 4120
f 4120 4146 4147
f 4120 4147 4130
f 4125 4150 4126
f 4125 4151 4150
f 4126 4150 4137
f 4129 4130 4152
f 4129 4152 4153
f 4129 4153 4154
f 4129 4154 4155
f 4129 4155 4156
f 4129 4156 4136
f 4130 4147 4152
f 4131 4136 4157
f 4131 4157 4132
f 4132 4157 4133
f 4133 4157 4134
f 4134 4157 4135
f 4135 4158 4148
f 4135 4157 4159
f 4135 4159 4158
f 4136 4156 4157
f 4137 4150 4138
f 4138 4150 4139
f 4139 4150 4160
f 4139 4160 4140
f 4140 4161 4162
f 4140 4162 4163
f 4140 4163 4164
f 4140 4164 4165
f 4140 4165 4166
f 4140 4166 4167
f 4140 4167 4141
f 4140 4160 4161
f 4141 4167 4143
f 4143 4167 4166
f 4143 4166 4168
f 4143 4168 4169
f 4143 4169 4170
f 4143 4170 4171
f 4143 4171 4172
f 4143 4172 4144
f 4144 4172 4146
f 4146 4172 4171
f 4146 4171 4173
f 4146 4173 4174
f 4146 4174 4175
f 4146 4175 4147
f 4147 4175 4152
f 4149 4176 4177
f 4150 4151 4160
f 4151 4178 4179
f 4151 4179 4180
f 4151 4180 4181
f 4151 4181 4182
f 4151 4182 4183
f 4151 4183 4160
f 4152 4175 4174
f 4152 4174 4184
f 4152 4184 4185
f 4152 4185 4153
f 4153 4185 4186
f 4153 4186 4154
f 4154 4186 4155
f 4155 4186 4156
f 4156 4186 4187
f 4156 4187 4157
f 4157 4187 4188
f 4157 4188 4159
f 4158 4159 4189
f 4159 4188 4190
f 4159 4190 4226
f 4159 4226 4251
f 4159 4251 4276
f 4159 4276 4249
f 4159 4249 4221
f 4159 4221 4189
f 4160 4183 4182
f 4160 4182 4161
f 4161 4182 4162
f 4162 4182 4163
f 4163 4191 4164
f 4163 4182 4180
f 4163 4180 4192
f 4163 4192 4191
f 4164 4191 4193
f 4164 4193 4194
f 4164 4194 4165
f 4165 4194 4195
f 4165 4195 4168
f 4165 4168 4166
f 4168 4196 4169
f 4168 4195 4197
f 4168 4197 4198
f 4168 4198 4196
f 4169 4171 4170
f 4169 4196 4199
f 4169 4199 4171
f 4171 4200 4173
f 4171 4199 4200
f 4173 4200 4184
f 4173 4184 4174
f 4176 4201 4202
f 4176 4202 4177
f 4177 4202 4241
f 4177 4241 4240
f 4177 4240 4239
f 4177 4239 4266
f 4177 4266 4265
f 4177 4265 4274
f 4177 4274 4250
f 4177 4250 4224
f 4177 4224 4223
f 4177 4223 4221
f 4177 4221 4249
f 4177 4249 4275
f 4177 4275 4281
f 4177 4281 4268
f 4177 4268 4267
f 4177 4267 4278
f 4177 4278 4277
f 4177 4277 4259
f 4177 4259 4258
f 4177 4258 4257
f 4177 4257 4256
f 4177 4256 4252
f 4177 4252 4242
f 4177 4242 4208
f 4177 4208 4203
f 4178 4204 4179
f 4179 4205 4206
f 4179 4206 4207
f 4179 4207 4208
f 4179 4208 4209
f 4179 4209 4210
f 4179 4210 4211
f 4179 4211 4180
f 4179 4204 4212
f 4179 4212 4213
f 4179 4213 4214
f 4179 4214 4205
f 4180 4182 4181
f 4180 4211 4192
f 4184 4200 4215
f 4184 4215 4216
f 4184 4216 4185
f 4185 4216 4217
f 4185 4217 4218
f 4185 4218 4219
f 4185 4219 4186
f 4186 4219 4187
f 4187 4219 4190
f 4187 4190 4188
f 4189 4221 4222
f 4189 4222 4223
f 4189 4223 4224
f 4189 4224 4220
f 4190 4219 4225
f 4190 4225 4226
f 4191 4192 4197
f 4191 4197 4193
f 4192 4211 4227
f 4192 4227 4228
f 4192 4228 4198
f 4192 4198 4197
f 4193 4195 4194
f 4193 4197 4195
f 4196 4198 4229
f 4196 4229 4199
f 4198 4230 4231
f 4198 4231 4232
f 4198 4232 4233
f 4198 4233 4229
f 4198 4228 4230
f 4199 4229 4233
f 4199 4233 4234
f 4199 4234 4235
f 4199 4235 4236
f 4199 4236 4215
f 4199 4215 4237
f 4199 4237 4200
f 4200 4237 4215
f 4201 4238 4239
f 4201 4239 4240
f 4201 4240 4241
f 4201 4241 4202
f 4203 4208 4207
f 4208 4242 4243
f 4208 4243 4209
f 4209 4243 4242
f 4209 4242 4210
f 4210 4242 4228
f 4210 4228 4227
f 4210 4227 4211
f 4215 4217 4216
f 4215 4236 4244
f 4215 4244 4245
f 4215 4245 4217
f 4217 4245 4246
f 4217 4246 4247
f 4217 4247 4218
f 4218 4247 4219
f 4219 4247 4246
f 4219 4246 4225
f 4220 4224 4248
f 4221 4223 4222
f 4224 4250 4248
f 4225 4246 4226
f 4226 4246 4251
f 4228 4242 4252
f 4228 4252 4253
f 4228 4253 4230
f 4230 4253 4254
f 4230 4254 4255
f 4230 4255 4231
f 4231 4255 4256
f 4231 4256 4257
f 4231 4257 4258
f 4231 4258 4259
f 4231 4259 4234
f 4231 4234 4232
f 4232 4234 4260
f 4232 4260 4233
f 4233 4260 4234
f 4234 4261 4235
f 4234 4259 4262
f 4234 4262 4261
f 4235 4261 4263
f 4235 4263 4244
f 4235 4244 4236
f 4238 4264 4265
f 4238 4265 4266
f 4238 4266 4239
f 4244 4263 4267
f 4244 4267 4268
f 4244 4268 4269
f 4244 4269 4245
f 4245 4269 4270
f 4245 4270 4271
f 4245 4271 4246
f 4246 4271 4272
f 4246 4272 4251
f 4248 4250 4274
f 4248 4274 4273
f 4249 4276 4275
f 4251 4272 4276
f 4252 4256 4253
f 4253 4256 4254
f 4254 4256 4255
f 4259 4277 4262
f 4261 4262 4277
f 4261 4277 4278
f 4261 4278 4263
f 4263 4278 4279
f 4263 4279 4267
f 4264 4280 4265
f 4265 4280 4274
f 4267 4279 4278
f 4268 4281 4270
f 4268 4270 4269
f 4270 4281 4271
f 4271 4281 4282
f 4271 4282 4272
f 4272 4282 4276
f 4273 4274 4280
f 4275 4276 4282
f 4275 4282 4281

o part_28
v -0.01813273 0.00393634 -0.02304195
v -0.01802075 0.00393634 -0.02396556
v -0.01618071 0.00393634 -0.02304195
v -0.01807997 0.00427001 -0.02304195
v -0.01791793 0.00475072 -0.02375001
v -0.01797661 0.00393634 -0.02432909
v -0.01629215 0.00393634 -0.02474991
v -0.01263360 0.01099335 -0.02474991
v -0.01263360 0.01087176 -0.02304195
v -0.01792547 0.00524557 -0.02304195
v -0.01783879 0.00525028 -0.02375001
v -0.01779411 0.00475072 -0.02474991
v -0.01791578 0.00393634 -0.02474466
v -0.01771713 0.00525028 -0.02474991
v -0.01639605 0.00393634 -0.02511455
v -0.01263360 0.01126481 -0.02514362
v -0.01263360 0.01356562 -0.02304195
v -0.01787755 0.00545859 -0.02304195
v -0.01754917 0.00564239 -0.02506230
v -0.01759331 0.00525028 -0.02510842
v -0.01763046 0.00475072 -0.02513050
v -0.01768537 0.00393634 -0.02513750
v -0.01780919 0.00575078 -0.02304195
v -0.01778281 0.00575078 -0.02325006
v -0.01765522 0.00575078 -0.02424996
v -0.01757878 0.00578566 -0.02475691
v -0.01674973 0.00393634 -0.02525205
v -0.01263360 0.01174363 -0.02524899
v -0.01263360 0.01332903 -0.02443884
v -0.01434982 0.01184920 -0.02304195
v -0.01748564 0.00597512 -0.02492807
v -0.01707166 0.00664245 -0.02507519
v -0.01716802 0.00625035 -0.02512504
v -0.01729130 0.00578566 -0.02514733
v -0.01724985 0.00525028 -0.02524593
v -0.01766222 0.00425022 -0.02513750
v -0.01724985 0.00475072 -0.02526801
v -0.01724985 0.00425022 -0.02527500
v -0.01724985 0.00393634 -0.02527500
v -0.01753571 0.00607126 -0.02424996
v -0.01751256 0.00602507 -0.02459492
v -0.01761000 0.00624375 -0.02304195
v -0.01760300 0.00620322 -0.02325006
v -0.01674973 0.00425022 -0.02526691
v -0.01275042 0.01174929 -0.02527369
v -0.01263360 0.01224979 -0.02527303
v -0.01263360 0.01327625 -0.02474991
v -0.01470512 0.01120448 -0.02474991
v -0.01478964 0.01128931 -0.02375001
v -0.01474550 0.01145332 -0.02304195
v -0.01739143 0.00621547 -0.02475691
v -0.01710558 0.00678572 -0.02474270
v -0.01698122 0.00697518 -0.02490446
v -0.01505989 0.01060407 -0.02506623
v -0.01556216 0.00962191 -0.02506864
v -0.01606551 0.00862939 -0.02507082
v -0.01656885 0.00763592 -0.02507301
v -0.01514764 0.01024966 -0.02511826
v -0.01615756 0.00825048 -0.02512198
v -0.01475034 0.01024966 -0.02525576
v -0.01525046 0.00924960 -0.02525773
v -0.01574950 0.00825048 -0.02525948
v -0.01674973 0.00625035 -0.02526254
v -0.01674973 0.00575078 -0.02527500
v -0.01674973 0.00475072 -0.02527500
v -0.01735860 0.00673765 -0.02304195
v -0.01710504 0.00723533 -0.02304195
v -0.01725685 0.00675085 -0.02375001
v -0.01425023 0.01024966 -0.02527500
v -0.01275042 0.01224979 -0.02527281
v -0.01263360 0.01276632 -0.02519149
v -0.01263360 0.01313298 -0.02504481
v -0.01412264 0.01162204 -0.02508875
v -0.01462276 0.01112154 -0.02508875
v -0.01495491 0.01093585 -0.02474991
v -0.01498398 0.01097732 -0.02440495
v -0.01501036 0.01101126 -0.02407180
v -0.01484940 0.01134870 -0.02304195
v -0.01652632 0.00805254 -0.02424996
v -0.01558854 0.00977366 -0.02470007
v -0.01597399 0.00896211 -0.02485725
v -0.01510619 0.01068607 -0.02474991
v -0.01477349 0.01076242 -0.02514799
v -0.01547010 0.00995558 -0.02483364
v -0.01425023 0.01074922 -0.02527281
v -0.01475034 0.00974916 -0.02527500
v -0.01525046 0.00875004 -0.02527500
v -0.01652525 0.00837301 -0.02304195
v -0.01681433 0.00775091 -0.02325006
v -0.01375011 0.01124973 -0.02527281
v -0.01427391 0.01127329 -0.02516154
v -0.01327368 0.01227335 -0.02516154
v -0.01277356 0.01277291 -0.02516154
v -0.01263360 0.01309716 -0.02509400
v -0.01312241 0.01262210 -0.02508875
v -0.01503351 0.01103859 -0.02375001
v -0.01511803 0.01078598 -0.02424296
v -0.01527576 0.01074922 -0.02325006
v -0.01531398 0.01073226 -0.02304195
v -0.01508411 0.01109891 -0.02304195
v -0.01545664 0.01041461 -0.02325006
v -0.01538935 0.01028265 -0.02424996
v -0.01536728 0.01019970 -0.02470007
v -0.01547064 0.01044194 -0.02304195
f 4283 4284 4288
f 4283 4288 4295
f 4283 4295 4304
f 4283 4304 4321
f 4283 4321 4309
f 4283 4309 4297
f 4283 4297 4289
f 4283 4289 4285
f 4283 4285 4291
f 4283 4291 4299
f 4283 4299 4312
f 4283 4312 4332
f 4283 4332 4360
f 4283 4360 4382
f 4283 4382 4381
f 4283 4381 4386
f 4283 4386 4370
f 4283 4370 4349
f 4283 4349 4348
f 4283 4348 4324
f 4283 4324 4305
f 4283 4305 4300
f 4283 4300 4292
f 4283 4292 4286
f 4283 4286 4284
f 4284 4286 4287
f 4284 4287 4288
f 4285 4289 4290
f 4285 4290 4291
f 4286 4292 4287
f 4287 4292 4293
f 4287 4293 4288
f 4288 4294 4295
f 4288 4293 4296
f 4288 4296 4294
f 4289 4297 4290
f 4290 4298 4310
f 4290 4310 4328
f 4290 4328 4353
f 4290 4353 4376
f 4290 4376 4354
f 4290 4354 4329
f 4290 4329 4311
f 4290 4311 4299
f 4290 4299 4291
f 4290 4297 4298
f 4292 4300 4293
f 4293 4300 4296
f 4294 4296 4301
f 4294 4301 4302
f 4294 4302 4295
f 4295 4302 4303
f 4295 4303 4304
f 4296 4300 4305
f 4296 4305 4306
f 4296 4306 4307
f 4296 4307 4308
f 4296 4308 4301
f 4297 4309 4310
f 4297 4310 4298
f 4299 4311 4312
f 4301 4308 4313
f 4301 4313 4314
f 4301 4314 4315
f 4301 4315 4302
f 4302 4315 4316
f 4302 4316 4317
f 4302 4317 4303
f 4303 4318 4304
f 4303 4317 4319
f 4303 4319 4318
f 4304 4318 4319
f 4304 4319 4320
f 4304 4320 4321
f 4305 4322 4323
f 4305 4323 4306
f 4305 4324 4325
f 4305 4325 4322
f 4306 4323 4308
f 4306 4308 4307
f 4308 4323 4313
f 4309 4321 4326
f 4309 4326 4327
f 4309 4327 4310
f 4310 4327 4328
f 4311 4329 4330
f 4311 4330 4312
f 4312 4330 4331
f 4312 4331 4332
f 4313 4323 4333
f 4313 4333 4334
f 4313 4334 4335
f 4313 4335 4336
f 4313 4336 4337
f 4313 4337 4338
f 4313 4338 4339
f 4313 4339 4314
f 4314 4339 4340
f 4314 4340 4341
f 4314 4341 4315
f 4315 4341 4342
f 4315 4342 4343
f 4315 4343 4344
f 4315 4344 4345
f 4315 4345 4317
f 4315 4317 4316
f 4317 4345 4319
f 4319 4345 4346
f 4319 4346 4320
f 4320 4346 4369
f 4320 4369 4368
f 4320 4368 4351
f 4320 4351 4347
f 4320 4347 4321
f 4321 4347 4326
f 4322 4325 4334
f 4322 4334 4323
f 4323 4334 4333
f 4324 4348 4325
f 4325 4348 4349
f 4325 4349 4350
f 4325 4350 4334
f 4326 4347 4327
f 4327 4351 4328
f 4327 4347 4351
f 4328 4352 4353
f 4328 4351 4352
f 4329 4354 4330
f 4330 4355 4356
f 4330 4356 4357
f 4330 4357 4358
f 4330 4358 4359
f 4330 4359 4331
f 4330 4354 4355
f 4331 4360 4332
f 4331 4359 4360
f 4334 4350 4361
f 4334 4361 4362
f 4334 4362 4335
f 4335 4362 4363
f 4335 4363 4336
f 4336 4364 4357
f 4336 4357 4356
f 4336 4356 4365
f 4336 4365 4340
f 4336 4340 4337
f 4336 4363 4366
f 4336 4366 4364
f 4337 4340 4338
f 4338 4340 4339
f 4340 4365 4342
f 4340 4342 4341
f 4342 4365 4367
f 4342 4367 4368
f 4342 4368 4343
f 4343 4368 4344
f 4344 4368 4345
f 4345 4368 4369
f 4345 4369 4346
f 4349 4370 4371
f 4349 4371 4350
f 4350 4371 4361
f 4351 4368 4367
f 4351 4367 4372
f 4351 4372 4352
f 4352 4372 4373
f 4352 4373 4353
f 4353 4373 4374
f 4353 4374 4375
f 4353 4375 4376
f 4354 4376 4377
f 4354 4377 4355
f 4355 4373 4356
f 4355 4377 4376
f 4355 4376 4373
f 4356 4373 4365
f 4357 4364 4358
f 4358 4364 4359
f 4359 4378 4360
f 4359 4364 4379
f 4359 4379 4380
f 4359 4380 4381
f 4359 4381 4378
f 4360 4378 4382
f 4361 4371 4370
f 4361 4370 4383
f 4361 4383 4362
f 4362 4383 4384
f 4362 4384 4385
f 4362 4385 4364
f 4362 4364 4366
f 4362 4366 4363
f 4364 4385 4384
f 4364 4384 4383
f 4364 4383 4386
f 4364 4386 4381
f 4364 4381 4380
f 4364 4380 4379
f 4365 4373 4367
f 4367 4373 4372
f 4370 4386 4383
f 4373 4376 4374
f 4374 4376 4375
f 4378 4381 4382

o part_29
v 0.00000401 -0.02426553 0.02271046
v 0.00025024 -0.02426553 0.02271046
v 0.00000401 -0.02256944 0.02271046
v 0.00000401 -0.02401013 0.02041228
v 0.00121120 -0.02413513 0.02271046
v 0.00006912 -0.02401013 0.02041228
v 0.00000401 -0.02299931 0.01199560
v 0.00000401 -0.01900101 -0.02098938
v 0.00764977 -0.02116203 0.02271046
v 0.00764977 -0.01507915 -0.02108800
v 0.00000401 -0.01707740 -0.02109229
v 0.00172835 -0.02406139 0.02271046
v 0.00000401 -0.01899921 -0.02100225
v 0.00009232 -0.01897583 -0.02109229
v 0.00764977 -0.02304338 0.02271046
v 0.00764977 -0.01508815 -0.02109229
v 0.00764528 -0.01508005 -0.02109229
v 0.00000401 -0.01897583 -0.02109229
v 0.00478037 -0.02358386 0.02271046
v 0.00009831 -0.01897493 -0.02109229
v 0.00046803 -0.01899561 -0.02045771
v 0.00075018 -0.01887421 -0.02109229
v 0.00763930 -0.02304877 0.02271046
v 0.00764977 -0.01725546 -0.02035481
v 0.00764977 -0.01715564 -0.02109229
v 0.00724937 -0.02315939 0.02271046
v 0.00289886 -0.01853427 -0.02109229
v 0.00373933 -0.01840118 -0.02109229
v 0.00424975 -0.01832024 -0.02109229
v 0.00490760 -0.01821592 -0.02109229
v 0.00524962 -0.01820333 -0.02074928
v 0.00574956 -0.01860802 -0.01674889
v 0.00592095 -0.01898842 -0.01339594
v 0.00033256 -0.01893896 -0.02109229
v 0.00762657 -0.02305507 0.02271046
v 0.00600552 -0.01800368 -0.02101940
v 0.00616119 -0.01791465 -0.02109229
v 0.00637673 -0.01780494 -0.02109229
v 0.00724114 -0.01736428 -0.02109229
v 0.00764977 -0.01718082 -0.02090792
v 0.00751431 -0.02300650 0.02194297
v 0.00761909 -0.02305866 0.02271046
v 0.00594939 -0.01849111 -0.01743062
v 0.00524962 -0.01816106 -0.02109229
v 0.00576977 -0.01854237 -0.01725912
v 0.00602722 -0.01851269 -0.01709619
v 0.00591346 -0.01801807 -0.02109229
v 0.00598905 -0.01799829 -0.02109229
v 0.00607886 -0.01795602 -0.02109229
v 0.00701886 -0.02150827 0.00892563
v 0.00540754 -0.01812959 -0.02109229
v 0.00575555 -0.01805854 -0.02109229
f 4387 4388 4391
f 4387 4391 4398
f 4387 4398 4405
f 4387 4405 4412
f 4387 4412 4428
f 4387 4428 4421
f 4387 4421 4409
f 4387 4409 4401
f 4387 4401 4395
f 4387 4395 4389
f 4387 4389 4397
f 4387 4397 4404
f 4387 4404 4399
f 4387 4399 4394
f 4387 4394 4393
f 4387 4393 4390
f 4387 4390 4392
f 4387 4392 4388
f 4388 4392 4393
f 4388 4393 4394
f 4388 4394 4391
f 4389 4395 4396
f 4389 4396 4397
f 4390 4393 4392
f 4391 4394 4398
f 4394 4399 4400
f 4394 4400 4398
f 4395 4401 4410
f 4395 4410 4426
f 4395 4426 4411
f 4395 4411 4402
f 4395 4402 4396
f 4396 4402 4403
f 4396 4403 4397
f 4397 4403 4402
f 4397 4402 4411
f 4397 4411 4425
f 4397 4425 4424
f 4397 4424 4423
f 4397 4423 4435
f 4397 4435 4434
f 4397 4434 4433
f 4397 4433 4438
f 4397 4438 4437
f 4397 4437 4430
f 4397 4430 4416
f 4397 4416 4415
f 4397 4415 4414
f 4397 4414 4413
f 4397 4413 4408
f 4397 4408 4420
f 4397 4420 4406
f 4397 4406 4400
f 4397 4400 4404
f 4398 4400 4406
f 4398 4406 4407
f 4398 4407 4408
f 4398 4408 4405
f 4399 4404 4400
f 4401 4409 4410
f 4405 4408 4413
f 4405 4413 4414
f 4405 4414 4415
f 4405 4415 4416
f 4405 4416 4417
f 4405 4417 4418
f 4405 4418 4419
f 4405 4419 4412
f 4406 4420 4407
f 4407 4420 4408
f 4409 4421 4422
f 4409 4422 4423
f 4409 4423 4424
f 4409 4424 4410
f 4410 4424 4425
f 4410 4425 4426
f 4411 4426 4425
f 4412 4427 4428
f 4412 4419 4429
f 4412 4429 4427
f 4416 4430 4417
f 4417 4430 4429
f 4417 4429 4431
f 4417 4431 4418
f 4418 4431 4419
f 4419 4431 4429
f 4421 4428 4422
f 4422 4432 4429
f 4422 4429 4433
f 4422 4433 4434
f 4422 4434 4435
f 4422 4435 4423
f 4422 4428 4427
f 4422 4427 4436
f 4422 4436 4432
f 4427 4429 4436
f 4429 4430 4437
f 4429 4437 4438
f 4429 4438 4433
f 4429 4432 4436

o part_30
v -0.00025019 -0.02426284 0.02268992
v -0.00006912 -0.02400989 0.02041126
v 0.00000401 -0.02426284 0.02268992
v -0.00125278 -0.02412471 0.02268992
v -0.00010179 -0.01951538 -0.01662542
v -0.00003575 -0.02250510 0.00795458
v -0.00000167 -0.02299979 0.01199709
v 0.00000401 -0.02400989 0.02041126
v 0.00000401 -0.02256726 0.02268992
v -0.00172923 -0.02405651 0.02268992
v -0.00022675 -0.01903709 -0.02041897
v 0.00000401 -0.01951538 -0.01662542
v 0.00000401 -0.02100031 -0.00449366
v -0.00000167 -0.02099945 -0.00449788
v 0.00000117 -0.02299979 0.01199709
v 0.00000401 -0.02299893 0.01199288
v -0.00724988 -0.02109441 0.02078682
v -0.00724988 -0.02129643 0.02225107
v -0.00724988 -0.02135773 0.02268992
v 0.00000401 -0.02238682 0.02124677
v -0.00724988 -0.01544304 -0.02041897
v -0.00477251 -0.02358081 0.02268992
v -0.00042699 -0.01900688 -0.02041897
v 0.00000401 -0.01903709 -0.02041897
v -0.00724988 -0.02315605 0.02268992
v 0.00000401 -0.02232466 0.02074884
v 0.00000401 -0.01754698 -0.01777319
v 0.00000401 -0.01730697 -0.01974803
v 0.00000401 -0.01724654 -0.02024596
v 0.00000401 -0.01722582 -0.02041897
v -0.00724988 -0.01745029 -0.02041897
v -0.00594907 -0.01849147 -0.01743139
v -0.00574954 -0.01866931 -0.01624987
v -0.00524967 -0.01824283 -0.02041897
v -0.00491878 -0.01829549 -0.02041897
v -0.00441890 -0.01837492 -0.02041897
v -0.00292637 -0.01861147 -0.02041897
v -0.00225040 -0.01871852 -0.02041897
v -0.00075574 -0.01895508 -0.02041897
v -0.00053137 -0.01899047 -0.02041897
v -0.00724988 -0.02198537 0.01352886
v -0.00701841 -0.02150795 0.00892512
v -0.00693107 -0.02148637 0.00859176
v -0.00625013 -0.01795965 -0.02041897
v -0.00724988 -0.01745547 -0.02038099
v -0.00602717 -0.01851305 -0.01709803
v -0.00584824 -0.01811678 -0.02041897
v -0.00574954 -0.01814441 -0.02041897
v -0.00724988 -0.02152522 0.00993786
v -0.00724988 -0.02147428 0.00954542
v -0.00724988 -0.02139485 0.00894200
v -0.00703900 -0.02101930 0.00534678
v -0.00650007 -0.01950070 -0.00800027
v -0.00670882 -0.01788541 -0.01923322
v -0.00608469 -0.01804253 -0.02041897
v -0.00656255 -0.01903278 -0.01124947
v -0.00653912 -0.01852082 -0.01514851
v -0.00665770 -0.01858125 -0.01424971
v -0.00724988 -0.01787073 -0.01729214
v -0.00724988 -0.02099945 0.00599662
v -0.00724988 -0.02042102 0.00168826
v -0.00724988 -0.01951797 -0.00503379
v -0.00724988 -0.01835161 -0.01371380
f 4439 4440 4446
f 4439 4446 4441
f 4439 4441 4447
f 4439 4447 4457
f 4439 4457 4463
f 4439 4463 4460
f 4439 4460 4448
f 4439 4448 4442
f 4439 4442 4443
f 4439 4443 4444
f 4439 4444 4445
f 4439 4445 4440
f 4440 4445 4453
f 4440 4453 4446
f 4441 4446 4454
f 4441 4454 4451
f 4441 4451 4450
f 4441 4450 4462
f 4441 4462 4468
f 4441 4468 4467
f 4441 4467 4466
f 4441 4466 4465
f 4441 4465 4464
f 4441 4464 4458
f 4441 4458 4447
f 4442 4448 4449
f 4442 4449 4443
f 4443 4449 4462
f 4443 4462 4450
f 4443 4450 4451
f 4443 4451 4452
f 4443 4452 4444
f 4444 4452 4445
f 4445 4452 4451
f 4445 4451 4453
f 4446 4453 4454
f 4447 4455 4456
f 4447 4456 4457
f 4447 4458 4459
f 4447 4459 4455
f 4448 4460 4461
f 4448 4461 4449
f 4449 4461 4478
f 4449 4478 4477
f 4449 4477 4476
f 4449 4476 4475
f 4449 4475 4474
f 4449 4474 4473
f 4449 4473 4472
f 4449 4472 4486
f 4449 4486 4485
f 4449 4485 4493
f 4449 4493 4482
f 4449 4482 4469
f 4449 4469 4459
f 4449 4459 4468
f 4449 4468 4462
f 4451 4454 4453
f 4455 4459 4469
f 4455 4469 4483
f 4455 4483 4497
f 4455 4497 4501
f 4455 4501 4500
f 4455 4500 4499
f 4455 4499 4498
f 4455 4498 4489
f 4455 4489 4488
f 4455 4488 4487
f 4455 4487 4479
f 4455 4479 4463
f 4455 4463 4457
f 4455 4457 4456
f 4458 4464 4459
f 4459 4465 4466
f 4459 4466 4467
f 4459 4467 4468
f 4459 4464 4465
f 4460 4463 4470
f 4460 4470 4471
f 4460 4471 4472
f 4460 4472 4473
f 4460 4473 4474
f 4460 4474 4475
f 4460 4475 4476
f 4460 4476 4477
f 4460 4477 4478
f 4460 4478 4461
f 4463 4479 4480
f 4463 4480 4481
f 4463 4481 4470
f 4469 4482 4483
f 4470 4484 4485
f 4470 4485 4486
f 4470 4486 4472
f 4470 4472 4471
f 4470 4481 4480
f 4470 4480 4484
f 4479 4487 4480
f 4480 4487 4488
f 4480 4488 4489
f 4480 4489 4490
f 4480 4490 4491
f 4480 4491 4484
f 4482 4492 4483
f 4482 4493 4491
f 4482 4491 4494
f 4482 4494 4495
f 4482 4495 4496
f 4482 4496 4492
f 4483 4492 4497
f 4484 4491 4493
f 4484 4493 4485
f 4489 4498 4490
f 4490 4498 4499
f 4490 4499 4494
f 4490 4494 4491
f 4492 4496 4497
f 4494 4496 4495
f 4494 4499 4500
f 4494 4500 4496
f 4496 4501 4497
f 4496 4500 4501

o part_31
v -0.01599313 -0.00355841 -0.02283579
v -0.01263339 -0.00274995 -0.02305804
v -0.01263339 -0.00355841 -0.02304618
v -0.01599313 -0.00355841 -0.02150366
v -0.01599313 -0.00324955 -0.02283688
v -0.01263339 -0.00024974 -0.02309425
v -0.01263339 -0.00174928 -0.02307256
v -0.01263339 -0.00355841 -0.02180895
v -0.01263339 0.00393634 -0.02180114
v -0.01599313 0.00393634 -0.02149976
v -0.01599313 0.00393634 -0.02284312
v -0.01263339 0.00024986 -0.02309425
v -0.01263339 0.00393634 -0.02303885
v -0.01263339 0.00375000 -0.02304337
v -0.01263339 0.00363262 -0.02304525
v -0.01263339 0.00263268 -0.02305976
v -0.01263339 0.00174939 -0.02307256
f 4502 4503 4504
f 4502 4504 4509
f 4502 4509 4505
f 4502 4505 4511
f 4502 4511 4512
f 4502 4512 4506
f 4502 4506 4507
f 4502 4507 4508
f 4502 4508 4503
f 4503 4508 4507
f 4503 4507 4513
f 4503 4513 4518
f 4503 4518 4517
f 4503 4517 4516
f 4503 4516 4515
f 4503 4515 4514
f 4503 4514 4510
f 4503 4510 4509
f 4503 4509 4504
f 4505 4509 4510
f 4505 4510 4511
f 4506 4512 4507
f 4507 4512 4513
f 4510 4514 4512
f 4510 4512 4511
f 4512 4514 4515
f 4512 4515 4516
f 4512 4516 4517
f 4512 4517 4518
f 4512 4518 4513

o part_32
v -0.00764258 0.01508167 -0.02108800
v -0.00764258 0.01602468 -0.02109229
v -0.00724364 0.01523269 -0.02109229
v 0.00000401 0.01707737 -0.02109229
v 0.00000401 0.02238668 0.02124837
v 0.00000401 0.02257007 0.02271046
v -0.00764258 0.02116588 0.02271046
v -0.00764258 0.01716008 -0.02109229
v 0.00000401 0.01897600 -0.02109229
v 0.00000401 0.02426553 0.02271046
v -0.00764258 0.02304743 0.02271046
v -0.00705651 0.01745854 -0.02109229
v -0.00009254 0.01897600 -0.02109229
v 0.00000401 0.01899937 -0.02100225
v -0.00025048 0.02426553 0.02271046
v 0.00000401 0.02401022 0.02041228
v -0.00761938 0.02305821 0.02271046
v -0.00751384 0.02300607 0.02194297
v -0.00701834 0.02150839 0.00892563
v -0.00600488 0.01800331 -0.02101940
v -0.00607823 0.01795657 -0.02109229
v -0.00629081 0.01789454 -0.02074928
v -0.00000123 0.01900027 -0.02099796
v -0.00033281 0.01893914 -0.02109229
v -0.00046829 0.01899577 -0.02045771
v -0.00172875 0.02406146 0.02271046
v -0.00121079 0.02413518 0.02271046
v 0.00000401 0.01900027 -0.02099796
v -0.00006934 0.02401022 0.02041228
v -0.00000198 0.02299978 0.01199560
v 0.00000401 0.02299978 0.01199560
v -0.00724963 0.02315890 0.02271046
v -0.00594949 0.01849145 -0.01743062
v -0.00602659 0.01851303 -0.01709619
v -0.00598916 0.01799882 -0.02109229
v -0.00075047 0.01887441 -0.02109229
v -0.00478185 0.02358321 0.02271046
v -0.00720995 0.02316609 0.02271046
v -0.00574965 0.01860832 -0.01674889
v -0.00524965 0.01816153 -0.02109229
v -0.00540759 0.01813007 -0.02109229
v -0.00575563 0.01805815 -0.02109229
v -0.00175045 0.01871620 -0.02109229
v -0.00329908 0.01847078 -0.02109229
f 4519 4520 4521
f 4519 4521 4522
f 4519 4522 4523
f 4519 4523 4524
f 4519 4524 4525
f 4519 4525 4529
f 4519 4529 4526
f 4519 4526 4520
f 4520 4526 4530
f 4520 4530 4539
f 4520 4539 4553
f 4520 4553 4560
f 4520 4560 4559
f 4520 4559 4558
f 4520 4558 4562
f 4520 4562 4561
f 4520 4561 4554
f 4520 4554 4542
f 4520 4542 4531
f 4520 4531 4527
f 4520 4527 4522
f 4520 4522 4521
f 4522 4527 4532
f 4522 4532 4546
f 4522 4546 4549
f 4522 4549 4534
f 4522 4534 4528
f 4522 4528 4524
f 4522 4524 4523
f 4524 4528 4533
f 4524 4533 4545
f 4524 4545 4544
f 4524 4544 4555
f 4524 4555 4556
f 4524 4556 4550
f 4524 4550 4535
f 4524 4535 4529
f 4524 4529 4525
f 4526 4529 4530
f 4527 4531 4532
f 4528 4534 4547
f 4528 4547 4533
f 4529 4535 4536
f 4529 4536 4537
f 4529 4537 4538
f 4529 4538 4539
f 4529 4539 4540
f 4529 4540 4530
f 4530 4540 4539
f 4531 4541 4532
f 4531 4542 4543
f 4531 4543 4544
f 4531 4544 4545
f 4531 4545 4541
f 4532 4541 4546
f 4533 4547 4548
f 4533 4548 4541
f 4533 4541 4545
f 4534 4549 4548
f 4534 4548 4547
f 4535 4550 4536
f 4536 4550 4551
f 4536 4551 4537
f 4537 4551 4552
f 4537 4552 4538
f 4538 4552 4553
f 4538 4553 4539
f 4541 4548 4549
f 4541 4549 4546
f 4542 4554 4543
f 4543 4554 4544
f 4544 4554 4555
f 4550 4556 4551
f 4551 4557 4558
f 4551 4558 4559
f 4551 4559 4560
f 4551 4560 4553
f 4551 4553 4552
f 4551 4556 4555
f 4551 4555 4557
f 4554 4561 4555
f 4555 4561 4562
f 4555 4562 4558
f 4555 4558 4557

o part_33
v -0.01842946 -0.00355841 -0.02109229
v -0.01863685 -0.00224968 -0.02109229
v -0.01654548 -0.00355841 -0.02109229
v -0.01902540 -0.00355841 -0.01617661
v -0.02405041 -0.00127127 0.02227432
v -0.01887443 -0.00074976 -0.02109229
v -0.01609177 0.00561167 -0.02109229
v -0.02199082 -0.00355841 0.02227432
v -0.02010764 -0.00355841 -0.00724944
v -0.02349896 -0.00355841 0.02072915
v -0.02373893 -0.00322539 0.02227432
v -0.02413145 -0.00074976 0.02227432
v -0.02400511 -0.00053343 0.02095414
v -0.02250016 -0.00050112 0.00849515
v -0.02000593 -0.00053253 -0.01204201
v -0.01901587 -0.00059537 -0.02012444
v -0.01895389 -0.00023632 -0.02109229
v -0.01808778 0.00561167 -0.02109229
v -0.02166583 0.00561167 0.02227432
v -0.02368569 -0.00355841 0.02227432
v -0.02362212 -0.00355841 0.02174795
v -0.02420774 -0.00024978 0.02227432
v -0.02408378 -0.00024978 0.02124704
v -0.02396379 -0.00024081 0.02024523
v -0.02317476 -0.00024978 0.01374618
v -0.01947355 -0.00026055 -0.01677516
v -0.01900077 -0.00000024 -0.02099890
v -0.01897534 -0.00009180 -0.02109229
v -0.01812990 0.00540701 -0.02109229
v -0.01848905 0.00561167 -0.01790432
v -0.02336149 0.00561167 0.02227432
v -0.02420774 0.00025019 0.02227432
v -0.02400988 -0.00006846 0.02041078
v -0.01900077 0.00000065 -0.02099890
v -0.02299995 -0.00000114 0.01199725
v -0.01897534 0.00009221 -0.02109229
v -0.01816168 0.00524993 -0.02109229
v -0.01852004 0.00561167 -0.01765811
v -0.01898170 0.00561167 -0.01385462
v -0.02357445 0.00427781 0.02227432
v -0.02420456 0.00027443 0.02227432
v -0.02400988 0.00006977 0.02041078
v -0.02002818 0.00024122 -0.01222455
v -0.01895389 0.00023673 -0.02109229
v -0.02299995 0.00000155 0.01199725
v -0.01875206 0.00561167 -0.01574787
v -0.01863049 0.00561167 -0.01674969
v -0.01887443 0.00075017 -0.02109229
v -0.02404484 0.00131028 0.02227432
v -0.02412828 0.00077440 0.02227432
v -0.02396379 0.00024211 0.02024523
v -0.02000593 0.00053294 -0.01204201
v -0.01947355 0.00026096 -0.01677516
v -0.02250016 0.00050153 0.00849515
v -0.01901587 0.00059667 -0.02012444
v -0.01951090 0.00056526 -0.01608323
v -0.02400511 0.00053384 0.02095414
f 4563 4564 4568
f 4563 4568 4579
f 4563 4579 4590
f 4563 4590 4598
f 4563 4598 4606
f 4563 4606 4610
f 4563 4610 4599
f 4563 4599 4591
f 4563 4591 4580
f 4563 4580 4569
f 4563 4569 4565
f 4563 4565 4570
f 4563 4570 4582
f 4563 4582 4583
f 4563 4583 4572
f 4563 4572 4571
f 4563 4571 4566
f 4563 4566 4567
f 4563 4567 4564
f 4564 4567 4568
f 4565 4569 4570
f 4566 4571 4567
f 4567 4572 4573
f 4567 4573 4582
f 4567 4582 4570
f 4567 4570 4581
f 4567 4581 4593
f 4567 4593 4602
f 4567 4602 4611
f 4567 4611 4612
f 4567 4612 4603
f 4567 4603 4594
f 4567 4594 4584
f 4567 4584 4574
f 4567 4574 4575
f 4567 4575 4576
f 4567 4576 4577
f 4567 4577 4568
f 4567 4571 4572
f 4568 4577 4578
f 4568 4578 4579
f 4569 4580 4592
f 4569 4592 4600
f 4569 4600 4609
f 4569 4609 4608
f 4569 4608 4601
f 4569 4601 4593
f 4569 4593 4581
f 4569 4581 4570
f 4572 4583 4573
f 4573 4583 4582
f 4574 4584 4585
f 4574 4585 4575
f 4575 4585 4586
f 4575 4586 4576
f 4576 4586 4587
f 4576 4587 4588
f 4576 4588 4577
f 4577 4588 4579
f 4577 4579 4578
f 4579 4589 4590
f 4579 4588 4589
f 4580 4591 4592
f 4584 4594 4604
f 4584 4604 4595
f 4584 4595 4585
f 4585 4595 4586
f 4586 4595 4587
f 4587 4595 4589
f 4587 4589 4588
f 4589 4596 4598
f 4589 4598 4590
f 4589 4595 4597
f 4589 4597 4607
f 4589 4607 4596
f 4591 4599 4600
f 4591 4600 4592
f 4593 4601 4602
f 4594 4603 4604
f 4595 4604 4607
f 4595 4607 4597
f 4596 4605 4606
f 4596 4606 4598
f 4596 4607 4604
f 4596 4604 4605
f 4599 4601 4608
f 4599 4608 4609
f 4599 4609 4600
f 4599 4610 4611
f 4599 4611 4602
f 4599 4602 4601
f 4603 4612 4613
f 4603 4613 4604
f 4604 4613 4605
f 4605 4614 4615
f 4605 4615 4606
f 4605 4613 4616
f 4605 4616 4614
f 4606 4617 4610
f 4606 4615 4614
f 4606 4614 4618
f 4606 4618 4617
f 4610 4617 4618
f 4610 4618 4611
f 4611 4618 4614
f 4611 4614 4612
f 4612 4619 4613
f 4612 4614 4616
f 4612 4616 4619
f 4613 4619 4616

o part_34
v 0.02426553 0.00025036 0.02271046
v 0.02412899 0.00125201 0.02271046
v 0.02426553 -0.00000405 0.02271046
v 0.02400939 0.00006918 0.02041228
v 0.02299979 0.00000159 0.01199560
v 0.01900025 0.00000159 -0.02099796
v 0.02405922 0.00173922 0.02271046
v 0.01901620 0.00010203 -0.02074928
v 0.02256924 -0.00000405 0.02271046
v 0.02400939 -0.00000405 0.02041228
v 0.02299979 -0.00000123 0.01199560
v 0.01900025 -0.00000029 -0.02099796
v 0.01899926 -0.00000405 -0.02100225
v 0.01897534 0.00009171 -0.02109229
v 0.02358283 0.00478736 0.02271046
v 0.01897833 0.00035174 -0.02074928
v 0.01887468 0.00075071 -0.02109229
v 0.01895341 0.00023721 -0.02109229
v 0.02235496 -0.00000405 0.02099540
v 0.02017729 0.00958628 0.02271046
v 0.01408381 0.00958628 -0.02109229
v 0.01707773 -0.00000123 -0.02109229
v 0.02299879 -0.00000405 0.01199131
v 0.01900125 -0.00000405 -0.02098938
v 0.01897534 -0.00000405 -0.02109229
v 0.02315925 0.00724972 0.02271046
v 0.01840127 0.00373971 -0.02109229
v 0.01834546 0.00409174 -0.02109229
v 0.01824081 0.00475075 -0.02109229
v 0.01816108 0.00524923 -0.02109229
v 0.01860857 0.00574959 -0.01674889
v 0.01849197 0.00594954 -0.01743062
v 0.01712955 -0.00000405 -0.02092507
v 0.02206992 0.00958628 0.02271046
v 0.01616978 0.00958628 -0.02109229
v 0.01770860 -0.00000405 -0.02109229
v 0.02315427 0.00727319 0.02271046
v 0.01805843 0.00575522 -0.02109229
v 0.01800361 0.00600493 -0.02101940
v 0.01851289 0.00602652 -0.01709619
v 0.02150881 0.00701879 0.00892563
v 0.02300677 0.00751445 0.02194297
v 0.02274465 0.00824949 0.02271046
v 0.01795677 0.00607815 -0.02109229
v 0.01749432 0.00698687 -0.02109229
v 0.02305859 0.00761959 0.02271046
v 0.01801756 0.00591293 -0.02109229
f 4620 4621 4626
f 4620 4626 4634
f 4620 4634 4645
f 4620 4645 4656
f 4620 4656 4665
f 4620 4665 4662
f 4620 4662 4653
f 4620 4653 4639
f 4620 4639 4628
f 4620 4628 4622
f 4620 4622 4629
f 4620 4629 4623
f 4620 4623 4624
f 4620 4624 4625
f 4620 4625 4621
f 4621 4625 4627
f 4621 4627 4626
f 4622 4628 4638
f 4622 4638 4652
f 4622 4652 4655
f 4622 4655 4644
f 4622 4644 4632
f 4622 4632 4643
f 4622 4643 4642
f 4622 4642 4629
f 4623 4629 4630
f 4623 4630 4624
f 4624 4630 4631
f 4624 4631 4625
f 4625 4631 4632
f 4625 4632 4633
f 4625 4633 4627
f 4626 4627 4635
f 4626 4635 4636
f 4626 4636 4634
f 4627 4633 4637
f 4627 4637 4635
f 4628 4639 4640
f 4628 4640 4641
f 4628 4641 4638
f 4629 4642 4630
f 4630 4642 4643
f 4630 4643 4631
f 4631 4643 4632
f 4632 4644 4633
f 4633 4644 4655
f 4633 4655 4641
f 4633 4641 4640
f 4633 4640 4654
f 4633 4654 4664
f 4633 4664 4663
f 4633 4663 4666
f 4633 4666 4657
f 4633 4657 4649
f 4633 4649 4648
f 4633 4648 4647
f 4633 4647 4646
f 4633 4646 4636
f 4633 4636 4637
f 4634 4636 4646
f 4634 4646 4647
f 4634 4647 4648
f 4634 4648 4649
f 4634 4649 4650
f 4634 4650 4651
f 4634 4651 4645
f 4635 4637 4636
f 4638 4641 4652
f 4639 4653 4654
f 4639 4654 4640
f 4641 4655 4652
f 4645 4651 4656
f 4649 4657 4651
f 4649 4651 4650
f 4651 4657 4658
f 4651 4658 4659
f 4651 4659 4660
f 4651 4660 4661
f 4651 4661 4656
f 4653 4662 4658
f 4653 4658 4663
f 4653 4663 4664
f 4653 4664 4654
f 4656 4661 4665
f 4657 4666 4658
f 4658 4666 4663
f 4658 4662 4665
f 4658 4665 4661
f 4658 4661 4660
f 4658 4660 4659

o part_35
v -0.01836905 0.00393634 -0.02109229
v -0.01813267 0.00393634 -0.02304173
v -0.01647689 0.00393634 -0.02109229
v -0.01829437 0.00440818 -0.02109229
v -0.01618099 0.00393634 -0.02304173
v -0.01807989 0.00426975 -0.02304173
v -0.01263362 0.00393634 -0.02180119
v -0.01263362 0.01126548 -0.02109229
v -0.01816074 0.00525048 -0.02109229
v -0.01814165 0.00525048 -0.02125010
v -0.01796816 0.00497556 -0.02304173
v -0.01263362 0.00393634 -0.02303887
v -0.01263362 0.01087163 -0.02304173
v -0.01263362 0.01389571 -0.02109229
v -0.01812930 0.00540841 -0.02109229
v -0.01800353 0.00551565 -0.02203133
v -0.01798332 0.00539671 -0.02236450
v -0.01796198 0.00523781 -0.02274920
v -0.01792492 0.00524560 -0.02304173
v -0.01263362 0.01356522 -0.02304173
v -0.01263362 0.01385574 -0.02132834
v -0.01468467 0.01184456 -0.02109229
v -0.01805799 0.00575644 -0.02109229
v -0.01780926 0.00575059 -0.02304173
v -0.01787720 0.00545910 -0.02304173
v -0.01799791 0.00598944 -0.02109229
v -0.01797995 0.00592997 -0.02135467
v -0.01445391 0.01174512 -0.02304173
v -0.01263362 0.01361494 -0.02274996
v -0.01263362 0.01369001 -0.02230687
v -0.01484975 0.01134932 -0.02304173
v -0.01495923 0.01145851 -0.02175005
v -0.01501482 0.01151408 -0.02109229
v -0.01760994 0.00624291 -0.02304173
v -0.01795580 0.00607913 -0.02109229
v -0.01508388 0.01109878 -0.02304173
v -0.01513553 0.01137175 -0.02109229
v -0.01753919 0.00638329 -0.02304173
v -0.01791369 0.00616199 -0.02109229
v -0.01531408 0.01073222 -0.02304173
v -0.01547298 0.01094865 -0.02109229
v -0.01522481 0.01126548 -0.02109229
v -0.01727081 0.00725093 -0.02175005
v -0.01703218 0.00737864 -0.02304173
v -0.01749315 0.00698771 -0.02109229
v -0.01546175 0.01092818 -0.02125010
v -0.01542413 0.01052847 -0.02304173
v -0.01547073 0.01044171 -0.02304173
v -0.01548252 0.01046511 -0.02286846
v -0.01559089 0.01067861 -0.02125010
v -0.01559538 0.01071078 -0.02109229
v -0.01697772 0.00795772 -0.02125010
v -0.01594462 0.01002641 -0.02109229
f 4667 4668 4671
f 4667 4671 4678
f 4667 4678 4673
f 4667 4673 4669
f 4667 4669 4674
f 4667 4674 4680
f 4667 4680 4688
f 4667 4688 4699
f 4667 4699 4703
f 4667 4703 4708
f 4667 4708 4707
f 4667 4707 4717
f 4667 4717 4719
f 4667 4719 4711
f 4667 4711 4705
f 4667 4705 4701
f 4667 4701 4692
f 4667 4692 4689
f 4667 4689 4681
f 4667 4681 4675
f 4667 4675 4670
f 4667 4670 4668
f 4668 4670 4672
f 4668 4672 4677
f 4668 4677 4685
f 4668 4685 4691
f 4668 4691 4690
f 4668 4690 4700
f 4668 4700 4704
f 4668 4704 4710
f 4668 4710 4714
f 4668 4714 4713
f 4668 4713 4706
f 4668 4706 4702
f 4668 4702 4697
f 4668 4697 4694
f 4668 4694 4686
f 4668 4686 4679
f 4668 4679 4671
f 4669 4673 4674
f 4670 4675 4676
f 4670 4676 4677
f 4670 4677 4672
f 4671 4679 4678
f 4673 4678 4679
f 4673 4679 4686
f 4673 4686 4695
f 4673 4695 4696
f 4673 4696 4687
f 4673 4687 4680
f 4673 4680 4674
f 4675 4681 4682
f 4675 4682 4683
f 4675 4683 4676
f 4676 4684 4677
f 4676 4683 4684
f 4677 4684 4685
f 4680 4687 4688
f 4681 4689 4682
f 4682 4690 4691
f 4682 4691 4685
f 4682 4685 4683
f 4682 4689 4692
f 4682 4692 4693
f 4682 4693 4690
f 4683 4685 4684
f 4686 4694 4695
f 4687 4696 4697
f 4687 4697 4688
f 4688 4697 4698
f 4688 4698 4699
f 4690 4693 4692
f 4690 4692 4700
f 4692 4701 4700
f 4694 4697 4695
f 4695 4697 4696
f 4697 4702 4698
f 4698 4702 4699
f 4699 4702 4703
f 4700 4701 4704
f 4701 4705 4704
f 4702 4706 4707
f 4702 4707 4708
f 4702 4708 4703
f 4704 4705 4709
f 4704 4709 4710
f 4705 4711 4709
f 4706 4712 4707
f 4706 4713 4712
f 4707 4712 4713
f 4707 4713 4714
f 4707 4714 4715
f 4707 4715 4716
f 4707 4716 4717
f 4709 4711 4718
f 4709 4718 4719
f 4709 4719 4715
f 4709 4715 4710
f 4710 4715 4714
f 4711 4719 4718
f 4715 4719 4716
f 4716 4719 4717

o part_36
v 0.01198138 0.01189449 -0.02109229
v 0.00566350 0.01607640 -0.02108800
v 0.00566350 0.01607979 -0.02109229
v 0.01198138 0.01454770 -0.02109229
v 0.01198138 0.01896220 0.02274875
v 0.00566350 0.02171589 0.02274875
v 0.00566350 0.01807591 -0.02109229
v 0.01152122 0.01500722 -0.02109229
v 0.01154287 0.01504447 -0.02074898
v 0.01198138 0.01460641 -0.02074898
v 0.01198138 0.02084767 0.02274875
v 0.00566350 0.02342863 0.02274875
v 0.00575628 0.01805785 -0.02109229
v 0.00566350 0.01850494 -0.01769778
v 0.00594986 0.01849026 -0.01743172
v 0.01150761 0.01501963 -0.02109229
v 0.01151442 0.01501512 -0.02108371
v 0.01148658 0.01548931 -0.01843591
v 0.01151689 0.01551641 -0.01810118
v 0.01198138 0.01598382 -0.01260388
v 0.01175315 0.01525447 -0.01826854
v 0.01198138 0.01494512 -0.01874918
v 0.01159173 0.02105767 0.02274875
v 0.01198138 0.01763898 -0.00107715
v 0.01197828 0.01698979 -0.00591786
v 0.00566350 0.01874317 -0.01574948
v 0.00571855 0.02341960 0.02274875
v 0.00591399 0.01801720 -0.02109229
v 0.00566350 0.01852526 -0.01753471
v 0.00652382 0.02000994 -0.00408543
v 0.00602779 0.01851172 -0.01709699
v 0.00600615 0.01800253 -0.02101934
v 0.00576988 0.01854220 -0.01725577
v 0.00592141 0.01898704 -0.01339350
v 0.00725055 0.02316444 0.02274875
v 0.00693202 0.02148670 0.00859139
v 0.00751464 0.02300637 0.02194197
v 0.00701923 0.02150815 0.00892612
v 0.01126578 0.01522512 -0.02109229
v 0.01114580 0.01531996 -0.02109229
v 0.01097386 0.01548705 -0.02089918
v 0.01101406 0.01550963 -0.02056874
v 0.01150514 0.01600528 -0.01502853
v 0.01198138 0.01650205 -0.00948832
v 0.01198138 0.01648850 -0.00957415
v 0.01198138 0.01544641 -0.01578382
v 0.01198138 0.01502641 -0.01826854
v 0.01060276 0.02156122 0.02274875
v 0.01071162 0.01559657 -0.02109229
v 0.00674586 0.01761753 -0.02109229
v 0.01198138 0.01698753 -0.00591357
v 0.00566350 0.01862123 -0.01674938
v 0.00607913 0.01795511 -0.02109229
v 0.00622633 0.01788059 -0.02109229
v 0.00762535 0.02306169 0.02274875
v 0.00825003 0.02275008 0.02274875
v 0.00961194 0.02206363 0.02274875
v 0.01094912 0.01547350 -0.02109229
f 4720 4721 4722
f 4720 4722 4726
f 4720 4726 4732
f 4720 4732 4747
f 4720 4747 4772
f 4720 4772 4773
f 4720 4773 4769
f 4720 4769 4768
f 4720 4768 4777
f 4720 4777 4759
f 4720 4759 4758
f 4720 4758 4735
f 4720 4735 4727
f 4720 4727 4723
f 4720 4723 4729
f 4720 4729 4741
f 4720 4741 4766
f 4720 4766 4765
f 4720 4765 4739
f 4720 4739 4764
f 4720 4764 4763
f 4720 4763 4770
f 4720 4770 4743
f 4720 4743 4730
f 4720 4730 4724
f 4720 4724 4725
f 4720 4725 4721
f 4721 4725 4731
f 4721 4731 4745
f 4721 4745 4771
f 4721 4771 4748
f 4721 4748 4733
f 4721 4733 4726
f 4721 4726 4722
f 4723 4727 4728
f 4723 4728 4729
f 4724 4730 4742
f 4724 4742 4767
f 4724 4767 4776
f 4724 4776 4775
f 4724 4775 4774
f 4724 4774 4754
f 4724 4754 4746
f 4724 4746 4731
f 4724 4731 4725
f 4726 4733 4734
f 4726 4734 4732
f 4727 4735 4736
f 4727 4736 4737
f 4727 4737 4728
f 4728 4737 4738
f 4728 4738 4739
f 4728 4739 4740
f 4728 4740 4741
f 4728 4741 4729
f 4730 4743 4744
f 4730 4744 4742
f 4731 4746 4745
f 4732 4734 4747
f 4733 4748 4734
f 4734 4749 4750
f 4734 4750 4751
f 4734 4751 4747
f 4734 4748 4752
f 4734 4752 4753
f 4734 4753 4754
f 4734 4754 4755
f 4734 4755 4756
f 4734 4756 4757
f 4734 4757 4749
f 4735 4758 4737
f 4735 4737 4736
f 4737 4758 4759
f 4737 4759 4760
f 4737 4760 4761
f 4737 4761 4762
f 4737 4762 4763
f 4737 4763 4764
f 4737 4764 4738
f 4738 4764 4739
f 4739 4765 4740
f 4740 4766 4741
f 4740 4765 4766
f 4742 4744 4762
f 4742 4762 4768
f 4742 4768 4769
f 4742 4769 4767
f 4743 4770 4744
f 4744 4770 4763
f 4744 4763 4762
f 4745 4752 4771
f 4745 4746 4752
f 4746 4754 4753
f 4746 4753 4752
f 4747 4751 4772
f 4748 4771 4752
f 4749 4751 4750
f 4749 4757 4751
f 4751 4769 4773
f 4751 4773 4772
f 4751 4757 4756
f 4751 4756 4774
f 4751 4774 4775
f 4751 4775 4776
f 4751 4776 4767
f 4751 4767 4769
f 4754 4774 4756
f 4754 4756 4755
f 4759 4777 4760
f 4760 4777 4768
f 4760 4768 4762
f 4760 4762 4761

o part_37
v -0.02158708 0.01289881 0.02428443
v -0.02158708 0.01289881 0.02436526
v -0.02151777 0.01303049 0.02436652
v -0.02149494 0.01299322 0.02403315
v -0.02156425 0.01289881 0.02412201
v -0.02156017 0.01289881 0.02463362
v -0.02151777 0.01303049 0.02454977
v -0.02055073 0.01457999 0.02424979
v -0.02075458 0.01425038 0.02424979
v -0.02110682 0.01367563 0.02424979
v -0.02145580 0.01289881 0.02387876
v -0.02052219 0.01453610 0.02394930
v -0.02105953 0.01359861 0.02388705
v -0.02151614 0.01289881 0.02472976
v -0.02101550 0.01352656 0.02501368
v -0.02107339 0.01362180 0.02474984
v -0.02054502 0.01457088 0.02462081
v -0.02037624 0.01483010 0.02424979
v -0.02135388 0.01289881 0.02371409
v -0.02012673 0.01514894 0.02424979
v -0.02007129 0.01508434 0.02388228
v -0.02023762 0.01473486 0.02374923
v -0.02040478 0.01434893 0.02361593
v -0.02094537 0.01341145 0.02355393
v -0.02144847 0.01289881 0.02486934
v -0.02073827 0.01371621 0.02507945
v -0.02056459 0.01412450 0.02504355
v -0.02002073 0.01502554 0.02501619
v -0.02046838 0.01445825 0.02495418
v -0.02143297 0.01291372 0.02488314
v -0.02143787 0.01289881 0.02488992
v -0.02120711 0.01289881 0.02508899
v -0.02035178 0.01474314 0.02477244
v -0.02008841 0.01510505 0.02474984
v -0.01900232 0.01650382 0.02450760
v -0.02104241 0.01307769 0.02347611
v -0.02109785 0.01289881 0.02344925
v -0.01900232 0.01650382 0.02447948
v -0.01944915 0.01594150 0.02424979
v -0.01850168 0.01700238 0.02399575
v -0.01994246 0.01493279 0.02354891
v -0.01802550 0.01752992 0.02394855
v -0.01962446 0.01426446 0.02271046
v -0.02050752 0.01401601 0.02349494
v -0.01990169 0.01381394 0.02271046
v -0.02003215 0.01358371 0.02271046
v -0.02028084 0.01427523 0.02511861
v -0.02110682 0.01289881 0.02512664
v -0.02074968 0.01325078 0.02517685
v -0.02011695 0.01475059 0.02505987
v -0.01972475 0.01521520 0.02506966
v -0.01954129 0.01554977 0.02502899
v -0.01796597 0.01746284 0.02495519
v -0.01805077 0.01755974 0.02462182
v -0.01852696 0.01703219 0.02456634
v -0.01805730 0.01756719 0.02424979
v -0.02021235 0.01322345 0.02271046
v -0.02037135 0.01289881 0.02271046
v -0.02004927 0.01354975 0.02271046
v -0.01852125 0.01702557 0.02424979
v -0.01789422 0.01737671 0.02361518
v -0.01946709 0.01546199 0.02352531
v -0.01947606 0.01447399 0.02271046
v -0.01781758 0.01781730 0.02424979
v -0.01752975 0.01802600 0.02394855
v -0.01771158 0.01771212 0.02378187
v -0.01974921 0.01475059 0.02518187
v -0.02074968 0.01289881 0.02522329
v -0.02024986 0.01375017 0.02522580
v -0.01923552 0.01573032 0.02508673
v -0.01810214 0.01712909 0.02505133
v -0.01763330 0.01763262 0.02505811
v -0.01746289 0.01796637 0.02495519
v -0.01776294 0.01776264 0.02478850
v -0.01755992 0.01805084 0.02462182
v -0.01848863 0.01289881 0.02271046
v -0.01737809 0.01789432 0.02361518
v -0.01756073 0.01756057 0.02347134
v -0.01899091 0.01599036 0.02350598
v -0.01927303 0.01468434 0.02271046
v -0.01756725 0.01805747 0.02424979
v -0.01700301 0.01850136 0.02399575
v -0.01508442 0.02007157 0.02388228
v -0.01493276 0.01994238 0.02354891
v -0.01924938 0.01525081 0.02520170
v -0.01974921 0.01425038 0.02525316
v -0.02060047 0.01289881 0.02524889
v -0.01874711 0.01624378 0.02509978
v -0.01777925 0.01727733 0.02512062
v -0.01727861 0.01777920 0.02512062
v -0.01713021 0.01810219 0.02505133
v -0.01555000 0.01954071 0.02502899
v -0.01502571 0.02002105 0.02501619
v -0.01510481 0.02008896 0.02474984
v -0.01703236 0.01852704 0.02456634
v -0.01842666 0.01289881 0.02424979
v -0.01325797 0.01824629 0.02271046
v -0.01325797 0.01817755 0.02424879
v -0.01546194 0.01946701 0.02352531
v -0.01599031 0.01899081 0.02350598
v -0.01447370 0.01947612 0.02271046
v -0.01472891 0.01923015 0.02271046
v -0.01519450 0.01877052 0.02271046
v -0.01570085 0.01826948 0.02271046
v -0.01573509 0.01823552 0.02271046
v -0.01623655 0.01773697 0.02271046
v -0.01673801 0.01723758 0.02271046
v -0.01723784 0.01673820 0.02271046
v -0.01773685 0.01623715 0.02271046
v -0.01826930 0.01570133 0.02271046
v -0.01877075 0.01519449 0.02271046
v -0.01650400 0.01900241 0.02450760
v -0.01650400 0.01900241 0.02447948
v -0.01727616 0.01830757 0.02424979
v -0.01647464 0.01897756 0.02414611
v -0.01514884 0.02012623 0.02424979
v -0.01453567 0.02052209 0.02394930
v -0.01473462 0.02023803 0.02374923
v -0.01434895 0.02040449 0.02361593
v -0.01426496 0.01962436 0.02271046
v -0.01874956 0.01575019 0.02521802
v -0.02024986 0.01325078 0.02526270
v -0.01974921 0.01375017 0.02527425
v -0.01924938 0.01475059 0.02525919
v -0.01725007 0.01724917 0.02524965
v -0.01774990 0.01675062 0.02524212
v -0.01824973 0.01625040 0.02523107
v -0.02024986 0.01289881 0.02527124
v -0.01675024 0.01774939 0.02524212
v -0.01625041 0.01824960 0.02523107
v -0.01575059 0.01874981 0.02521802
v -0.01525076 0.01924920 0.02520170
v -0.01624389 0.01874733 0.02509978
v -0.01573020 0.01923512 0.02508673
v -0.01521570 0.01972457 0.02506966
v -0.01475011 0.02011712 0.02505987
v -0.01412472 0.02056433 0.02504355
v -0.01352704 0.02101485 0.02501368
v -0.01445821 0.02046826 0.02495418
v -0.01474278 0.02035149 0.02477244
v -0.01457073 0.02054528 0.02462081
v -0.01844379 0.01289881 0.02464667
v -0.01325797 0.01955562 0.02271046
v -0.01325797 0.01817921 0.02428092
v -0.01539916 0.01991256 0.02424979
v -0.01670295 0.01880365 0.02428770
v -0.01483002 0.02037634 0.02424979
v -0.01457970 0.02055025 0.02424979
v -0.01425029 0.02075481 0.02424979
v -0.01325797 0.02135854 0.02422243
v -0.01359880 0.02105957 0.02388705
v -0.01341126 0.02094529 0.02355393
v -0.01401546 0.02050801 0.02349494
v -0.01381406 0.01990180 0.02271046
v -0.01924938 0.01425038 0.02527475
v -0.01725007 0.01675062 0.02527475
v -0.01774990 0.01625040 0.02527224
v -0.01824973 0.01575019 0.02526872
v -0.01874956 0.01525081 0.02526421
v -0.02010064 0.01289881 0.02527475
v -0.01675024 0.01724917 0.02527475
v -0.01625041 0.01774939 0.02527224
v -0.01575059 0.01824960 0.02526872
v -0.01525076 0.01874981 0.02526421
v -0.01475011 0.01924920 0.02525919
v -0.01425029 0.01974941 0.02525316
v -0.01475011 0.01974941 0.02518187
v -0.01427475 0.02028027 0.02511861
v -0.01371621 0.02073824 0.02507945
v -0.01325797 0.02108111 0.02505209
v -0.01325797 0.02108442 0.02505058
v -0.01325797 0.02127987 0.02476591
v -0.01325797 0.02129477 0.02473177
v -0.01362163 0.02107365 0.02474984
v -0.01325797 0.02135274 0.02427163
v -0.01367544 0.02110678 0.02424979
v -0.01392576 0.02095357 0.02424979
v -0.01844623 0.01289881 0.02465998
v -0.01347975 0.01798210 0.02454274
v -0.01325797 0.01824298 0.02475436
v -0.01354987 0.02004921 0.02271046
v -0.01325797 0.02019497 0.02271122
v -0.01325797 0.02115564 0.02373693
v -0.01325797 0.02114487 0.02372087
v -0.01358331 0.02003182 0.02271046
v -0.01974921 0.01289881 0.02527274
v -0.01375046 0.01924920 0.02527475
v -0.01425029 0.01924920 0.02527475
v -0.01375046 0.01974941 0.02527425
v -0.01325797 0.02024217 0.02526270
v -0.01325797 0.02024963 0.02526220
v -0.01375046 0.02024963 0.02522580
v -0.01325797 0.02074239 0.02517760
v -0.01325797 0.02074901 0.02517534
v -0.01849434 0.01289881 0.02478449
v -0.01325797 0.01824712 0.02476465
v -0.01960081 0.01289881 0.02526772
v -0.01325797 0.01974279 0.02527475
v -0.01325797 0.01974941 0.02527475
v -0.01854734 0.01289881 0.02490649
v -0.01325797 0.01843263 0.02503326
v -0.01924938 0.01289881 0.02522655
v -0.01325797 0.01924257 0.02525768
v -0.01325797 0.01924920 0.02525818
v -0.01850820 0.01301227 0.02498857
v -0.01865334 0.01289881 0.02502748
v -0.01325797 0.01866203 0.02512438
v -0.01879929 0.01289881 0.02509426
v -0.01907245 0.01289881 0.02518488
v -0.01325797 0.01870923 0.02513668
f 4778 4779 4784
f 4778 4784 4780
f 4778 4780 4781
f 4778 4781 4782
f 4778 4782 4788
f 4778 4788 4796
f 4778 4796 4814
f 4778 4814 4835
f 4778 4835 4853
f 4778 4853 4873
f 4778 4873 4919
f 4778 4919 4955
f 4778 4955 4972
f 4778 4972 4977
f 4778 4977 4983
f 4778 4983 4985
f 4778 4985 4986
f 4778 4986 4979
f 4778 4979 4974
f 4778 4974 4963
f 4778 4963 4937
f 4778 4937 4905
f 4778 4905 4864
f 4778 4864 4845
f 4778 4845 4825
f 4778 4825 4809
f 4778 4809 4808
f 4778 4808 4802
f 4778 4802 4791
f 4778 4791 4783
f 4778 4783 4779
f 4779 4783 4784
f 4780 4784 4785
f 4780 4785 4786
f 4780 4786 4787
f 4780 4787 4781
f 4781 4788 4782
f 4781 4787 4786
f 4781 4786 4785
f 4781 4785 4789
f 4781 4789 4790
f 4781 4790 4788
f 4783 4791 4792
f 4783 4792 4784
f 4784 4792 4793
f 4784 4793 4794
f 4784 4794 4785
f 4785 4794 4795
f 4785 4795 4789
f 4788 4790 4796
f 4789 4795 4797
f 4789 4797 4798
f 4789 4798 4799
f 4789 4799 4800
f 4789 4800 4801
f 4789 4801 4790
f 4790 4801 4796
f 4791 4802 4792
f 4792 4803 4804
f 4792 4804 4805
f 4792 4805 4806
f 4792 4806 4793
f 4792 4802 4807
f 4792 4807 4808
f 4792 4808 4809
f 4792 4809 4803
f 4793 4806 4794
f 4794 4810 4811
f 4794 4811 4812
f 4794 4812 4797
f 4794 4797 4795
f 4794 4806 4810
f 4796 4813 4814
f 4796 4801 4813
f 4797 4812 4815
f 4797 4815 4816
f 4797 4816 4817
f 4797 4817 4798
f 4798 4818 4799
f 4798 4817 4819
f 4798 4819 4818
f 4799 4818 4800
f 4800 4820 4821
f 4800 4821 4801
f 4800 4818 4820
f 4801 4821 4820
f 4801 4820 4822
f 4801 4822 4823
f 4801 4823 4813
f 4802 4808 4807
f 4803 4824 4804
f 4803 4809 4825
f 4803 4825 4826
f 4803 4826 4824
f 4804 4824 4827
f 4804 4827 4805
f 4805 4811 4810
f 4805 4810 4806
f 4805 4827 4828
f 4805 4828 4829
f 4805 4829 4830
f 4805 4830 4811
f 4811 4830 4831
f 4811 4831 4832
f 4811 4832 4812
f 4812 4832 4833
f 4812 4833 4815
f 4813 4834 4835
f 4813 4835 4814
f 4813 4823 4836
f 4813 4836 4834
f 4815 4833 4837
f 4815 4837 4816
f 4816 4837 4817
f 4817 4837 4833
f 4817 4833 4819
f 4818 4819 4838
f 4818 4838 4839
f 4818 4839 4840
f 4818 4840 4820
f 4819 4833 4841
f 4819 4841 4842
f 4819 4842 4843
f 4819 4843 4838
f 4820 4840 4857
f 4820 4857 4888
f 4820 4888 4887
f 4820 4887 4886
f 4820 4886 4885
f 4820 4885 4884
f 4820 4884 4883
f 4820 4883 4882
f 4820 4882 4881
f 4820 4881 4880
f 4820 4880 4879
f 4820 4879 4878
f 4820 4878 4897
f 4820 4897 4931
f 4820 4931 4962
f 4820 4962 4958
f 4820 4958 4920
f 4820 4920 4874
f 4820 4874 4853
f 4820 4853 4835
f 4820 4835 4834
f 4820 4834 4836
f 4820 4836 4823
f 4820 4823 4822
f 4824 4826 4844
f 4824 4844 4827
f 4825 4845 4826
f 4826 4845 4846
f 4826 4846 4844
f 4827 4844 4828
f 4828 4844 4847
f 4828 4847 4829
f 4829 4847 4848
f 4829 4848 4830
f 4830 4848 4849
f 4830 4849 4850
f 4830 4850 4851
f 4830 4851 4831
f 4831 4851 4852
f 4831 4852 4841
f 4831 4841 4833
f 4831 4833 4832
f 4838 4843 4854
f 4838 4854 4855
f 4838 4855 4840
f 4838 4840 4856
f 4838 4856 4839
f 4839 4856 4840
f 4840 4855 4857
f 4841 4852 4858
f 4841 4858 4842
f 4842 4854 4843
f 4842 4858 4859
f 4842 4859 4860
f 4842 4860 4861
f 4842 4861 4854
f 4844 4862 4847
f 4844 4846 4863
f 4844 4863 4862
f 4845 4864 4846
f 4846 4864 4863
f 4847 4862 4865
f 4847 4865 4866
f 4847 4866 4848
f 4848 4866 4849
f 4849 4867 4868
f 4849 4868 4850
f 4849 4866 4867
f 4850 4852 4851
f 4850 4868 4869
f 4850 4869 4870
f 4850 4870 4871
f 4850 4871 4852
f 4852 4871 4872
f 4852 4872 4858
f 4853 4874 4875
f 4853 4875 4873
f 4854 4861 4876
f 4854 4876 4877
f 4854 4877 4878
f 4854 4878 4855
f 4855 4878 4879
f 4855 4879 4880
f 4855 4880 4881
f 4855 4881 4882
f 4855 4882 4883
f 4855 4883 4884
f 4855 4884 4885
f 4855 4885 4886
f 4855 4886 4887
f 4855 4887 4888
f 4855 4888 4857
f 4858 4872 4889
f 4858 4889 4890
f 4858 4890 4891
f 4858 4891 4859
f 4859 4891 4892
f 4859 4892 4893
f 4859 4893 4860
f 4860 4893 4894
f 4860 4894 4895
f 4860 4895 4861
f 4861 4895 4896
f 4861 4896 4897
f 4861 4897 4878
f 4861 4878 4876
f 4862 4898 4866
f 4862 4866 4865
f 4862 4863 4898
f 4863 4864 4899
f 4863 4899 4900
f 4863 4900 4901
f 4863 4901 4902
f 4863 4902 4903
f 4863 4903 4904
f 4863 4904 4898
f 4864 4905 4899
f 4866 4903 4902
f 4866 4902 4867
f 4866 4898 4904
f 4866 4904 4903
f 4867 4902 4906
f 4867 4906 4907
f 4867 4907 4908
f 4867 4908 4909
f 4867 4909 4910
f 4867 4910 4868
f 4868 4910 4911
f 4868 4911 4869
f 4869 4911 4912
f 4869 4912 4870
f 4870 4912 4913
f 4870 4913 4914
f 4870 4914 4915
f 4870 4915 4916
f 4870 4916 4917
f 4870 4917 4871
f 4871 4917 4918
f 4871 4918 4889
f 4871 4889 4872
f 4873 4875 4919
f 4874 4920 4959
f 4874 4959 4961
f 4874 4961 4960
f 4874 4960 4927
f 4874 4927 4952
f 4874 4952 4950
f 4874 4950 4949
f 4874 4949 4948
f 4874 4948 4947
f 4874 4947 4971
f 4874 4971 4970
f 4874 4970 4968
f 4874 4968 4967
f 4874 4967 4976
f 4874 4976 4975
f 4874 4975 4981
f 4874 4981 4980
f 4874 4980 4987
f 4874 4987 4984
f 4874 4984 4978
f 4874 4978 4973
f 4874 4973 4957
f 4874 4957 4921
f 4874 4921 4875
f 4875 4921 4919
f 4876 4878 4877
f 4889 4918 4893
f 4889 4893 4890
f 4890 4893 4922
f 4890 4922 4923
f 4890 4923 4891
f 4891 4923 4892
f 4892 4923 4922
f 4892 4922 4893
f 4893 4918 4924
f 4893 4924 4894
f 4894 4896 4895
f 4894 4924 4925
f 4894 4925 4926
f 4894 4926 4927
f 4894 4927 4928
f 4894 4928 4929
f 4894 4929 4896
f 4896 4929 4930
f 4896 4930 4897
f 4897 4930 4929
f 4897 4929 4931
f 4899 4905 4900
f 4900 4932 4933
f 4900 4933 4934
f 4900 4934 4935
f 4900 4935 4936
f 4900 4936 4901
f 4900 4905 4937
f 4900 4937 4932
f 4901 4936 4902
f 4902 4936 4935
f 4902 4935 4934
f 4902 4934 4933
f 4902 4933 4938
f 4902 4938 4939
f 4902 4939 4940
f 4902 4940 4941
f 4902 4941 4942
f 4902 4942 4943
f 4902 4943 4906
f 4906 4943 4907
f 4907 4943 4908
f 4908 4943 4909
f 4909 4943 4944
f 4909 4944 4910
f 4910 4944 4911
f 4911 4944 4912
f 4912 4944 4913
f 4913 4944 4945
f 4913 4945 4914
f 4914 4945 4946
f 4914 4946 4915
f 4915 4947 4948
f 4915 4948 4949
f 4915 4949 4950
f 4915 4950 4951
f 4915 4951 4916
f 4915 4946 4947
f 4916 4951 4918
f 4916 4918 4917
f 4918 4925 4924
f 4918 4951 4950
f 4918 4950 4952
f 4918 4952 4927
f 4918 4927 4953
f 4918 4953 4954
f 4918 4954 4926
f 4918 4926 4925
f 4919 4921 4956
f 4919 4956 4957
f 4919 4957 4955
f 4920 4958 4959
f 4921 4957 4956
f 4926 4954 4927
f 4927 4960 4928
f 4927 4954 4953
f 4928 4960 4929
f 4929 4960 4961
f 4929 4961 4959
f 4929 4959 4958
f 4929 4958 4962
f 4929 4962 4931
f 4932 4937 4964
f 4932 4964 4975
f 4932 4975 4976
f 4932 4976 4965
f 4932 4965 4938
f 4932 4938 4933
f 4937 4963 4964
f 4938 4965 4966
f 4938 4966 4939
f 4939 4966 4940
f 4940 4966 4941
f 4941 4966 4942
f 4942 4966 4943
f 4943 4966 4967
f 4943 4967 4968
f 4943 4968 4969
f 4943 4969 4944
f 4944 4969 4970
f 4944 4970 4945
f 4945 4970 4971
f 4945 4971 4946
f 4946 4971 4947
f 4955 4957 4972
f 4957 4973 4972
f 4963 4974 4975
f 4963 4975 4964
f 4965 4976 4966
f 4966 4976 4967
f 4968 4970 4969
f 4972 4973 4977
f 4973 4978 4977
f 4974 4979 4980
f 4974 4980 4981
f 4974 4981 4975
f 4977 4982 4983
f 4977 4978 4982
f 4978 4984 4985
f 4978 4985 4983
f 4978 4983 4982
f 4979 4986 4987
f 4979 4987 4980
f 4984 4987 4986
f 4984 4986 4985

o part_38
v 0.02011998 -0.01324363 0.02217740
v 0.01817548 -0.01324363 0.02217740
v 0.02008702 -0.01330836 0.02217740
v 0.01994909 -0.01324363 0.02090252
v 0.00764977 -0.02109028 0.02217740
v 0.01065503 -0.01324363 -0.02109229
v 0.00789513 -0.01489330 -0.02109229
v 0.01990148 -0.01367199 0.02217740
v 0.01998815 -0.01347780 0.02208422
v 0.01959388 -0.01377766 0.02028414
v 0.01979040 -0.01325029 0.01974623
v 0.01972327 -0.01325029 0.01924645
v 0.01933632 -0.01324363 0.01634514
v 0.00764977 -0.02296746 0.02217740
v 0.00764977 -0.01507893 -0.02108805
v 0.01328554 -0.01324363 -0.02109229
v 0.00765588 -0.01507417 -0.02109229
v 0.01987707 -0.01371864 0.02217740
v 0.01950233 -0.01400516 0.02047474
v 0.01898477 -0.01347304 0.01460436
v 0.01910317 -0.01328361 0.01476107
v 0.01941322 -0.01333121 0.01724730
v 0.01952064 -0.01354158 0.01884407
v 0.01918862 -0.01324363 0.01524815
v 0.00765954 -0.02296366 0.02217740
v 0.00764977 -0.02293795 0.02194868
v 0.00764977 -0.01508845 -0.02109229
v 0.01326478 -0.01326457 -0.02109229
v 0.01329164 -0.01324363 -0.02105840
v 0.01961707 -0.01416794 0.02217740
v 0.01955481 -0.01407941 0.02124983
v 0.01942665 -0.01441830 0.02217740
v 0.01899209 -0.01399184 0.01703976
v 0.01851238 -0.01351588 0.01140233
v 0.01848674 -0.01348256 0.01107197
v 0.01900796 -0.01351397 0.01493472
v 0.01861125 -0.01324363 0.01101267
v 0.01898599 -0.01324363 0.01374879
v 0.01902871 -0.01324363 0.01406222
v 0.01911782 -0.01324363 0.01472295
v 0.00779137 -0.02289702 0.02217740
v 0.00764977 -0.02292082 0.02181738
v 0.00764977 -0.01715601 -0.02109229
v 0.01318422 -0.01334548 -0.02109229
v 0.01334413 -0.01324363 -0.02074921
v 0.01329408 -0.01329408 -0.02074921
v 0.01276554 -0.01376528 -0.02109229
v 0.01917641 -0.01467817 0.02217740
v 0.01914101 -0.01464200 0.02174962
v 0.01905679 -0.01455728 0.02074581
v 0.01892984 -0.01443067 0.01924645
v 0.01851848 -0.01401944 0.01438835
v 0.01820965 -0.01371102 0.01074583
v 0.01803998 -0.01354158 0.00874669
v 0.01724290 -0.01324458 0.00228334
v 0.01740524 -0.01324363 0.00324903
v 0.01748825 -0.01324363 0.00374882
v 0.01753707 -0.01324363 0.00404530
v 0.01781538 -0.01324363 0.00574796
v 0.01789595 -0.01324363 0.00624775
v 0.01797407 -0.01324363 0.00674754
v 0.01850017 -0.01324363 0.01024605
v 0.01857341 -0.01324363 0.01074583
v 0.00857137 -0.02250102 0.02217740
v 0.00827963 -0.02259622 0.02177927
v 0.00770959 -0.02288370 0.02176656
v 0.00764977 -0.02244581 0.01827652
v 0.00775109 -0.02232397 0.01774709
v 0.00783531 -0.02241535 0.01874666
v 0.00804771 -0.01695420 -0.02109229
v 0.00764977 -0.01733687 -0.01974964
v 0.01359802 -0.01324363 -0.01924985
v 0.01375427 -0.01325410 -0.01826722
v 0.01151559 -0.01501515 -0.02109229
v 0.01686327 -0.01336452 0.00074586
v 0.01379211 -0.01779189 0.00874669
v 0.01914101 -0.01471434 0.02217740
v 0.01892740 -0.01492852 0.02217740
v 0.01880655 -0.01480763 0.02074581
v 0.01722215 -0.01622313 0.01974623
v 0.01713426 -0.01324363 0.00163955
v 0.01724290 -0.01324363 0.00228334
v 0.01248479 -0.02049153 0.02205881
v 0.01128610 -0.02111789 0.02217740
v 0.01033033 -0.02141298 0.02074581
v 0.00809898 -0.02254957 0.02074581
v 0.00764977 -0.02142536 0.01067807
v 0.00775109 -0.01782330 -0.01574711
v 0.00775109 -0.01728547 -0.01974964
v 0.01002761 -0.01594517 -0.02109229
v 0.01078564 -0.01560629 -0.02074074
v 0.01111399 -0.01805843 -0.00124905
v 0.01250310 -0.01700275 -0.00351504
v 0.01151803 -0.01551681 -0.01810204
v 0.01148751 -0.01549015 -0.01843240
v 0.01137277 -0.01513604 -0.02109229
v 0.01354187 -0.01804129 0.00874669
v 0.01597220 -0.01747300 0.01974623
v 0.01480647 -0.01880663 0.02074581
v 0.01452328 -0.01902367 0.02035614
v 0.01814130 -0.01571481 0.02217740
v 0.01730637 -0.01630785 0.02074581
v 0.01349061 -0.01999463 0.02217740
v 0.01305239 -0.02002604 0.02074581
v 0.01265446 -0.01807937 0.00474839
v 0.01071240 -0.01559582 -0.02109229
v 0.01095042 -0.01547302 -0.02109229
v 0.01097484 -0.01548635 -0.02090169
v 0.01300234 -0.01800131 0.00548960
v 0.01199530 -0.01649633 -0.00947436
v 0.01351624 -0.01851249 0.01140233
v 0.01150582 -0.01600419 -0.01502708
v 0.01101512 -0.01551015 -0.02056709
v 0.01126657 -0.01522552 -0.02109229
v 0.01605642 -0.01755772 0.02074581
v 0.01492732 -0.01892753 0.02217740
v 0.01459896 -0.01909887 0.02124983
v 0.01398985 -0.01899226 0.01703976
v 0.01642750 -0.01742826 0.02217740
v 0.01689135 -0.01689233 0.02174962
v 0.01375061 -0.01980424 0.02174962
v 0.01367248 -0.01990134 0.02217740
v 0.01375061 -0.01967002 0.02074581
v 0.01400328 -0.01950249 0.02047474
v 0.01377746 -0.01959387 0.02028414
v 0.01471370 -0.01914076 0.02217740
v 0.01467708 -0.01917693 0.02217740
v 0.01441708 -0.01942728 0.02217740
v 0.01371887 -0.01987754 0.02217740
v 0.01403013 -0.01952057 0.02074581
v 0.01416685 -0.01961672 0.02217740
v 0.01412657 -0.01958816 0.02174962
v 0.01411314 -0.01964813 0.02217740
f 4988 4989 4992
f 4988 4992 5001
f 4988 5001 5012
f 4988 5012 5028
f 4988 5028 5051
f 4988 5051 5071
f 4988 5071 5090
f 4988 5090 5109
f 4988 5109 5116
f 4988 5116 5120
f 4988 5120 5118
f 4988 5118 5115
f 4988 5115 5114
f 4988 5114 5113
f 4988 5113 5103
f 4988 5103 5106
f 4988 5106 5088
f 4988 5088 5065
f 4988 5065 5064
f 4988 5064 5035
f 4988 5035 5019
f 4988 5019 5017
f 4988 5017 5005
f 4988 5005 4995
f 4988 4995 4990
f 4988 4990 4991
f 4988 4991 5000
f 4988 5000 5011
f 4988 5011 5027
f 4988 5027 5026
f 4988 5026 5025
f 4988 5025 5024
f 4988 5024 5050
f 4988 5050 5049
f 4988 5049 5048
f 4988 5048 5047
f 4988 5047 5046
f 4988 5046 5045
f 4988 5045 5044
f 4988 5044 5043
f 4988 5043 5069
f 4988 5069 5068
f 4988 5068 5059
f 4988 5059 5032
f 4988 5032 5016
f 4988 5016 5003
f 4988 5003 4993
f 4988 4993 4989
f 4989 4993 4994
f 4989 4994 4992
f 4990 4995 4996
f 4990 4996 4991
f 4991 4996 4997
f 4991 4997 4998
f 4991 4998 4999
f 4991 4999 5000
f 4992 4994 5002
f 4992 5002 5014
f 4992 5014 5030
f 4992 5030 5058
f 4992 5058 5074
f 4992 5074 5054
f 4992 5054 5029
f 4992 5029 5013
f 4992 5013 5001
f 4993 5003 5015
f 4993 5015 5031
f 4993 5031 5034
f 4993 5034 5061
f 4993 5061 5083
f 4993 5083 5101
f 4993 5101 5094
f 4993 5094 5093
f 4993 5093 5077
f 4993 5077 5057
f 4993 5057 5030
f 4993 5030 5014
f 4993 5014 5004
f 4993 5004 4994
f 4994 5004 5002
f 4995 5005 5006
f 4995 5006 4997
f 4995 4997 4996
f 4997 5006 5007
f 4997 5007 5008
f 4997 5008 5009
f 4997 5009 5010
f 4997 5010 4999
f 4997 4999 4998
f 4999 5010 5009
f 4999 5009 5008
f 4999 5008 5000
f 5000 5008 5011
f 5001 5013 5012
f 5002 5004 5014
f 5003 5016 5015
f 5005 5017 5018
f 5005 5018 5006
f 5006 5018 5019
f 5006 5019 5020
f 5006 5020 5021
f 5006 5021 5022
f 5006 5022 5023
f 5006 5023 5007
f 5007 5023 5022
f 5007 5022 5024
f 5007 5024 5025
f 5007 5025 5026
f 5007 5026 5008
f 5008 5027 5011
f 5008 5026 5027
f 5012 5013 5029
f 5012 5029 5028
f 5015 5016 5031
f 5016 5032 5033
f 5016 5033 5034
f 5016 5034 5031
f 5017 5019 5018
f 5019 5035 5036
f 5019 5036 5020
f 5020 5036 5037
f 5020 5037 5038
f 5020 5038 5039
f 5020 5039 5040
f 5020 5040 5021
f 5021 5040 5041
f 5021 5041 5042
f 5021 5042 5043
f 5021 5043 5044
f 5021 5044 5045
f 5021 5045 5022
f 5022 5045 5046
f 5022 5046 5047
f 5022 5047 5048
f 5022 5048 5049
f 5022 5049 5050
f 5022 5050 5024
f 5028 5029 5052
f 5028 5052 5051
f 5029 5053 5052
f 5029 5054 5055
f 5029 5055 5056
f 5029 5056 5053
f 5030 5057 5058
f 5032 5059 5060
f 5032 5060 5033
f 5033 5060 5034
f 5034 5060 5062
f 5034 5062 5039
f 5034 5039 5063
f 5034 5063 5061
f 5035 5064 5036
f 5036 5064 5037
f 5037 5064 5065
f 5037 5065 5066
f 5037 5066 5038
f 5038 5066 5067
f 5038 5067 5063
f 5038 5063 5039
f 5039 5062 5040
f 5040 5062 5042
f 5040 5042 5041
f 5042 5062 5060
f 5042 5060 5059
f 5042 5059 5068
f 5042 5068 5069
f 5042 5069 5043
f 5051 5070 5071
f 5051 5052 5072
f 5051 5072 5070
f 5052 5053 5073
f 5052 5073 5072
f 5053 5056 5073
f 5054 5074 5055
f 5055 5072 5056
f 5055 5074 5058
f 5055 5058 5075
f 5055 5075 5057
f 5055 5057 5072
f 5056 5072 5073
f 5057 5075 5076
f 5057 5076 5058
f 5057 5077 5078
f 5057 5078 5079
f 5057 5079 5072
f 5058 5076 5075
f 5061 5080 5081
f 5061 5081 5082
f 5061 5082 5083
f 5061 5063 5084
f 5061 5084 5080
f 5063 5067 5085
f 5063 5085 5086
f 5063 5086 5087
f 5063 5087 5084
f 5065 5088 5066
f 5066 5088 5089
f 5066 5089 5067
f 5067 5089 5102
f 5067 5102 5085
f 5070 5090 5071
f 5070 5072 5091
f 5070 5091 5090
f 5072 5079 5092
f 5072 5092 5091
f 5077 5093 5078
f 5078 5092 5079
f 5078 5093 5094
f 5078 5094 5095
f 5078 5095 5096
f 5078 5096 5092
f 5080 5097 5081
f 5080 5084 5098
f 5080 5098 5097
f 5081 5097 5082
f 5082 5097 5099
f 5082 5099 5100
f 5082 5100 5101
f 5082 5101 5083
f 5084 5087 5098
f 5085 5102 5086
f 5086 5102 5103
f 5086 5103 5087
f 5087 5103 5104
f 5087 5104 5105
f 5087 5105 5098
f 5088 5106 5107
f 5088 5107 5102
f 5088 5102 5089
f 5090 5108 5109
f 5090 5091 5110
f 5090 5110 5108
f 5091 5092 5110
f 5092 5096 5110
f 5094 5101 5095
f 5095 5101 5100
f 5095 5100 5099
f 5095 5099 5096
f 5096 5098 5111
f 5096 5111 5112
f 5096 5112 5110
f 5096 5099 5097
f 5096 5097 5098
f 5098 5105 5111
f 5102 5107 5106
f 5102 5106 5103
f 5103 5113 5104
f 5104 5113 5114
f 5104 5114 5105
f 5105 5114 5115
f 5105 5115 5111
f 5108 5116 5109
f 5108 5110 5111
f 5108 5111 5116
f 5110 5112 5111
f 5111 5115 5117
f 5111 5117 5116
f 5115 5118 5119
f 5115 5119 5117
f 5116 5119 5120
f 5116 5117 5119
f 5118 5120 5119

o part_39
v 0.02323141 -0.00678361 0.02269969
v 0.02152245 -0.00678361 0.02269969
v 0.02316615 -0.00719969 0.02269969
v 0.02201864 -0.00678361 0.01273333
v 0.01825352 -0.01324300 0.02269969
v 0.02144981 -0.00678361 0.02218530
v 0.01065432 -0.01324300 -0.02109229
v 0.02315753 -0.00725028 0.02269969
v 0.02198416 -0.00690755 0.01261759
v 0.02153476 -0.00678361 0.00877251
v 0.02020010 -0.01324300 0.02269969
v 0.01549677 -0.00678361 -0.02109229
v 0.01328547 -0.01324300 -0.02109229
v 0.02305780 -0.00761831 0.02269969
v 0.02300609 -0.00751460 0.02194525
v 0.02148674 -0.00693158 0.00859247
v 0.02147074 -0.00678361 0.00827097
v 0.02055839 -0.01255311 0.02269969
v 0.01909815 -0.01324300 0.01457228
v 0.01799988 -0.01300081 0.00548896
v 0.01600528 -0.01150532 -0.01503103
v 0.01759603 -0.00678361 -0.02109229
v 0.01334580 -0.01318356 -0.02109229
v 0.01329163 -0.01324300 -0.02105799
v 0.02304549 -0.00764360 0.02269969
v 0.02150768 -0.00701948 0.00892682
v 0.02050545 -0.00678361 0.00075226
v 0.02095485 -0.00678361 0.00424585
v 0.01999079 -0.00678361 -0.00324714
v 0.02106320 -0.01156349 0.02269969
v 0.01560635 -0.01078445 -0.02074079
v 0.01559650 -0.01071109 -0.02109229
v 0.01905382 -0.01324300 0.01424650
v 0.01898610 -0.01324300 0.01374926
v 0.01861057 -0.01324300 0.01101011
v 0.01857364 -0.01324300 0.01074863
v 0.01850099 -0.01324300 0.01024710
v 0.01804913 -0.01324300 0.00724647
v 0.01797403 -0.01324300 0.00674923
v 0.01789646 -0.01324300 0.00624769
v 0.01750738 -0.01300777 0.00244976
v 0.01700135 -0.01250252 -0.00351291
v 0.01649654 -0.01199412 -0.00947558
v 0.01548939 -0.01148635 -0.01843459
v 0.01551032 -0.01101399 -0.02056932
v 0.01548692 -0.01097415 -0.02089939
v 0.01753324 -0.00690818 -0.02109229
v 0.01766006 -0.00678361 -0.02062076
v 0.01762805 -0.00680005 -0.02079651
v 0.01359821 -0.01324300 -0.01924905
v 0.01384569 -0.01268401 -0.02109229
v 0.01522590 -0.01322466 -0.00974992
v 0.02276600 -0.00820575 0.02269969
v 0.02101887 -0.00703971 0.00534751
v 0.01990337 -0.00678361 -0.00391585
v 0.01992554 -0.00678361 -0.00374867
v 0.01993785 -0.00678361 -0.00365437
v 0.02154708 -0.01061435 0.02269969
v 0.01601513 -0.00989031 -0.02109229
v 0.01547338 -0.01094949 -0.02109229
v 0.01781520 -0.01324300 0.00574616
v 0.01757018 -0.01324300 0.00424585
v 0.01753694 -0.01324300 0.00404438
v 0.01740519 -0.01324300 0.00324707
v 0.01733747 -0.01324300 0.00284413
v 0.01715279 -0.01324300 0.00174676
v 0.01669477 -0.01319431 -0.00124958
v 0.01664921 -0.01264796 -0.00474745
v 0.01501536 -0.01151417 -0.02109229
v 0.01599543 -0.01199349 -0.01246763
v 0.01551648 -0.01151733 -0.01810024
v 0.01546353 -0.01145410 -0.01874751
v 0.01513602 -0.01137189 -0.02109229
v 0.01522467 -0.01126566 -0.02109229
v 0.01676002 -0.00842834 -0.02109229
v 0.01771546 -0.00678361 -0.02020925
v 0.01438374 -0.01324300 -0.01461094
v 0.01451548 -0.01201435 -0.02109229
v 0.01647684 -0.01324300 -0.00224836
v 0.02207405 -0.00957604 0.02269969
v 0.01933700 -0.00678361 -0.00814245
f 5121 5122 5125
f 5121 5125 5131
f 5121 5131 5138
f 5121 5138 5150
f 5121 5150 5178
f 5121 5178 5200
f 5121 5200 5173
f 5121 5173 5145
f 5121 5145 5134
f 5121 5134 5128
f 5121 5128 5123
f 5121 5123 5124
f 5121 5124 5130
f 5121 5130 5137
f 5121 5137 5148
f 5121 5148 5147
f 5121 5147 5149
f 5121 5149 5177
f 5121 5177 5176
f 5121 5176 5175
f 5121 5175 5201
f 5121 5201 5196
f 5121 5196 5168
f 5121 5168 5142
f 5121 5142 5132
f 5121 5132 5126
f 5121 5126 5122
f 5122 5126 5127
f 5122 5127 5125
f 5123 5128 5129
f 5123 5129 5124
f 5124 5129 5130
f 5125 5127 5133
f 5125 5133 5144
f 5125 5144 5170
f 5125 5170 5197
f 5125 5197 5199
f 5125 5199 5186
f 5125 5186 5185
f 5125 5185 5184
f 5125 5184 5183
f 5125 5183 5182
f 5125 5182 5181
f 5125 5181 5160
f 5125 5160 5159
f 5125 5159 5158
f 5125 5158 5157
f 5125 5157 5156
f 5125 5156 5155
f 5125 5155 5154
f 5125 5154 5153
f 5125 5153 5139
f 5125 5139 5131
f 5126 5132 5127
f 5127 5132 5142
f 5127 5142 5167
f 5127 5167 5195
f 5127 5195 5179
f 5127 5179 5152
f 5127 5152 5180
f 5127 5180 5194
f 5127 5194 5193
f 5127 5193 5189
f 5127 5189 5198
f 5127 5198 5171
f 5127 5171 5143
f 5127 5143 5133
f 5128 5134 5135
f 5128 5135 5136
f 5128 5136 5129
f 5129 5136 5130
f 5130 5136 5137
f 5131 5139 5140
f 5131 5140 5141
f 5131 5141 5138
f 5133 5143 5144
f 5134 5145 5146
f 5134 5146 5135
f 5135 5146 5136
f 5136 5147 5148
f 5136 5148 5137
f 5136 5146 5149
f 5136 5149 5147
f 5138 5141 5151
f 5138 5151 5152
f 5138 5152 5150
f 5139 5153 5140
f 5140 5153 5154
f 5140 5154 5155
f 5140 5155 5156
f 5140 5156 5157
f 5140 5157 5158
f 5140 5158 5159
f 5140 5159 5160
f 5140 5160 5161
f 5140 5161 5162
f 5140 5162 5163
f 5140 5163 5141
f 5141 5163 5164
f 5141 5164 5165
f 5141 5165 5166
f 5141 5166 5151
f 5142 5168 5169
f 5142 5169 5167
f 5143 5170 5144
f 5143 5171 5172
f 5143 5172 5170
f 5145 5173 5174
f 5145 5174 5146
f 5146 5174 5175
f 5146 5175 5176
f 5146 5176 5177
f 5146 5177 5149
f 5150 5152 5179
f 5150 5179 5178
f 5151 5166 5152
f 5152 5166 5180
f 5160 5181 5161
f 5161 5181 5182
f 5161 5182 5183
f 5161 5183 5184
f 5161 5184 5185
f 5161 5185 5186
f 5161 5186 5187
f 5161 5187 5172
f 5161 5172 5188
f 5161 5188 5189
f 5161 5189 5190
f 5161 5190 5191
f 5161 5191 5162
f 5162 5191 5163
f 5163 5191 5164
f 5164 5192 5165
f 5164 5191 5189
f 5164 5189 5193
f 5164 5193 5192
f 5165 5192 5194
f 5165 5194 5166
f 5166 5194 5180
f 5167 5169 5178
f 5167 5178 5195
f 5168 5196 5169
f 5169 5196 5178
f 5170 5172 5197
f 5171 5198 5172
f 5172 5187 5199
f 5172 5199 5197
f 5172 5198 5188
f 5173 5200 5196
f 5173 5196 5201
f 5173 5201 5174
f 5174 5201 5175
f 5178 5179 5195
f 5178 5196 5200
f 5186 5199 5187
f 5188 5198 5189
f 5189 5191 5190
f 5192 5193 5194

o part_40
v 0.02426326 -0.00000405 0.02269969
v 0.02256823 -0.00000405 0.02269969
v 0.02426326 -0.00025025 0.02269969
v 0.02401008 -0.00000405 0.02041064
v 0.02144994 -0.00678361 0.02218530
v 0.02152289 -0.00678361 0.02269969
v 0.01707805 -0.00000405 -0.02109229
v 0.01549717 -0.00678361 -0.02109229
v 0.02413453 -0.00119989 0.02269969
v 0.02299907 -0.00000405 0.01199175
v 0.02401008 -0.00006908 0.02041064
v 0.02323251 -0.00678361 0.02269969
v 0.01897563 -0.00000405 -0.02109229
v 0.01759729 -0.00678361 -0.02109229
v 0.02406158 -0.00171818 0.02269969
v 0.01900138 -0.00000405 -0.02098941
v 0.02358096 -0.00478279 0.02269969
v 0.02196918 -0.00678361 0.01233039
v 0.02048614 -0.00641397 -0.00038797
v 0.01899966 -0.00000405 -0.02100227
v 0.01897563 -0.00009231 -0.02109229
v 0.01761703 -0.00674512 -0.02109229
v 0.01762561 -0.00678361 -0.02088224
v 0.02358353 -0.00476686 0.02269969
v 0.01887435 -0.00075062 -0.02109229
v 0.01897820 -0.00035179 -0.02074936
v 0.01849158 -0.00594944 -0.01743152
v 0.01860830 -0.00574969 -0.01674995
v 0.01820321 -0.00524998 -0.02074936
v 0.02152976 -0.00678361 0.00873393
v 0.02153748 -0.00675839 0.00875536
v 0.01998836 -0.00644052 -0.00441739
v 0.01896275 -0.00017659 -0.02109229
v 0.01780499 -0.00637681 -0.02109229
v 0.01766080 -0.00678361 -0.02062076
v 0.01824097 -0.00474961 -0.02109229
v 0.01884947 -0.00090790 -0.02109229
v 0.02000981 -0.00652281 -0.00408303
v 0.01851303 -0.00602708 -0.01709717
v 0.01800324 -0.00600518 -0.02101941
v 0.01799809 -0.00598926 -0.02109229
v 0.01801783 -0.00591360 -0.02109229
v 0.01805817 -0.00575566 -0.02109229
v 0.01812940 -0.00540726 -0.02109229
v 0.01816116 -0.00524998 -0.02109229
v 0.02147140 -0.00678361 0.00827097
v 0.01878596 -0.00678361 -0.01224902
v 0.01788137 -0.00622617 -0.02109229
v 0.01950087 -0.00650024 -0.00800099
v 0.01933781 -0.00678361 -0.00814245
v 0.02003127 -0.00656793 -0.00374867
v 0.01992570 -0.00678361 -0.00374867
v 0.01795604 -0.00607884 -0.02109229
v 0.02095474 -0.00678361 0.00424585
v 0.01985876 -0.00678361 -0.00425021
v 0.01999093 -0.00678361 -0.00324714
v 0.02050588 -0.00678361 0.00075226
f 5202 5203 5207
f 5202 5207 5213
f 5202 5213 5218
f 5202 5218 5225
f 5202 5225 5216
f 5202 5216 5210
f 5202 5210 5204
f 5202 5204 5212
f 5202 5212 5205
f 5202 5205 5211
f 5202 5211 5217
f 5202 5217 5221
f 5202 5221 5214
f 5202 5214 5208
f 5202 5208 5203
f 5203 5206 5207
f 5203 5208 5209
f 5203 5209 5206
f 5204 5210 5211
f 5204 5211 5212
f 5205 5212 5211
f 5206 5209 5215
f 5206 5215 5224
f 5206 5224 5236
f 5206 5236 5248
f 5206 5248 5251
f 5206 5251 5256
f 5206 5256 5253
f 5206 5253 5257
f 5206 5257 5258
f 5206 5258 5255
f 5206 5255 5247
f 5206 5247 5231
f 5206 5231 5219
f 5206 5219 5213
f 5206 5213 5207
f 5208 5214 5222
f 5208 5222 5234
f 5208 5234 5226
f 5208 5226 5238
f 5208 5238 5237
f 5208 5237 5246
f 5208 5246 5245
f 5208 5245 5244
f 5208 5244 5243
f 5208 5243 5242
f 5208 5242 5254
f 5208 5254 5249
f 5208 5249 5235
f 5208 5235 5223
f 5208 5223 5215
f 5208 5215 5209
f 5210 5216 5217
f 5210 5217 5211
f 5213 5219 5220
f 5213 5220 5218
f 5214 5221 5222
f 5215 5223 5224
f 5216 5225 5226
f 5216 5226 5227
f 5216 5227 5222
f 5216 5222 5217
f 5217 5222 5221
f 5218 5220 5228
f 5218 5228 5229
f 5218 5229 5230
f 5218 5230 5225
f 5219 5231 5232
f 5219 5232 5220
f 5220 5233 5228
f 5220 5232 5233
f 5222 5227 5234
f 5223 5235 5236
f 5223 5236 5224
f 5225 5230 5237
f 5225 5237 5238
f 5225 5238 5226
f 5226 5234 5227
f 5228 5233 5239
f 5228 5239 5240
f 5228 5240 5241
f 5228 5241 5242
f 5228 5242 5243
f 5228 5243 5244
f 5228 5244 5245
f 5228 5245 5246
f 5228 5246 5230
f 5228 5230 5229
f 5230 5246 5237
f 5231 5247 5239
f 5231 5239 5233
f 5231 5233 5232
f 5235 5248 5236
f 5235 5249 5241
f 5235 5241 5250
f 5235 5250 5251
f 5235 5251 5248
f 5239 5252 5253
f 5239 5253 5250
f 5239 5250 5241
f 5239 5241 5240
f 5239 5247 5252
f 5241 5249 5254
f 5241 5254 5242
f 5247 5255 5252
f 5250 5253 5256
f 5250 5256 5251
f 5252 5257 5253
f 5252 5255 5258
f 5252 5258 5257

o part_41
v -0.01407320 -0.00991700 -0.02041897
v -0.01431378 -0.00991700 -0.01859405
v -0.01609161 -0.00991700 -0.02041897
v -0.01670064 -0.00355841 -0.02041897
v -0.01682188 -0.00355841 -0.01943892
v -0.01713160 -0.00355841 -0.01693810
v -0.01902309 -0.00355841 -0.00166704
v -0.01936123 -0.00355841 0.00106190
v -0.02192426 -0.00355841 0.02174014
v -0.02202940 -0.00355841 0.02258501
v -0.02204834 -0.00355841 0.02273709
v -0.01988975 -0.00991700 0.02184575
v -0.01791680 -0.00633562 -0.02041897
v -0.02189869 -0.00991700 0.02273709
v -0.02206255 -0.00961015 0.02273709
v -0.01851067 -0.00355841 -0.02041897
v -0.02374851 -0.00355841 0.02273709
v -0.02001288 -0.00991700 0.02273709
v -0.02000341 -0.00991700 0.02266950
v -0.01795942 -0.00625098 -0.02041897
v -0.02224441 -0.00924977 0.02273709
v -0.02256360 -0.00861678 0.02273709
v -0.01851067 -0.00356276 -0.02041897
v -0.01853151 -0.00355841 -0.02025000
v -0.02374851 -0.00356339 0.02273709
v -0.01854288 -0.00355841 -0.02015706
v -0.01804277 -0.00608541 -0.02041897
v -0.02274830 -0.00824955 0.02273709
v -0.01840175 -0.00425053 -0.02041897
v -0.02359885 -0.00477959 0.02273709
v -0.01851257 -0.00602753 -0.01709862
v -0.01849173 -0.00595035 -0.01743235
v -0.01811665 -0.00584890 -0.02041897
v -0.02306086 -0.00762340 0.02273709
v -0.02150846 -0.00701904 0.00892766
v -0.01829567 -0.00491901 -0.02041897
v -0.02316316 -0.00724995 0.02273709
v -0.01826346 -0.00525013 -0.02025000
v -0.01824263 -0.00525013 -0.02041897
v -0.01820948 -0.00541943 -0.02041897
v -0.01814412 -0.00575055 -0.02041897
v -0.02300593 -0.00751448 0.02194291
v -0.02316126 -0.00725742 0.02273709
f 5259 5260 5270
f 5259 5270 5277
f 5259 5277 5276
f 5259 5276 5272
f 5259 5272 5261
f 5259 5261 5271
f 5259 5271 5278
f 5259 5278 5285
f 5259 5285 5291
f 5259 5291 5299
f 5259 5299 5298
f 5259 5298 5297
f 5259 5297 5294
f 5259 5294 5287
f 5259 5287 5281
f 5259 5281 5274
f 5259 5274 5262
f 5259 5262 5263
f 5259 5263 5264
f 5259 5264 5265
f 5259 5265 5266
f 5259 5266 5267
f 5259 5267 5268
f 5259 5268 5269
f 5259 5269 5260
f 5260 5269 5270
f 5261 5272 5273
f 5261 5273 5271
f 5262 5274 5282
f 5262 5282 5284
f 5262 5284 5275
f 5262 5275 5269
f 5262 5269 5268
f 5262 5268 5267
f 5262 5267 5266
f 5262 5266 5265
f 5262 5265 5264
f 5262 5264 5263
f 5269 5275 5283
f 5269 5283 5288
f 5269 5288 5295
f 5269 5295 5301
f 5269 5301 5292
f 5269 5292 5286
f 5269 5286 5280
f 5269 5280 5279
f 5269 5279 5273
f 5269 5273 5272
f 5269 5272 5276
f 5269 5276 5277
f 5269 5277 5270
f 5271 5273 5279
f 5271 5279 5280
f 5271 5280 5278
f 5274 5281 5282
f 5275 5284 5283
f 5278 5280 5285
f 5280 5286 5285
f 5281 5284 5282
f 5281 5287 5288
f 5281 5288 5283
f 5281 5283 5284
f 5285 5289 5290
f 5285 5290 5291
f 5285 5286 5292
f 5285 5292 5293
f 5285 5293 5289
f 5287 5294 5288
f 5288 5294 5296
f 5288 5296 5290
f 5288 5290 5295
f 5289 5293 5290
f 5290 5296 5297
f 5290 5297 5298
f 5290 5298 5299
f 5290 5299 5291
f 5290 5293 5300
f 5290 5300 5295
f 5292 5301 5300
f 5292 5300 5293
f 5294 5297 5296
f 5295 5300 5301

o part_42
v 0.00566288 0.01607614 -0.02108800
v 0.00123871 0.01684377 -0.02109229
v 0.00566178 0.01607695 -0.02109229
v 0.00566288 0.01607935 -0.02109229
v 0.00566288 0.02171660 0.02274875
v 0.00000401 0.02257406 0.02274875
v 0.00000401 0.01707798 -0.02109229
v 0.00566288 0.01807742 -0.02109229
v 0.00566288 0.02342831 0.02274875
v 0.00000401 0.02427053 0.02274875
v 0.00000401 0.01897578 -0.02109229
v 0.00524966 0.01816164 -0.02109229
v 0.00566288 0.01851537 -0.01762483
v 0.00477827 0.02360558 0.02274875
v 0.00566288 0.01874397 -0.01574948
v 0.00000401 0.02400985 0.02041423
v 0.00024885 0.02427053 0.02274875
v 0.00000401 0.01900065 -0.02099788
v 0.00009153 0.01897578 -0.02109229
v 0.00566288 0.01852660 -0.01753471
v 0.00459215 0.01826591 -0.02109229
v 0.00174998 0.02407161 0.02274875
v 0.00125034 0.01879531 -0.02109229
v 0.00062441 0.01889397 -0.02109229
v 0.00046765 0.01899584 -0.02045716
v 0.00035132 0.01897819 -0.02074898
v 0.00000401 0.02299998 0.01199877
v 0.00006937 0.02400985 0.02041423
f 5302 5303 5304
f 5302 5304 5305
f 5302 5305 5309
f 5302 5309 5314
f 5302 5314 5321
f 5302 5321 5316
f 5302 5316 5310
f 5302 5310 5306
f 5302 5306 5307
f 5302 5307 5303
f 5303 5308 5312
f 5303 5312 5320
f 5303 5320 5325
f 5303 5325 5324
f 5303 5324 5322
f 5303 5322 5313
f 5303 5313 5309
f 5303 5309 5305
f 5303 5305 5304
f 5303 5307 5308
f 5306 5310 5315
f 5306 5315 5323
f 5306 5323 5318
f 5306 5318 5311
f 5306 5311 5307
f 5307 5311 5317
f 5307 5317 5328
f 5307 5328 5319
f 5307 5319 5312
f 5307 5312 5308
f 5309 5313 5314
f 5310 5316 5315
f 5311 5318 5329
f 5311 5329 5317
f 5312 5319 5320
f 5313 5321 5314
f 5313 5322 5315
f 5313 5315 5321
f 5315 5316 5321
f 5315 5322 5324
f 5315 5324 5325
f 5315 5325 5326
f 5315 5326 5327
f 5315 5327 5323
f 5317 5329 5328
f 5318 5323 5319
f 5318 5319 5328
f 5318 5328 5329
f 5319 5327 5320
f 5319 5323 5327
f 5320 5327 5325
f 5325 5327 5326

o part_43
v -0.01322780 -0.02021362 0.02273709
v -0.01322780 -0.01827040 0.02273709
v -0.01357071 -0.02004328 0.02273709
v -0.01322780 -0.01907067 0.01430949
v -0.01322780 -0.01826738 0.02272019
v -0.02001209 -0.00991801 0.02273709
v -0.01381940 -0.01990218 0.02273709
v -0.01400443 -0.01950205 0.02047706
v -0.01347310 -0.01898500 0.01460097
v -0.01322780 -0.01896585 0.01354066
v -0.01322780 -0.01090171 -0.02033448
v -0.02189807 -0.00991801 0.02273709
v -0.01322780 -0.01088760 -0.02041897
v -0.01431339 -0.00991801 -0.01859405
v -0.01383128 -0.01989512 0.02273709
v -0.01403075 -0.01952120 0.02074742
v -0.01446617 -0.01946979 0.02264416
v -0.01351639 -0.01851230 0.01140313
v -0.01348244 -0.01848710 0.01106941
v -0.01322780 -0.01860905 0.01093000
v -0.01609158 -0.00991801 -0.02041897
v -0.02173680 -0.01025162 0.02273709
v -0.01322780 -0.01341539 -0.02041897
v -0.01407404 -0.00991801 -0.02041897
v -0.01407743 -0.00991801 -0.02038940
v -0.01427010 -0.01962400 0.02273709
v -0.01417504 -0.01962198 0.02224706
v -0.01407913 -0.01955446 0.02124589
v -0.01434819 -0.01956756 0.02273709
v -0.01461980 -0.01933877 0.02273709
v -0.01473099 -0.01923193 0.02273709
v -0.01322780 -0.01726150 0.00229541
v -0.01322780 -0.01739354 0.00308114
v -0.01322780 -0.01753464 0.00393446
v -0.01322780 -0.01801843 0.00694221
v -0.01322780 -0.01853548 0.01040618
v -0.01322780 -0.01858890 0.01078638
v -0.01322780 -0.01760519 0.00436535
v -0.01322780 -0.01788740 0.00609311
v -0.01322780 -0.01795393 0.00651555
v -0.01580469 -0.01048041 -0.02041897
v -0.02105608 -0.01159111 0.02273709
v -0.02156026 -0.01060136 0.02273709
v -0.01323714 -0.01340632 -0.02041897
v -0.01322780 -0.01428218 -0.01530327
v -0.01523516 -0.01873605 0.02273709
v -0.01322780 -0.01716878 0.00174625
v -0.01559505 -0.01089062 -0.02041897
v -0.02055106 -0.01258086 0.02273709
v -0.01325412 -0.01375404 -0.01826877
v -0.01624012 -0.01773925 0.02273709
v -0.01674090 -0.01724034 0.02273709
v -0.01332202 -0.01332166 -0.02041897
v -0.01573764 -0.01823815 0.02273709
v -0.01552035 -0.01103072 -0.02041897
v -0.01600501 -0.01150645 -0.01502869
v -0.02004264 -0.01357061 0.02273709
v -0.01724083 -0.01674043 0.02273709
v -0.01507220 -0.01157196 -0.02041897
v -0.01542784 -0.01114865 -0.02041897
v -0.01548980 -0.01148730 -0.01843352
v -0.01649645 -0.01199427 -0.00947788
v -0.01800048 -0.01300216 0.00548903
v -0.01950282 -0.01400501 0.02047706
v -0.01990259 -0.01381956 0.02273709
v -0.01773991 -0.01623950 0.02273709
v -0.01523771 -0.01138147 -0.02041897
v -0.01823814 -0.01573657 0.02273709
v -0.01873552 -0.01523363 0.02273709
v -0.01923206 -0.01473069 0.02273709
v -0.01533277 -0.01126758 -0.02041897
v -0.01533617 -0.01129882 -0.02025000
v -0.01546349 -0.01145504 -0.01874612
v -0.01700232 -0.01250325 -0.00351308
v -0.01851230 -0.01351618 0.01140313
v -0.01946972 -0.01446662 0.02264416
v -0.01962419 -0.01427008 0.02273709
v -0.01955459 -0.01407959 0.02124589
v -0.01962165 -0.01417534 0.02224706
v -0.01933900 -0.01461982 0.02273709
v -0.01956818 -0.01434769 0.02273709
f 5330 5331 5335
f 5330 5335 5341
f 5330 5341 5351
f 5330 5351 5372
f 5330 5372 5371
f 5330 5371 5378
f 5330 5378 5386
f 5330 5386 5394
f 5330 5394 5406
f 5330 5406 5410
f 5330 5410 5409
f 5330 5409 5399
f 5330 5399 5398
f 5330 5398 5397
f 5330 5397 5395
f 5330 5395 5387
f 5330 5387 5381
f 5330 5381 5380
f 5330 5380 5383
f 5330 5383 5375
f 5330 5375 5360
f 5330 5360 5359
f 5330 5359 5358
f 5330 5358 5355
f 5330 5355 5344
f 5330 5344 5336
f 5330 5336 5332
f 5330 5332 5333
f 5330 5333 5339
f 5330 5339 5349
f 5330 5349 5366
f 5330 5366 5365
f 5330 5365 5364
f 5330 5364 5369
f 5330 5369 5368
f 5330 5368 5367
f 5330 5367 5363
f 5330 5363 5362
f 5330 5362 5361
f 5330 5361 5376
f 5330 5376 5374
f 5330 5374 5352
f 5330 5352 5342
f 5330 5342 5340
f 5330 5340 5334
f 5330 5334 5331
f 5331 5334 5335
f 5332 5336 5337
f 5332 5337 5338
f 5332 5338 5333
f 5333 5338 5339
f 5334 5340 5335
f 5335 5340 5342
f 5335 5342 5343
f 5335 5343 5354
f 5335 5354 5353
f 5335 5353 5350
f 5335 5350 5341
f 5336 5344 5345
f 5336 5345 5337
f 5337 5345 5346
f 5337 5346 5347
f 5337 5347 5348
f 5337 5348 5338
f 5338 5348 5349
f 5338 5349 5339
f 5341 5350 5351
f 5342 5352 5373
f 5342 5373 5382
f 5342 5382 5388
f 5342 5388 5396
f 5342 5396 5400
f 5342 5400 5389
f 5342 5389 5384
f 5342 5384 5377
f 5342 5377 5370
f 5342 5370 5350
f 5342 5350 5353
f 5342 5353 5354
f 5342 5354 5343
f 5344 5355 5356
f 5344 5356 5357
f 5344 5357 5345
f 5345 5357 5355
f 5345 5355 5346
f 5346 5355 5358
f 5346 5358 5359
f 5346 5359 5347
f 5347 5359 5360
f 5347 5360 5361
f 5347 5361 5362
f 5347 5362 5363
f 5347 5363 5348
f 5348 5364 5365
f 5348 5365 5366
f 5348 5366 5349
f 5348 5363 5367
f 5348 5367 5368
f 5348 5368 5369
f 5348 5369 5364
f 5350 5370 5371
f 5350 5371 5372
f 5350 5372 5351
f 5352 5374 5373
f 5355 5357 5356
f 5360 5375 5361
f 5361 5375 5376
f 5370 5377 5378
f 5370 5378 5371
f 5373 5379 5380
f 5373 5380 5381
f 5373 5381 5382
f 5373 5374 5379
f 5374 5376 5375
f 5374 5375 5379
f 5375 5383 5379
f 5377 5384 5385
f 5377 5385 5386
f 5377 5386 5378
f 5379 5383 5380
f 5381 5387 5388
f 5381 5388 5382
f 5384 5389 5390
f 5384 5390 5385
f 5385 5390 5391
f 5385 5391 5392
f 5385 5392 5386
f 5386 5393 5394
f 5386 5392 5393
f 5387 5395 5388
f 5388 5390 5396
f 5388 5395 5397
f 5388 5397 5398
f 5388 5398 5399
f 5388 5399 5390
f 5389 5400 5401
f 5389 5401 5402
f 5389 5402 5390
f 5390 5402 5396
f 5390 5399 5403
f 5390 5403 5391
f 5391 5403 5404
f 5391 5404 5392
f 5392 5404 5393
f 5393 5404 5405
f 5393 5405 5406
f 5393 5406 5407
f 5393 5407 5394
f 5394 5408 5406
f 5394 5407 5408
f 5396 5401 5400
f 5396 5402 5401
f 5399 5409 5403
f 5403 5409 5404
f 5404 5409 5405
f 5405 5409 5410
f 5405 5410 5406
f 5406 5408 5407

o part_44
v -0.00764258 0.02304747 0.02271046
v -0.00821575 0.02276236 0.02271046
v -0.00764258 0.02116595 0.02271046
v -0.00764258 0.01732246 -0.01988317
v -0.00958389 0.02207194 0.02271046
v -0.01848797 0.01289881 0.02271046
v -0.00764258 0.01508232 -0.02108800
v -0.00764258 0.01715954 -0.02109229
v -0.00773728 0.01711185 -0.02109229
v -0.01058195 0.02156630 0.02271046
v -0.02037196 0.01289881 0.02271046
v -0.01100062 0.01289881 -0.02109229
v -0.00789428 0.01489357 -0.02109229
v -0.00764632 0.01507934 -0.02109229
v -0.00764258 0.01602507 -0.02109229
v -0.00804754 0.01695390 -0.02109229
v -0.00822323 0.01690622 -0.02078358
v -0.01157005 0.02106264 0.02271046
v -0.00942315 0.01625355 -0.02109229
v -0.01002747 0.01594559 -0.02109229
v -0.02021247 0.01322365 0.02271046
v -0.01804065 0.01289881 0.00540117
v -0.01363097 0.01289881 -0.02109229
v -0.01256064 0.02055699 0.02271046
v -0.01071279 0.01559591 -0.02109229
v -0.02004924 0.01354949 0.02271046
v -0.01800078 0.01300212 0.00549121
v -0.01794097 0.01290477 0.00474945
v -0.01794720 0.01289881 0.00477089
v -0.01351509 0.01301504 -0.02109229
v -0.01661894 0.01289881 -0.00343999
v -0.01690179 0.01290278 -0.00174636
v -0.01877082 0.01519458 0.02271046
v -0.01826867 0.01570121 0.02271046
v -0.01773662 0.01623666 0.02271046
v -0.01726812 0.01670754 0.02271046
v -0.01354998 0.02004936 0.02271046
v -0.01088474 0.01550651 -0.02109229
v -0.01097570 0.01548664 -0.02089934
v -0.02003180 0.01358327 0.02271046
v -0.01950224 0.01400447 0.02047659
v -0.01851289 0.01351671 0.01140390
v -0.01750735 0.01300809 0.00245126
v -0.01747869 0.01297630 0.00211682
v -0.01744754 0.01293954 0.00174808
v -0.01741390 0.01289881 0.00134504
v -0.01793723 0.01289881 0.00470657
v -0.01334563 0.01318491 -0.02109229
v -0.01690552 0.01289881 -0.00174207
v -0.01922936 0.01472867 0.02271046
v -0.01673731 0.01723802 0.02271046
v -0.01152270 0.01500781 -0.02109229
v -0.01268524 0.01384553 -0.02109229
v -0.01302291 0.01350777 -0.02109229
v -0.01358362 0.02003148 0.02271046
v -0.01150650 0.01600420 -0.01502953
v -0.01300173 0.01800095 0.00549121
v -0.01094953 0.01547273 -0.02109229
v -0.01126602 0.01522537 -0.02109229
v -0.01148781 0.01548962 -0.01843394
v -0.01101557 0.01550949 -0.02056919
v -0.01990096 0.01381374 0.02271046
v -0.01952093 0.01403130 0.02074671
v -0.01947607 0.01447336 0.02271046
v -0.01927297 0.01468397 0.02271046
v -0.01623641 0.01773770 0.02271046
v -0.01151522 0.01501477 -0.02109229
v -0.01573426 0.01823540 0.02271046
v -0.01519349 0.01877085 0.02271046
v -0.01472747 0.01922980 0.02271046
v -0.01381414 0.01990134 0.02271046
v -0.01400478 0.01950299 0.02047659
v -0.01199494 0.01649693 -0.00947701
v -0.01351634 0.01851256 0.01140390
v -0.01348270 0.01848673 0.01106946
v -0.01137318 0.01513596 -0.02109229
v -0.01250332 0.01700258 -0.00351288
v -0.01962435 0.01426475 0.02271046
v -0.01962185 0.01417534 0.02224739
v -0.01958821 0.01412766 0.02174574
v -0.01447204 0.01947617 0.02271046
v -0.01412564 0.01958842 0.02174574
v -0.01426395 0.01962418 0.02271046
f 5411 5412 5415
f 5411 5415 5420
f 5411 5420 5428
f 5411 5428 5434
f 5411 5434 5447
f 5411 5447 5465
f 5411 5465 5481
f 5411 5481 5493
f 5411 5493 5491
f 5411 5491 5480
f 5411 5480 5479
f 5411 5479 5478
f 5411 5478 5476
f 5411 5476 5461
f 5411 5461 5446
f 5411 5446 5445
f 5411 5445 5444
f 5411 5444 5443
f 5411 5443 5460
f 5411 5460 5475
f 5411 5475 5474
f 5411 5474 5488
f 5411 5488 5472
f 5411 5472 5450
f 5411 5450 5436
f 5411 5436 5431
f 5411 5431 5421
f 5411 5421 5416
f 5411 5416 5413
f 5411 5413 5417
f 5411 5417 5425
f 5411 5425 5418
f 5411 5418 5414
f 5411 5414 5412
f 5412 5414 5415
f 5413 5416 5417
f 5414 5418 5419
f 5414 5419 5415
f 5415 5419 5420
f 5416 5421 5432
f 5416 5432 5439
f 5416 5439 5457
f 5416 5457 5456
f 5416 5456 5459
f 5416 5459 5441
f 5416 5441 5433
f 5416 5433 5422
f 5416 5422 5423
f 5416 5423 5417
f 5417 5423 5424
f 5417 5424 5425
f 5418 5425 5424
f 5418 5424 5423
f 5418 5423 5422
f 5418 5422 5433
f 5418 5433 5440
f 5418 5440 5458
f 5418 5458 5464
f 5418 5464 5463
f 5418 5463 5462
f 5418 5462 5477
f 5418 5477 5486
f 5418 5486 5469
f 5418 5469 5468
f 5418 5468 5448
f 5418 5448 5435
f 5418 5435 5430
f 5418 5430 5429
f 5418 5429 5426
f 5418 5426 5419
f 5419 5426 5427
f 5419 5427 5420
f 5420 5427 5429
f 5420 5429 5430
f 5420 5430 5428
f 5421 5431 5432
f 5426 5429 5427
f 5428 5430 5435
f 5428 5435 5434
f 5431 5436 5432
f 5432 5436 5437
f 5432 5437 5438
f 5432 5438 5439
f 5433 5441 5442
f 5433 5442 5443
f 5433 5443 5444
f 5433 5444 5445
f 5433 5445 5446
f 5433 5446 5440
f 5434 5435 5447
f 5435 5448 5449
f 5435 5449 5447
f 5436 5450 5437
f 5437 5450 5451
f 5437 5451 5452
f 5437 5452 5453
f 5437 5453 5454
f 5437 5454 5455
f 5437 5455 5456
f 5437 5456 5438
f 5438 5456 5457
f 5438 5457 5439
f 5440 5446 5458
f 5441 5459 5442
f 5442 5459 5456
f 5442 5456 5455
f 5442 5455 5454
f 5442 5454 5453
f 5442 5453 5443
f 5443 5453 5460
f 5446 5461 5462
f 5446 5462 5463
f 5446 5463 5464
f 5446 5464 5458
f 5447 5449 5466
f 5447 5466 5467
f 5447 5467 5465
f 5448 5468 5449
f 5449 5468 5469
f 5449 5469 5470
f 5449 5470 5471
f 5449 5471 5466
f 5450 5472 5451
f 5451 5472 5473
f 5451 5473 5474
f 5451 5474 5452
f 5452 5474 5475
f 5452 5475 5453
f 5453 5475 5460
f 5461 5476 5462
f 5462 5470 5477
f 5462 5476 5478
f 5462 5478 5479
f 5462 5479 5480
f 5462 5480 5470
f 5465 5467 5482
f 5465 5482 5481
f 5466 5471 5470
f 5466 5470 5483
f 5466 5483 5467
f 5467 5484 5485
f 5467 5485 5482
f 5467 5483 5484
f 5469 5486 5470
f 5470 5486 5477
f 5470 5480 5487
f 5470 5487 5483
f 5472 5488 5489
f 5472 5489 5490
f 5472 5490 5473
f 5473 5490 5488
f 5473 5488 5474
f 5480 5491 5487
f 5481 5492 5493
f 5481 5482 5492
f 5482 5491 5493
f 5482 5493 5492
f 5482 5485 5484
f 5482 5484 5491
f 5483 5487 5484
f 5484 5487 5491
f 5488 5490 5489

o part_45
v -0.01100033 0.01289881 -0.02109229
v -0.01609181 0.00561238 -0.02109229
v -0.01363016 0.01289881 -0.02109229
v -0.01821595 0.01289881 0.02082078
v -0.02148504 0.00561238 0.02082078
v -0.01808714 0.00561238 -0.02109229
v -0.01368502 0.01284460 -0.02109229
v -0.01364685 0.01289881 -0.02099793
v -0.02011229 0.01289881 0.02082078
v -0.02318459 0.00561238 0.02082078
v -0.01847834 0.00561238 -0.01798245
v -0.01849026 0.00594978 -0.01743269
v -0.01805733 0.00575576 -0.02109229
v -0.01434575 0.01218408 -0.02109229
v -0.01597493 0.01289881 -0.00724982
v -0.02010275 0.01289881 0.02074693
v -0.02016238 0.01280180 0.02082078
v -0.02298184 0.00688920 0.02082078
v -0.02301762 0.00661173 0.02074693
v -0.02307486 0.00625008 0.02074693
v -0.02291982 0.00561238 0.01863405
v -0.01851889 0.00561238 -0.01765834
v -0.01851889 0.00561666 -0.01765424
v -0.01851173 0.00602753 -0.01709627
v -0.01799769 0.00598972 -0.02109229
v -0.01860714 0.00575005 -0.01674754
v -0.01885045 0.00575005 -0.01474953
v -0.01898641 0.00592125 -0.01339565
v -0.02198477 0.00690775 0.01261950
v -0.02200504 0.00701546 0.01295182
v -0.01998825 0.00644125 -0.00441896
v -0.02150770 0.00701974 0.00892708
v -0.01484548 0.01168405 -0.02109229
v -0.01668815 0.01289881 -0.00303636
v -0.02005146 0.01289881 0.02036128
v -0.02040330 0.01231033 0.02074693
v -0.02242248 0.00834863 0.02074693
v -0.02242725 0.00835790 0.02082078
v -0.02297587 0.00692059 0.02082078
v -0.02250000 0.00700191 0.01699297
v -0.02273496 0.00561238 0.01710785
v -0.02214697 0.00675011 0.01374774
v -0.02071100 0.00625008 0.00124685
v -0.01856779 0.00561238 -0.01725628
v -0.01897210 0.00561238 -0.01392489
v -0.01800246 0.00600613 -0.02101844
v -0.01795595 0.00607960 -0.02109229
v -0.01935733 0.00561238 -0.01074941
v -0.02290431 0.00725014 0.02074693
v -0.02148623 0.00693200 0.00859477
v -0.02249404 0.00748410 0.01803505
v -0.02251670 0.00753475 0.01836737
v -0.01501484 0.01151428 -0.02109229
v -0.01673943 0.01273832 -0.00368048
v -0.01683246 0.01289881 -0.00218300
v -0.01985109 0.01289881 0.01886790
v -0.02162339 0.00779724 0.01270976
v -0.02252147 0.00804405 0.02033256
v -0.02272541 0.00775016 0.02074693
v -0.02273496 0.00775016 0.02082078
v -0.01977118 0.01289881 0.01827301
v -0.01702806 0.01155280 -0.00724982
v -0.01701971 0.00853694 -0.01874965
v -0.01702806 0.00790281 -0.02109229
v -0.02291266 0.00725085 0.02082078
v -0.02134073 0.00561238 0.00560801
v -0.02076467 0.00725014 0.00424592
v -0.02288881 0.00732147 0.02082078
v -0.01502080 0.01150786 -0.02109229
v -0.01548952 0.01148646 -0.01843375
v -0.01551695 0.01151714 -0.01810143
v -0.01700301 0.01250221 -0.00351227
v -0.01689925 0.01289881 -0.00178504
v -0.01850935 0.01289881 0.00888195
v -0.01693384 0.01186880 -0.00674929
v -0.01560640 0.01078457 -0.02073946
v -0.01589503 0.01021464 -0.02075587
v -0.01660705 0.00872882 -0.02109229
v -0.01522475 0.01126534 -0.02109229
v -0.01546328 0.01145365 -0.01874965
v -0.01548713 0.01097431 -0.02089946
v -0.01550979 0.01101425 -0.02056715
v -0.01600475 0.01150572 -0.01502852
v -0.01649732 0.01199362 -0.00947758
v -0.01794402 0.01289881 0.00474644
v -0.01747650 0.01289881 0.00174738
v -0.01741329 0.01289881 0.00134532
v -0.01804063 0.01289881 0.00540288
v -0.01698989 0.01197793 -0.00591644
v -0.01609659 0.01127818 -0.01521724
v -0.01574714 0.01041579 -0.02109229
v -0.01547282 0.01094934 -0.02109229
v -0.01559567 0.01071110 -0.02109229
f 5494 5495 5499
f 5494 5499 5506
f 5494 5506 5518
f 5494 5518 5540
f 5494 5540 5557
f 5494 5557 5571
f 5494 5571 5584
f 5494 5584 5586
f 5494 5586 5585
f 5494 5585 5572
f 5494 5572 5562
f 5494 5562 5546
f 5494 5546 5526
f 5494 5526 5507
f 5494 5507 5500
f 5494 5500 5496
f 5494 5496 5501
f 5494 5501 5508
f 5494 5508 5527
f 5494 5527 5548
f 5494 5548 5566
f 5494 5566 5580
f 5494 5580 5579
f 5494 5579 5578
f 5494 5578 5581
f 5494 5581 5567
f 5494 5567 5554
f 5494 5554 5549
f 5494 5549 5528
f 5494 5528 5509
f 5494 5509 5502
f 5494 5502 5497
f 5494 5497 5498
f 5494 5498 5495
f 5495 5498 5503
f 5495 5503 5514
f 5495 5514 5534
f 5495 5534 5559
f 5495 5559 5541
f 5495 5541 5538
f 5495 5538 5537
f 5495 5537 5515
f 5495 5515 5504
f 5495 5504 5499
f 5496 5500 5501
f 5497 5502 5510
f 5497 5510 5531
f 5497 5531 5553
f 5497 5553 5561
f 5497 5561 5558
f 5497 5558 5532
f 5497 5532 5511
f 5497 5511 5503
f 5497 5503 5498
f 5499 5504 5505
f 5499 5505 5506
f 5500 5507 5501
f 5501 5507 5508
f 5502 5509 5510
f 5503 5511 5512
f 5503 5512 5513
f 5503 5513 5514
f 5504 5515 5516
f 5504 5516 5505
f 5505 5517 5518
f 5505 5518 5506
f 5505 5516 5519
f 5505 5519 5520
f 5505 5520 5521
f 5505 5521 5522
f 5505 5522 5523
f 5505 5523 5524
f 5505 5524 5525
f 5505 5525 5517
f 5507 5526 5508
f 5508 5526 5527
f 5509 5528 5510
f 5510 5528 5529
f 5510 5529 5530
f 5510 5530 5531
f 5511 5532 5533
f 5511 5533 5512
f 5512 5534 5513
f 5512 5533 5535
f 5512 5535 5536
f 5512 5536 5534
f 5513 5534 5514
f 5515 5537 5516
f 5516 5537 5538
f 5516 5538 5520
f 5516 5520 5519
f 5517 5539 5518
f 5517 5525 5539
f 5518 5539 5540
f 5520 5538 5541
f 5520 5541 5536
f 5520 5536 5522
f 5520 5522 5521
f 5522 5536 5535
f 5522 5535 5533
f 5522 5533 5523
f 5523 5533 5542
f 5523 5542 5525
f 5523 5525 5543
f 5523 5543 5524
f 5524 5543 5525
f 5525 5542 5544
f 5525 5544 5545
f 5525 5545 5539
f 5526 5546 5547
f 5526 5547 5527
f 5527 5547 5548
f 5528 5549 5529
f 5529 5549 5530
f 5530 5550 5545
f 5530 5545 5551
f 5530 5551 5552
f 5530 5552 5553
f 5530 5553 5531
f 5530 5549 5554
f 5530 5554 5555
f 5530 5555 5556
f 5530 5556 5557
f 5530 5557 5550
f 5532 5558 5542
f 5532 5542 5533
f 5534 5536 5559
f 5536 5541 5559
f 5539 5545 5540
f 5540 5545 5560
f 5540 5560 5557
f 5542 5558 5561
f 5542 5561 5544
f 5544 5561 5545
f 5545 5561 5553
f 5545 5553 5552
f 5545 5552 5551
f 5545 5550 5560
f 5546 5562 5563
f 5546 5563 5564
f 5546 5564 5565
f 5546 5565 5547
f 5547 5565 5548
f 5548 5565 5566
f 5550 5557 5560
f 5554 5567 5555
f 5555 5568 5569
f 5555 5569 5570
f 5555 5570 5556
f 5555 5567 5568
f 5556 5570 5557
f 5557 5570 5571
f 5562 5572 5563
f 5563 5573 5574
f 5563 5574 5575
f 5563 5575 5576
f 5563 5576 5577
f 5563 5577 5564
f 5563 5572 5573
f 5564 5577 5565
f 5565 5577 5578
f 5565 5578 5579
f 5565 5579 5580
f 5565 5580 5566
f 5567 5581 5582
f 5567 5582 5568
f 5568 5582 5583
f 5568 5583 5569
f 5569 5583 5574
f 5569 5574 5584
f 5569 5584 5570
f 5570 5584 5571
f 5572 5585 5574
f 5572 5574 5573
f 5574 5585 5586
f 5574 5586 5584
f 5574 5583 5582
f 5574 5582 5576
f 5574 5576 5575
f 5576 5582 5581
f 5576 5581 5577
f 5577 5581 5578

o part_46
v 0.01408412 0.00958628 -0.02109229
v 0.01386480 0.00975428 -0.02109229
v 0.01616917 0.00958628 -0.02109229
v 0.02014353 0.00958628 0.02246517
v 0.01198236 0.01189547 -0.02109229
v 0.01604524 0.00983115 -0.02109229
v 0.01617900 0.00958628 -0.02101981
v 0.02202794 0.00958628 0.02246517
v 0.01198236 0.01892297 0.02246517
v 0.01198236 0.01454836 -0.02109229
v 0.01559578 0.01071178 -0.02109229
v 0.01599115 0.00998158 -0.02092601
v 0.01619965 0.00975099 -0.02024809
v 0.01635013 0.00958628 -0.01974924
v 0.02167880 0.01027586 0.02246517
v 0.01198236 0.02080393 0.02246517
v 0.01276523 0.01376545 -0.02109229
v 0.01198236 0.01506444 -0.01804378
v 0.01620851 0.01770853 0.02246517
v 0.01670911 0.01720892 0.02246517
v 0.01554365 0.01081390 -0.02109229
v 0.01589477 0.01021546 -0.02075546
v 0.02117032 0.01127398 0.02246517
v 0.01198236 0.01799293 0.00156049
v 0.01227250 0.02066008 0.02246517
v 0.01479422 0.01179445 -0.02074693
v 0.01500764 0.01152214 -0.02109229
v 0.01198236 0.01598240 -0.01260336
v 0.01199416 0.01599448 -0.01246692
v 0.01202367 0.01602193 -0.01213436
v 0.01470472 0.01920517 0.02246517
v 0.01520631 0.01870666 0.02246517
v 0.01820798 0.01570679 0.02246517
v 0.01547284 0.01095006 -0.02109229
v 0.01548661 0.01097531 -0.02090042
v 0.01609639 0.01127947 -0.01521698
v 0.01602262 0.01104339 -0.01666236
v 0.01575708 0.01075021 -0.01974924
v 0.02065988 0.01227320 0.02246517
v 0.01198236 0.01698712 -0.00591369
v 0.01327174 0.02014949 0.02246517
v 0.01700318 0.01250269 -0.00351326
v 0.01551611 0.01151775 -0.01809921
v 0.01548956 0.01148700 -0.01843603
v 0.01501551 0.01151555 -0.02108376
v 0.01502042 0.01150896 -0.02109229
v 0.01920527 0.01470538 0.02246517
v 0.01198236 0.01648751 -0.00957617
v 0.01199514 0.01649519 -0.00947384
v 0.01250264 0.01700139 -0.00351326
v 0.01351664 0.01851230 0.01140526
v 0.01399167 0.01899215 0.01703754
v 0.01444802 0.01945223 0.02246517
v 0.01531941 0.01114661 -0.02109229
v 0.01522499 0.01126629 -0.02109229
v 0.01551021 0.01101484 -0.02056786
v 0.01600492 0.01150677 -0.01502938
v 0.02014944 0.01327133 0.02246517
v 0.01198236 0.01650398 -0.00946531
v 0.01300226 0.01800061 0.00549158
v 0.01376055 0.01989584 0.02246517
v 0.01400446 0.01950274 0.02047405
v 0.01649667 0.01199430 -0.00947384
v 0.01899283 0.01399165 0.01703754
v 0.01851287 0.01351619 0.01140526
v 0.01945311 0.01444733 0.02246517
v 0.01433295 0.01953898 0.02246517
v 0.01800046 0.01300231 0.00549158
v 0.01950229 0.01400482 0.02047405
v 0.02001568 0.01352937 0.02246517
v 0.01402314 0.01974212 0.02246517
v 0.01412740 0.01958839 0.02174888
v 0.01421690 0.01962243 0.02246517
v 0.01953966 0.01433314 0.02246517
v 0.01952097 0.01403117 0.02074692
v 0.01974226 0.01402349 0.02246517
v 0.01989569 0.01375996 0.02246517
v 0.01989077 0.01371384 0.02224773
v 0.01417559 0.01962133 0.02224773
v 0.01962326 0.01421675 0.02246517
v 0.01955441 0.01407949 0.02124577
f 5587 5588 5591
f 5587 5591 5596
f 5587 5596 5603
f 5587 5603 5613
f 5587 5613 5632
f 5587 5632 5641
f 5587 5641 5640
f 5587 5640 5620
f 5587 5620 5607
f 5587 5607 5597
f 5587 5597 5592
f 5587 5592 5589
f 5587 5589 5593
f 5587 5593 5600
f 5587 5600 5594
f 5587 5594 5590
f 5587 5590 5588
f 5588 5590 5591
f 5589 5592 5593
f 5590 5594 5601
f 5590 5601 5609
f 5590 5609 5625
f 5590 5625 5644
f 5590 5644 5656
f 5590 5656 5663
f 5590 5663 5662
f 5590 5662 5666
f 5590 5666 5660
f 5590 5660 5652
f 5590 5652 5633
f 5590 5633 5619
f 5590 5619 5606
f 5590 5606 5605
f 5590 5605 5618
f 5590 5618 5617
f 5590 5617 5639
f 5590 5639 5653
f 5590 5653 5659
f 5590 5659 5657
f 5590 5657 5647
f 5590 5647 5627
f 5590 5627 5611
f 5590 5611 5602
f 5590 5602 5595
f 5590 5595 5591
f 5591 5595 5602
f 5591 5602 5610
f 5591 5610 5626
f 5591 5626 5645
f 5591 5645 5634
f 5591 5634 5614
f 5591 5614 5604
f 5591 5604 5596
f 5592 5597 5598
f 5592 5598 5599
f 5592 5599 5593
f 5593 5599 5600
f 5594 5600 5599
f 5594 5599 5601
f 5596 5604 5605
f 5596 5605 5606
f 5596 5606 5603
f 5597 5607 5598
f 5598 5607 5608
f 5598 5608 5609
f 5598 5609 5601
f 5598 5601 5599
f 5602 5611 5610
f 5603 5612 5613
f 5603 5606 5612
f 5604 5614 5615
f 5604 5615 5616
f 5604 5616 5617
f 5604 5617 5618
f 5604 5618 5605
f 5606 5619 5613
f 5606 5613 5612
f 5607 5620 5621
f 5607 5621 5622
f 5607 5622 5623
f 5607 5623 5624
f 5607 5624 5608
f 5608 5624 5609
f 5609 5624 5625
f 5610 5611 5626
f 5611 5627 5626
f 5613 5628 5629
f 5613 5629 5630
f 5613 5630 5631
f 5613 5631 5632
f 5613 5619 5633
f 5613 5633 5628
f 5614 5634 5635
f 5614 5635 5615
f 5615 5635 5616
f 5616 5635 5636
f 5616 5636 5617
f 5617 5637 5638
f 5617 5638 5639
f 5617 5636 5637
f 5620 5640 5621
f 5621 5640 5641
f 5621 5641 5630
f 5621 5630 5642
f 5621 5642 5643
f 5621 5643 5622
f 5622 5643 5644
f 5622 5644 5623
f 5623 5644 5625
f 5623 5625 5624
f 5626 5627 5646
f 5626 5646 5645
f 5627 5647 5648
f 5627 5648 5646
f 5628 5649 5630
f 5628 5630 5629
f 5628 5633 5650
f 5628 5650 5651
f 5628 5651 5649
f 5630 5649 5643
f 5630 5643 5642
f 5630 5641 5632
f 5630 5632 5631
f 5633 5652 5650
f 5634 5645 5635
f 5635 5645 5646
f 5635 5646 5637
f 5635 5637 5636
f 5637 5646 5648
f 5637 5648 5638
f 5638 5648 5639
f 5639 5648 5653
f 5643 5649 5654
f 5643 5654 5644
f 5644 5654 5655
f 5644 5655 5656
f 5647 5657 5648
f 5648 5657 5658
f 5648 5658 5659
f 5648 5659 5653
f 5649 5651 5654
f 5650 5652 5655
f 5650 5655 5651
f 5651 5655 5654
f 5652 5660 5655
f 5655 5660 5661
f 5655 5661 5662
f 5655 5662 5663
f 5655 5663 5664
f 5655 5664 5656
f 5656 5664 5663
f 5657 5659 5665
f 5657 5665 5658
f 5658 5665 5659
f 5660 5666 5661
f 5661 5667 5662
f 5661 5666 5667
f 5662 5667 5666

o part_47
v 0.01351482 -0.01008304 -0.02338466
v 0.01351482 -0.01262567 -0.02338466
v 0.01351482 -0.01010445 -0.02475000
v 0.00517361 -0.01606070 -0.02425016
v 0.00517361 -0.01605076 -0.02338466
v 0.01313757 -0.01300343 -0.02338466
v 0.01324781 -0.01274878 -0.02423850
v 0.01348379 -0.01248420 -0.02440506
v 0.01351482 -0.01251632 -0.02403069
v 0.01351482 -0.01031551 -0.02511956
v 0.01337519 -0.01037592 -0.02508976
v 0.00545451 -0.01598194 -0.02502407
v 0.00517361 -0.01606911 -0.02475000
v 0.00517361 -0.01789522 -0.02338466
v 0.01250310 -0.01363813 -0.02338466
v 0.01345440 -0.01245514 -0.02475000
v 0.01295466 -0.01295525 -0.02475000
v 0.01351482 -0.01241232 -0.02464359
v 0.01351482 -0.01073915 -0.02522411
v 0.00517361 -0.01674970 -0.02527500
v 0.00517361 -0.01625111 -0.02512677
v 0.00525037 -0.01788298 -0.02338466
v 0.00517361 -0.01785087 -0.02375014
v 0.01163754 -0.01450301 -0.02338466
v 0.01198376 -0.01398454 -0.02440506
v 0.01312206 -0.01262261 -0.02508884
v 0.01351482 -0.01239396 -0.02475000
v 0.01262232 -0.01312272 -0.02508884
v 0.01195437 -0.01395548 -0.02475000
v 0.01351482 -0.01125074 -0.02527315
v 0.01324944 -0.01125074 -0.02527352
v 0.00575011 -0.01674970 -0.02527500
v 0.00517361 -0.01724981 -0.02524928
v 0.01024938 -0.01424989 -0.02527500
v 0.00525037 -0.01783863 -0.02375014
v 0.00561619 -0.01779734 -0.02338466
v 0.00517361 -0.01772928 -0.02475000
v 0.01131990 -0.01481959 -0.02338466
v 0.01124804 -0.01474771 -0.02423850
v 0.01327312 -0.01227390 -0.02516156
v 0.01351482 -0.01216914 -0.02511104
v 0.01277338 -0.01277402 -0.02516156
v 0.01112229 -0.01462230 -0.02508884
v 0.01145463 -0.01445407 -0.02475000
v 0.01351482 -0.01176232 -0.02521634
v 0.01324944 -0.01175009 -0.02527278
v 0.00625066 -0.01674970 -0.02526260
v 0.00775069 -0.01574947 -0.02527500
v 0.00517361 -0.01759928 -0.02511178
v 0.00525037 -0.01724981 -0.02524595
v 0.01224996 -0.01275031 -0.02527278
v 0.01124967 -0.01375054 -0.02527278
v 0.00974964 -0.01474924 -0.02527500
v 0.00525037 -0.01771704 -0.02475000
v 0.00575011 -0.01776522 -0.02338466
v 0.00525037 -0.01759316 -0.02510845
v 0.00564232 -0.01754881 -0.02506237
v 0.01107003 -0.01505894 -0.02338466
v 0.01101205 -0.01501000 -0.02407177
v 0.01120394 -0.01470412 -0.02475000
v 0.01127335 -0.01427283 -0.02516156
v 0.01074993 -0.01424989 -0.02527278
v 0.01093611 -0.01495418 -0.02475000
v 0.01060459 -0.01505894 -0.02506626
v 0.01076218 -0.01477295 -0.02514805
v 0.00625066 -0.01716799 -0.02512510
v 0.00725014 -0.01624958 -0.02526112
v 0.00578522 -0.01729111 -0.02514731
v 0.00825043 -0.01574947 -0.02525946
v 0.01024938 -0.01474924 -0.02525594
v 0.00578522 -0.01757863 -0.02475684
v 0.00575011 -0.01765510 -0.02425016
v 0.00618534 -0.01759393 -0.02338466
v 0.00602529 -0.01751210 -0.02459492
v 0.00607102 -0.01753581 -0.02425016
v 0.00613716 -0.01756946 -0.02375014
v 0.00664180 -0.01707164 -0.02507533
v 0.00597548 -0.01748534 -0.02492821
v 0.01074993 -0.01525624 -0.02338466
v 0.01068624 -0.01510559 -0.02475000
v 0.01097694 -0.01498324 -0.02440506
v 0.00995542 -0.01547035 -0.02483364
v 0.00697496 -0.01698140 -0.02490452
v 0.00962226 -0.01556212 -0.02506866
v 0.01024938 -0.01514688 -0.02511844
v 0.00925072 -0.01524936 -0.02525761
v 0.00725014 -0.01666252 -0.02512363
v 0.00925072 -0.01565235 -0.02512011
v 0.00765026 -0.01684758 -0.02338466
v 0.00775069 -0.01674740 -0.02375014
v 0.00621555 -0.01739128 -0.02475684
v 0.00678551 -0.01710528 -0.02474278
v 0.00778172 -0.01659982 -0.02472853
v 0.00775069 -0.01668011 -0.02425016
v 0.00862932 -0.01606529 -0.02507089
v 0.01064215 -0.01531512 -0.02338466
v 0.01039718 -0.01544741 -0.02338466
v 0.01034900 -0.01542294 -0.02375014
v 0.01028286 -0.01538930 -0.02425016
v 0.01019957 -0.01536635 -0.02470022
v 0.00977332 -0.01558812 -0.02470022
v 0.00922459 -0.01604541 -0.02338466
v 0.00929318 -0.01589400 -0.02425016
v 0.01021427 -0.01554071 -0.02338466
f 5668 5669 5676
f 5668 5676 5685
f 5668 5685 5694
f 5668 5694 5708
f 5668 5708 5712
f 5668 5712 5697
f 5668 5697 5686
f 5668 5686 5677
f 5668 5677 5670
f 5668 5670 5671
f 5668 5671 5672
f 5668 5672 5681
f 5668 5681 5689
f 5668 5689 5703
f 5668 5703 5722
f 5668 5722 5740
f 5668 5740 5756
f 5668 5756 5769
f 5668 5769 5771
f 5668 5771 5764
f 5668 5764 5763
f 5668 5763 5746
f 5668 5746 5725
f 5668 5725 5705
f 5668 5705 5691
f 5668 5691 5682
f 5668 5682 5673
f 5668 5673 5669
f 5669 5673 5674
f 5669 5674 5675
f 5669 5675 5676
f 5670 5677 5678
f 5670 5678 5679
f 5670 5679 5680
f 5670 5680 5671
f 5671 5680 5688
f 5671 5688 5687
f 5671 5687 5700
f 5671 5700 5716
f 5671 5716 5704
f 5671 5704 5690
f 5671 5690 5681
f 5671 5681 5672
f 5673 5682 5674
f 5674 5683 5675
f 5674 5682 5684
f 5674 5684 5683
f 5675 5683 5685
f 5675 5685 5676
f 5677 5686 5687
f 5677 5687 5688
f 5677 5688 5678
f 5678 5688 5679
f 5679 5688 5680
f 5681 5690 5702
f 5681 5702 5689
f 5682 5691 5692
f 5682 5692 5684
f 5683 5693 5694
f 5683 5694 5685
f 5683 5684 5695
f 5683 5695 5693
f 5684 5692 5696
f 5684 5696 5695
f 5686 5697 5698
f 5686 5698 5687
f 5687 5699 5700
f 5687 5698 5701
f 5687 5701 5720
f 5687 5720 5715
f 5687 5715 5699
f 5689 5702 5703
f 5690 5704 5721
f 5690 5721 5702
f 5691 5705 5706
f 5691 5706 5692
f 5692 5706 5696
f 5693 5707 5708
f 5693 5708 5694
f 5693 5695 5709
f 5693 5709 5707
f 5695 5696 5710
f 5695 5710 5709
f 5696 5706 5711
f 5696 5711 5710
f 5697 5712 5713
f 5697 5713 5701
f 5697 5701 5698
f 5699 5714 5700
f 5699 5715 5714
f 5700 5714 5717
f 5700 5717 5716
f 5701 5713 5718
f 5701 5718 5719
f 5701 5719 5729
f 5701 5729 5720
f 5702 5721 5703
f 5703 5721 5722
f 5704 5716 5723
f 5704 5723 5724
f 5704 5724 5721
f 5705 5725 5726
f 5705 5726 5706
f 5706 5727 5711
f 5706 5726 5727
f 5707 5709 5718
f 5707 5718 5713
f 5707 5713 5712
f 5707 5712 5708
f 5709 5710 5728
f 5709 5728 5729
f 5709 5729 5719
f 5709 5719 5718
f 5710 5711 5727
f 5710 5727 5730
f 5710 5730 5731
f 5710 5731 5732
f 5710 5732 5728
f 5714 5733 5717
f 5714 5715 5720
f 5714 5720 5734
f 5714 5734 5733
f 5716 5717 5723
f 5717 5733 5735
f 5717 5735 5723
f 5720 5736 5734
f 5720 5729 5737
f 5720 5737 5736
f 5721 5724 5738
f 5721 5738 5739
f 5721 5739 5722
f 5722 5739 5738
f 5722 5738 5741
f 5722 5741 5742
f 5722 5742 5743
f 5722 5743 5740
f 5723 5735 5733
f 5723 5733 5724
f 5724 5733 5744
f 5724 5744 5745
f 5724 5745 5738
f 5725 5746 5726
f 5726 5746 5747
f 5726 5747 5748
f 5726 5748 5727
f 5727 5748 5730
f 5728 5732 5729
f 5729 5732 5737
f 5730 5748 5747
f 5730 5747 5731
f 5731 5747 5749
f 5731 5749 5750
f 5731 5750 5751
f 5731 5751 5752
f 5731 5752 5732
f 5732 5752 5737
f 5733 5734 5736
f 5733 5736 5753
f 5733 5753 5737
f 5733 5737 5754
f 5733 5754 5755
f 5733 5755 5744
f 5736 5737 5753
f 5737 5752 5755
f 5737 5755 5754
f 5738 5745 5741
f 5740 5743 5757
f 5740 5757 5756
f 5741 5745 5758
f 5741 5758 5759
f 5741 5759 5742
f 5742 5759 5760
f 5742 5760 5761
f 5742 5761 5743
f 5743 5761 5757
f 5744 5755 5752
f 5744 5752 5762
f 5744 5762 5745
f 5745 5762 5751
f 5745 5751 5750
f 5745 5750 5759
f 5745 5759 5758
f 5746 5763 5747
f 5747 5763 5764
f 5747 5764 5765
f 5747 5765 5766
f 5747 5766 5767
f 5747 5767 5768
f 5747 5768 5749
f 5749 5768 5750
f 5750 5760 5759
f 5750 5768 5760
f 5751 5762 5752
f 5756 5757 5769
f 5757 5761 5770
f 5757 5770 5769
f 5760 5770 5761
f 5760 5768 5770
f 5764 5771 5765
f 5765 5771 5769
f 5765 5769 5770
f 5765 5770 5766
f 5766 5770 5768
f 5766 5768 5767

o part_48
v 0.01353906 0.01024763 -0.02115347
v 0.01269481 0.01024763 -0.02151417
v 0.01269481 0.00950552 -0.02156429
v 0.01353906 0.00972899 -0.02136913
v 0.01353906 0.01024763 -0.02503231
v 0.01269481 0.01024763 -0.02280433
v 0.01269481 0.00950552 -0.02279940
v 0.01353906 0.00950552 -0.02147810
v 0.01353906 0.01009172 -0.02478172
v 0.01344922 0.01024763 -0.02495106
v 0.01337608 0.01024763 -0.02474983
v 0.01337947 0.01024763 -0.02475932
v 0.01353906 0.01007981 -0.02474983
v 0.01353906 0.00950552 -0.02285065
f 5772 5773 5774
f 5772 5774 5775
f 5772 5775 5779
f 5772 5779 5785
f 5772 5785 5784
f 5772 5784 5780
f 5772 5780 5776
f 5772 5776 5781
f 5772 5781 5783
f 5772 5783 5782
f 5772 5782 5777
f 5772 5777 5773
f 5773 5777 5778
f 5773 5778 5774
f 5774 5778 5785
f 5774 5785 5779
f 5774 5779 5775
f 5776 5780 5781
f 5777 5782 5778
f 5778 5782 5783
f 5778 5783 5781
f 5778 5781 5780
f 5778 5780 5784
f 5778 5784 5785

o part_49
v -0.01166079 -0.01193461 -0.02321855
v -0.01166079 -0.01196573 -0.02474997
v -0.01166079 -0.01450700 -0.02321855
v -0.00514092 -0.01605715 -0.02321855
v -0.00511657 -0.01606402 -0.02322056
v -0.01166079 -0.01200453 -0.02485666
v -0.00516206 -0.01606402 -0.02424990
v -0.00519025 -0.01606402 -0.02474997
v -0.00519346 -0.01606402 -0.02476587
v -0.00545423 -0.01598237 -0.02502396
v -0.01159992 -0.01456844 -0.02321855
v -0.01166079 -0.01450175 -0.02325016
v -0.00514348 -0.01606402 -0.02321855
v -0.01137503 -0.01237560 -0.02508979
v -0.01166079 -0.01225312 -0.02514958
v -0.00539464 -0.01606402 -0.02505697
v -0.01156853 -0.01459997 -0.02321855
v -0.01166079 -0.01441727 -0.02375003
v -0.01166079 -0.01434491 -0.02417722
v -0.01166079 -0.01424790 -0.02474997
v -0.00923121 -0.01606402 -0.02321855
v -0.01166079 -0.01228950 -0.02516287
v -0.00552086 -0.01606402 -0.02510469
v -0.01133403 -0.01483401 -0.02321855
v -0.01151214 -0.01451185 -0.02407173
v -0.01120460 -0.01470466 -0.02474997
v -0.01133146 -0.01483158 -0.02325016
v -0.01166079 -0.01416140 -0.02492813
v -0.01162235 -0.01412219 -0.02508878
v -0.01017178 -0.01558463 -0.02321855
v -0.00922289 -0.01606402 -0.02325016
v -0.01166079 -0.01274586 -0.02525487
v -0.00594181 -0.01606402 -0.02518864
v -0.00643644 -0.01606402 -0.02525708
v -0.01101175 -0.01500984 -0.02407173
v -0.01103930 -0.01503288 -0.02375003
v -0.01110017 -0.01505633 -0.02321855
v -0.01112195 -0.01462220 -0.02508878
v -0.01093614 -0.01495447 -0.02474997
v -0.01097715 -0.01498357 -0.02440491
v -0.01166079 -0.01410239 -0.02504892
v -0.01166079 -0.01403206 -0.02510771
v -0.01166079 -0.01388573 -0.02516166
v -0.01127316 -0.01427337 -0.02516166
v -0.01041909 -0.01545852 -0.02321855
v -0.01028262 -0.01538940 -0.02424990
v -0.01000007 -0.01549975 -0.02450033
v -0.00912550 -0.01606402 -0.02361937
v -0.01166079 -0.01283883 -0.02527359
v -0.00693619 -0.01606402 -0.02527500
v -0.00725014 -0.01574995 -0.02527500
v -0.01068627 -0.01510564 -0.02474997
v -0.01074970 -0.01527541 -0.02325016
v -0.01074713 -0.01528107 -0.02321855
v -0.01105916 -0.01508664 -0.02321855
v -0.01108415 -0.01507088 -0.02321855
v -0.01076251 -0.01477338 -0.02514797
v -0.01060426 -0.01505916 -0.02506624
v -0.01166079 -0.01333883 -0.02527279
v -0.01124945 -0.01375032 -0.02527279
v -0.01074970 -0.01424993 -0.02527279
v -0.01019997 -0.01536676 -0.02470024
v -0.00977326 -0.01558827 -0.02470024
v -0.00885319 -0.01606402 -0.02465112
v -0.01166079 -0.01325031 -0.02527299
v -0.00924979 -0.01474993 -0.02527500
v -0.01024994 -0.01424993 -0.02527500
v -0.00743658 -0.01606402 -0.02526614
v -0.00775053 -0.01574995 -0.02527500
v -0.00995586 -0.01547024 -0.02483371
v -0.01024994 -0.01474993 -0.02525587
v -0.01024994 -0.01514727 -0.02511838
v -0.00962269 -0.01556240 -0.02506865
v -0.00896212 -0.01597389 -0.02485727
v -0.00974955 -0.01474993 -0.02527500
v -0.00882372 -0.01606402 -0.02475037
v -0.00883526 -0.01606402 -0.02471433
v -0.00797606 -0.01606402 -0.02519769
v -0.00825029 -0.01574995 -0.02525950
v -0.00924979 -0.01565213 -0.02512019
v -0.00825029 -0.01606402 -0.02515340
v -0.00862959 -0.01606402 -0.02507147
v -0.00863535 -0.01606402 -0.02506684
v -0.00838227 -0.01606402 -0.02512965
f 5786 5787 5791
f 5786 5791 5800
f 5786 5800 5807
f 5786 5807 5817
f 5786 5817 5834
f 5786 5834 5850
f 5786 5850 5844
f 5786 5844 5828
f 5786 5828 5827
f 5786 5827 5826
f 5786 5826 5813
f 5786 5813 5805
f 5786 5805 5804
f 5786 5804 5803
f 5786 5803 5797
f 5786 5797 5788
f 5786 5788 5796
f 5786 5796 5802
f 5786 5802 5809
f 5786 5809 5822
f 5786 5822 5841
f 5786 5841 5840
f 5786 5840 5839
f 5786 5839 5830
f 5786 5830 5815
f 5786 5815 5806
f 5786 5806 5798
f 5786 5798 5789
f 5786 5789 5790
f 5786 5790 5787
f 5787 5790 5792
f 5787 5792 5793
f 5787 5793 5794
f 5787 5794 5795
f 5787 5795 5791
f 5788 5797 5796
f 5789 5798 5790
f 5790 5798 5806
f 5790 5806 5816
f 5790 5816 5833
f 5790 5833 5849
f 5790 5849 5862
f 5790 5862 5861
f 5790 5861 5868
f 5790 5868 5867
f 5790 5867 5869
f 5790 5869 5866
f 5790 5866 5863
f 5790 5863 5853
f 5790 5853 5835
f 5790 5835 5819
f 5790 5819 5818
f 5790 5818 5808
f 5790 5808 5801
f 5790 5801 5794
f 5790 5794 5793
f 5790 5793 5792
f 5791 5799 5800
f 5791 5795 5799
f 5794 5801 5795
f 5795 5801 5800
f 5795 5800 5799
f 5796 5797 5803
f 5796 5803 5804
f 5796 5804 5805
f 5796 5805 5802
f 5800 5801 5808
f 5800 5808 5807
f 5802 5805 5810
f 5802 5810 5811
f 5802 5811 5812
f 5802 5812 5809
f 5805 5813 5814
f 5805 5814 5811
f 5805 5811 5810
f 5806 5815 5816
f 5807 5808 5818
f 5807 5818 5819
f 5807 5819 5817
f 5809 5812 5820
f 5809 5820 5821
f 5809 5821 5822
f 5811 5823 5824
f 5811 5824 5825
f 5811 5825 5820
f 5811 5820 5812
f 5811 5814 5823
f 5813 5826 5814
f 5814 5826 5827
f 5814 5827 5828
f 5814 5828 5829
f 5814 5829 5823
f 5815 5830 5831
f 5815 5831 5832
f 5815 5832 5833
f 5815 5833 5816
f 5817 5819 5834
f 5819 5835 5836
f 5819 5836 5834
f 5820 5825 5837
f 5820 5837 5838
f 5820 5838 5839
f 5820 5839 5821
f 5821 5840 5841
f 5821 5841 5822
f 5821 5839 5840
f 5823 5829 5842
f 5823 5842 5843
f 5823 5843 5824
f 5824 5843 5837
f 5824 5837 5825
f 5828 5844 5845
f 5828 5845 5829
f 5829 5845 5846
f 5829 5846 5842
f 5830 5839 5838
f 5830 5838 5837
f 5830 5837 5831
f 5831 5837 5847
f 5831 5847 5832
f 5832 5847 5848
f 5832 5848 5849
f 5832 5849 5833
f 5834 5836 5851
f 5834 5851 5852
f 5834 5852 5850
f 5835 5853 5854
f 5835 5854 5860
f 5835 5860 5852
f 5835 5852 5851
f 5835 5851 5836
f 5837 5843 5855
f 5837 5855 5847
f 5842 5846 5856
f 5842 5856 5857
f 5842 5857 5843
f 5843 5857 5858
f 5843 5858 5859
f 5843 5859 5855
f 5844 5850 5852
f 5844 5852 5845
f 5845 5852 5846
f 5846 5852 5860
f 5846 5860 5856
f 5847 5855 5848
f 5848 5855 5859
f 5848 5859 5861
f 5848 5861 5862
f 5848 5862 5849
f 5853 5863 5864
f 5853 5864 5860
f 5853 5860 5854
f 5856 5865 5857
f 5856 5860 5864
f 5856 5864 5866
f 5856 5866 5865
f 5857 5865 5867
f 5857 5867 5858
f 5858 5867 5868
f 5858 5868 5859
f 5859 5868 5861
f 5863 5866 5864
f 5865 5866 5869
f 5865 5869 5867

o part_50
v 0.00000401 0.01868392 -0.02329715
v 0.00000401 0.01850512 -0.02500822
v -0.00025079 0.01868392 -0.02329715
v 0.00000401 0.01683036 -0.02329715
v 0.00000401 0.01847168 -0.02502429
v -0.00003484 0.01850512 -0.02500822
v -0.00022098 0.01851824 -0.02470019
v -0.00025079 0.01856841 -0.02425007
v -0.00050108 0.01849998 -0.02450039
v -0.00070348 0.01861369 -0.02329715
v 0.00000401 0.01687486 -0.02474995
v -0.00515899 0.01605600 -0.02329715
v -0.00518790 0.01605600 -0.02425007
v -0.00521049 0.01605600 -0.02474995
v 0.00000401 0.01828208 -0.02511489
v -0.00022098 0.01828208 -0.02511489
v -0.00175072 0.01827179 -0.02474995
v -0.00125014 0.01815345 -0.02513735
v -0.00175072 0.01812052 -0.02512631
v -0.00225039 0.01808116 -0.02509843
v -0.00275007 0.01804154 -0.02505739
v -0.00309252 0.01801453 -0.02502216
v -0.00524934 0.01771739 -0.02474995
v -0.00355334 0.01800835 -0.02456874
v -0.00175072 0.01833250 -0.02425007
v -0.00075318 0.01860597 -0.02329715
v 0.00000401 0.01693789 -0.02508121
v -0.00540024 0.01605600 -0.02505352
v -0.00922686 0.01605600 -0.02329715
v 0.00000401 0.01774980 -0.02527500
v -0.00125014 0.01774980 -0.02527500
v -0.00075047 0.01818612 -0.02513735
v -0.00175072 0.01774980 -0.02526377
v -0.00225039 0.01774980 -0.02523589
v -0.00524934 0.01725020 -0.02524596
v -0.00474967 0.01763044 -0.02513038
v -0.00524934 0.01759339 -0.02510850
v -0.00564149 0.01754914 -0.02506223
v -0.00578426 0.01757873 -0.02475692
v -0.00574992 0.01765513 -0.02425007
v -0.00574992 0.01777682 -0.02329715
v -0.00570203 0.01778814 -0.02329715
v -0.00524934 0.01777810 -0.02425007
v -0.00474967 0.01785734 -0.02425007
v -0.00436655 0.01797877 -0.02375018
v -0.00146158 0.01849380 -0.02329715
v 0.00000401 0.01725020 -0.02521866
v -0.00574992 0.01605600 -0.02514548
v -0.00625953 0.01605600 -0.02521847
v -0.00718660 0.01709533 -0.02329715
v -0.00712696 0.01706498 -0.02375018
v -0.00910939 0.01605600 -0.02374263
v -0.00075047 0.01725020 -0.02525254
v -0.00125014 0.01725020 -0.02527055
v -0.00175072 0.01725020 -0.02527500
v -0.00425090 0.01725020 -0.02527500
v -0.00474967 0.01725020 -0.02526784
v -0.00624959 0.01675009 -0.02526261
v -0.00624959 0.01716865 -0.02512515
v -0.00578426 0.01729162 -0.02514742
v -0.00664084 0.01707218 -0.02507520
v -0.00597491 0.01748560 -0.02492826
v -0.00602460 0.01751261 -0.02459487
v -0.00613574 0.01756946 -0.02375018
v -0.00619538 0.01759982 -0.02329715
v -0.00524934 0.01789361 -0.02329715
v -0.00520236 0.01790107 -0.02329715
v -0.00427891 0.01804746 -0.02329715
v -0.00674927 0.01605600 -0.02525642
v -0.00644567 0.01747248 -0.02329715
v -0.00678451 0.01710588 -0.02474279
v -0.00778114 0.01660011 -0.02472846
v -0.00638603 0.01744212 -0.02375018
v -0.00891784 0.01605600 -0.02446787
v -0.00624959 0.01625023 -0.02527481
v -0.00674927 0.01625023 -0.02527500
v -0.00574992 0.01675009 -0.02527500
v -0.00724985 0.01625023 -0.02526106
v -0.00824919 0.01605600 -0.02515632
v -0.00724985 0.01666314 -0.02512360
v -0.00824919 0.01615762 -0.02512186
v -0.00862869 0.01606578 -0.02507094
v -0.00697426 0.01698188 -0.02490464
v -0.00724985 0.01605600 -0.02526648
v -0.00877688 0.01609433 -0.02471433
v -0.00887356 0.01605600 -0.02463379
v -0.00863411 0.01605600 -0.02507385
v -0.00883651 0.01605600 -0.02476021
v -0.00796818 0.01647791 -0.02488083
f 5870 5871 5875
f 5870 5875 5872
f 5870 5872 5879
f 5870 5879 5895
f 5870 5895 5915
f 5870 5915 5937
f 5870 5937 5936
f 5870 5936 5935
f 5870 5935 5911
f 5870 5911 5910
f 5870 5910 5934
f 5870 5934 5939
f 5870 5939 5919
f 5870 5919 5898
f 5870 5898 5881
f 5870 5881 5873
f 5870 5873 5880
f 5870 5880 5896
f 5870 5896 5916
f 5870 5916 5899
f 5870 5899 5884
f 5870 5884 5874
f 5870 5874 5871
f 5871 5874 5875
f 5872 5875 5876
f 5872 5876 5877
f 5872 5877 5878
f 5872 5878 5879
f 5873 5881 5882
f 5873 5882 5883
f 5873 5883 5880
f 5874 5884 5885
f 5874 5885 5875
f 5875 5886 5876
f 5875 5885 5887
f 5875 5887 5888
f 5875 5888 5889
f 5875 5889 5890
f 5875 5890 5891
f 5875 5891 5892
f 5875 5892 5886
f 5876 5886 5878
f 5876 5878 5877
f 5878 5886 5893
f 5878 5893 5894
f 5878 5894 5895
f 5878 5895 5879
f 5880 5883 5897
f 5880 5897 5896
f 5881 5898 5921
f 5881 5921 5943
f 5881 5943 5955
f 5881 5955 5957
f 5881 5957 5956
f 5881 5956 5948
f 5881 5948 5953
f 5881 5953 5938
f 5881 5938 5918
f 5881 5918 5917
f 5881 5917 5897
f 5881 5897 5883
f 5881 5883 5882
f 5884 5899 5900
f 5884 5900 5885
f 5885 5900 5901
f 5885 5901 5887
f 5886 5892 5893
f 5887 5901 5900
f 5887 5900 5902
f 5887 5902 5888
f 5888 5902 5903
f 5888 5903 5904
f 5888 5904 5905
f 5888 5905 5906
f 5888 5906 5889
f 5889 5906 5890
f 5890 5906 5891
f 5891 5906 5907
f 5891 5907 5892
f 5892 5907 5908
f 5892 5908 5909
f 5892 5909 5910
f 5892 5910 5911
f 5892 5911 5912
f 5892 5912 5893
f 5893 5912 5913
f 5893 5913 5914
f 5893 5914 5894
f 5894 5915 5895
f 5894 5914 5915
f 5896 5897 5917
f 5896 5917 5918
f 5896 5918 5916
f 5898 5919 5920
f 5898 5920 5921
f 5899 5916 5922
f 5899 5922 5923
f 5899 5923 5924
f 5899 5924 5945
f 5899 5945 5946
f 5899 5946 5925
f 5899 5925 5900
f 5900 5925 5926
f 5900 5926 5902
f 5902 5926 5904
f 5902 5904 5903
f 5904 5906 5905
f 5904 5926 5927
f 5904 5927 5928
f 5904 5928 5929
f 5904 5929 5906
f 5906 5929 5928
f 5906 5928 5907
f 5907 5928 5930
f 5907 5930 5931
f 5907 5931 5908
f 5908 5931 5932
f 5908 5932 5910
f 5908 5910 5909
f 5910 5932 5933
f 5910 5933 5934
f 5911 5935 5912
f 5912 5935 5936
f 5912 5936 5914
f 5912 5914 5913
f 5914 5936 5937
f 5914 5937 5915
f 5916 5918 5938
f 5916 5938 5922
f 5919 5939 5942
f 5919 5942 5920
f 5920 5940 5941
f 5920 5941 5921
f 5920 5942 5932
f 5920 5932 5940
f 5921 5941 5943
f 5922 5938 5944
f 5922 5944 5923
f 5923 5944 5924
f 5924 5944 5945
f 5925 5946 5926
f 5926 5946 5927
f 5927 5946 5945
f 5927 5945 5947
f 5927 5947 5928
f 5928 5947 5948
f 5928 5948 5949
f 5928 5949 5930
f 5930 5949 5950
f 5930 5950 5951
f 5930 5951 5931
f 5931 5951 5952
f 5931 5952 5940
f 5931 5940 5932
f 5932 5942 5933
f 5933 5942 5939
f 5933 5939 5934
f 5938 5953 5944
f 5940 5952 5941
f 5941 5952 5954
f 5941 5954 5955
f 5941 5955 5943
f 5944 5953 5945
f 5945 5953 5947
f 5947 5953 5948
f 5948 5956 5950
f 5948 5950 5949
f 5950 5956 5951
f 5951 5956 5957
f 5951 5957 5958
f 5951 5958 5952
f 5952 5958 5957
f 5952 5957 5954
f 5954 5957 5955

o part_51
v -0.00515918 0.01605574 -0.02329715
v -0.00518844 0.01605574 -0.02425007
v -0.00922680 0.01605574 -0.02329715
v -0.01263306 0.01097174 -0.02329715
v -0.01263306 0.01099414 -0.02474995
v -0.00521112 0.01605574 -0.02474995
v -0.00921216 0.01605574 -0.02335291
v -0.01018225 0.01556850 -0.02329715
v -0.01263306 0.01352196 -0.02329715
v -0.01263306 0.01126539 -0.02514354
v -0.01237554 0.01137588 -0.02508992
v -0.00545401 0.01598258 -0.02502390
v -0.00540060 0.01605574 -0.02505352
v -0.00887490 0.01605574 -0.02463379
v -0.00974988 0.01572826 -0.02375018
v -0.01034905 0.01542267 -0.02375018
v -0.01040831 0.01545303 -0.02329715
v -0.01257746 0.01357770 -0.02329715
v -0.01263306 0.01350951 -0.02337382
v -0.01263306 0.01174467 -0.02524886
v -0.00575030 0.01605574 -0.02514548
v -0.00883686 0.01605574 -0.02476021
v -0.00977329 0.01558840 -0.02470019
v -0.01000008 0.01549981 -0.02450039
v -0.01003300 0.01551673 -0.02425007
v -0.01028247 0.01538932 -0.02425007
v -0.01068631 0.01510564 -0.02474995
v -0.01074996 0.01526888 -0.02329715
v -0.01210120 0.01405400 -0.02329715
v -0.01263306 0.01340898 -0.02396934
v -0.01157738 0.01457758 -0.02329715
v -0.01153934 0.01453925 -0.02375018
v -0.01263306 0.01225033 -0.02527306
v -0.01224971 0.01225033 -0.02527365
v -0.00725005 0.01574966 -0.02527500
v -0.00675038 0.01574966 -0.02522718
v -0.00626021 0.01605574 -0.02521847
v -0.00863494 0.01605574 -0.02507385
v -0.00896196 0.01597362 -0.02485721
v -0.00995545 0.01546995 -0.02483359
v -0.01019980 0.01536693 -0.02470019
v -0.01060437 0.01505935 -0.02506610
v -0.01093651 0.01495433 -0.02474995
v -0.01097748 0.01498370 -0.02440495
v -0.01101186 0.01501008 -0.02407176
v -0.01107771 0.01506532 -0.02329715
v -0.01263306 0.01327659 -0.02474995
v -0.01145447 0.01445465 -0.02474995
v -0.01155397 0.01460097 -0.02329715
v -0.01128914 0.01478910 -0.02375018
v -0.01263306 0.01276744 -0.02519136
v -0.01224971 0.01275002 -0.02527287
v -0.01024955 0.01424959 -0.02527500
v -0.00775046 0.01574966 -0.02527500
v -0.00725005 0.01605574 -0.02526648
v -0.00675038 0.01605574 -0.02525642
v -0.00825013 0.01605574 -0.02515632
v -0.00924947 0.01565211 -0.02512012
v -0.01024955 0.01514694 -0.02511838
v -0.00962258 0.01556252 -0.02506862
v -0.01076239 0.01477317 -0.02514800
v -0.01112233 0.01462187 -0.02508875
v -0.01120427 0.01470449 -0.02474995
v -0.01132718 0.01482742 -0.02329715
v -0.01263306 0.01313325 -0.02504481
v -0.01263306 0.01309792 -0.02509398
v -0.01227312 0.01327360 -0.02516155
v -0.01074996 0.01424959 -0.02527287
v -0.00974988 0.01474978 -0.02527500
v -0.00875053 0.01524997 -0.02527500
v -0.00825013 0.01574966 -0.02525932
v -0.00924947 0.01524997 -0.02525758
v -0.01024955 0.01474978 -0.02525584
v -0.01127304 0.01427299 -0.02516155
v -0.01262209 0.01312280 -0.02508875
f 5959 5960 5964
f 5959 5964 5971
f 5959 5971 5979
f 5959 5979 5995
f 5959 5995 6014
f 5959 6014 6013
f 5959 6013 6015
f 5959 6015 5996
f 5959 5996 5980
f 5959 5980 5972
f 5959 5972 5965
f 5959 5965 5961
f 5959 5961 5966
f 5959 5966 5975
f 5959 5975 5986
f 5959 5986 6004
f 5959 6004 6022
f 5959 6022 6007
f 5959 6007 5989
f 5959 5989 5987
f 5959 5987 5976
f 5959 5976 5967
f 5959 5967 5962
f 5959 5962 5963
f 5959 5963 5960
f 5960 5963 5964
f 5961 5965 5966
f 5962 5967 5977
f 5962 5977 5988
f 5962 5988 6005
f 5962 6005 6023
f 5962 6023 6024
f 5962 6024 6009
f 5962 6009 5991
f 5962 5991 5978
f 5962 5978 5968
f 5962 5968 5963
f 5963 5968 5969
f 5963 5969 5970
f 5963 5970 5964
f 5964 5970 5971
f 5965 5972 5973
f 5965 5973 5966
f 5966 5974 5975
f 5966 5973 5974
f 5967 5976 5977
f 5968 5978 5979
f 5968 5979 5971
f 5968 5971 5970
f 5968 5970 5969
f 5972 5980 5981
f 5972 5981 5982
f 5972 5982 5983
f 5972 5983 5973
f 5973 5983 5974
f 5974 5983 5984
f 5974 5984 5985
f 5974 5985 5975
f 5975 5985 5986
f 5976 5987 5977
f 5977 5987 5989
f 5977 5989 5990
f 5977 5990 5988
f 5978 5991 5992
f 5978 5992 5993
f 5978 5993 5994
f 5978 5994 5979
f 5979 5994 5995
f 5980 5996 5997
f 5980 5997 5981
f 5981 5998 5985
f 5981 5985 5999
f 5981 5999 5982
f 5981 5997 5998
f 5982 5999 5984
f 5982 5984 5983
f 5984 5999 5985
f 5985 5998 6000
f 5985 6000 6001
f 5985 6001 6002
f 5985 6002 6003
f 5985 6003 5986
f 5986 6003 6004
f 5988 5990 6006
f 5988 6006 6005
f 5989 6007 5990
f 5990 6007 6008
f 5990 6008 6021
f 5990 6021 6006
f 5991 6009 6010
f 5991 6010 6011
f 5991 6011 5992
f 5992 6011 5993
f 5993 6012 6013
f 5993 6013 6014
f 5993 6014 5995
f 5993 5995 5994
f 5993 6011 6027
f 5993 6027 6028
f 5993 6028 6012
f 5996 6015 6016
f 5996 6016 6017
f 5996 6017 6018
f 5996 6018 5997
f 5997 6018 6000
f 5997 6000 5998
f 6000 6018 6017
f 6000 6017 6019
f 6000 6019 6020
f 6000 6020 6001
f 6001 6020 6021
f 6001 6021 6002
f 6002 6021 6003
f 6003 6021 6008
f 6003 6008 6022
f 6003 6022 6004
f 6005 6006 6023
f 6006 6021 6020
f 6006 6020 6023
f 6007 6022 6008
f 6009 6024 6025
f 6009 6025 6026
f 6009 6026 6010
f 6010 6026 6027
f 6010 6027 6011
f 6012 6028 6029
f 6012 6029 6013
f 6013 6029 6015
f 6015 6029 6030
f 6015 6030 6031
f 6015 6031 6016
f 6016 6031 6017
f 6017 6031 6019
f 6019 6032 6020
f 6019 6031 6026
f 6019 6026 6032
f 6020 6032 6025
f 6020 6025 6024
f 6020 6024 6033
f 6020 6033 6023
f 6023 6033 6024
f 6025 6032 6026
f 6026 6031 6027
f 6027 6030 6029
f 6027 6029 6028
f 6027 6031 6030

o part_52
v 0.01005680 0.01353818 -0.02331483
v 0.01005680 0.01563050 -0.02331483
v 0.01005680 0.01355926 -0.02474985
v 0.01335473 0.01024823 -0.02331483
v 0.01037415 0.01546874 -0.02331483
v 0.01009940 0.01555041 -0.02375019
v 0.01005680 0.01557201 -0.02375019
v 0.01005680 0.01356137 -0.02475599
v 0.01337586 0.01024823 -0.02474985
v 0.01353914 0.01024823 -0.02331483
v 0.01040653 0.01545188 -0.02331483
v 0.01034926 0.01542290 -0.02375019
v 0.01005680 0.01550984 -0.02421260
v 0.01028347 0.01538918 -0.02425002
v 0.01005680 0.01378056 -0.02514050
v 0.01037585 0.01337537 -0.02508985
v 0.01187534 0.01187582 -0.02508985
v 0.01337552 0.01037574 -0.02508985
v 0.01344915 0.01024823 -0.02495112
v 0.01337927 0.01024823 -0.02475925
v 0.01353914 0.01024823 -0.02503228
v 0.01353914 0.01261348 -0.02331483
v 0.01045868 0.01542396 -0.02331483
v 0.01068673 0.01510571 -0.02474985
v 0.01005680 0.01547770 -0.02445014
v 0.01005680 0.01544134 -0.02470015
v 0.01005680 0.01391070 -0.02518924
v 0.01353914 0.01030566 -0.02512457
v 0.01353914 0.01248228 -0.02409096
v 0.01329371 0.01285901 -0.02331483
v 0.01075013 0.01526641 -0.02331483
v 0.01101226 0.01500981 -0.02407177
v 0.01097783 0.01498347 -0.02440486
v 0.01093693 0.01495449 -0.02474985
v 0.01060492 0.01505934 -0.02506624
v 0.01005680 0.01542764 -0.02477863
v 0.01005680 0.01424950 -0.02525965
v 0.01353914 0.01041157 -0.02516352
v 0.01353914 0.01237058 -0.02474985
v 0.01348392 0.01248439 -0.02440486
v 0.01135892 0.01479378 -0.02331483
v 0.01078762 0.01524376 -0.02331483
v 0.01103953 0.01503300 -0.02375019
v 0.01129382 0.01485754 -0.02331483
v 0.01132654 0.01482593 -0.02331483
v 0.01124814 0.01474794 -0.02423851
v 0.01120485 0.01470421 -0.02474985
v 0.01112270 0.01462201 -0.02508889
v 0.01025007 0.01514733 -0.02511843
v 0.01005680 0.01535967 -0.02493117
v 0.01076308 0.01477323 -0.02514798
v 0.01005680 0.01444287 -0.02527481
v 0.01025007 0.01424950 -0.02527481
v 0.01353914 0.01096112 -0.02527366
v 0.01353914 0.01228785 -0.02492061
v 0.01170491 0.01420471 -0.02474985
v 0.01145505 0.01445446 -0.02474985
v 0.01107634 0.01506408 -0.02331483
v 0.01127371 0.01427321 -0.02516161
v 0.01312225 0.01262243 -0.02508889
v 0.01353914 0.01215876 -0.02510615
v 0.01353914 0.01200807 -0.02516161
v 0.01005680 0.01520160 -0.02513167
v 0.01025007 0.01474952 -0.02525581
v 0.01005680 0.01496555 -0.02521341
v 0.01075013 0.01424950 -0.02527289
v 0.01005680 0.01474952 -0.02526330
v 0.01125019 0.01375000 -0.02527289
v 0.01224996 0.01275047 -0.02527289
v 0.01353914 0.01146115 -0.02527289
v 0.01353914 0.01176306 -0.02521149
f 6034 6035 6040
f 6034 6040 6046
f 6034 6046 6058
f 6034 6058 6059
f 6034 6059 6069
f 6034 6069 6083
f 6034 6083 6096
f 6034 6096 6098
f 6034 6098 6100
f 6034 6100 6085
f 6034 6085 6070
f 6034 6070 6060
f 6034 6060 6048
f 6034 6048 6041
f 6034 6041 6036
f 6034 6036 6037
f 6034 6037 6043
f 6034 6043 6055
f 6034 6055 6063
f 6034 6063 6074
f 6034 6074 6078
f 6034 6078 6077
f 6034 6077 6091
f 6034 6091 6075
f 6034 6075 6064
f 6034 6064 6056
f 6034 6056 6044
f 6034 6044 6038
f 6034 6038 6035
f 6035 6038 6039
f 6035 6039 6040
f 6036 6041 6042
f 6036 6042 6037
f 6037 6042 6053
f 6037 6053 6052
f 6037 6052 6054
f 6037 6054 6043
f 6038 6044 6045
f 6038 6045 6039
f 6039 6046 6040
f 6039 6045 6047
f 6039 6047 6046
f 6041 6048 6049
f 6041 6049 6050
f 6041 6050 6051
f 6041 6051 6052
f 6041 6052 6053
f 6041 6053 6042
f 6043 6054 6061
f 6043 6061 6071
f 6043 6071 6087
f 6043 6087 6103
f 6043 6103 6104
f 6043 6104 6095
f 6043 6095 6094
f 6043 6094 6088
f 6043 6088 6072
f 6043 6072 6062
f 6043 6062 6055
f 6044 6056 6057
f 6044 6057 6045
f 6045 6057 6047
f 6046 6047 6058
f 6047 6057 6059
f 6047 6059 6058
f 6048 6060 6061
f 6048 6061 6051
f 6048 6051 6050
f 6048 6050 6049
f 6051 6061 6054
f 6051 6054 6052
f 6055 6062 6063
f 6056 6064 6057
f 6057 6064 6065
f 6057 6065 6066
f 6057 6066 6067
f 6057 6067 6068
f 6057 6068 6069
f 6057 6069 6059
f 6060 6070 6071
f 6060 6071 6061
f 6062 6072 6073
f 6062 6073 6074
f 6062 6074 6063
f 6064 6075 6065
f 6065 6075 6076
f 6065 6076 6077
f 6065 6077 6078
f 6065 6078 6079
f 6065 6079 6080
f 6065 6080 6066
f 6066 6080 6067
f 6067 6080 6081
f 6067 6081 6068
f 6068 6082 6083
f 6068 6083 6069
f 6068 6081 6084
f 6068 6084 6082
f 6070 6085 6086
f 6070 6086 6087
f 6070 6087 6071
f 6072 6088 6089
f 6072 6089 6073
f 6073 6089 6074
f 6074 6089 6090
f 6074 6090 6079
f 6074 6079 6078
f 6075 6091 6076
f 6076 6091 6077
f 6079 6090 6080
f 6080 6090 6081
f 6081 6092 6084
f 6081 6090 6089
f 6081 6089 6088
f 6081 6088 6093
f 6081 6093 6094
f 6081 6094 6095
f 6081 6095 6092
f 6082 6096 6083
f 6082 6084 6097
f 6082 6097 6098
f 6082 6098 6096
f 6084 6092 6099
f 6084 6099 6097
f 6085 6100 6099
f 6085 6099 6101
f 6085 6101 6102
f 6085 6102 6103
f 6085 6103 6086
f 6086 6103 6087
f 6088 6094 6093
f 6092 6101 6099
f 6092 6095 6104
f 6092 6104 6102
f 6092 6102 6101
f 6097 6100 6098
f 6097 6099 6100
f 6102 6104 6103

