v 0.01735269 -0.01728240 0.01924668
v 0.02526191 0.00004773 0.02679220
v 0.02482678 0.00004773 0.02244432
v 0.02455688 0.00004773 0.01974165
v 0.02450769 0.00004773 0.01924668
v 0.02722187 0.00004773 0.01924668
v 0.02722187 -0.00055109 0.01924668
v 0.02711593 -0.00165034 0.01924668
v 0.02710584 -0.00175382 0.01924668
v 0.02700746 -0.00275128 0.01924668
v 0.02689900 -0.00385053 0.01924668
v 0.02688764 -0.00395401 0.01924668
v 0.02677161 -0.00495148 0.01924668
v 0.02651936 -0.00609314 0.01924668
v 0.02651306 -0.00611688 0.01924668
v 0.02638315 -0.00654607 0.01924668
v 0.02586604 -0.00825092 0.01924668
v 0.02583451 -0.00835440 0.01924668
v 0.02550407 -0.00943838 0.01924668
v 0.02533254 -0.00998291 0.01924668
v 0.02517867 -0.01034763 0.01924668
v 0.02513831 -0.01044263 0.01924668
v 0.02460733 -0.01154866 0.01924668
v 0.02456949 -0.01161991 0.01924668
v 0.02326033 -0.01407287 0.01924668
v 0.02311907 -0.01433411 0.01924668
v 0.02284034 -0.01480061 0.01924668
v 0.02223873 -0.01569120 0.01924668
v 0.02183135 -0.01618994 0.01924668
v 0.02178972 -0.01624083 0.01924668
v 0.02123983 -0.01691259 0.01924668
v 0.02093587 -0.01728240 0.01924668
v 0.02452661 -0.01728240 0.04554212
v 0.02481291 -0.01728240 0.04797761
v 0.02199278 -0.01728240 0.04797761
v 0.02082992 -0.01728240 0.04444249
v 0.02078830 -0.01728240 0.04426250
v 0.02063948 -0.01728240 0.04360723
v 0.02058020 -0.01728240 0.04334287
v 0.02694818 0.00004773 0.04334287
v 0.02648153 0.00004773 0.03884874
v 0.02714620 0.00004773 0.04444249
v 0.02804546 0.00004773 0.04797761
v 0.03023623 0.00004773 0.04797761
v 0.03012776 0.00004773 0.04664175
v 0.03007479 0.00004773 0.04604553
v 0.03002938 0.00004773 0.04554212
v 0.02751322 0.00004773 0.02176091
v 0.02751322 -0.00014057 0.02176091
v 0.02520768 -0.01634091 0.04554212
v 0.02526822 -0.01644439 0.04664175
v 0.02309889 -0.01539604 0.02410641
v 0.03002938 -0.00055109 0.04554212
v 0.02997389 -0.00412534 0.04797761
v 0.02640459 -0.01431036 0.04606241
v 0.02629486 -0.01485659 0.04797761
v 0.02543974 -0.01634091 0.04797761
v 0.02652567 -0.01443758 0.04797761
v 0.02765952 -0.01229337 0.04797761
v 0.02787393 -0.01179973 0.04797761
v 0.02865338 -0.00952659 0.04797761
v 0.02878707 -0.00911946 0.04797761
v 0.02896112 -0.00853761 0.04797761
v 0.02969137 -0.00596082 0.04797761
v 0.02984020 -0.00516692 0.04797761
v 0.02987425 -0.00494469 0.04797761
v 0.03022109 -0.00083099 0.04797761
v 0.03023623 -0.00055109 0.04797761
v 0.02285169 -0.01498891 0.02024506
v 0.02292232 -0.01510596 0.02134469
v 0.02306357 -0.01533666 0.02354394
v 0.02971660 -0.00457149 0.04599491
v 0.03012776 -0.00055109 0.04664175
v 0.02753087 -0.01215766 0.04593585
v 0.02769610 -0.01160125 0.04555900
v 0.02811735 -0.01044942 0.04554212
v 0.02521903 -0.01081074 0.02134469
v 0.02515723 -0.01066486 0.02024506
v 0.02941516 -0.00605073 0.04554212
v 0.02863950 -0.00893116 0.04587398
v 0.02821951 -0.01044942 0.04664175
v 0.02912129 -0.00715167 0.04554212
v -0.00000437 0.01924991 -0.04801109
v -0.00000437 0.01877087 -0.04786073
v -0.00000437 0.01828466 -0.04770810
v -0.00000437 0.01517116 -0.04390832
v -0.00000437 0.01517116 -0.04126561
v -0.00000437 0.01797564 -0.04033032
v -0.00000437 0.02126453 -0.04033032
v -0.00000437 0.02091315 -0.04423988
v -0.00000437 0.02058683 -0.04685552
v -0.00000437 0.02015312 -0.04770810
v -0.00000437 0.01970510 -0.04785847
v 0.00055005 0.01924991 -0.04801109
v 0.00605043 0.01815043 -0.04801109
v 0.01044928 0.01595028 -0.04799380
v 0.01122838 0.01517116 -0.04796147
v 0.00055005 0.02015312 -0.04770810
v 0.00165012 0.01924991 -0.04800884
v 0.00275020 0.01924991 -0.04799305
v 0.00715051 0.01815043 -0.04797651
v 0.00934920 0.01705036 -0.04796373
v 0.01232846 0.01517116 -0.04792689
v 0.01335558 0.01517116 -0.04766450
v 0.01351899 0.01517116 -0.04760059
v 0.01391729 0.01517116 -0.04691792
v 0.01393626 0.01517116 -0.04685552
v 0.01401942 0.01517116 -0.04632322
v 0.01409529 0.01517116 -0.04582099
v 0.01490065 0.01517116 -0.04033032
v 0.00968039 0.01517116 -0.04033032
v 0.00965121 0.01517116 -0.04759683
v 0.01008161 0.01517116 -0.04772164
v 0.00055005 0.02058683 -0.04685552
v 0.00165012 0.02011554 -0.04770660
v 0.00275020 0.02007079 -0.04769006
v 0.00385028 0.01924991 -0.04793892
v 0.00715051 0.01897489 -0.04767352
v 0.00830457 0.01822202 -0.04774118
v 0.00934920 0.01792016 -0.04766149
v 0.01047700 0.01710703 -0.04773141
v 0.01154936 0.01595028 -0.04789230
v 0.00014153 0.02091315 -0.04423988
v 0.00055005 0.02072225 -0.04575558
v 0.00165012 0.02049615 -0.04685552
v 0.00385028 0.01999742 -0.04763592
v 0.00797484 0.01883351 -0.04756149
v 0.00473296 0.01990017 -0.04753293
v 0.01012976 0.01772329 -0.04754495
v 0.01154936 0.01673596 -0.04758931
v 0.01256481 0.01590136 -0.04761788
v 0.00055005 0.02126453 -0.04033032
v 0.00055005 0.02116252 -0.04135658
v 0.00087394 0.02087795 -0.04388952
v 0.00125182 0.02091494 -0.04315573
v 0.00165012 0.02061546 -0.04575558
v 0.00275020 0.02039712 -0.04685552
v 0.00385028 0.02025096 -0.04685552
v 0.00546684 0.01978265 -0.04730512
v 0.00715051 0.01931613 -0.04685552
v 0.00817180 0.01892896 -0.04685552
v 0.00872184 0.01864797 -0.04685552
v 0.01030192 0.01781576 -0.04685552
v 0.01085196 0.01751031 -0.04685552
v 0.01214316 0.01653611 -0.04744947
v 0.01332349 0.01550166 -0.04751413
v 0.01448922 0.01555654 -0.04033032
v 0.01376118 0.01615550 -0.04033032
v 0.01271071 0.01701695 -0.04033032
v 0.01265527 0.01706229 -0.04033032
v 0.01209356 0.01751628 -0.04033032
v 0.01203958 0.01755983 -0.04033032
v 0.01148954 0.01789033 -0.04033032
v 0.01057913 0.01840219 -0.04033032
v 0.01050764 0.01844216 -0.04033032
v 0.00941923 0.01902381 -0.04033032
v 0.00935358 0.01905841 -0.04033032
v 0.00819223 0.01962277 -0.04033032
v 0.00817326 0.01963112 -0.04033032
v 0.00727452 0.01996580 -0.04033032
v 0.00708194 0.02002486 -0.04033032
v 0.00502184 0.02064947 -0.04033032
v 0.00485844 0.02069898 -0.04033032
v 0.00442512 0.02080636 -0.04033032
v 0.00401222 0.02089406 -0.04033032
v 0.00372189 0.02093582 -0.04033032
v 0.00282023 0.02104201 -0.04033032
v 0.00275020 0.02104977 -0.04033032
v 0.00172453 0.02115059 -0.04033032
v 0.00062446 0.02125737 -0.04033032
v 0.00273561 0.02095014 -0.04134305
v 0.00275020 0.02061725 -0.04465564
v 0.00309160 0.02087915 -0.04170017
v 0.00341404 0.02091554 -0.04096713
v 0.00380943 0.02082009 -0.04134305
v 0.00414791 0.02086244 -0.04044911
v 0.00495035 0.02010659 -0.04575558
v 0.00503935 0.01995983 -0.04690514
v 0.00715051 0.01943962 -0.04575558
v 0.00559231 0.01982739 -0.04657208
v 0.00768596 0.01979578 -0.04076714
v 0.00818931 0.01962277 -0.04034310
v 0.00824913 0.01948496 -0.04135658
v 0.00878749 0.01869331 -0.04624954
v 0.01052369 0.01782829 -0.04569769
v 0.01093950 0.01756878 -0.04602549
v 0.00927917 0.01847795 -0.04583227
v 0.01154936 0.01704976 -0.04685552
v 0.01220736 0.01658921 -0.04685552
v 0.01342853 0.01558816 -0.04685552
v 0.01440897 0.01549092 -0.04135658
v 0.00495035 0.02033567 -0.04355646
v 0.00715051 0.01955416 -0.04465564
v 0.00739708 0.01970808 -0.04245652
v 0.00628241 0.01970331 -0.04575558
v 0.00725264 0.01997176 -0.04034310
v 0.00907200 0.01884544 -0.04355646
v 0.01044928 0.01798578 -0.04465564
v 0.01044928 0.01810987 -0.04355646
v 0.01101537 0.01760994 -0.04529245
v 0.01144869 0.01726930 -0.04569769
v 0.01229490 0.01666020 -0.04575558
v 0.01284494 0.01620919 -0.04575558
v 0.01406465 0.01520755 -0.04575558
v 0.01428642 0.01539010 -0.04292491
v 0.01107664 0.01764573 -0.04465564
v 0.01246706 0.01680218 -0.04355646
v 0.01273843 0.01686602 -0.04133102
v 0.01365322 0.01611553 -0.04133102
v 0.02450754 0.00004773 0.01924949
v 0.01663880 0.01794774 0.01924949
v 0.02039064 0.01794774 0.01924949
v 0.02129130 0.01684914 0.01924949
v 0.02178959 0.01624114 0.01924949
v 0.02219595 0.01574353 0.01924949
v 0.02223858 0.01569097 0.01924949
v 0.02228921 0.01561913 0.01924949
v 0.02284080 0.01480087 0.01924949
v 0.02296870 0.01458536 0.01924949
v 0.02325915 0.01407198 0.01924949
v 0.02338838 0.01383368 0.01924949
v 0.02425706 0.01220593 0.01924949
v 0.02460746 0.01154887 0.01924949
v 0.02464877 0.01146652 0.01924949
v 0.02513906 0.01044326 0.01924949
v 0.02527629 0.01011386 0.01924949
v 0.02537888 0.00983527 0.01924949
v 0.02550412 0.00943928 0.01924949
v 0.02556274 0.00924829 0.01924949
v 0.02623557 0.00703182 0.01924949
v 0.02651270 0.00611719 0.01924949
v 0.02651936 0.00609266 0.01924949
v 0.02677117 0.00495026 0.01924949
v 0.02678316 0.00484863 0.01924949
v 0.02689907 0.00385166 0.01924949
v 0.02701765 0.00264793 0.01924949
v 0.02712557 0.00154757 0.01924949
v 0.02722149 0.00055060 0.01924949
v 0.02722149 0.00004773 0.01924949
v 0.02751327 0.00004773 0.02176127
v 0.03003005 0.00004773 0.04554155
v 0.03024988 0.00004773 0.04801109
v 0.02803955 0.00004773 0.04801109
v 0.02714555 0.00004773 0.04444335
v 0.02694837 0.00004773 0.04334233
v 0.02648205 0.00004773 0.03884816
v 0.02637147 0.00004773 0.03775840
v 0.02526164 0.00004773 0.02679047
v 0.02002425 0.01794774 0.04326912
v 0.02003491 0.01794774 0.04334233
v 0.02030004 0.01794774 0.04451093
v 0.02142853 0.01794774 0.04801109
v 0.02425173 0.01794774 0.04801109
v 0.02408919 0.01794774 0.04615823
v 0.02401058 0.01794774 0.04557815
v 0.02751327 0.00014059 0.02176127
v 0.02427039 0.01768667 0.04577809
v 0.03000740 0.00385166 0.04801109
v 0.03003005 0.00055060 0.04554155
v 0.02441827 0.01783560 0.04801109
v 0.02526830 0.01644439 0.04664256
v 0.02520835 0.01634102 0.04554155
v 0.02309927 0.01539661 0.02410692
v 0.02989681 0.00494500 0.04801109
v 0.02904146 0.00825132 0.04801109
v 0.02880297 0.00913265 0.04801109
v 0.02796227 0.01154887 0.04801109
v 0.02767449 0.01230756 0.04801109
v 0.02654201 0.01445219 0.04801109
v 0.02566267 0.01595379 0.04801109
v 0.03024988 0.00055060 0.04801109
v 0.02640478 0.01431027 0.04606249
v 0.02312991 0.01435407 0.01943252
v 0.02292207 0.01510575 0.02134452
v 0.02941451 0.00605061 0.04554155
v 0.02951310 0.00605061 0.04664256
v 0.02753060 0.01215687 0.04593577
v 0.02285145 0.01499011 0.02024632
v 0.02912140 0.00715096 0.04554155
v 0.02922132 0.00715096 0.04664256
v 0.02769713 0.01160144 0.04555844
v 0.02533625 0.00999471 0.01933678
v 0.02515638 0.01066403 0.02024632
v 0.02521900 0.01080946 0.02134452
v 0.02526697 0.01092160 0.02218929
v 0.02863909 0.00893291 0.04587382
v 0.02821941 0.01044852 0.04664256
v 0.02811682 0.01044852 0.04554155
v -0.02211796 -0.01584031 0.01924668
v -0.02223852 -0.01569256 0.01924668
v -0.02228970 -0.01561947 0.01924668
v -0.02284016 -0.01479987 0.01924668
v -0.02296868 -0.01458525 0.01924668
v -0.02325984 -0.01407359 0.01924668
v -0.02396385 -0.01275632 0.01924668
v -0.02429595 -0.01213424 0.01924668
v -0.02460758 -0.01154948 0.01924668
v -0.02464852 -0.01146705 0.01924668
v -0.02513871 -0.01044217 0.01924668
v -0.02527633 -0.01011402 0.01924668
v -0.02537869 -0.00983408 0.01924668
v -0.02550493 -0.00943906 0.01924668
v -0.02589390 -0.00815756 0.01924668
v -0.02651943 -0.00609380 0.01924668
v -0.02652398 -0.00607358 0.01924668
v -0.02677192 -0.00495072 0.01924668
v -0.02689930 -0.00385119 0.01924668
v -0.02712563 -0.00154792 0.01924668
v -0.02722230 -0.00055103 0.01924668
v -0.02722230 0.00004773 0.01924668
v -0.02450749 0.00004773 0.01924668
v -0.01861726 -0.01584031 0.01924668
v -0.02142419 -0.01584031 0.04083425
v -0.02175856 -0.01584031 0.04334287
v -0.02201219 -0.01584031 0.04444249
v -0.02316999 -0.01584031 0.04797761
v -0.02569487 -0.01584031 0.04797761
v -0.02559251 -0.01584031 0.04664175
v -0.02553564 -0.01584031 0.04605960
v -0.02549242 -0.01584031 0.04562368
v -0.02548332 -0.01584031 0.04554212
v -0.02279240 -0.01584031 0.02451139
v -0.02309948 -0.01539707 0.02410641
v -0.02526154 0.00004773 0.02679220
v -0.02648190 0.00004773 0.03884874
v -0.02695048 0.00004773 0.04334287
v -0.02285154 -0.01498961 0.02024506
v -0.02640456 -0.01430998 0.04606241
v -0.02313019 -0.01435352 0.01943229
v -0.02751232 0.00004773 0.02176091
v -0.03002923 0.00004773 0.04554212
v -0.03012818 0.00004773 0.04664175
v -0.03023623 0.00004773 0.04797761
v -0.02804573 0.00004773 0.04797761
v -0.02714610 0.00004773 0.04444249
v -0.02703919 0.00004773 0.04384346
v -0.02652625 -0.01443751 0.04797761
v -0.02753052 -0.01215757 0.04593585
v -0.02751232 -0.00014045 0.02176091
v -0.03023623 -0.00055103 0.04797761
v -0.02998715 -0.00385119 0.04797761
v -0.02987456 -0.00494450 0.04797761
v -0.02902497 -0.00824932 0.04797761
v -0.02878727 -0.00912024 0.04797761
v -0.02794678 -0.01154948 0.04797761
v -0.02765904 -0.01229287 0.04797761
v -0.02782281 -0.01154948 0.04664175
v -0.02811738 -0.01044994 0.04554212
v -0.02769657 -0.01160080 0.04555900
v -0.02533661 -0.00999427 0.01933667
v -0.02515691 -0.01066456 0.02024506
v -0.02971647 -0.00457125 0.04599491
v -0.03002923 -0.00055103 0.04554212
v -0.02821974 -0.01044994 0.04664175
v -0.02863942 -0.00893206 0.04587398
v -0.03012818 -0.00055103 0.04664175
v -0.02922059 -0.00715134 0.04664175
v -0.02912164 -0.00715134 0.04554212
v -0.02941507 -0.00605025 0.04554212
v -0.02951288 -0.00605025 0.04664175
v 0.00148854 0.03016958 0.04801109
v 0.00054972 0.03024856 0.04801109
v -0.00055155 0.03024856 0.04801109
v -0.00087457 0.03023277 0.04801109
v -0.00416894 0.02999054 0.04801109
v -0.00494531 0.02989707 0.04801109
v -0.00520788 0.02985626 0.04801109
v -0.00595969 0.02971409 0.04801109
v -0.00857970 0.02896766 0.04801109
v -0.00913128 0.02880310 0.04801109
v -0.00951664 0.02867673 0.04801109
v -0.01183819 0.02787896 0.04801109
v -0.01230665 0.02767491 0.04801109
v -0.01445253 0.02654145 0.04801109
v -0.01485111 0.02632160 0.04801109
v -0.01632262 0.02546459 0.04801109
v -0.01734267 0.02479715 0.04801109
v -0.01780735 0.02444040 0.04801109
v -0.01780735 0.02155211 0.04801109
v 0.00148854 0.02795926 0.04801109
v 0.00148854 0.02705618 0.04444335
v 0.00148854 0.02702722 0.04428284
v 0.00148854 0.02685871 0.04334233
v 0.00148854 0.02648352 0.03968448
v 0.00148854 0.02644008 0.03925927
v 0.00148854 0.02605699 0.03548315
v 0.00148854 0.02526318 0.02765777
v 0.00148854 0.02483007 0.02338605
v 0.00148854 0.02473528 0.02244553
v 0.00148854 0.02441933 0.01924949
v 0.00148854 0.02713122 0.01924949
v 0.00148854 0.02993788 0.04554155
v 0.00054972 0.03003003 0.04554155
v -0.00055155 0.03003003 0.04554155
v -0.01780735 0.02041075 0.04449403
v 0.00054972 0.02722205 0.01924949
v 0.00013981 0.02751299 0.02176127
v -0.00014164 0.02751299 0.02176127
v -0.01780735 0.02415078 0.04568516
v -0.01780735 0.02050554 0.01924949
v -0.01780735 0.01680105 0.01924949
v -0.01780735 0.02015009 0.04334233
v -0.01780735 0.02020144 0.04357324
v -0.01619039 0.02183120 0.01924949
v -0.01569170 0.02223798 0.01924949
v -0.01480010 0.02284091 0.01924949
v -0.01433541 0.02312000 0.01924949
v -0.01383295 0.02338856 0.01924949
v -0.01162096 0.02456941 0.01924949
v -0.01154917 0.02460759 0.01924949
v -0.01044223 0.02513943 0.01924949
v -0.01011355 0.02527766 0.01924949
v -0.00998321 0.02533163 0.01924949
v -0.00943919 0.02550409 0.01924949
v -0.00824913 0.02586611 0.01924949
v -0.00705341 0.02622945 0.01924949
v -0.00610514 0.02651643 0.01924949
v -0.00609381 0.02651907 0.01924949
v -0.00505298 0.02674945 0.01924949
v -0.00495098 0.02677183 0.01924949
v -0.00395360 0.02688767 0.01924949
v -0.00385159 0.02689820 0.01924949
v -0.00275032 0.02700747 0.01924949
v -0.00165094 0.02711542 0.01924949
v -0.00055155 0.02722205 0.01924949
v -0.01768646 0.02427058 0.04577809
v -0.01644351 0.02526844 0.04664256
v -0.01634151 0.02520789 0.04554155
v -0.01539702 0.02309894 0.02410692
v -0.01430897 0.02640454 0.04606249
v -0.01533846 0.02306339 0.02354655
v -0.01510612 0.02292253 0.02134452
v -0.01498900 0.02285276 0.02024632
v -0.00715164 0.02912168 0.04554155
v -0.01215743 0.02753010 0.04593577
v -0.00893105 0.02863987 0.04587382
v -0.01160018 0.02769597 0.04555844
v -0.01066513 0.02515654 0.02024632
v -0.01081059 0.02521842 0.02134452
v -0.01044979 0.02811724 0.04554155
v -0.00055086 -0.02722272 0.01924096
v -0.00014163 -0.02531335 -0.00024081
v -0.00014163 -0.02641244 0.01075770
v -0.00000437 -0.02641244 0.01075770
v -0.00000437 -0.02721725 0.01918951
v -0.00000437 -0.02722135 0.01924096
v -0.00000437 -0.02450855 0.01924096
v -0.01298796 -0.02076372 0.01924096
v -0.01298796 -0.02383924 0.01924096
v -0.01213518 -0.02429503 0.01924096
v -0.01154929 -0.02460709 0.01924096
v -0.01146668 -0.02464816 0.01924096
v -0.01044233 -0.02513953 0.01924096
v -0.01011317 -0.02527640 0.01924096
v -0.00983611 -0.02537768 0.01924096
v -0.00943959 -0.02550498 0.01924096
v -0.00702995 -0.02623587 0.01924096
v -0.00611616 -0.02651236 0.01924096
v -0.00609329 -0.02651920 0.01924096
v -0.00495074 -0.02677104 0.01924096
v -0.00484780 -0.02678336 0.01924096
v -0.00385013 -0.02689833 0.01924096
v -0.00374846 -0.02690928 0.01924096
v -0.00165019 -0.02711596 0.01924096
v -0.00087494 -0.02637822 0.01110641
v -0.00055086 -0.02435251 -0.00946150
v -0.00000437 -0.02531335 -0.00024081
v -0.00014163 -0.02201337 -0.03323635
v -0.00000437 -0.02201337 -0.03323635
v -0.00000437 -0.02138239 -0.03915291
v -0.00000437 -0.01853818 -0.03915291
v -0.00000437 -0.02426355 0.01690863
v -0.00000437 -0.02432377 0.01749172
v -0.00000437 -0.02438125 0.01804050
v -0.00000437 -0.02449760 0.01914378
v -0.00000437 -0.02450307 0.01919523
v -0.00275080 -0.02567743 0.00593870
v -0.00125240 -0.02531472 0.00083960
v -0.00087494 -0.02197778 -0.03288764
v -0.00055086 -0.02226247 -0.03035524
v -0.00055086 -0.02138239 -0.03915291
v -0.01298796 -0.02062685 0.01818341
v -0.01298796 -0.02075004 0.01913806
v -0.01298796 -0.01324123 -0.03915291
v -0.00385013 -0.02688875 0.01914378
v -0.00419709 -0.02637959 0.01439338
v -0.00385013 -0.02501908 0.00043945
v -0.00383870 -0.02425123 -0.00724922
v -0.00275080 -0.02116750 -0.03915291
v -0.00198571 -0.02417868 -0.00979877
v -0.00165019 -0.02127563 -0.03915291
v -0.00385013 -0.02103610 -0.03915291
v -0.00450211 -0.02092934 -0.03915291
v -0.00714941 -0.02012727 -0.03915291
v -0.00789798 -0.01987953 -0.03915291
v -0.00844574 -0.01964548 -0.03915291
v -0.00934935 -0.01919517 -0.03915291
v -0.01063678 -0.01850670 -0.03915291
v -0.01157598 -0.01797290 -0.03915291
v -0.01164842 -0.01793047 -0.03915291
v -0.01184668 -0.01781002 -0.03915291
v -0.01241605 -0.01741036 -0.03915291
v -0.01259271 -0.01726664 -0.03915291
v -0.01298796 -0.01694225 -0.03915291
v -0.01298796 -0.01719547 -0.03718644
v -0.01298796 -0.01722558 -0.03695206
v -0.01298796 -0.01742678 -0.03538575
v -0.01298796 -0.01854229 -0.02659380
v -0.01298796 -0.01971255 -0.01721877
v -0.01298796 -0.01980836 -0.01644132
v -0.01298796 -0.01989459 -0.01570390
v -0.01298796 -0.01994112 -0.01529803
v -0.01298796 -0.02083763 -0.00735783
v -0.01298796 -0.02203390 0.00324053
v -0.01298796 -0.02370647 0.01806336
v -0.00451736 -0.02641654 0.01512509
v -0.00419709 -0.02527914 0.00338915
v -0.00419709 -0.02307960 -0.01860215
v -0.00385013 -0.02325890 -0.01715588
v -0.00418820 -0.02197641 -0.02958352
v -0.00495074 -0.02676146 0.01914378
v -0.00446525 -0.02311656 -0.01787044
v -0.00445127 -0.02201474 -0.02885181
v -0.01162809 -0.02443463 0.01808051
v -0.01106508 -0.02423480 0.01363881
v -0.01201572 -0.01975634 -0.02155186
v -0.01096213 -0.01978098 -0.02632512
v -0.00609456 -0.02651783 0.01922381
v -0.00578954 -0.02648635 0.01804050
v -0.00560145 -0.02643023 0.01694293
v -0.00550486 -0.02640012 0.01637700
v -0.00590519 -0.02542285 0.00813955
v -0.00995049 -0.02312614 -0.00145271
v -0.00994795 -0.02422248 0.00847111
v -0.01053638 -0.01955377 -0.03035524
v -0.01013477 -0.02212560 -0.00946150
v -0.00880922 -0.02090470 -0.02654807
v -0.01264990 -0.02016149 -0.01495504
v -0.01207163 -0.01868464 -0.03077254
v -0.01133324 -0.01887899 -0.03255609
v -0.01215679 -0.01764441 -0.03896426
v -0.00633984 -0.02632073 0.01804050
v -0.00876728 -0.02198873 -0.01650992
v -0.00942942 -0.02435114 0.00812240
v -0.00984882 -0.02418279 0.00773940
v -0.00989711 -0.02529830 0.01860071
v -0.00897189 -0.01989322 -0.03475122
v -0.00879778 -0.01980014 -0.03639756
v -0.00858681 -0.01970707 -0.03805534
v -0.00980179 -0.02526956 0.01804050
v 0.02126175 -0.00000436 -0.04035810
v 0.01796255 -0.00000436 -0.04035810
v 0.01516918 -0.00963016 -0.04035810
v 0.01516918 -0.01489716 -0.04035810
v 0.01555511 -0.01448606 -0.04035810
v 0.01561416 -0.01441463 -0.04035810
v 0.01611164 -0.01380965 -0.04035810
v 0.01659181 -0.01322507 -0.04035810
v 0.01705648 -0.01265799 -0.04035810
v 0.01755753 -0.01203552 -0.04035810
v 0.01788799 -0.01148593 -0.04035810
v 0.01844154 -0.01050192 -0.04035810
v 0.01870578 -0.01000773 -0.04035810
v 0.01905354 -0.00935609 -0.04035810
v 0.01910722 -0.00924676 -0.04035810
v 0.01962020 -0.00818986 -0.04035810
v 0.01962498 -0.00817966 -0.04035810
v 0.01981645 -0.00773940 -0.04035810
v 0.01996438 -0.00726999 -0.04035810
v 0.01996796 -0.00725833 -0.04035810
v 0.02036522 -0.00594924 -0.04035810
v 0.02069509 -0.00486172 -0.04035810
v 0.02086747 -0.00417948 -0.04035810
v 0.02092056 -0.00380920 -0.04035810
v 0.02093488 -0.00370861 -0.04035810
v 0.02104702 -0.00274938 -0.04035810
v 0.02105716 -0.00264880 -0.04035810
v 0.02116512 -0.00154816 -0.04035810
v 0.02126235 -0.00055103 -0.04035810
v 0.02126235 -0.00050001 -0.04035810
v 0.02091340 -0.00000436 -0.04424003
v 0.02058652 -0.00000436 -0.04685595
v 0.02037179 -0.00000436 -0.04727845
v 0.02015287 -0.00000436 -0.04770845
v 0.01970491 -0.00000436 -0.04785827
v 0.01924978 -0.00000436 -0.04801034
v 0.01877080 -0.00000436 -0.04786052
v 0.01828466 -0.00000436 -0.04770845
v 0.01516918 -0.00000436 -0.04390817
v 0.01516918 -0.00000436 -0.04126528
v 0.02091340 -0.00014139 -0.04424003
v 0.02058652 -0.00055103 -0.04685595
v 0.01516918 -0.00965640 -0.04759758
v 0.01516918 -0.01046839 -0.04779010
v 0.01516918 -0.01154861 -0.04793243
v 0.01516918 -0.01262446 -0.04784329
v 0.01516918 -0.01351955 -0.04760058
v 0.01516918 -0.01393793 -0.04685595
v 0.01516918 -0.01394959 -0.04678778
v 0.01516918 -0.01401811 -0.04635329
v 0.02087821 -0.00087466 -0.04388944
v 0.02072193 -0.00055103 -0.04575550
v 0.01534932 -0.01423678 -0.04355683
v 0.01538988 -0.01428635 -0.04292458
v 0.01549069 -0.01440880 -0.04135667
v 0.02094919 -0.00163126 -0.04243915
v 0.02072551 -0.00165021 -0.04465579
v 0.02061516 -0.00165021 -0.04575550
v 0.02039684 -0.00275084 -0.04685595
v 0.02049586 -0.00165021 -0.04685595
v 0.02007115 -0.00275084 -0.04769047
v 0.02011589 -0.00165021 -0.04770620
v 0.02015287 -0.00055103 -0.04770845
v 0.01658943 -0.01220753 -0.04685595
v 0.01620887 -0.01284459 -0.04575550
v 0.01680178 -0.01246702 -0.04355683
v 0.02087880 -0.00198550 -0.04279498
v 0.02087880 -0.00309196 -0.04170052
v 0.02072730 -0.00275084 -0.04355683
v 0.02050719 -0.00275084 -0.04575550
v 0.02091579 -0.00341414 -0.04096713
v 0.02025070 -0.00385002 -0.04685595
v 0.01999719 -0.00385002 -0.04763653
v 0.01924978 -0.00385002 -0.04793843
v 0.01924978 -0.00275084 -0.04799311
v 0.01924978 -0.00165021 -0.04800884
v 0.01924978 -0.00055103 -0.04801034
v 0.01595058 -0.01044944 -0.04799386
v 0.01653574 -0.01214339 -0.04744925
v 0.01704873 -0.01154861 -0.04685595
v 0.02036343 -0.00385002 -0.04575550
v 0.02010635 -0.00495065 -0.04575550
v 0.01996021 -0.00503957 -0.04690464
v 0.01978245 -0.00546671 -0.04730467
v 0.01990056 -0.00473198 -0.04753316
v 0.01897420 -0.00715046 -0.04767399
v 0.01815045 -0.00715046 -0.04797588
v 0.01815045 -0.00605128 -0.04801034
v 0.01705052 -0.00934881 -0.04796390
v 0.01595058 -0.01154861 -0.04789199
v 0.01550202 -0.01332274 -0.04751443
v 0.01673557 -0.01154861 -0.04758934
v 0.01772336 -0.01012872 -0.04754439
v 0.01750981 -0.01085179 -0.04685595
v 0.01590107 -0.01256469 -0.04761781
v 0.01726883 -0.01144948 -0.04569632
v 0.01756827 -0.01093926 -0.04602368
v 0.01761003 -0.01101506 -0.04529029
v 0.01764581 -0.01107629 -0.04465579
v 0.01770785 -0.01118125 -0.04355683
v 0.01783192 -0.01139117 -0.04135667
v 0.01982719 -0.00559208 -0.04657129
v 0.01943887 -0.00715046 -0.04575550
v 0.01931540 -0.00715046 -0.04685595
v 0.02056445 -0.00495065 -0.04135667
v 0.01979259 -0.00657609 -0.04403552
v 0.01883343 -0.00797557 -0.04756162
v 0.01792020 -0.00934881 -0.04766126
v 0.01822203 -0.00830503 -0.04774141
v 0.01710718 -0.01047714 -0.04773093
v 0.01781522 -0.01030220 -0.04685595
v 0.01864733 -0.00872196 -0.04685595
v 0.01782774 -0.01052379 -0.04569632
v 0.01798522 -0.01044944 -0.04465579
v 0.01810929 -0.01044944 -0.04355683
v 0.01955340 -0.00715046 -0.04465579
v 0.01979558 -0.00768547 -0.04076562
v 0.01892887 -0.00817237 -0.04685595
v 0.01869326 -0.00878756 -0.04624767
v 0.01884536 -0.00907182 -0.04355683
v 0.01948420 -0.00824963 -0.04135667
v -0.01517109 0.01489449 -0.04035810
v -0.01517109 0.01410305 -0.04575550
v -0.01527841 0.01415115 -0.04465579
v -0.01534936 0.01423715 -0.04355683
v -0.01538991 0.01428670 -0.04292458
v -0.01549067 0.01440913 -0.04135667
v -0.01555507 0.01448638 -0.04035810
v -0.01561410 0.01441496 -0.04035810
v -0.01652039 0.01331161 -0.04035810
v -0.01705642 0.01265718 -0.04035810
v -0.01755727 0.01203627 -0.04035810
v -0.01788819 0.01148533 -0.04035810
v -0.01794721 0.01138039 -0.04035810
v -0.01844150 0.01050149 -0.04035810
v -0.01873188 0.00995929 -0.04035810
v -0.01905385 0.00935588 -0.04035810
v -0.01910751 0.00924656 -0.04035810
v -0.01962029 0.00818985 -0.04035810
v -0.01962506 0.00817965 -0.04035810
v -0.01981645 0.00773948 -0.04035810
v -0.01996492 0.00726869 -0.04035810
v -0.01997565 0.00723371 -0.04035810
v -0.02069532 0.00486085 -0.04035810
v -0.02086704 0.00418019 -0.04035810
v -0.02088671 0.00404464 -0.04035810
v -0.02093501 0.00370940 -0.04035810
v -0.02104710 0.00274889 -0.04035810
v -0.02116516 0.00154934 -0.04035810
v -0.02126235 0.00055094 -0.04035810
v -0.02126235 0.00049992 -0.04035810
v -0.02126175 0.00000436 -0.04035810
v -0.01796212 0.00000436 -0.04035810
v -0.01517109 0.00962552 -0.04035810
v -0.01517109 0.00000436 -0.04126528
v -0.01517109 0.00000436 -0.04390817
v -0.01517109 0.00965030 -0.04759608
v -0.01517109 0.01046797 -0.04779085
v -0.01517109 0.01154946 -0.04793243
v -0.01517109 0.01262366 -0.04784254
v -0.01517109 0.01351858 -0.04759983
v -0.01517109 0.01393544 -0.04685595
v -0.01517109 0.01394710 -0.04678254
v -0.01517109 0.01401997 -0.04631509
v -0.01558786 0.01342822 -0.04685595
v -0.01613820 0.01275775 -0.04685595
v -0.01635046 0.01301719 -0.04355683
v -0.01653590 0.01214267 -0.04744925
v -0.01658896 0.01220826 -0.04685595
v -0.01680182 0.01246625 -0.04355683
v -0.02091295 0.00000436 -0.04424003
v -0.02058680 0.00000436 -0.04685595
v -0.02015273 0.00000436 -0.04770845
v -0.01970495 0.00000436 -0.04785827
v -0.01924942 0.00000436 -0.04801034
v -0.01828469 0.00000436 -0.04770845
v -0.01550200 0.01332327 -0.04751443
v -0.01590149 0.01256536 -0.04761781
v -0.01673564 0.01154946 -0.04758934
v -0.01772303 0.01012837 -0.04754439
v -0.01751017 0.01085130 -0.04685595
v -0.01704867 0.01154946 -0.04685595
v -0.01595038 0.01154946 -0.04789199
v -0.01710710 0.01047672 -0.04773093
v -0.01781544 0.01030181 -0.04685595
v -0.01791979 0.00934859 -0.04766126
v -0.01883324 0.00797559 -0.04756162
v -0.01864781 0.00872185 -0.04685595
v -0.01756860 0.01094021 -0.04602368
v -0.01726928 0.01144889 -0.04569632
v -0.01760974 0.01101600 -0.04529029
v -0.01783214 0.01139059 -0.04135667
v -0.02091295 0.00014137 -0.04424003
v -0.02058680 0.00055094 -0.04685595
v -0.01595038 0.01044902 -0.04799386
v -0.01705046 0.00934859 -0.04796390
v -0.01869312 0.00878744 -0.04624842
v -0.01873486 0.00886469 -0.04551503
v -0.01815054 0.00715063 -0.04797588
v -0.01822208 0.00830500 -0.04774141
v -0.01897455 0.00715063 -0.04767399
v -0.01990052 0.00473259 -0.04753316
v -0.01978246 0.00546573 -0.04730467
v -0.01931560 0.00715063 -0.04685595
v -0.01892864 0.00817236 -0.04685595
v -0.01810939 0.01044902 -0.04355683
v -0.01890717 0.00918826 -0.04245638
v -0.02091474 0.00125201 -0.04315605
v -0.02105247 0.00055094 -0.04245638
v -0.02015273 0.00055094 -0.04770845
v -0.02083782 0.00052470 -0.04462658
v -0.02072215 0.00055094 -0.04575550
v -0.01924942 0.00055094 -0.04801034
v -0.01815054 0.00605020 -0.04801034
v -0.01924942 0.00275035 -0.04799311
v -0.01924942 0.00385078 -0.04793843
v -0.01999711 0.00385078 -0.04763653
v -0.02025111 0.00385078 -0.04685595
v -0.01996015 0.00504013 -0.04690540
v -0.01943903 0.00715063 -0.04575550
v -0.01979558 0.00768555 -0.04076636
v -0.01948434 0.00824961 -0.04135667
v -0.02105545 0.00165137 -0.04135667
v -0.02061542 0.00165137 -0.04575550
v -0.02049617 0.00165137 -0.04685595
v -0.02007105 0.00275035 -0.04769047
v -0.02011577 0.00165137 -0.04770620
v -0.02039720 0.00275035 -0.04685595
v -0.01924942 0.00165137 -0.04800884
v -0.02091593 0.00341498 -0.04096713
v -0.02010682 0.00495122 -0.04575550
v -0.02022130 0.00495122 -0.04465579
v -0.01979260 0.00657637 -0.04403552
v -0.02091533 0.00235827 -0.04206159
v -0.02087896 0.00309141 -0.04170052
v -0.02061721 0.00275035 -0.04465579
v 0.01484563 0.01015865 -0.04033032
v -0.00000437 0.01797655 -0.04033032
v -0.00000437 0.02126408 -0.04033032
v 0.00055091 0.02126408 -0.04033032
v 0.00062504 0.02125740 -0.04033032
v 0.00172542 0.02115048 -0.04033032
v 0.00281998 0.02104190 -0.04033032
v 0.00372267 0.02093499 -0.04033032
v 0.00401193 0.02089323 -0.04033032
v 0.00442476 0.02080636 -0.04033032
v 0.00485939 0.02069778 -0.04033032
v 0.00502219 0.02064934 -0.04033032
v 0.00708194 0.02002457 -0.04033032
v 0.00725201 0.01997279 -0.04033032
v 0.00727382 0.01996611 -0.04033032
v 0.00817360 0.01963034 -0.04033032
v 0.00819250 0.01962198 -0.04033032
v 0.00935392 0.01905736 -0.04033032
v 0.00996298 0.01873328 -0.04033032
v 0.01044267 0.01847770 -0.04033032
v 0.01057931 0.01840420 -0.04033032
v 0.01148927 0.01789135 -0.04033032
v 0.01203873 0.01756060 -0.04033032
v 0.01209396 0.01751716 -0.04033032
v 0.01265506 0.01706279 -0.04033032
v 0.01271029 0.01701769 -0.04033032
v 0.01376125 0.01615571 -0.04033032
v 0.01448805 0.01555768 -0.04033032
v 0.01484563 0.01522358 -0.04033032
v 0.01484563 0.01532548 -0.03964801
v 0.01484563 0.01546079 -0.03869744
v 0.01484563 0.01559109 -0.03774686
v 0.01484563 0.01571303 -0.03683711
v 0.01484563 0.01577150 -0.03638807
v 0.01484563 0.01611896 -0.03369964
v 0.01484563 0.01660508 -0.02993234
v 0.01484563 0.01811520 -0.01820472
v 0.01484563 0.02055746 0.00077757
v 0.01484563 0.02063096 0.00135491
v 0.01484563 0.02086650 0.00322107
v 0.01484563 0.02184040 0.01109391
v 0.01484563 0.02195566 0.01203282
v 0.01484563 0.02206758 0.01297173
v 0.01484563 0.02280761 0.01924084
v 0.01484563 0.02137934 0.01924667
v 0.01484563 0.01943322 0.01924667
v -0.00000437 0.02450817 0.01924667
v -0.00000437 0.02450149 0.01919419
v -0.00000437 0.02722105 0.01924667
v -0.00000437 0.02641253 0.01075567
v -0.00000437 0.02531335 -0.00024298
v -0.00000437 0.02201246 -0.03323893
v -0.00000437 0.02127243 -0.04025451
v 0.01480057 0.02283935 0.01924667
v 0.01458544 0.02296798 0.01924667
v 0.01407377 0.02325864 0.01924667
v 0.01383393 0.02338727 0.01924667
v 0.01225822 0.02422920 0.01924667
v 0.01154886 0.02460673 0.01924667
v 0.01146601 0.02464849 0.01924667
v 0.01044267 0.02513795 0.01924667
v 0.01011416 0.02527660 0.01924667
v 0.00983507 0.02537850 0.01924667
v 0.00943969 0.02550379 0.01924667
v 0.00924927 0.02556225 0.01924667
v 0.00703107 0.02623546 0.01924667
v 0.00611675 0.02651276 0.01924667
v 0.00609349 0.02651944 0.01924667
v 0.00607314 0.02652446 0.01924667
v 0.00495096 0.02677169 0.01924667
v 0.00385059 0.02689865 0.01924667
v 0.00165128 0.02711581 0.01924667
v 0.00055091 0.02722272 0.01924667
v 0.00055091 0.02127243 -0.04025451
v 0.01449386 0.01556269 -0.04025451
v 0.00014099 0.02201246 -0.03323893
v 0.01264924 0.01707782 -0.04025451
v 0.01344872 0.01670530 -0.03805594
v 0.01399818 0.01625427 -0.03805594
v 0.01433542 0.02202248 0.00957766
v 0.00165128 0.02699553 0.01803950
v 0.00055091 0.02710245 0.01803950
v 0.00014099 0.02641253 0.01075567
v 0.00014099 0.02531335 -0.00024298
v 0.00165128 0.02116552 -0.04025451
v 0.00087506 0.02527827 0.00010692
v 0.01209833 0.01760069 -0.03970049
v 0.01286437 0.01732673 -0.03695375
v 0.01427728 0.02308658 0.01869849
v 0.01426710 0.02198072 0.00884869
v 0.01429472 0.02089657 -0.00008553
v 0.01320161 0.01980073 -0.01551629
v 0.00385059 0.02688862 0.01914170
v 0.00275021 0.02699720 0.01914170
v 0.00275021 0.02105694 -0.04025451
v 0.00165128 0.02556559 0.00374009
v 0.00419800 0.02527994 0.00339019
v 0.01204600 0.01756561 -0.04025451
v 0.01207071 0.01868484 -0.03077211
v 0.01323504 0.01763076 -0.03223004
v 0.01386591 0.01834573 -0.02265434
v 0.01383974 0.02225301 0.00922192
v 0.00495096 0.02676166 0.01914170
v 0.00451779 0.02641587 0.01512363
v 0.00419800 0.02637912 0.01438884
v 0.00383896 0.02645095 0.01475040
v 0.00346393 0.02641587 0.01402727
v 0.00385059 0.02325864 -0.01715501
v 0.00419800 0.02307823 -0.01860128
v 0.00385059 0.02215612 -0.02815366
v 0.00419800 0.02417908 -0.00760846
v 0.00418927 0.02197571 -0.02958244
v 0.01075229 0.01856957 -0.03805594
v 0.01219572 0.02425092 0.01914170
v 0.01374962 0.02267564 0.01254018
v 0.01307805 0.02303480 0.01254018
v 0.00578969 0.02648603 0.01803950
v 0.00550478 0.02640084 0.01637746
v 0.00446546 0.02311498 -0.01787232
v 0.00445092 0.02201413 -0.02884764
v 0.00380843 0.02094167 -0.04014954
v 0.00934956 0.01931795 -0.03805594
v 0.01036708 0.02224967 -0.00725856
v 0.01044994 0.02245347 -0.00506000
v 0.01128140 0.02325029 0.00593865
v 0.01162736 0.02443467 0.01808032
v 0.01154886 0.02459504 0.01914170
v 0.01100376 0.02420247 0.01306503
v 0.00609349 0.02651777 0.01922334
v 0.00633915 0.02632066 0.01803950
v 0.00605134 0.02606507 0.01473874
v 0.00596122 0.02403876 -0.00500751
v 0.00468786 0.02098678 -0.03805594
v 0.00440441 0.02089991 -0.03971216
v 0.00934956 0.01906905 -0.04025451
v 0.00879719 0.01979906 -0.03639973
v 0.00942224 0.02064433 -0.02595510
v 0.01036999 0.02286441 -0.00179422
v 0.00994699 0.02422252 0.00846963
v 0.00994990 0.02312668 -0.00145015
v 0.00980163 0.02526992 0.01803950
v 0.00854136 0.02302143 -0.00725856
v 0.00605134 0.02057416 -0.03805594
v 0.00605134 0.02034531 -0.04025451
v 0.00844542 0.01964370 -0.03915231
v 0.00858642 0.01970551 -0.03805594
v 0.00880882 0.02090325 -0.02654993
v 0.00924490 0.02062428 -0.02696982
v 0.00984815 0.02418243 0.00774066
v 0.00989612 0.02529831 0.01859935
v 0.00942951 0.02435115 0.00811972
v 0.00778258 0.01983247 -0.04003290
v 0.00876667 0.02198907 -0.01650769
v 0.00865620 0.02195566 -0.01715501
v -0.01484540 0.01014163 -0.04035809
v -0.01484540 0.01521780 -0.04035809
v -0.01448658 0.01555554 -0.04035809
v -0.01380961 0.01611231 -0.04035809
v -0.01326774 0.01655707 -0.04035809
v -0.01265760 0.01705699 -0.04035809
v -0.01203583 0.01755859 -0.04035809
v -0.01148670 0.01788964 -0.04035809
v -0.01050321 0.01844307 -0.04035809
v -0.00935555 0.01905335 -0.04035809
v -0.00924660 0.01910685 -0.04035809
v -0.00818030 0.01962517 -0.04035809
v -0.00774013 0.01981578 -0.04035809
v -0.00724910 0.01997127 -0.04035809
v -0.00486083 0.02069525 -0.04035809
v -0.00417950 0.02086746 -0.04035809
v -0.00370882 0.02093434 -0.04035809
v -0.00274856 0.02104637 -0.04035809
v -0.00264833 0.02105640 -0.04035809
v -0.00165030 0.02115505 -0.04035809
v -0.00154861 0.02116508 -0.04035809
v -0.00055059 0.02126205 -0.04035809
v -0.00000582 0.02126205 -0.04035809
v -0.00000582 0.01796321 -0.04035809
v -0.00000582 0.02450739 0.01924668
v -0.01484540 0.01943122 0.01924084
v -0.01484540 0.01949309 0.01924668
v -0.01484540 0.02280865 0.01924668
v -0.01484540 0.02214487 0.01363977
v -0.01484540 0.02201445 0.01254289
v -0.01484540 0.02188069 0.01144018
v -0.01484540 0.02092933 0.00373870
v -0.01484540 0.02079222 0.00264182
v -0.01484540 0.02065345 0.00153911
v -0.01484540 0.02051467 0.00044223
v -0.01484540 0.01858686 -0.01454064
v -0.01484540 0.01712387 -0.02590616
v -0.01484540 0.01681288 -0.02832162
v -0.01484540 0.01647681 -0.03092962
v -0.01484540 0.01577123 -0.03639067
v -0.01484540 0.01569599 -0.03695077
v -0.01484540 0.01554551 -0.03805348
v -0.01484540 0.01539168 -0.03915036
v -0.00000582 0.02201278 -0.03324006
v -0.00000582 0.02531329 -0.00024040
v -0.00000582 0.02641179 0.01075755
v -0.00000582 0.02722104 0.01924668
v -0.00055059 0.02722104 0.01924668
v -0.00065374 0.02721268 0.01924668
v -0.00175345 0.02710567 0.01924668
v -0.00285316 0.02699699 0.01924668
v -0.00385118 0.02689834 0.01924668
v -0.00395287 0.02688664 0.01924668
v -0.00495089 0.02677127 0.01924668
v -0.00505404 0.02674954 0.01924668
v -0.00609274 0.02651880 0.01924668
v -0.00610581 0.02651546 0.01924668
v -0.00611743 0.02651211 0.01924668
v -0.00654599 0.02638337 0.01924668
v -0.00703120 0.02623623 0.01924668
v -0.00835172 0.02583495 0.01924668
v -0.00943836 0.02550390 0.01924668
v -0.00983641 0.02537850 0.01924668
v -0.00998313 0.02533168 0.01924668
v -0.01044219 0.02513941 0.01924668
v -0.01154917 0.02460771 0.01924668
v -0.01392437 0.02333867 0.01924668
v -0.01407400 0.02325841 0.01924668
v -0.01433549 0.02311797 0.01924668
v -0.01480037 0.02283874 0.01924668
v -0.01480763 0.01946299 0.01924668
v -0.01466671 0.01570435 -0.03805348
v -0.01399846 0.01625443 -0.03805348
v -0.00014092 0.02201278 -0.03324006
v -0.00014092 0.02641179 0.01075755
v -0.01277817 0.01725596 -0.03805348
v -0.00125226 0.02421479 -0.01015897
v -0.00087455 0.02527818 0.00010967
v -0.00055059 0.02501234 -0.00286007
v -0.00014092 0.02531329 -0.00024040
v -0.00055059 0.02721101 0.01914166
v -0.01433549 0.02202281 0.00957899
v -0.01209830 0.01760039 -0.03969880
v -0.00275002 0.02127710 -0.03805348
v -0.00275002 0.02237727 -0.02705554
v -0.00385118 0.02446894 -0.00505965
v -0.00163142 0.02413955 -0.01053821
v -0.00275002 0.02501735 -0.00066048
v -0.00165030 0.02655558 0.01363977
v -0.00055059 0.02710233 0.01803894
v -0.00165030 0.02710567 0.01914166
v -0.01426722 0.02198101 0.00884385
v -0.01320092 0.01980073 -0.01551499
v -0.01429482 0.02089589 -0.00008870
v -0.01204600 0.01756528 -0.04025307
v -0.01207070 0.01868384 -0.03077209
v -0.00419693 0.02307951 -0.01860142
v -0.00419693 0.02417968 -0.00760931
v -0.00419693 0.02527985 0.00338863
v -0.00385118 0.02655893 0.01583936
v -0.00385118 0.02688831 0.01914166
v -0.01427738 0.02308787 0.01869824
v -0.01420765 0.02305109 0.01803894
v -0.01313554 0.02086579 -0.00640741
v -0.01435293 0.02094103 0.00064644
v -0.01095065 0.01867548 -0.03617479
v -0.00418821 0.02197600 -0.02958186
v -0.00385118 0.02215657 -0.02815242
v -0.00385118 0.02226692 -0.02705554
v -0.00445116 0.02201445 -0.02885255
v -0.00446568 0.02311629 -0.01787211
v -0.00495089 0.02676124 0.01914166
v -0.00451798 0.02641514 0.01512172
v -0.00419693 0.02637835 0.01439241
v -0.01442411 0.02099453 0.00153911
v -0.01106541 0.02423486 0.01363977
v -0.01241209 0.02326677 0.01144018
v -0.01239611 0.02215824 0.00153911
v -0.00934974 0.02031069 -0.02925513
v -0.00880933 0.02090425 -0.02654794
v -0.00879771 0.01979906 -0.03639650
v -0.00934974 0.01919380 -0.03915036
v -0.00934974 0.01906840 -0.04025307
v -0.00995117 0.02312633 -0.00145396
v -0.00440467 0.02090090 -0.03971047
v -0.00550438 0.02640009 0.01637613
v -0.01274476 0.02395731 0.01914166
v -0.01154917 0.02459601 0.01914166
v -0.00994827 0.02422148 0.00847044
v -0.00876720 0.02198937 -0.01650685
v -0.00984803 0.02418303 0.00774113
v -0.00844615 0.01964356 -0.03915036
v -0.00664477 0.02421312 -0.00133727
v -0.00605061 0.02503574 0.00484141
v -0.00560171 0.02643018 0.01694207
v -0.00989742 0.02529824 0.01859905
v -0.00980154 0.02526982 0.01803894
v -0.00720697 0.02102965 -0.03030533
v -0.00873815 0.02418135 0.00446801
v -0.00706751 0.02404425 -0.00172818
v -0.00715032 0.02458765 0.00373870
v -0.00578912 0.02648703 0.01803894
v -0.00609419 0.02651713 0.01922334
v -0.00945724 0.02547715 0.01903663
v -0.00925096 0.02543702 0.01803894
v -0.00794786 0.02537516 0.01363977
v 0.02425282 0.01794774 0.04801109
v 0.02340614 0.01904005 0.04801109
v 0.02238789 0.02024601 0.04801109
v 0.02136742 0.02136941 0.04801109
v 0.02024445 0.02239113 0.04801109
v 0.01903904 0.02340687 0.04801109
v 0.01783586 0.02441781 0.04801109
v 0.01595311 0.02566206 0.04801109
v 0.01445136 0.02654140 0.04801109
v 0.01231014 0.02767438 0.04801109
v 0.01155036 0.02796271 0.04801109
v 0.00913508 0.02880258 0.04801109
v 0.00825052 0.02904066 0.04801109
v 0.00494623 0.02989608 0.04801109
v 0.00385000 0.03000734 0.04801109
v 0.00165086 0.03016048 0.04801109
v 0.00149043 0.03016885 0.04801109
v 0.00149043 0.02795913 0.04801109
v 0.02142758 0.01794774 0.04801109
v 0.02029793 0.01794774 0.04451093
v 0.02023554 0.01794774 0.04423779
v 0.02006397 0.01794774 0.04348312
v 0.02003278 0.01794774 0.04334233
v 0.01663714 0.01794774 0.01924949
v 0.02038928 0.01794774 0.01924949
v 0.02400996 0.01794774 0.04557815
v 0.02408794 0.01794774 0.04615823
v 0.02184869 0.02072217 0.04664256
v 0.02224307 0.02009765 0.04554155
v 0.00149043 0.02705585 0.04444335
v 0.00149043 0.02685845 0.04334233
v 0.02279341 0.01942648 0.04554155
v 0.02129835 0.02130002 0.04664256
v 0.02178408 0.02064799 0.04554155
v 0.02123373 0.02123542 0.04554155
v 0.02011745 0.01827914 0.01924949
v 0.01980774 0.01871224 0.01961837
v 0.00149043 0.02993795 0.04554155
v 0.00149043 0.02713122 0.01924949
v 0.00149043 0.02442021 0.01924949
v 0.00149043 0.02473486 0.02244553
v 0.00149043 0.02494183 0.02448706
v 0.00149043 0.02651149 0.03996325
v 0.02071904 0.02185036 0.04664256
v 0.01978769 0.01979018 0.02636527
v 0.02064551 0.02178576 0.04554155
v 0.00165086 0.02711567 0.01924949
v 0.00264905 0.02701757 0.01924949
v 0.00385000 0.02689913 0.01924949
v 0.00484820 0.02678308 0.01924949
v 0.00495069 0.02677111 0.01924949
v 0.00609371 0.02651987 0.01924949
v 0.00705403 0.02622915 0.01924949
v 0.00925095 0.02556276 0.01924949
v 0.00944033 0.02550414 0.01924949
v 0.00983694 0.02537851 0.01924949
v 0.01011545 0.02527682 0.01924949
v 0.01044521 0.02513924 0.01924949
v 0.01146792 0.02464872 0.01924949
v 0.01155036 0.02460804 0.01924949
v 0.01275799 0.02396319 0.01924949
v 0.01407258 0.02325971 0.01924949
v 0.01458505 0.02296899 0.01924949
v 0.01480117 0.02283978 0.01924949
v 0.01561889 0.02228944 0.01924949
v 0.01569242 0.02223799 0.01924949
v 0.01574366 0.02219612 0.01924949
v 0.01624053 0.02178935 0.01924949
v 0.01820573 0.02017781 0.01924949
v 0.01827703 0.02011919 0.01924949
v 0.01915267 0.01931522 0.01924949
v 0.01923511 0.01923745 0.01924949
v 0.01931310 0.01915370 0.01924949
v 0.01871151 0.01981052 0.01961837
v 0.02009517 0.02224397 0.04554155
v 0.01644329 0.02526845 0.04664256
v 0.01768658 0.02427066 0.04577809
v 0.00457191 0.02971662 0.04599491
v 0.01634080 0.02520743 0.04554155
v 0.01539608 0.02309939 0.02410692
v 0.00605138 0.02951324 0.04664256
v 0.00605138 0.02941513 0.04554155
v 0.01430876 0.02640502 0.04606249
v 0.01215863 0.02753082 0.04593577
v 0.01435332 0.02313050 0.01943252
v 0.01533815 0.02306350 0.02354655
v 0.00715206 0.02922131 0.04664256
v 0.00715206 0.02912082 0.04554155
v 0.01160383 0.02769711 0.04555844
v 0.01081285 0.02521939 0.02134452
v 0.01066580 0.02515718 0.02024632
v 0.00999736 0.02533664 0.01933678
v 0.01498833 0.02285174 0.02024632
v 0.01045190 0.02821994 0.04664256
v 0.01045190 0.02811705 0.04554155
v 0.00893455 0.02863987 0.04587382
v -0.02126183 0.00000436 -0.04035809
v -0.02126183 0.00055126 -0.04035809
v -0.02115522 0.00165174 -0.04035809
v -0.02105708 0.00264954 -0.04035809
v -0.02104618 0.00274999 -0.04035809
v -0.02093592 0.00370984 -0.04035809
v -0.02086808 0.00418084 -0.04035809
v -0.02069603 0.00486167 -0.04035809
v -0.02036649 0.00594876 -0.04035809
v -0.01996910 0.00725907 -0.04035809
v -0.01981765 0.00774123 -0.04035809
v -0.01962138 0.00819214 -0.04035809
v -0.01910889 0.00925021 -0.04035809
v -0.01905437 0.00935736 -0.04035809
v -0.01844253 0.01050472 -0.04035809
v -0.01794700 0.01138198 -0.04035809
v -0.01788885 0.01148466 -0.04035809
v -0.01755809 0.01203602 -0.04035809
v -0.01705650 0.01265658 -0.04035809
v -0.01652099 0.01331062 -0.04035809
v -0.01611269 0.01380840 -0.04035809
v -0.01555537 0.01448700 -0.04035809
v -0.01503804 0.01503612 -0.04035809
v -0.01484540 0.01521693 -0.04035809
v -0.01484540 0.01014310 -0.04035809
v -0.01796275 0.00000436 -0.04035809
v -0.02450761 0.00000436 0.01924668
v -0.02722151 0.00000436 0.01924668
v -0.02721788 0.00000436 0.01920000
v -0.02641340 0.00000436 0.01075755
v -0.02201300 0.00000436 -0.03324006
v -0.02201300 0.00014053 -0.03324006
v -0.02193789 0.00052447 -0.03362514
v -0.02435253 0.00055126 -0.00945883
v -0.01484540 0.01943136 0.01924084
v -0.02641340 0.00014053 0.01075755
v -0.02637826 0.00087493 0.01110761
v -0.02468571 0.00165174 -0.00505965
v -0.02589243 0.00055126 0.00593829
v -0.01484540 0.01523256 -0.04025307
v -0.01484540 0.01539104 -0.03915036
v -0.01484540 0.01554507 -0.03805348
v -0.01484540 0.01569463 -0.03695077
v -0.01484540 0.01584195 -0.03583056
v -0.01484540 0.01608303 -0.03396937
v -0.01484540 0.01664332 -0.02962270
v -0.01484540 0.02008986 -0.00286007
v -0.01484540 0.02038005 -0.00060213
v -0.01484540 0.02050283 0.00035472
v -0.01484540 0.02065462 0.00153911
v -0.01484540 0.02079301 0.00264182
v -0.01484540 0.02092918 0.00373870
v -0.01484540 0.02106535 0.00484141
v -0.01484540 0.02188010 0.01144018
v -0.01484540 0.02201404 0.01254289
v -0.01484540 0.02214574 0.01363977
v -0.01484540 0.02280871 0.01924668
v -0.01484540 0.01949386 0.01924668
v -0.01569349 0.02223726 0.01924668
v -0.01624354 0.02178858 0.01924668
v -0.01825352 0.02013897 0.01924668
v -0.01868363 0.01978405 0.01924668
v -0.01923247 0.01924162 0.01924668
v -0.01978615 0.01868134 0.01924668
v -0.02011933 0.01827730 0.01924668
v -0.02083052 0.01741120 0.01924668
v -0.02183006 0.01619018 0.01924668
v -0.02223714 0.01569239 0.01924668
v -0.02283929 0.01479951 0.01924668
v -0.02311795 0.01433520 0.01924668
v -0.02338692 0.01383296 0.01924668
v -0.02460817 0.01154940 0.01924668
v -0.02513883 0.01044445 0.01924668
v -0.02533268 0.00998461 0.01924668
v -0.02550473 0.00943995 0.01924668
v -0.02638311 0.00654699 0.01924668
v -0.02652002 0.00609385 0.01924668
v -0.02677202 0.00495096 0.01924668
v -0.02689924 0.00385047 0.01924668
v -0.02699737 0.00285490 0.01924668
v -0.02710520 0.00175442 0.01924668
v -0.02722272 0.00055126 0.01924668
v -0.02105708 0.00275222 -0.04025307
v -0.02435738 0.00275222 -0.00725924
v -0.02402904 0.00385047 -0.00945883
v -0.02417928 0.00419870 -0.00760931
v -0.02307918 0.00419870 -0.01860142
v -0.02699253 0.00055126 0.01694207
v -0.02677566 0.00165174 0.01583936
v -0.02524061 0.00273660 0.00155661
v -0.01521735 0.01521693 -0.03805348
v -0.01536516 0.01536203 -0.03617479
v -0.02710520 0.00165174 0.01914166
v -0.02197666 0.00418977 -0.02958186
v -0.02556894 0.00385047 0.00593829
v -0.02527938 0.00419870 0.00338863
v -0.02641582 0.00451791 0.01512172
v -0.02311553 0.00446657 -0.01787211
v -0.02201421 0.00445094 -0.02885255
v -0.02699737 0.00275222 0.01914166
v -0.02688712 0.00275222 0.01803894
v -0.02645096 0.00383931 0.01474831
v -0.01541847 0.01541783 -0.03543965
v -0.01538818 0.02198948 0.01536677
v -0.01544633 0.02203636 0.01609607
v -0.02637947 0.00419870 0.01439241
v -0.02640007 0.00550455 0.01638196
v -0.02090200 0.00440406 -0.03971047
v -0.02648609 0.00579027 0.01803894
v -0.02666904 0.00385047 0.01694207
v -0.01650161 0.01429949 -0.03420858
v -0.01629806 0.01515220 -0.03035201
v -0.01861942 0.01750049 0.00264182
v -0.01869817 0.01869696 0.01090924
v -0.01537970 0.01648260 -0.02746979
v -0.01506711 0.01622589 -0.03145472
v -0.01493869 0.01576606 -0.03582472
v -0.01485024 0.02036889 -0.00066048
v -0.01532033 0.02083319 0.00593829
v -0.02595058 0.00605144 0.01363977
v -0.02532420 0.00558268 0.00625335
v -0.02098802 0.00468979 -0.03805348
v -0.02636615 0.00648896 0.01891411
v -0.01707710 0.01264988 -0.04025307
v -0.01726731 0.01257398 -0.03926122
v -0.01899985 0.01686431 0.00153911
v -0.02016052 0.01803846 0.01803894
v -0.01956686 0.01841570 0.01583936
v -0.01970861 0.01858758 0.01803894
v -0.01976313 0.01865232 0.01887910
v -0.01901802 0.01901617 0.01583936
v -0.01865576 0.01976173 0.01887910
v -0.01741512 0.01854740 0.00153911
v -0.01494838 0.01688663 -0.02708472
v -0.01489507 0.01608303 -0.03365431
v -0.01681903 0.02116133 0.01803894
v -0.01536274 0.01976842 -0.00206658
v -0.02596027 0.00715193 0.01694207
v -0.02421320 0.00664521 -0.00133727
v -0.02093592 0.00561616 -0.03585390
v -0.02526968 0.00980380 0.01803894
v -0.01760049 0.01209852 -0.03969880
v -0.02076388 0.01523256 0.00484141
v -0.02021504 0.01605848 0.00583910
v -0.02102073 0.01664555 0.01583936
v -0.02015083 0.01823266 0.01920584
v -0.01634774 0.01857419 -0.00505965
v -0.02529270 0.00767873 0.01205863
v -0.02094077 0.00673227 -0.03255159
v -0.02529876 0.00989755 0.01859905
v -0.02418291 0.00985068 0.00774113
v -0.02435132 0.00943102 0.00812037
v -0.01868484 0.01206950 -0.03076626
v -0.01980190 0.01320124 -0.01551499
v -0.02089715 0.01429502 -0.00008870
v -0.02209054 0.01551158 0.01694207
v -0.02198877 0.00876805 -0.01650685
v -0.02422168 0.00994890 0.00847044
v -0.02090564 0.00881046 -0.02654794
v -0.01881690 0.01121903 -0.03365431
v -0.02086686 0.01313427 -0.00640741
v -0.02225289 0.01383965 0.00922309
v -0.02308766 0.01427717 0.01869824
v -0.02198029 0.01426601 0.00884968
v -0.02202270 0.01433520 0.00957899
v -0.02198998 0.01538658 0.01536677
v -0.02223108 0.01568347 0.01914166
v -0.01962380 0.00819214 -0.04034059
v -0.02420230 0.01100697 0.01306799
v -0.02312643 0.00995336 -0.00145396
v -0.01984188 0.00887743 -0.03566136
v -0.01979948 0.00879930 -0.03639650
v -0.01907012 0.00935066 -0.04025307
v -0.02031197 0.00935066 -0.02925513
v -0.01986369 0.01111858 -0.02485595
v -0.02325001 0.01128376 0.00593829
v -0.02292652 0.01397582 0.01583936
v -0.02435859 0.01129939 0.01583936
v -0.02417201 0.01204718 0.01773555
v -0.01970619 0.00858724 -0.03805348
v -0.01964440 0.00844661 -0.03915036
v -0.02203239 0.01106277 -0.00589982
v -0.00000437 -0.02722271 0.01924668
v 0.00055069 -0.02722103 0.01924668
v 0.00065412 -0.02721265 0.01924668
v 0.00175403 -0.02710531 0.01924668
v 0.00385041 -0.02689903 0.01924668
v 0.00395385 -0.02688729 0.01924668
v 0.00495032 -0.02677158 0.01924668
v 0.00505376 -0.02674977 0.01924668
v 0.00609394 -0.02652001 0.01924668
v 0.00824859 -0.02586596 0.01924668
v 0.00943883 -0.02550371 0.01924668
v 0.00998223 -0.02533265 0.01924668
v 0.01034789 -0.02517836 0.01924668
v 0.01044258 -0.02513811 0.01924668
v 0.01154978 -0.02460815 0.01924668
v 0.01383409 -0.02338724 0.01924668
v 0.01433524 -0.02311891 0.01924668
v 0.01480143 -0.02283884 0.01924668
v 0.01487864 -0.02278518 0.01924668
v 0.01487864 -0.01940588 0.01924668
v -0.00000437 -0.02450753 0.01924668
v -0.00000437 -0.01796359 -0.04035809
v -0.00000437 -0.02126072 -0.04035809
v -0.00000437 -0.02127246 -0.04025307
v -0.00000437 -0.02201205 -0.03324006
v -0.00000437 -0.02641268 0.01075755
v 0.00014131 -0.02641268 0.01075755
v 0.00055069 -0.02721097 0.01914166
v 0.01487864 -0.01008974 -0.04035809
v 0.00014131 -0.02201205 -0.03324006
v 0.00055069 -0.02501233 -0.00286007
v 0.00055069 -0.02688226 0.01583936
v 0.00055069 -0.02710196 0.01803894
v 0.00055069 -0.02127246 -0.04025307
v 0.00165059 -0.02688562 0.01694207
v 0.00165059 -0.02710531 0.01914166
v 0.01487864 -0.02264263 0.01803894
v 0.01487864 -0.02212273 0.01363977
v 0.01487864 -0.02199192 0.01254289
v 0.01487864 -0.02185776 0.01144018
v 0.01487864 -0.02090350 0.00373870
v 0.01487864 -0.02076598 0.00264182
v 0.01487864 -0.02062678 0.00153911
v 0.01487864 -0.02055467 0.00097317
v 0.01487864 -0.02047585 0.00035472
v 0.01487864 -0.01832081 -0.01639600
v 0.01487864 -0.01666554 -0.02925513
v 0.01487864 -0.01638211 -0.03145472
v 0.01487864 -0.01608527 -0.03375349
v 0.01487864 -0.01581694 -0.03583056
v 0.01487864 -0.01576998 -0.03619229
v 0.01487864 -0.01566768 -0.03695077
v 0.01487864 -0.01551675 -0.03805348
v 0.01487864 -0.01536245 -0.03915036
v 0.01487864 -0.01518636 -0.04035809
v 0.01448676 -0.01555532 -0.04035809
v 0.01380933 -0.01611211 -0.04035809
v 0.01331109 -0.01652131 -0.04035809
v 0.01265697 -0.01705797 -0.04035809
v 0.01258413 -0.01711667 -0.04035809
v 0.01203636 -0.01755774 -0.04035809
v 0.01148568 -0.01788980 -0.04035809
v 0.01050232 -0.01844324 -0.04035809
v 0.00935579 -0.01905369 -0.04035809
v 0.00924798 -0.01910736 -0.04035809
v 0.00819032 -0.01962054 -0.04035809
v 0.00774016 -0.01981676 -0.04035809
v 0.00724921 -0.01997105 -0.04035809
v 0.00594825 -0.02036516 -0.04035809
v 0.00486146 -0.02069387 -0.04035809
v 0.00417966 -0.02086661 -0.04035809
v 0.00404417 -0.02088673 -0.04035809
v 0.00380962 -0.02092027 -0.04035809
v 0.00370910 -0.02093369 -0.04035809
v 0.00274905 -0.02104605 -0.04035809
v 0.00264853 -0.02105611 -0.04035809
v 0.00165059 -0.02115506 -0.04035809
v 0.00154862 -0.02116512 -0.04035809
v 0.00055069 -0.02126072 -0.04035809
v 0.00125288 -0.02531420 0.00083898
v 0.00165059 -0.02578546 0.00593829
v 0.00385041 -0.02688897 0.01914166
v 0.00275050 -0.02688729 0.01803894
v 0.01433524 -0.02202379 0.00957899
v 0.00165059 -0.02446560 -0.00725924
v 0.00383876 -0.02645126 0.01474831
v 0.00198567 -0.02417882 -0.00979723
v 0.00275050 -0.02149718 -0.03585390
v 0.00385041 -0.02446896 -0.00505965
v 0.00495032 -0.02676151 0.01914166
v 0.00419714 -0.02637914 0.01439241
v 0.00451764 -0.02641604 0.01512172
v 0.01426677 -0.02198018 0.00884385
v 0.01320037 -0.01979999 -0.01551499
v 0.01429445 -0.02089679 -0.00008870
v 0.00419714 -0.02527898 0.00338863
v 0.00385041 -0.02226696 -0.02705554
v 0.00383876 -0.02315078 -0.01824552
v 0.00419714 -0.02417882 -0.00760931
v 0.00550538 -0.02640094 0.01638196
v 0.00419714 -0.02307866 -0.01860142
v 0.00446520 -0.02311556 -0.01787211
v 0.01321203 -0.02090685 -0.00567227
v 0.01264969 -0.02040876 -0.01275530
v 0.01207133 -0.01868306 -0.03077209
v 0.01209900 -0.01759967 -0.03969880
v 0.01477229 -0.02056138 0.00034305
v 0.01257393 -0.01726761 -0.03926122
v 0.01374960 -0.01815813 -0.02485595
v 0.01264969 -0.01707810 -0.04025307
v 0.00418840 -0.02197683 -0.02958186
v 0.00558259 -0.02532426 0.00625335
v 0.00634014 -0.02632044 0.01803894
v 0.00578946 -0.02648647 0.01803894
v 0.00445209 -0.02201372 -0.02885255
v 0.00440401 -0.02090015 -0.03971047
v 0.00484252 -0.02072238 -0.04014805
v 0.01154978 -0.02459641 0.01914166
v 0.01154978 -0.02372769 0.01144018
v 0.01148276 -0.02288412 0.00364535
v 0.00887503 -0.01984024 -0.03566136
v 0.00934996 -0.01906878 -0.04025307
v 0.01199848 -0.01864448 -0.03145472
v 0.01075289 -0.01856902 -0.03805348
v 0.01100492 -0.02420230 0.01306799
v 0.01044987 -0.02270132 -0.00286007
v 0.01204656 -0.01756445 -0.04025307
v 0.00638385 -0.02413354 -0.00286007
v 0.00499403 -0.02101754 -0.03686909
v 0.00989627 -0.02529911 0.01859905
v 0.00704962 -0.02622820 0.01922334
v 0.00649020 -0.02636572 0.01891411
v 0.00669270 -0.02532762 0.00952064
v 0.00715014 -0.02584583 0.01583936
v 0.00994726 -0.02422243 0.00847044
v 0.00880802 -0.02090350 -0.02654794
v 0.00879782 -0.01979831 -0.03639650
v 0.00995017 -0.02312562 -0.00145396
v 0.00984820 -0.02418218 0.00774113
v 0.00945777 -0.02547688 0.01903663
v 0.00934996 -0.02460648 0.01034330
v 0.00876723 -0.02198857 -0.01650685
v 0.00899012 -0.02425764 0.00593829
v 0.00844527 -0.01964234 -0.03915036
v 0.01797625 -0.00000436 -0.04033032
v 0.01484564 0.01015858 -0.04033032
v 0.01484564 0.01522106 -0.04033032
v 0.01500313 0.01507368 -0.04033032
v 0.01507583 0.01500222 -0.04033032
v 0.01555681 0.01448860 -0.04033032
v 0.01611169 0.01381420 -0.04033032
v 0.01706275 0.01265521 -0.04033032
v 0.01755948 0.01203886 -0.04033032
v 0.01758250 0.01200090 -0.04033032
v 0.01789023 0.01148728 -0.04033032
v 0.01840271 0.01058064 -0.04033032
v 0.01844269 0.01050918 -0.04033032
v 0.01873467 0.00996429 -0.04033032
v 0.01905936 0.00935689 -0.04033032
v 0.01962394 0.00819343 -0.04033032
v 0.01963121 0.00817556 -0.04033032
v 0.01996681 0.00727338 -0.04033032
v 0.01997408 0.00725105 -0.04033032
v 0.02069979 0.00485938 -0.04033032
v 0.02080762 0.00442615 -0.04033032
v 0.02089484 0.00401302 -0.04033032
v 0.02093725 0.00372272 -0.04033032
v 0.02104992 0.00274908 -0.04033032
v 0.02115048 0.00172631 -0.04033032
v 0.02126436 0.00055169 -0.04033032
v 0.02126436 -0.00000436 -0.04033032
v 0.02201310 -0.00000436 -0.03323893
v 0.02641340 -0.00000436 0.01075567
v 0.02721181 -0.00000436 0.01914170
v 0.02722150 -0.00000436 0.01924667
v 0.02450765 -0.00000436 0.01924667
v 0.01484564 0.01943273 0.01924667
v 0.01484564 0.02138001 0.01924667
v 0.01484564 0.02280921 0.01924084
v 0.01484564 0.02206782 0.01297173
v 0.01484564 0.02195616 0.01203282
v 0.01484564 0.02086639 0.00322107
v 0.01484564 0.02065425 0.00154153
v 0.01484564 0.02050240 0.00035185
v 0.01484564 0.02037288 -0.00065704
v 0.01484564 0.02008927 -0.00286143
v 0.01484564 0.01660337 -0.02993234
v 0.01484564 0.01608305 -0.03396790
v 0.01484564 0.01584187 -0.03582822
v 0.01484564 0.01571012 -0.03683711
v 0.01484564 0.01558953 -0.03774686
v 0.01484564 0.01545777 -0.03869744
v 0.01484564 0.01532379 -0.03964801
v 0.02201310 0.00014079 -0.03323893
v 0.02722150 0.00055169 0.01924667
v 0.02712579 0.00154766 0.01924667
v 0.02689923 0.00385001 0.01924667
v 0.02677202 0.00495094 0.01924667
v 0.02652002 0.00609429 0.01924667
v 0.02622925 0.00705454 0.01924667
v 0.02550475 0.00944174 0.01924667
v 0.02537875 0.00983701 0.01924667
v 0.02527698 0.01011615 0.01924667
v 0.02513886 0.01044442 0.01924667
v 0.02464819 0.01146719 0.01924667
v 0.02460700 0.01154981 0.01924667
v 0.02425686 0.01220635 0.01924667
v 0.02325856 0.01407324 0.01924667
v 0.02296779 0.01458462 0.01924667
v 0.02283936 0.01480124 0.01924667
v 0.02228811 0.01561856 0.01924667
v 0.02223723 0.01569225 0.01924667
v 0.02178775 0.01624160 0.01924667
v 0.02119652 0.01696290 0.01924667
v 0.02011825 0.01827821 0.01924667
v 0.01923746 0.01923622 0.01924667
v 0.01827913 0.02011607 0.01924667
v 0.01820765 0.02017636 0.01924667
v 0.01624375 0.02178868 0.01924667
v 0.01569371 0.02223753 0.01924667
v 0.01561981 0.02228889 0.01924667
v 0.01536417 0.01536398 -0.03617230
v 0.02149213 0.00055169 -0.03805594
v 0.02641340 0.00014079 0.01075567
v 0.02721181 0.00055169 0.01914170
v 0.01521758 0.01521660 -0.03805594
v 0.01504554 0.01504465 -0.04025451
v 0.01541869 0.01541758 -0.03544333
v 0.02138552 0.00165038 -0.03805594
v 0.02527819 0.00087549 0.00010692
v 0.02160238 0.00055169 -0.03695375
v 0.02325250 0.00055169 -0.02045577
v 0.01544656 0.02203655 0.01609754
v 0.01538719 0.02198966 0.01536274
v 0.01636854 0.01523893 -0.02925586
v 0.01493892 0.01576595 -0.03582822
v 0.01537992 0.01648278 -0.02747135
v 0.01760552 0.01760380 -0.00454097
v 0.01618317 0.01391245 -0.03915231
v 0.02197675 0.00418944 -0.02958244
v 0.02307925 0.00419837 -0.01860128
v 0.02417933 0.00419837 -0.00760846
v 0.02446888 0.00385001 -0.00506000
v 0.02556896 0.00385001 0.00593865
v 0.02417933 0.00309074 -0.00870483
v 0.02479721 0.00275131 -0.00286143
v 0.02637827 0.00087549 0.01110557
v 0.02589244 0.00055169 0.00593865
v 0.02688227 0.00055169 0.01584094
v 0.02677565 0.00165038 0.01584094
v 0.02699736 0.00275131 0.01914170
v 0.01514731 0.02069221 0.00374009
v 0.01493771 0.02016073 -0.00172424
v 0.01871771 0.01761944 0.00415998
v 0.01878798 0.01660560 -0.00175923
v 0.01506735 0.01622597 -0.03145442
v 0.01512792 0.01957565 -0.00506000
v 0.01732929 0.01847696 0.00043933
v 0.01869833 0.01869580 0.01090729
v 0.01656360 0.01327601 -0.04025451
v 0.01971844 0.01529922 -0.00286143
v 0.02090211 0.00440382 -0.03971216
v 0.02201431 0.00445295 -0.02884764
v 0.02311560 0.00446635 -0.01787232
v 0.02641583 0.00451771 0.01512363
v 0.02637948 0.00419837 0.01438884
v 0.02633950 0.00163252 0.01146131
v 0.01681923 0.02116117 0.01803950
v 0.01485048 0.01923622 -0.00945712
v 0.01949673 0.01832957 0.01473874
v 0.02009038 0.01795217 0.01694314
v 0.02102085 0.01664579 0.01584094
v 0.01841725 0.01956672 0.01584094
v 0.01858929 0.01970740 0.01803950
v 0.01865471 0.01976100 0.01887927
v 0.01874558 0.01874493 0.01164209
v 0.01976327 0.01865337 0.01887927
v 0.01970875 0.01858861 0.01803950
v 0.01835546 0.01366904 -0.02383235
v 0.02056288 0.01477221 0.00034602
v 0.02009886 0.01466278 -0.00395780
v 0.01759946 0.01209916 -0.03970049
v 0.02057500 0.00605186 -0.03805594
v 0.02457792 0.00605186 0.00043933
v 0.02595059 0.00605186 0.01364237
v 0.02532423 0.00558291 0.00625357
v 0.02640007 0.00550475 0.01637746
v 0.02648609 0.00579059 0.01803950
v 0.02078096 0.01745419 0.01914170
v 0.01887521 0.01887445 0.01364237
v 0.02171021 0.01614781 0.01803950
v 0.02209063 0.01551137 0.01694314
v 0.02199008 0.01538631 0.01536274
v 0.02089727 0.01429432 -0.00008553
v 0.01980204 0.01320009 -0.01551046
v 0.01868500 0.01207013 -0.03076628
v 0.02034602 0.00605186 -0.04025451
v 0.02103054 0.00720639 -0.03030557
v 0.02574100 0.00825149 0.01803950
v 0.02636615 0.00648956 0.01891426
v 0.02178169 0.01623267 0.01914170
v 0.02202279 0.01433451 0.00957766
v 0.01881706 0.01121931 -0.03365299
v 0.02198038 0.01426529 0.00884869
v 0.02086698 0.01313533 -0.00640713
v 0.01856869 0.01075482 -0.03805594
v 0.01850690 0.01063870 -0.03915231
v 0.02087304 0.00761058 -0.03063798
v 0.01983475 0.00778477 -0.04002707
v 0.02198886 0.00876957 -0.01650769
v 0.02418296 0.00985041 0.00774066
v 0.02435136 0.00943058 0.00811972
v 0.02529879 0.00989953 0.01859935
v 0.02308773 0.01427645 0.01869849
v 0.02429684 0.01118358 0.01473874
v 0.02203248 0.01106299 -0.00589976
v 0.01961546 0.01065433 -0.02925586
v 0.02090575 0.00880977 -0.02654993
v 0.02422173 0.00994866 0.00847546
v 0.02417206 0.01204780 0.01773625
v 0.02459610 0.01154981 0.01914170
v 0.02420235 0.01100493 0.01306503
v 0.02312650 0.00995313 -0.00145015
v 0.02083184 0.00977225 -0.02265434
v 0.01964454 0.00844577 -0.03915231
v 0.01976811 0.00872938 -0.03695375
v 0.01979961 0.00879860 -0.03639973
v 0.01989290 0.00897279 -0.03475518
v 0.01487985 -0.02278305 0.01924668
v 0.01487985 -0.02278082 0.01921750
v 0.01490402 -0.02276744 0.01924668
v 0.01569304 -0.02223671 0.01924668
v 0.01624282 -0.02178850 0.01924668
v 0.01630565 -0.02173721 0.01924668
v 0.01868361 -0.01978603 0.01924668
v 0.01923218 -0.01924193 0.01924668
v 0.01978679 -0.01868221 0.01924668
v 0.02015895 -0.01822954 0.01924668
v 0.02078848 -0.01746245 0.01924668
v 0.02223724 -0.01569188 0.01924668
v 0.02283898 -0.01479992 0.01924668
v 0.02311810 -0.01433386 0.01924668
v 0.02325826 -0.01407296 0.01924668
v 0.02399050 -0.01270379 0.01924668
v 0.02425632 -0.01220651 0.01924668
v 0.02460794 -0.01154868 0.01924668
v 0.02513839 -0.01044487 0.01924668
v 0.02527734 -0.01011484 0.01924668
v 0.02533172 -0.00998551 0.01924668
v 0.02550451 -0.00944141 0.01924668
v 0.02638295 -0.00654696 0.01924668
v 0.02651949 -0.00609429 0.01924668
v 0.02677202 -0.00495034 0.01924668
v 0.02689889 -0.00385098 0.01924668
v 0.02700764 -0.00275163 0.01924668
v 0.02710551 -0.00175485 0.01924668
v 0.02722272 -0.00055069 0.01924668
v 0.02722151 -0.00000659 0.01924668
v 0.02450765 -0.00000659 0.01924668
v 0.01487985 -0.01940471 0.01924668
v 0.01487985 -0.01009031 -0.04035809
v 0.01487985 -0.01518569 -0.04035809
v 0.01487985 -0.01520130 -0.04025307
v 0.01487985 -0.01535963 -0.03915036
v 0.01487985 -0.01551572 -0.03805348
v 0.01487985 -0.01566513 -0.03695077
v 0.01487985 -0.01576770 -0.03619229
v 0.01487985 -0.01586136 -0.03546882
v 0.01487985 -0.01626944 -0.03231239
v 0.01487985 -0.01693172 -0.02717223
v 0.01487985 -0.01720154 -0.02507766
v 0.01487985 -0.01949614 -0.00725924
v 0.01487985 -0.02034574 -0.00066048
v 0.01487985 -0.02055535 0.00097317
v 0.01487985 -0.02065570 0.00176666
v 0.01487985 -0.02090322 0.00373870
v 0.01487985 -0.02185763 0.01144018
v 0.01487985 -0.02199142 0.01254289
v 0.01487985 -0.02212299 0.01363977
v 0.01487985 -0.02264256 0.01803894
v 0.01487985 -0.02276744 0.01910082
v 0.01796225 -0.00000659 -0.04035809
v 0.01623557 -0.02178181 0.01914166
v 0.01559879 -0.02216090 0.01803894
v 0.01544655 -0.02203602 0.01609607
v 0.02721185 -0.00000659 0.01914166
v 0.02641315 -0.00000659 0.01075755
v 0.02311326 -0.00000659 -0.02223628
v 0.02201250 -0.00000659 -0.03324006
v 0.02126214 -0.00000659 -0.04035809
v 0.02126214 -0.00055069 -0.04035809
v 0.02104827 -0.00274940 -0.04035809
v 0.02093589 -0.00371050 -0.04035809
v 0.02086823 -0.00418101 -0.04035809
v 0.02069665 -0.00486114 -0.04035809
v 0.02033536 -0.00605192 -0.04035809
v 0.01996925 -0.00725831 -0.04035809
v 0.01981700 -0.00774220 -0.04035809
v 0.01962125 -0.00819265 -0.04035809
v 0.01910772 -0.00924963 -0.04035809
v 0.01905455 -0.00935890 -0.04035809
v 0.01870656 -0.01001004 -0.04035809
v 0.01844194 -0.01050285 -0.04035809
v 0.01794775 -0.01138144 -0.04035809
v 0.01788854 -0.01148625 -0.04035809
v 0.01755746 -0.01203481 -0.04035809
v 0.01705722 -0.01265696 -0.04035809
v 0.01655698 -0.01326796 -0.04035809
v 0.01561450 -0.01441414 -0.04035809
v 0.01555529 -0.01448550 -0.04035809
v 0.01503814 -0.01503629 -0.04035809
v 0.01786679 -0.02001794 0.01583936
v 0.01858936 -0.01970798 0.01803894
v 0.01538734 -0.02198919 0.01536677
v 0.02201250 -0.00014262 -0.03324006
v 0.01521818 -0.01521691 -0.03805348
v 0.01536438 -0.01536409 -0.03617479
v 0.01869811 -0.01869559 0.01090924
v 0.01579817 -0.01902562 -0.00505965
v 0.01523993 -0.01636755 -0.02925513
v 0.01756350 -0.01866884 0.00342947
v 0.01712972 -0.01794188 -0.00497214
v 0.01874644 -0.01874465 0.01164438
v 0.01887573 -0.01887399 0.01363977
v 0.01894702 -0.01894535 0.01474248
v 0.01533417 -0.02194905 0.01474248
v 0.02710551 -0.00165005 0.01914166
v 0.02699556 -0.00165005 0.01803894
v 0.02637811 -0.00087403 0.01110761
v 0.02589237 -0.00055069 0.00593829
v 0.02641315 -0.00014262 0.01075755
v 0.02201491 -0.00125312 -0.03215485
v 0.02311326 -0.00014262 -0.02223628
v 0.02545255 -0.00055069 0.00153911
v 0.01541876 -0.01541760 -0.03543965
v 0.01840690 -0.01724168 -0.00066048
v 0.01970946 -0.01858856 0.01803894
v 0.01976383 -0.01865323 0.01887910
v 0.01651227 -0.01651027 -0.01999002
v 0.02637932 -0.00309281 0.01329553
v 0.02655573 -0.00165005 0.01363977
v 0.02531480 -0.00125312 0.00083898
v 0.02307943 -0.00419662 -0.01860142
v 0.02204995 -0.00383314 -0.02923179
v 0.02197625 -0.00418993 -0.02958186
v 0.02545738 -0.00275163 0.00373870
v 0.02527976 -0.00419885 0.00338863
v 0.01570392 -0.01466612 -0.03805348
v 0.01576675 -0.01493817 -0.03582472
v 0.01622711 -0.01506528 -0.03145472
v 0.01762392 -0.01652811 -0.01128502
v 0.01650140 -0.01430041 -0.03420858
v 0.01902677 -0.01579669 -0.00505965
v 0.02014324 -0.01581676 0.00373870
v 0.02055165 -0.01497385 0.00153911
v 0.02645061 -0.00383983 0.01474831
v 0.02311568 -0.00446644 -0.01787211
v 0.02641557 -0.00451773 0.01512172
v 0.02201370 -0.00445083 -0.02885255
v 0.02637932 -0.00419885 0.01439241
v 0.01611232 -0.01382544 -0.04025307
v 0.02178171 -0.01623376 0.01914166
v 0.02089723 -0.01429372 -0.00008870
v 0.02203666 -0.01544436 0.01610191
v 0.01983391 -0.01434055 -0.00807023
v 0.02640107 -0.00550559 0.01638196
v 0.02648686 -0.00579102 0.01803894
v 0.02090206 -0.00440400 -0.03971047
v 0.02208983 -0.01551126 0.01694207
v 0.02202337 -0.01433609 0.00957899
v 0.02198954 -0.01538639 0.01536677
v 0.01759975 -0.01209725 -0.03969880
v 0.01980129 -0.01320106 -0.01551499
v 0.02572200 -0.00605192 0.01144018
v 0.02532447 -0.00558363 0.00625335
v 0.02622828 -0.00705093 0.01922334
v 0.02086702 -0.00538963 -0.03717832
v 0.01756471 -0.01204596 -0.04025307
v 0.02198108 -0.01426696 0.00884968
v 0.01868481 -0.01207049 -0.03076626
v 0.01875490 -0.01110270 -0.03475118
v 0.02081869 -0.01304496 -0.00725924
v 0.02543684 -0.00925409 0.01803894
v 0.02529909 -0.00989854 0.01859905
v 0.02308789 -0.01427588 0.01869824
v 0.02255140 -0.01374962 0.01144018
v 0.01844436 -0.01052069 -0.04025307
v 0.01863044 -0.01087079 -0.03695077
v 0.01961521 -0.01065448 -0.02925513
v 0.02435903 -0.01129893 0.01583936
v 0.02322080 -0.01342628 0.01583936
v 0.02284864 -0.01366042 0.01365144
v 0.02527009 -0.00980265 0.01803894
v 0.02449194 -0.00935221 0.00924059
v 0.02422249 -0.00994983 0.00847044
v 0.02418262 -0.00984948 0.00774113
v 0.02198954 -0.00876797 -0.01650685
v 0.02336338 -0.01384551 0.01909498
v 0.01907026 -0.00935221 -0.04025307
v 0.01966113 -0.00963987 -0.03365431
v 0.02423457 -0.01106702 0.01363977
v 0.02070752 -0.00953952 -0.02485595
v 0.02043565 -0.00935221 -0.02815242
v 0.02090568 -0.00881034 -0.02654794
v 0.02420195 -0.01100681 0.01306799
v 0.02312655 -0.00995206 -0.00145396
v 0.01964421 -0.00844686 -0.03915036
v 0.01980008 -0.00879919 -0.03639650
v -0.00000437 -0.02126235 -0.04035809
v -0.00000437 -0.02092317 -0.04402141
v 0.00026000 -0.02092317 -0.04402141
v 0.00055110 -0.02126027 -0.04035809
v 0.00154917 -0.02116455 -0.04035809
v 0.00264822 -0.02105634 -0.04035809
v 0.00274922 -0.02104594 -0.04035809
v 0.00370867 -0.02093357 -0.04035809
v 0.00417948 -0.02086698 -0.04035809
v 0.00486119 -0.02069427 -0.04035809
v 0.00594837 -0.02036550 -0.04035809
v 0.00725833 -0.01996806 -0.04035809
v 0.00773954 -0.01981615 -0.04035809
v 0.00819105 -0.01962055 -0.04035809
v 0.00924703 -0.01910658 -0.04035809
v 0.00935545 -0.01905248 -0.04035809
v 0.00995994 -0.01873203 -0.04035809
v 0.01050204 -0.01844071 -0.04035809
v 0.01148674 -0.01788720 -0.04035809
v 0.01203627 -0.01755635 -0.04035809
v 0.01258431 -0.01711521 -0.04035809
v 0.01331206 -0.01652008 -0.04035809
v 0.01448687 -0.01555457 -0.04035809
v 0.01503640 -0.01503644 -0.04035809
v 0.01516858 -0.01489702 -0.04035809
v 0.01516858 -0.00963246 -0.04035809
v -0.00000437 -0.01796003 -0.04035809
v -0.00000437 -0.00000644 -0.04125814
v -0.00000437 -0.00000436 -0.04390774
v -0.00000437 -0.01686134 -0.04402141
v 0.01516858 -0.00775762 -0.04402141
v 0.01516858 -0.01435392 -0.04402141
v 0.01476758 -0.01476801 -0.04402141
v 0.01420022 -0.01531735 -0.04402141
v 0.01388387 -0.01557746 -0.04402141
v 0.01266303 -0.01658043 -0.04402141
v 0.01242985 -0.01676979 -0.04402141
v 0.01168724 -0.01732121 -0.04402141
v 0.01113623 -0.01768120 -0.04402141
v 0.01044857 -0.01805575 -0.04402141
v 0.01005053 -0.01827008 -0.04402141
v 0.00925594 -0.01869457 -0.04402141
v 0.00902277 -0.01881734 -0.04402141
v 0.00872424 -0.01896300 -0.04402141
v 0.00824897 -0.01919398 -0.04402141
v 0.00778410 -0.01937501 -0.04402141
v 0.00712021 -0.01962888 -0.04402141
v 0.00657959 -0.01979326 -0.04402141
v 0.00495031 -0.02028643 -0.04402141
v 0.00448544 -0.02039463 -0.04402141
v 0.00385125 -0.02054029 -0.04402141
v 0.00275070 -0.02067971 -0.04402141
v 0.00163976 -0.02078999 -0.04402141
v 0.00052437 -0.02089820 -0.04402141
v 0.00055110 -0.02116247 -0.04135640
v 0.00125212 -0.02091484 -0.04315542
v 0.00273585 -0.02095022 -0.04134241
v 0.01516858 -0.00000436 -0.04126531
v 0.01374872 -0.00000436 -0.04125814
v 0.00027188 -0.00000436 -0.04125814
v 0.01516858 -0.00000436 -0.04390774
v 0.00309082 -0.02087739 -0.04169992
v 0.00341460 -0.02091484 -0.04096661
v 0.01423735 -0.01534856 -0.04355596
v 0.00414829 -0.02086282 -0.04044917
v 0.01255312 -0.01687175 -0.04245582
v 0.01246698 -0.01680100 -0.04355596
v 0.00614590 -0.01996598 -0.04362338
v 0.00670286 -0.01983072 -0.04330172
v 0.01139168 -0.01783102 -0.04135640
v 0.00768607 -0.01979535 -0.04076581
v 0.00824897 -0.01924600 -0.04355596
v 0.01044857 -0.01823262 -0.04245582
v 0.00907178 -0.01884440 -0.04355596
v 0.00918762 -0.01890682 -0.04245582
v 0.02481313 -0.01728240 0.04797761
v 0.02199107 -0.01728240 0.04797761
v 0.01211262 -0.02522180 0.04797761
v 0.01211262 -0.02773862 0.04797761
v 0.01229412 -0.02765879 0.04797761
v 0.01443864 -0.02652576 0.04797761
v 0.01485760 -0.02629444 0.04797761
v 0.01634198 -0.02543981 0.04797761
v 0.01730421 -0.02480318 0.04797761
v 0.01782387 -0.02440401 0.04797761
v 0.01824034 -0.02406216 0.04797761
v 0.02063225 -0.02204993 0.04797761
v 0.02095051 -0.02175004 0.04797761
v 0.02135828 -0.02136008 0.04797761
v 0.02174864 -0.02095272 0.04797761
v 0.02204825 -0.02063338 0.04797761
v 0.02406223 -0.01824041 0.04797761
v 0.02440411 -0.01782384 0.04797761
v 0.02480318 -0.01730389 0.04797761
v 0.02452595 -0.01728240 0.04554212
v 0.02093435 -0.01728240 0.01924668
v 0.01735145 -0.01728240 0.01924668
v 0.02057879 -0.01728240 0.04334287
v 0.02063847 -0.01728240 0.04360723
v 0.02078641 -0.01728240 0.04426250
v 0.02082743 -0.01728240 0.04444249
v 0.01211262 -0.02412050 0.04413595
v 0.01211262 -0.02428733 0.04475467
v 0.02427109 -0.01768771 0.04577836
v 0.01211262 -0.02408672 0.04396440
v 0.01211262 -0.02399563 0.04334287
v 0.01211262 -0.02382265 0.04183545
v 0.01211262 -0.02349104 0.03894154
v 0.01211262 -0.02336514 0.03784191
v 0.01211262 -0.02282473 0.03311717
v 0.01211262 -0.02127820 0.01959259
v 0.01211262 -0.02123931 0.01924668
v 0.01211262 -0.02430678 0.01924668
v 0.01211262 -0.02754415 0.04590491
v 0.02224344 -0.02009706 0.04554212
v 0.01978563 -0.01868359 0.01924668
v 0.02074041 -0.01751985 0.01924668
v 0.02078641 -0.01746356 0.01924668
v 0.01924236 -0.01923219 0.01924668
v 0.01923117 -0.01924345 0.01924668
v 0.01868292 -0.01978694 0.01924668
v 0.01823039 -0.02015847 0.01924668
v 0.01691385 -0.02123931 0.01924668
v 0.01624376 -0.02178893 0.01924668
v 0.01569303 -0.02223826 0.01924668
v 0.01480165 -0.02283906 0.01924668
v 0.01433670 -0.02311848 0.01924668
v 0.01407563 -0.02325870 0.01924668
v 0.01275784 -0.02396288 0.01924668
v 0.01220710 -0.02425663 0.01924668
v 0.01215862 -0.02753085 0.04593585
v 0.02184934 -0.02072141 0.04664175
v 0.02178470 -0.02064771 0.04554212
v 0.01978812 -0.01979001 0.02636473
v 0.01431059 -0.02640498 0.04606241
v 0.02129985 -0.02130072 0.04664175
v 0.02123396 -0.02123521 0.04554212
v 0.01634322 -0.02520747 0.04554212
v 0.01644516 -0.02526786 0.04664175
v 0.02072052 -0.02185034 0.04664175
v 0.02064593 -0.02178484 0.04554212
v 0.02009643 -0.02224440 0.04554212
v 0.01768836 -0.02427095 0.04577836
v 0.01539839 -0.02309801 0.02410641
v 0.01499062 -0.02285134 0.02024506
v -0.01460161 -0.01137645 -0.03915377
v -0.01506740 -0.01158762 -0.03915377
v -0.01506740 -0.01506590 -0.03915377
v -0.01458278 -0.01563073 -0.03915377
v -0.01391289 -0.01618183 -0.03915377
v -0.01259333 -0.01726515 -0.03915377
v -0.01241637 -0.01740764 -0.03915377
v -0.01223831 -0.01753469 -0.03915377
v -0.01223831 -0.01447531 -0.03915377
v -0.01257256 -0.01360488 -0.03915377
v -0.01506740 -0.01077728 -0.03915636
v -0.01506740 0.00000436 -0.04126484
v -0.01506740 0.00000436 -0.04390800
v -0.01506740 -0.00991200 -0.04763089
v -0.01506740 -0.01020557 -0.04771640
v -0.01506740 -0.01133181 -0.04795739
v -0.01506740 -0.01243229 -0.04793148
v -0.01506740 -0.01346754 -0.04767148
v -0.01506740 -0.01357913 -0.04762657
v -0.01506740 -0.01402894 -0.04692863
v -0.01506740 -0.01405469 -0.04685607
v -0.01506740 -0.01418173 -0.04600353
v -0.01506740 -0.01517406 -0.03926693
v -0.01506740 -0.01518779 -0.03915636
v -0.01223831 -0.01388816 -0.03915636
v -0.01223831 0.00000436 -0.04125793
v -0.01374978 0.00000436 -0.04125793
v -0.01223831 -0.01750207 -0.03957529
v -0.01223831 -0.01746773 -0.03984307
v -0.01223831 -0.01656468 -0.04685607
v -0.01223831 -0.01647369 -0.04735793
v -0.01223831 -0.01639300 -0.04748663
v -0.01223831 -0.01616981 -0.04760929
v -0.01223831 -0.01591572 -0.04770690
v -0.01223831 -0.01526161 -0.04792284
v -0.01223831 -0.01484958 -0.04794357
v -0.01223831 -0.01416113 -0.04791939
v -0.01223831 0.00000436 -0.04390800
v -0.01434434 -0.01543673 -0.04219168
v -0.01391261 -0.01618183 -0.03915636
v -0.01458610 -0.01458519 -0.04685607
v -0.01406492 -0.01520668 -0.04575562
v -0.01342910 -0.01558781 -0.04685607
v -0.01336291 -0.01663335 -0.03915636
v -0.01397880 -0.01513457 -0.04685607
v -0.01446702 -0.01446672 -0.04756265
v -0.01246760 -0.01680160 -0.04355644
v -0.01374978 -0.01374909 -0.04797726
v -0.01484974 -0.01264861 -0.04794098
v -0.01265010 -0.01484958 -0.04794098
v -0.01332386 -0.01550025 -0.04751427
v -0.01484004 -0.01371304 -0.04768616
v -0.01371406 -0.01483928 -0.04768616
v -0.01256647 -0.01590027 -0.04761792
v 0.01490051 0.01517056 -0.04033068
v 0.01503792 0.01503836 -0.04033068
v 0.01437794 0.01517056 -0.04387207
v 0.01435295 0.01517056 -0.04403526
v 0.00791756 0.01517056 -0.04403526
v -0.00000437 0.01517056 -0.04390797
v -0.00000437 0.01517056 -0.04126526
v 0.00968308 0.01517056 -0.04033068
v 0.01797351 -0.00000288 -0.04033068
v 0.02126512 -0.00000288 -0.04033068
v 0.02126512 0.00003425 -0.04033068
v 0.02126304 0.00055117 -0.04033068
v 0.02125680 0.00062545 -0.04033068
v 0.02115061 0.00172465 -0.04033068
v 0.02104235 0.00281939 -0.04033068
v 0.02093617 0.00372252 -0.04033068
v 0.02089245 0.00401218 -0.04033068
v 0.02080501 0.00442512 -0.04033068
v 0.02069882 0.00485886 -0.04033068
v 0.01997638 0.00724145 -0.04033068
v 0.01996597 0.00727265 -0.04033068
v 0.01962244 0.00819212 -0.04033068
v 0.01905823 0.00935371 -0.04033068
v 0.01873344 0.00996124 -0.04033068
v 0.01844196 0.01050638 -0.04033068
v 0.01788815 0.01148824 -0.04033068
v 0.01758002 0.01200070 -0.04033068
v 0.01755712 0.01203784 -0.04033068
v 0.01751340 0.01209280 -0.04033068
v 0.01706161 0.01265577 -0.04033068
v 0.01555634 0.01448876 -0.04033068
v 0.01507332 0.01500123 -0.04033068
v 0.01531691 0.01419911 -0.04403526
v 0.01507748 0.01445014 -0.04403526
v 0.01476727 0.01476802 -0.04403526
v 0.01445081 0.01507698 -0.04403526
v -0.00000437 0.01374903 -0.04125801
v -0.00000437 -0.00000437 -0.04125801
v 0.01576870 0.01364951 -0.04403526
v 0.01631834 0.01297959 -0.04403526
v 0.01677013 0.01242850 -0.04403526
v 0.01708035 0.01201407 -0.04403526
v 0.01731977 0.01168580 -0.04403526
v 0.01747800 0.01144516 -0.04403526
v 0.01767996 0.01113471 -0.04403526
v 0.01790689 0.01072177 -0.04403526
v 0.01805471 0.01044994 -0.04403526
v 0.01865224 0.00933142 -0.04403526
v 0.01881672 0.00902097 -0.04403526
v 0.01904365 0.00855753 -0.04403526
v 0.01919355 0.00824856 -0.04403526
v 0.01962661 0.00712114 -0.04403526
v 0.02015751 0.00537281 -0.04403526
v 0.02028451 0.00495095 -0.04403526
v 0.02042817 0.00433005 -0.04403526
v 0.02053851 0.00385027 -0.04403526
v 0.02061763 0.00322937 -0.04403526
v 0.02067800 0.00275106 -0.04403526
v 0.02074046 0.00213016 -0.04403526
v 0.02084873 0.00102205 -0.04403526
v 0.02089245 0.00056900 -0.04403526
v 0.02092160 0.00025261 -0.04403526
v 0.02092160 -0.00000288 -0.04403526
v 0.01689089 -0.00000288 -0.04403526
v -0.00000437 -0.00000288 -0.04390797
v 0.01579993 0.01368664 -0.04355583
v 0.02094658 0.00052444 -0.04353552
v 0.01749258 0.01194129 -0.04135629
v 0.02087787 0.00087499 -0.04388875
v 0.02091535 0.00235743 -0.04206130
v 0.02084040 0.00273472 -0.04243883
v 0.01776948 0.01128622 -0.04245588
v 0.02087787 0.00309122 -0.04170009
v 0.02091535 0.00341504 -0.04096679
v 0.01870429 0.00990776 -0.04084566
v 0.01810884 0.01044994 -0.04355583
v 0.02086122 0.00414735 -0.04044927
v 0.01996597 0.00614671 -0.04362328
v 0.01924560 0.00824856 -0.04355583
v 0.01979525 0.00768559 -0.04076588
v 0.01970780 0.00739742 -0.04245588
v 0.00791661 0.01517056 -0.04403565
v 0.01435498 0.01517056 -0.04403565
v 0.01423912 0.01517056 -0.04484670
v 0.01409653 0.01517056 -0.04582119
v 0.01402141 0.01517056 -0.04632362
v 0.01393738 0.01517056 -0.04685602
v 0.01391829 0.01517056 -0.04691790
v 0.01351979 0.01517056 -0.04760051
v 0.01335682 0.01517056 -0.04766511
v 0.01233066 0.01517056 -0.04792703
v 0.01123065 0.01517056 -0.04796206
v 0.01008226 0.01517056 -0.04772154
v 0.00965320 0.01517056 -0.04759662
v 0.00960355 0.01517056 -0.04754291
v 0.01828395 -0.00000436 -0.04770831
v 0.01788290 -0.00000436 -0.04685602
v 0.01689111 -0.00000436 -0.04403565
v 0.02092321 -0.00000436 -0.04403565
v 0.02092321 0.00009962 -0.04403565
v 0.02092194 0.00025261 -0.04403565
v 0.02089265 0.00056901 -0.04403565
v 0.02086974 0.00080519 -0.04403565
v 0.02078826 0.00163998 -0.04403565
v 0.02067876 0.00275107 -0.04403565
v 0.02053872 0.00385027 -0.04403565
v 0.02028536 0.00495096 -0.04403565
v 0.01995052 0.00605610 -0.04403565
v 0.01962713 0.00712114 -0.04403565
v 0.01919299 0.00824856 -0.04403565
v 0.01904403 0.00855753 -0.04403565
v 0.01881740 0.00902098 -0.04403565
v 0.01865189 0.00933143 -0.04403565
v 0.01805478 0.01044994 -0.04403565
v 0.01790582 0.01072177 -0.04403565
v 0.01767920 0.01113471 -0.04403565
v 0.01747931 0.01144516 -0.04403565
v 0.01732017 0.01168580 -0.04403565
v 0.01708081 0.01201407 -0.04403565
v 0.01677016 0.01242850 -0.04403565
v 0.01631819 0.01297959 -0.04403565
v 0.01531749 0.01419911 -0.04403565
v 0.01507813 0.01445014 -0.04403565
v 0.01476748 0.01476802 -0.04403565
v 0.01472802 0.01472791 -0.04465639
v 0.01458542 0.01458531 -0.04685602
v 0.01924900 -0.00000436 -0.04801109
v 0.01970480 -0.00000436 -0.04785854
v 0.02015295 -0.00000436 -0.04770831
v 0.02058582 -0.00000436 -0.04685602
v 0.02091302 -0.00000436 -0.04424036
v 0.02092066 -0.00000436 -0.04408703
v 0.01527802 0.01415009 -0.04465639
v 0.01513543 0.01397778 -0.04685602
v 0.01446702 0.01446648 -0.04756237
v 0.01397940 0.01513492 -0.04685602
v 0.01814900 0.00605016 -0.04801109
v 0.01924900 0.00055118 -0.04801109
v 0.01627872 0.01293057 -0.04465639
v 0.01558740 0.01342818 -0.04685602
v 0.01613740 0.01275826 -0.04685602
v 0.01653463 0.01214330 -0.04744912
v 0.01550082 0.01332272 -0.04751450
v 0.01484005 0.01371338 -0.04768613
v 0.01371458 0.01483932 -0.04768613
v 0.01814900 0.00715085 -0.04797645
v 0.01924900 0.00275107 -0.04799280
v 0.01924900 0.00165038 -0.04800914
v 0.01594898 0.01044994 -0.04799397
v 0.02015295 0.00055118 -0.04770831
v 0.01265022 0.01484972 -0.04794104
v 0.01375023 0.01374903 -0.04797723
v 0.02091302 0.00014121 -0.04424036
v 0.01672942 0.01238097 -0.04465639
v 0.01665940 0.01229333 -0.04575620
v 0.01658810 0.01220718 -0.04685602
v 0.01704771 0.01154914 -0.04685602
v 0.01750860 0.01085248 -0.04685602
v 0.01772249 0.01012909 -0.04754486
v 0.01673452 0.01154914 -0.04758961
v 0.01590060 0.01256516 -0.04761802
v 0.01594898 0.01154914 -0.04789200
v 0.01484897 0.01264983 -0.04794104
v 0.01822157 0.00830501 -0.04774139
v 0.01897400 0.00715085 -0.04767406
v 0.01924900 0.00385027 -0.04793870
v 0.01704899 0.00934925 -0.04796361
v 0.01791855 0.00934925 -0.04766122
v 0.02007019 0.00275107 -0.04769041
v 0.02011603 0.00165038 -0.04770675
v 0.02058582 0.00055118 -0.04685602
v 0.02083791 0.00052444 -0.04462681
v 0.02072205 0.00055118 -0.04575620
v 0.01726797 0.01144962 -0.04569705
v 0.01756716 0.01094012 -0.04602395
v 0.01781415 0.01030140 -0.04685602
v 0.01710628 0.01047668 -0.04773127
v 0.01864680 0.00872241 -0.04685602
v 0.01883268 0.00797525 -0.04756159
v 0.01989959 0.00473260 -0.04753318
v 0.01999635 0.00385027 -0.04763632
v 0.02049543 0.00165038 -0.04685602
v 0.02061511 0.00165038 -0.04575620
v 0.02039612 0.00275107 -0.04685602
v 0.01760918 0.01101588 -0.04529114
v 0.01798476 0.01044994 -0.04465639
v 0.01782689 0.01052421 -0.04569705
v 0.01873465 0.00886501 -0.04551608
v 0.01869264 0.00878628 -0.04624890
v 0.01892817 0.00817132 -0.04685602
v 0.01931521 0.00715085 -0.04685602
v 0.01978246 0.00546640 -0.04730474
v 0.02025098 0.00385027 -0.04685602
v 0.02050689 0.00275107 -0.04575620
v 0.01878303 0.00895562 -0.04465639
v 0.01943871 0.00715085 -0.04575620
v 0.01912678 0.00824856 -0.04465639
v 0.01995943 0.00504008 -0.04690505
v 0.02010584 0.00495096 -0.04575620
v 0.01982702 0.00559117 -0.04657153
v 0.01955329 0.00715085 -0.04465639
v 0.00052841 -0.02804573 0.04797761
v -0.01142517 -0.02558997 0.04797761
v -0.01142517 -0.02797561 0.04797761
v -0.00912010 -0.02878659 0.04797761
v -0.00824956 -0.02902482 0.04797761
v -0.00494524 -0.02987467 0.04797761
v -0.00385004 -0.02998786 0.04797761
v -0.00055040 -0.03023623 0.04797761
v -0.00026256 -0.03023623 0.04797761
v 0.00052841 -0.03003348 0.04797761
v 0.00052841 -0.03023369 0.04797199
v 0.00052841 -0.03012810 0.04664175
v 0.00052841 -0.03003011 0.04554212
v 0.00052841 -0.02722207 0.01924668
v 0.00052841 -0.02450443 0.01924668
v 0.00052841 -0.02526304 0.02679220
v 0.00052841 -0.02637138 0.03775755
v 0.00052841 -0.02648205 0.03884874
v 0.00052841 -0.02694752 0.04334287
v 0.00052841 -0.02695090 0.04336536
v 0.00052841 -0.02714604 0.04444249
v -0.01142517 -0.02456948 0.04444812
v -0.01142517 -0.02453484 0.04426813
v -0.01142517 -0.02436251 0.04334287
v -0.01142517 -0.02434477 0.04319100
v -0.01142517 -0.02423579 0.04224324
v -0.01142517 -0.02347212 0.03559485
v -0.01142517 -0.02160601 0.01924668
v -0.01142517 -0.02467001 0.01924668
v -0.01142517 -0.02776104 0.04555618
v -0.01142517 -0.02786748 0.04664175
v -0.01044931 -0.02821975 0.04664175
v -0.00055040 -0.03012810 0.04664175
v -0.01044931 -0.02811753 0.04554212
v -0.00893172 -0.02863960 0.04587398
v -0.00714968 -0.02912113 0.04554212
v -0.00714968 -0.02922081 0.04664175
v -0.00055040 -0.03003011 0.04554212
v -0.00604980 -0.02951310 0.04664175
v -0.00999415 -0.02533822 0.01933667
v -0.00983619 -0.02537962 0.01924668
v -0.00943953 -0.02550549 0.01924668
v -0.00924881 -0.02556378 0.01924668
v -0.00702916 -0.02623622 0.01924668
v -0.00609192 -0.02652006 0.01924668
v -0.00604980 -0.02941511 0.04554212
v -0.01101564 -0.02530866 0.02291960
v -0.01092203 -0.02526726 0.02218839
v -0.01081087 -0.02521996 0.02134469
v -0.01066461 -0.02515744 0.02024506
v -0.01044346 -0.02513970 0.01924668
v -0.01011350 -0.02527824 0.01924668
v -0.00457198 -0.02971669 0.04599491
v -0.00014087 -0.02751267 0.02176091
v 0.00013995 -0.02751267 0.02176091
v -0.00055040 -0.02722207 0.01924668
v -0.00154731 -0.02712577 0.01924668
v -0.00264836 -0.02701764 0.01924668
v -0.00374824 -0.02690951 0.01924668
v -0.00385004 -0.02689937 0.01924668
v -0.00495109 -0.02677181 0.01924668
v -0.01298916 -0.02383961 0.01924096
v -0.01298916 -0.02076320 0.01924096
v -0.02222970 -0.01023550 0.01924096
v -0.02522722 -0.01023550 0.01924096
v -0.02513857 -0.01044459 0.01924096
v -0.02464857 -0.01146740 0.01924096
v -0.02460783 -0.01155130 0.01924096
v -0.02338702 -0.01383530 0.01924096
v -0.02325883 -0.01407369 0.01924096
v -0.02296770 -0.01458642 0.01924096
v -0.02283951 -0.01480217 0.01924096
v -0.02228841 -0.01561988 0.01924096
v -0.02223689 -0.01569313 0.01924096
v -0.02219496 -0.01574507 0.01924096
v -0.02178763 -0.01624315 0.01924096
v -0.02119579 -0.01696497 0.01924096
v -0.02011755 -0.01827811 0.01924096
v -0.01923698 -0.01923699 0.01924096
v -0.01827854 -0.02011729 0.01924096
v -0.01823062 -0.02015725 0.01924096
v -0.01746387 -0.02078718 0.01924096
v -0.01691396 -0.02123865 0.01924096
v -0.01624306 -0.02178867 0.01924096
v -0.01569315 -0.02223748 0.01924096
v -0.01562007 -0.02228809 0.01924096
v -0.01480181 -0.02283944 0.01924096
v -0.01458616 -0.02296729 0.01924096
v -0.01407459 -0.02325762 0.01924096
v -0.01383498 -0.02338680 0.01924096
v -0.01420997 -0.02305120 0.01804050
v -0.01298916 -0.02083778 -0.00735783
v -0.01298916 -0.01994016 -0.01529803
v -0.01298916 -0.01989355 -0.01570390
v -0.01298916 -0.01980699 -0.01644132
v -0.01298916 -0.01971909 -0.01715588
v -0.01298916 -0.01967115 -0.01754461
v -0.01298916 -0.01854180 -0.02659380
v -0.01298916 -0.01742577 -0.03538575
v -0.01298916 -0.01694233 -0.03915291
v -0.01298916 -0.01323999 -0.03915291
v -0.01298916 -0.02074989 0.01913806
v -0.01546792 -0.01023550 -0.03915291
v -0.01427826 -0.02308716 0.01869789
v -0.01426747 -0.02198045 0.00884839
v -0.01313652 -0.02086575 -0.00640890
v -0.01872182 -0.01023550 -0.03915291
v -0.02209073 -0.01023550 -0.00929572
v -0.02301563 -0.01023550 -0.00109829
v -0.02318695 -0.01023550 0.00043945
v -0.02405074 -0.01023550 0.00823101
v -0.02419810 -0.01023550 0.00956867
v -0.01391405 -0.01618322 -0.03915291
v -0.01458376 -0.01563187 -0.03915291
v -0.01513247 -0.01513245 -0.03915291
v -0.01563445 -0.01457976 -0.03915291
v -0.01618315 -0.01391387 -0.03915291
v -0.01726619 -0.01259408 -0.03915291
v -0.01740756 -0.01241829 -0.03915291
v -0.01781130 -0.01184695 -0.03915291
v -0.01792991 -0.01164985 -0.03915291
v -0.01797184 -0.01157660 -0.03915291
v -0.01850617 -0.01063770 -0.03915291
v -0.01433696 -0.02202306 0.00958010
v -0.01320241 -0.01980033 -0.01551525
v -0.01856847 -0.01075356 -0.03805534
v -0.01867510 -0.01095200 -0.03617462
v -0.01544635 -0.02203638 0.01609689
v -0.01538765 -0.02198977 0.01536518
v -0.01429623 -0.02089638 -0.00008647
v -0.01319163 -0.01869229 -0.02425004
v -0.01312573 -0.01975372 -0.01624696
v -0.02416096 -0.01092536 0.01233545
v -0.02420169 -0.01100527 0.01306716
v -0.02423404 -0.01106653 0.01363881
v -0.01428425 -0.01978568 -0.00880410
v -0.01477305 -0.02056211 0.00034227
v -0.01532056 -0.02083379 0.00593870
v -0.01811681 -0.01155130 -0.03805534
v -0.01868468 -0.01207202 -0.03076683
v -0.01887876 -0.01133422 -0.03255609
v -0.02081721 -0.01304689 -0.00726065
v -0.02292697 -0.01397780 0.01583965
v -0.01515403 -0.01629775 -0.03035524
v -0.01506777 -0.01622717 -0.03145281
v -0.01764358 -0.01215726 -0.03896426
v -0.01980006 -0.01320270 -0.01551525
v -0.02198051 -0.01426812 0.00884839
v -0.02308751 -0.01427878 0.01869789
v -0.01760524 -0.01760423 -0.00454532
v -0.01493958 -0.01576771 -0.03582591
v -0.01762081 -0.01871626 0.00416088
v -0.01541880 -0.01541878 -0.03544291
v -0.01536489 -0.01536418 -0.03617462
v -0.01530379 -0.01530425 -0.03695206
v -0.01858884 -0.01970844 0.01804050
v -0.02089628 -0.01429609 -0.00008647
v -0.02202364 -0.01433738 0.00958010
v -0.01762441 -0.01652948 -0.01128506
v -0.01629817 -0.01515376 -0.03035524
v -0.01869786 -0.01869628 0.01090633
v -0.01576743 -0.01493934 -0.03582591
v -0.01570394 -0.01466766 -0.03805534
v -0.01865473 -0.01976171 0.01888082
v -0.01988512 -0.01440530 -0.00726065
v -0.02203682 -0.01544675 0.01609689
v -0.01868827 -0.01648554 -0.00331056
v -0.02199010 -0.01538815 0.01536518
v -0.01970781 -0.01858841 0.01804050
v -0.01880448 -0.01880283 0.01254124
v -0.01976173 -0.01865367 0.01888082
v -0.02101968 -0.01664668 0.01583965
v -0.01546689 -0.01023417 -0.03915291
v -0.01872115 -0.01023417 -0.03915291
v -0.01880170 -0.01008384 -0.03915291
v -0.01919410 -0.00934922 -0.03915291
v -0.01964403 -0.00844524 -0.03915291
v -0.01988108 -0.00789302 -0.03915291
v -0.02012618 -0.00714938 -0.03915291
v -0.02093169 -0.00449755 -0.03915291
v -0.02103756 -0.00385012 -0.03915291
v -0.02116874 -0.00275070 -0.03915291
v -0.02127691 -0.00165028 -0.03915291
v -0.02138278 -0.00055086 -0.03915291
v -0.02138278 0.00000436 -0.03915291
v -0.02136206 0.00000436 -0.03915291
v -0.01853818 0.00000135 -0.03915291
v -0.02426304 0.00000436 0.01690863
v -0.02443680 0.00000436 0.01858928
v -0.02449664 0.00000436 0.01914378
v -0.02222971 -0.01023417 0.01924096
v -0.02522620 -0.01023417 0.01924096
v -0.02428030 -0.01023417 0.01034040
v -0.02419745 -0.01023417 0.00956867
v -0.02411575 -0.01023417 0.00881981
v -0.02327457 -0.01023417 0.00122832
v -0.02320207 -0.01023417 0.00057664
v -0.02310081 -0.01023417 -0.00033228
v -0.02294891 -0.01023417 -0.00168137
v -0.02207206 -0.01023417 -0.00946150
v -0.02033562 -0.01023417 -0.02485599
v -0.01934254 -0.01023417 -0.03365365
v -0.01874991 -0.01023417 -0.03890138
v -0.01859917 0.00000436 -0.03869559
v -0.02201337 0.00000436 -0.03323635
v -0.02641260 0.00000436 0.01075770
v -0.02722271 0.00000436 0.01924096
v -0.02450815 0.00000436 0.01924096
v -0.02722156 -0.00055086 0.01924096
v -0.02711569 -0.00165028 0.01924096
v -0.02700752 -0.00275070 0.01924096
v -0.02689935 -0.00385012 0.01924096
v -0.02677162 -0.00495054 0.01924096
v -0.02652422 -0.00607201 0.01924096
v -0.02651961 -0.00609206 0.01924096
v -0.02651271 -0.00611511 0.01924096
v -0.02586600 -0.00824981 0.01924096
v -0.02550468 -0.00943942 0.01924096
v -0.02537810 -0.00983529 0.01924096
v -0.02527683 -0.01011391 0.01924096
v -0.01886269 -0.01020210 -0.03805534
v -0.01931837 -0.00934922 -0.03805534
v -0.02422162 -0.00994754 0.00847111
v -0.01979938 -0.00879801 -0.03639756
v -0.01976831 -0.00872686 -0.03695206
v -0.01970617 -0.00858554 -0.03805534
v -0.02001686 -0.00920391 -0.03255609
v -0.02201337 -0.00014096 -0.03323635
v -0.02721235 -0.00055086 0.01914378
v -0.02641260 -0.00014096 0.01075770
v -0.02529870 -0.00989643 0.01860071
v -0.02312613 -0.00995055 -0.00145271
v -0.02418249 -0.00984832 0.00773940
v -0.02090522 -0.00880904 -0.02654807
v -0.02083158 -0.00977015 -0.02265514
v -0.02589247 -0.00055086 0.00593870
v -0.02666231 -0.00055086 0.01363881
v -0.02637808 -0.00087457 0.01110641
v -0.02526993 -0.00980122 0.01804050
v -0.02198921 -0.00876694 -0.01650992
v -0.02531481 -0.00125240 0.00083960
v -0.02421932 -0.00886416 0.00520128
v -0.02024126 -0.00714938 -0.03805534
v -0.02197655 -0.00418787 -0.02958352
v -0.02307894 -0.00419688 -0.01860215
v -0.02417904 -0.00419688 -0.00760936
v -0.02446902 -0.00385012 -0.00505981
v -0.02641605 -0.00346427 0.01402753
v -0.02622848 -0.00704816 0.01922381
v -0.02640109 -0.00550376 0.01637700
v -0.02114688 -0.00604996 -0.03255609
v -0.02057497 -0.00604996 -0.03805534
v -0.02201452 -0.00445145 -0.02885181
v -0.02311577 -0.00446548 -0.01787044
v -0.02641605 -0.00451759 0.01512509
v -0.02527913 -0.00419688 0.00338915
v -0.02637923 -0.00419688 0.01439338
v -0.02648625 -0.00578839 0.01804050
v 0.01516858 -0.00775740 -0.04402180
v 0.01516858 -0.01435353 -0.04402180
v 0.01516858 -0.01426717 -0.04465641
v 0.01516858 -0.01410736 -0.04575615
v 0.01516858 -0.01401844 -0.04635367
v 0.01516858 -0.01393982 -0.04685589
v 0.01516858 -0.01352095 -0.04760103
v 0.01516858 -0.01262523 -0.04784316
v 0.01516858 -0.01155037 -0.04793259
v 0.01516858 -0.01046906 -0.04779005
v 0.01516858 -0.00965840 -0.04759751
v -0.00000437 -0.01828439 -0.04770843
v -0.00000437 -0.01788228 -0.04685589
v -0.00000437 -0.01686155 -0.04402180
v -0.00000437 -0.02092258 -0.04402180
v 0.00026000 -0.02092258 -0.04402180
v 0.00052437 -0.02089810 -0.04402180
v 0.00081101 -0.02087103 -0.04402180
v 0.00163976 -0.02078983 -0.04402180
v 0.00275070 -0.02068029 -0.04402180
v 0.00385125 -0.02053980 -0.04402180
v 0.00448544 -0.02039417 -0.04402180
v 0.00495031 -0.02028720 -0.04402180
v 0.00605976 -0.01995082 -0.04402180
v 0.00685881 -0.01970852 -0.04402180
v 0.00712021 -0.01962862 -0.04402180
v 0.00778410 -0.01937601 -0.04402180
v 0.00824897 -0.01919558 -0.04402180
v 0.00902277 -0.01881925 -0.04402180
v 0.01005053 -0.01827021 -0.04402180
v 0.01044857 -0.01805627 -0.04402180
v 0.01113623 -0.01768123 -0.04402180
v 0.01168724 -0.01732165 -0.04402180
v 0.01242985 -0.01677133 -0.04402180
v 0.01266303 -0.01658059 -0.04402180
v 0.01298086 -0.01632025 -0.04402180
v 0.01388387 -0.01557918 -0.04402180
v 0.01420022 -0.01531884 -0.04402180
v 0.01476758 -0.01476852 -0.04402180
v 0.01472747 -0.01472728 -0.04465641
v 0.01458489 -0.01458551 -0.04685589
v -0.00000437 -0.01924971 -0.04801109
v -0.00000437 -0.01876254 -0.04785839
v -0.00000437 -0.02015316 -0.04770843
v -0.00000437 -0.02058620 -0.04685589
v -0.00000437 -0.02091227 -0.04424050
v -0.00000437 -0.02092000 -0.04409639
v 0.01415121 -0.01527760 -0.04465641
v 0.01406507 -0.01520672 -0.04575615
v 0.01397744 -0.01513583 -0.04685589
v 0.01446608 -0.01446694 -0.04756237
v 0.01513591 -0.01397977 -0.04685589
v 0.01484926 -0.01155037 -0.04794900
v 0.00605085 -0.01814907 -0.04801109
v 0.00055110 -0.01924971 -0.04801109
v 0.00055110 -0.02015316 -0.04770843
v 0.01374872 -0.01375036 -0.04797712
v 0.01220855 -0.01658832 -0.04685589
v 0.01275808 -0.01613724 -0.04685589
v 0.01214320 -0.01653548 -0.04744950
v 0.01332246 -0.01550056 -0.04751472
v 0.01371307 -0.01483941 -0.04768616
v 0.01483887 -0.01371428 -0.04768616
v 0.01484926 -0.01265101 -0.04794119
v 0.00715140 -0.01814907 -0.04797634
v 0.00275070 -0.01924971 -0.04799313
v 0.00165016 -0.01924971 -0.04800914
v 0.01044857 -0.01594907 -0.04799391
v 0.00055110 -0.02058620 -0.04685589
v 0.01264966 -0.01484972 -0.04794119
v 0.00934951 -0.01704971 -0.04796383
v 0.00014118 -0.02091227 -0.04424050
v 0.01238083 -0.01673009 -0.04465641
v 0.01154912 -0.01704842 -0.04685589
v 0.01154912 -0.01673524 -0.04758971
v 0.01256500 -0.01590009 -0.04761821
v 0.01085255 -0.01750982 -0.04685589
v 0.01012925 -0.01772247 -0.04754479
v 0.01154912 -0.01594907 -0.04789237
v 0.00830541 -0.01822124 -0.04774123
v 0.00715140 -0.01897390 -0.04767406
v 0.00385125 -0.01924971 -0.04793884
v 0.00934951 -0.01791966 -0.04766117
v 0.00275070 -0.02007068 -0.04769047
v 0.00165016 -0.02011579 -0.04770686
v 0.01047679 -0.01710642 -0.04773108
v 0.00055110 -0.02072153 -0.04575615
v 0.00052437 -0.02083752 -0.04462673
v 0.01107682 -0.01764514 -0.04465641
v 0.01101592 -0.01760906 -0.04529259
v 0.01094018 -0.01756781 -0.04602562
v 0.01144961 -0.01726881 -0.04569796
v 0.01030302 -0.01781526 -0.04685589
v 0.00872275 -0.01864783 -0.04685589
v 0.00797569 -0.01883342 -0.04756158
v 0.00473347 -0.01990056 -0.04753347
v 0.00385125 -0.01999722 -0.04763657
v 0.00165016 -0.02049599 -0.04685589
v 0.00275070 -0.02039675 -0.04685589
v 0.00165016 -0.02072539 -0.04465641
v 0.00895593 -0.01878316 -0.04465641
v 0.00886533 -0.01873418 -0.04551637
v 0.00878662 -0.01869294 -0.04624940
v 0.00817174 -0.01892879 -0.04685589
v 0.00715140 -0.01931544 -0.04685589
v 0.00546568 -0.01978199 -0.04730461
v 0.00385125 -0.02025111 -0.04685589
v 0.00385125 -0.02047537 -0.04465641
v 0.00275070 -0.02061713 -0.04465641
v 0.00715140 -0.01943916 -0.04575615
v 0.00503942 -0.01995984 -0.04690510
v 0.00495031 -0.02010677 -0.04575615
v 0.00715140 -0.01955258 -0.04465641
v 0.00559192 -0.01982709 -0.04657158
v -0.00000585 0.02092193 -0.04403565
v -0.00000585 0.02092066 -0.04408703
v -0.00025230 0.02092193 -0.04403565
v -0.00052546 0.02089647 -0.04403565
v -0.00080457 0.02086974 -0.04403565
v -0.00164040 0.02078826 -0.04403565
v -0.00275089 0.02067878 -0.04403565
v -0.00337145 0.02059985 -0.04403565
v -0.00385098 0.02053874 -0.04403565
v -0.00447154 0.02039615 -0.04403565
v -0.00495107 0.02028540 -0.04403565
v -0.00605710 0.01995058 -0.04403565
v -0.00712156 0.01962722 -0.04403565
v -0.00777033 0.01938024 -0.04403565
v -0.00824986 0.01919437 -0.04403565
v -0.00902185 0.01881754 -0.04403565
v -0.00926088 0.01869024 -0.04403565
v -0.01044856 0.01805497 -0.04403565
v -0.01113593 0.01768069 -0.04403565
v -0.01168524 0.01732041 -0.04403565
v -0.01242902 0.01677044 -0.04403565
v -0.01266953 0.01657311 -0.04403565
v -0.01297981 0.01631850 -0.04403565
v -0.01419867 0.01531786 -0.04403565
v -0.01476727 0.01476790 -0.04403565
v -0.01516960 0.01435033 -0.04403565
v -0.01516960 0.00791748 -0.04403565
v -0.00000585 0.01689138 -0.04403565
v -0.00000585 0.01788311 -0.04685602
v -0.00000585 0.01828413 -0.04770831
v -0.00000585 0.01924912 -0.04801109
v -0.00000585 0.01970488 -0.04785854
v -0.00000585 0.02015300 -0.04770831
v -0.00000585 0.02058584 -0.04685602
v -0.00000585 0.02091302 -0.04424036
v -0.00014095 0.02091302 -0.04424036
v -0.00055070 0.02058584 -0.04685602
v -0.00055070 0.02072206 -0.04575620
v -0.00052546 0.02083791 -0.04462681
v -0.01516960 0.01426376 -0.04465639
v -0.01516960 0.01410462 -0.04575620
v -0.01516960 0.01402187 -0.04631506
v -0.01516960 0.01393658 -0.04685602
v -0.01516960 0.01351901 -0.04760012
v -0.01516960 0.01262531 -0.04784258
v -0.01516960 0.01155084 -0.04793248
v -0.01516960 0.01046872 -0.04779082
v -0.01516960 0.00965141 -0.04759662
v -0.00055070 0.02015300 -0.04770831
v -0.00165079 0.02011608 -0.04770675
v -0.00275089 0.02007025 -0.04769041
v -0.00165079 0.02049546 -0.04685602
v -0.00275089 0.02039615 -0.04685602
v -0.00165079 0.02061512 -0.04575620
v -0.01458615 0.01458585 -0.04685602
v -0.00055070 0.01924912 -0.04801109
v -0.00165079 0.01924912 -0.04800914
v -0.00275089 0.01924912 -0.04799280
v -0.00385098 0.01924912 -0.04793909
v -0.00385098 0.01999641 -0.04763632
v -0.00385098 0.02025102 -0.04685602
v -0.00275089 0.02050691 -0.04575620
v -0.00605116 0.01814918 -0.04801109
v -0.01484893 0.01155084 -0.04794882
v -0.01374883 0.01375071 -0.04797723
v -0.01406506 0.01520711 -0.04575620
v -0.01397747 0.01513581 -0.04685602
v -0.01446590 0.01446618 -0.04756237
v -0.01513546 0.01397986 -0.04685602
v -0.00715125 0.01814918 -0.04797645
v -0.00715125 0.01897413 -0.04767406
v -0.00473283 0.01989966 -0.04753318
v -0.00546623 0.01978253 -0.04730551
v -0.00504015 0.01995949 -0.04690544
v -0.00495107 0.02010589 -0.04575620
v -0.01044856 0.01594931 -0.04799397
v -0.01484893 0.01265077 -0.04794104
v -0.01484002 0.01371506 -0.04768613
v -0.01371320 0.01483919 -0.04768613
v -0.01264874 0.01484937 -0.04794104
v -0.00934995 0.01704924 -0.04796400
v -0.01342816 0.01558776 -0.04685602
v -0.01293082 0.01627903 -0.04465639
v -0.01275860 0.01613772 -0.04685602
v -0.01214249 0.01653492 -0.04744951
v -0.01332275 0.01550119 -0.04751450
v -0.00830479 0.01822175 -0.04774139
v -0.00934995 0.01791875 -0.04766122
v -0.00797521 0.01883282 -0.04756159
v -0.00715125 0.01931532 -0.04685602
v -0.00559242 0.01982709 -0.04657191
v -0.01256561 0.01590093 -0.04761841
v -0.01154865 0.01594931 -0.04789239
v -0.01047677 0.01710653 -0.04773127
v -0.01229392 0.01665968 -0.04575620
v -0.01220782 0.01658839 -0.04685602
v -0.01154865 0.01704797 -0.04685602
v -0.01085237 0.01750882 -0.04685602
v -0.01012937 0.01772270 -0.04754486
v -0.01154865 0.01673479 -0.04759000
v -0.00872197 0.01864695 -0.04685602
v -0.00817266 0.01892830 -0.04685602
v -0.00715125 0.01943880 -0.04575620
v -0.00657671 0.01979272 -0.04403643
v -0.01144918 0.01726821 -0.04569821
v -0.01093996 0.01756738 -0.04602590
v -0.01030307 0.01781436 -0.04685602
v -0.00878729 0.01869278 -0.04625007
v -0.00886449 0.01873479 -0.04551725
v -0.00715125 0.01955338 -0.04465639
v -0.01101568 0.01760940 -0.04529269
v -0.01052427 0.01782709 -0.04569821
v -0.02722243 0.00004773 0.01924949
v -0.02722243 0.00055001 0.01924949
v -0.02721274 0.00065296 0.01924949
v -0.02711592 0.00165025 0.01924949
v -0.02699731 0.00285345 0.01924949
v -0.02689886 0.00385074 0.01924949
v -0.02688757 0.00395369 0.01924949
v -0.02677218 0.00495098 0.01924949
v -0.02651963 0.00609178 0.01924949
v -0.02651640 0.00610426 0.01924949
v -0.02638326 0.00654414 0.01924949
v -0.02586685 0.00824962 0.01924949
v -0.02550537 0.00943930 0.01924949
v -0.02533350 0.00998318 0.01924949
v -0.02513984 0.01044282 0.01924949
v -0.02502849 0.01067161 0.01924949
v -0.02200669 0.01067161 0.01924949
v -0.02450886 0.00004773 0.01924949
v -0.02482838 0.00004773 0.02244553
v -0.02526330 0.00004773 0.02679047
v -0.02637116 0.00004773 0.03775840
v -0.02648251 0.00004773 0.03884816
v -0.02695051 0.00004773 0.04334233
v -0.02714577 0.00004773 0.04444335
v -0.02803900 0.00004773 0.04801109
v -0.03024988 0.00004773 0.04801109
v -0.03012804 0.00004773 0.04664256
v -0.03002960 0.00004773 0.04554155
v -0.02751291 0.00004773 0.02176127
v -0.02751291 0.00014132 0.02176127
v -0.03002960 0.00055001 0.04554155
v -0.02999087 0.00416791 0.04801109
v -0.03012804 0.00055001 0.04664256
v -0.03023213 0.00087343 0.04801109
v -0.03007156 0.00306871 0.04801109
v -0.03024988 0.00055001 0.04801109
v -0.02589832 0.01067161 0.04801109
v -0.02825928 0.01067161 0.04801109
v -0.02867725 0.00951729 0.04801109
v -0.02880313 0.00913252 0.04801109
v -0.02896854 0.00858032 0.04801109
v -0.02971491 0.00595867 0.04801109
v -0.02985612 0.00520680 0.04801109
v -0.02989646 0.00494474 0.04801109
v -0.02515598 0.01067161 0.02025195
v -0.02803658 0.01067161 0.04554437
v -0.02805837 0.01067161 0.04576400
v -0.02813986 0.01067161 0.04664256
v -0.02493812 0.01067161 0.04446869
v -0.02472510 0.01067161 0.04334233
v -0.02212772 0.01067161 0.02033643
v -0.02912185 0.00714938 0.04554155
v -0.02864013 0.00893181 0.04587382
v -0.02811727 0.01044906 0.04554155
v -0.02821974 0.01044906 0.04664256
v 0.01211262 -0.02522218 0.04797761
v 0.00052841 -0.02804583 0.04797761
v 0.00052841 -0.03003366 0.04797761
v 0.00055109 -0.03023623 0.04797761
v 0.00083004 -0.03022126 0.04797761
v 0.00412523 -0.02997377 0.04797761
v 0.00494506 -0.02987424 0.04797761
v 0.00516618 -0.02984078 0.04797761
v 0.00595993 -0.02969105 0.04797761
v 0.00853621 -0.02896180 0.04797761
v 0.00912018 -0.02878741 0.04797761
v 0.00952726 -0.02865354 0.04797761
v 0.01180079 -0.02787409 0.04797761
v 0.01211262 -0.02773845 0.04797761
v 0.01211262 -0.02754381 0.04590491
v 0.01211262 -0.02430797 0.01924668
v 0.01211262 -0.02123948 0.01924668
v 0.01211262 -0.02127823 0.01959259
v 0.01211262 -0.02141034 0.02074847
v 0.01211262 -0.02194847 0.02545353
v 0.01211262 -0.02362364 0.04009179
v 0.01211262 -0.02399619 0.04334287
v 0.01211262 -0.02408779 0.04396440
v 0.01211262 -0.02412214 0.04413595
v 0.01211262 -0.02428860 0.04475467
v 0.00052841 -0.02714572 0.04444249
v 0.00052841 -0.02695107 0.04336536
v 0.00052841 -0.02694755 0.04334287
v 0.00052841 -0.02648252 0.03884874
v 0.00052841 -0.02637155 0.03775755
v 0.00052841 -0.02526270 0.02679220
v 0.00052841 -0.02450438 0.01924668
v 0.00052841 -0.02722234 0.01924668
v 0.00052841 -0.03003013 0.04554212
v 0.00052841 -0.03012790 0.04664175
v 0.00052841 -0.03023447 0.04797199
v 0.01044915 -0.02822022 0.04664175
v 0.01044915 -0.02811717 0.04554212
v 0.01160122 -0.02769706 0.04555900
v 0.00998310 -0.02533315 0.01924668
v 0.01044234 -0.02514027 0.01924668
v 0.01066459 -0.02515789 0.02024506
v 0.01081087 -0.02521954 0.02134469
v 0.01154905 -0.02460919 0.01924668
v 0.00055109 -0.03012790 0.04664175
v 0.00893195 -0.02863945 0.04587398
v 0.00943882 -0.02550578 0.01924668
v 0.00654503 -0.02638300 0.01924668
v 0.00610507 -0.02651599 0.01924668
v 0.00609260 -0.02651951 0.01924668
v 0.00505278 -0.02674938 0.01924668
v 0.00495073 -0.02677140 0.01924668
v 0.00395288 -0.02688766 0.01924668
v 0.00385082 -0.02689911 0.01924668
v 0.00165100 -0.02711577 0.01924668
v 0.00065315 -0.02721265 0.01924668
v 0.00055109 -0.02722234 0.01924668
v 0.00055109 -0.03003013 0.04554212
v 0.00714942 -0.02912121 0.04554212
v 0.00457200 -0.02971659 0.04599491
v 0.00605064 -0.02941538 0.04554212
v -0.00000437 0.00000324 -0.04125793
v -0.00000437 -0.01156412 -0.04125793
v -0.00000437 -0.01156412 -0.04390788
v -0.00000437 0.00000324 -0.04390788
v -0.01223831 0.00000324 -0.04390788
v -0.01223831 0.00000324 -0.04125793
v -0.01223831 -0.01156412 -0.04109840
v -0.01223831 -0.01156412 -0.04398299
v -0.01142656 -0.02558828 0.04797761
v -0.02316817 -0.01584149 0.04797761
v -0.02569500 -0.01584149 0.04797761
v -0.02565030 -0.01594840 0.04797761
v -0.02440435 -0.01782411 0.04797761
v -0.02339305 -0.01902865 0.04797761
v -0.02237757 -0.02023675 0.04797761
v -0.02135929 -0.02136051 0.04797761
v -0.02023486 -0.02237855 0.04797761
v -0.01902801 -0.02339302 0.04797761
v -0.01782396 -0.02440393 0.04797761
v -0.01594944 -0.02565005 0.04797761
v -0.01443809 -0.02652554 0.04797761
v -0.01229398 -0.02765880 0.04797761
v -0.01155088 -0.02794628 0.04797761
v -0.01142656 -0.02797597 0.04797761
v -0.01142656 -0.02786787 0.04664175
v -0.01142656 -0.02776096 0.04555618
v -0.01142656 -0.02466884 0.01924668
v -0.01142656 -0.02160641 0.01924668
v -0.01142656 -0.02234766 0.02574882
v -0.01142656 -0.02345004 0.03540924
v -0.01142656 -0.02436117 0.04334287
v -0.01142656 -0.02453341 0.04426813
v -0.01142656 -0.02456786 0.04444812
v -0.02201161 -0.01584149 0.04444249
v -0.02175739 -0.01584149 0.04334287
v -0.02142355 -0.01584149 0.04083425
v -0.01861596 -0.01584149 0.01924668
v -0.02211637 -0.01584149 0.01924668
v -0.02214710 -0.01584149 0.01948291
v -0.02279801 -0.01584149 0.02456482
v -0.02548408 -0.01584149 0.04554212
v -0.02549246 -0.01584149 0.04562368
v -0.02553576 -0.01584149 0.04605960
v -0.02559303 -0.01584149 0.04664175
v -0.01215849 -0.02753051 0.04593585
v -0.01155088 -0.02782273 0.04664175
v -0.02526758 -0.01644495 0.04664175
v -0.01431098 -0.02640556 0.04606241
v -0.01160256 -0.02769681 0.04555900
v -0.01155088 -0.02460825 0.01924668
v -0.01146847 -0.02464864 0.01924668
v -0.02427025 -0.01768750 0.04577836
v -0.02224348 -0.02009777 0.04554212
v -0.02184958 -0.02072142 0.04664175
v -0.02520751 -0.01634279 0.04554212
v -0.01407492 -0.02325879 0.01924668
v -0.01458615 -0.02296775 0.01924668
v -0.01480266 -0.02283946 0.01924668
v -0.01561979 -0.02228827 0.01924668
v -0.01569382 -0.02223719 0.01924668
v -0.01624277 -0.02178935 0.01924668
v -0.01696492 -0.02119777 0.01924668
v -0.01827932 -0.02011915 0.01924668
v -0.01915233 -0.01931494 0.01924668
v -0.01923614 -0.01923772 0.01924668
v -0.02011753 -0.01827908 0.01924668
v -0.02015804 -0.01823038 0.01924668
v -0.02128945 -0.01685121 0.01924668
v -0.02178812 -0.01624301 0.01924668
v -0.01644531 -0.02526754 0.04664175
v -0.01634334 -0.02520815 0.04554212
v -0.01435568 -0.02312931 0.01943229
v -0.02178393 -0.02064777 0.04554212
v -0.01980883 -0.01871267 0.01961791
v -0.02123358 -0.02123578 0.04554212
v -0.02129923 -0.02130112 0.04664175
v -0.01768847 -0.02427089 0.04577836
v -0.01539910 -0.02309842 0.02410641
v -0.01978788 -0.01979010 0.02636473
v -0.02064552 -0.02178578 0.04554212
v -0.02072095 -0.02185112 0.04664175
v -0.02009658 -0.02224313 0.04554212
v -0.01499123 -0.02285134 0.02024506
v -0.01871094 -0.01981029 0.01961791
v -0.02136308 0.00000436 -0.03915377
v -0.02138286 0.00000436 -0.03915377
v -0.02138225 -0.00055037 -0.03915377
v -0.02127592 -0.00165091 -0.03915377
v -0.02116712 -0.00275144 -0.03915377
v -0.02103668 -0.00385049 -0.03915377
v -0.02093035 -0.00449743 -0.03915377
v -0.02076282 -0.00505067 -0.03915377
v -0.02012546 -0.00715062 -0.03915377
v -0.01988004 -0.00789274 -0.03915377
v -0.01964327 -0.00844449 -0.03915377
v -0.01919322 -0.00934872 -0.03915377
v -0.01850579 -0.01063664 -0.03915377
v -0.01792964 -0.01164943 -0.03915377
v -0.01781094 -0.01184574 -0.03915377
v -0.01740788 -0.01241684 -0.03915377
v -0.01726570 -0.01259233 -0.03915377
v -0.01618262 -0.01391148 -0.03915377
v -0.01563429 -0.01457924 -0.03915377
v -0.01513169 -0.01513100 -0.03915377
v -0.01506802 -0.01506705 -0.03915377
v -0.01506802 -0.01158846 -0.03915377
v -0.01515024 -0.01067233 -0.03915377
v -0.01853670 0.00000139 -0.03915377
v -0.01853608 0.00000436 -0.03915637
v -0.01506802 0.00000436 -0.04126514
v -0.01506802 0.00000436 -0.04390802
v -0.01828448 0.00000436 -0.04770848
v -0.01924948 0.00000436 -0.04801109
v -0.01970509 0.00000436 -0.04785848
v -0.02015266 0.00000436 -0.04770848
v -0.02037150 0.00000436 -0.04727840
v -0.02058663 0.00000436 -0.04685526
v -0.02091304 0.00000436 -0.04424012
v -0.02091304 -0.00014139 -0.04424012
v -0.02138225 -0.00055037 -0.03915637
v -0.01506802 -0.01077793 -0.03915637
v -0.02058663 -0.00055037 -0.04685526
v -0.02094704 -0.00052509 -0.04353604
v -0.02072202 -0.00055037 -0.04575579
v -0.02091489 -0.00125233 -0.04315626
v -0.01506802 -0.01518900 -0.03915637
v -0.01506802 -0.01418216 -0.04600291
v -0.01506802 -0.01405425 -0.04685526
v -0.01506802 -0.01402748 -0.04692810
v -0.01506802 -0.01357983 -0.04762697
v -0.01506802 -0.01346829 -0.04767119
v -0.01506802 -0.01243171 -0.04793132
v -0.01506802 -0.01133117 -0.04795733
v -0.01506802 -0.01020535 -0.04771628
v -0.01506802 -0.00991237 -0.04763131
v -0.02015266 -0.00055037 -0.04770848
v -0.02011557 -0.00165091 -0.04770675
v -0.02007106 -0.00275144 -0.04769027
v -0.02049638 -0.00165091 -0.04685526
v -0.02039685 -0.00275144 -0.04685526
v -0.02061507 -0.00165091 -0.04575579
v -0.02095013 -0.00273508 -0.04134317
v -0.02116712 -0.00275144 -0.03915637
v -0.01924948 -0.00055037 -0.04801109
v -0.01924948 -0.00165091 -0.04800935
v -0.01924948 -0.00275144 -0.04799288
v -0.01924948 -0.00385049 -0.04793826
v -0.01999749 -0.00385049 -0.04763651
v -0.02025095 -0.00385049 -0.04685526
v -0.02091551 -0.00341474 -0.04096686
v -0.02087904 -0.00309201 -0.04170041
v -0.01815033 -0.00605008 -0.04801109
v -0.01815033 -0.00715062 -0.04797641
v -0.01897438 -0.00715062 -0.04767379
v -0.01990044 -0.00473241 -0.04753333
v -0.02090067 -0.00440374 -0.03971565
v -0.01978236 -0.00546561 -0.04730441
v -0.01995978 -0.00504026 -0.04690468
v -0.02092973 -0.00450040 -0.03915637
v -0.01595018 -0.01044925 -0.04799375
v -0.01543708 -0.01434426 -0.04219205
v -0.01705057 -0.00934872 -0.04796340
v -0.01791975 -0.00934872 -0.04766078
v -0.01822266 -0.00830469 -0.04774142
v -0.01883344 -0.00797453 -0.04756107
v -0.02033564 -0.00495103 -0.04355685
v -0.01931563 -0.00715062 -0.04685526
v -0.01982749 -0.00559202 -0.04657086
v -0.02056438 -0.00495103 -0.04135618
v -0.02012546 -0.00715062 -0.03915637
v -0.01595018 -0.01154979 -0.04789230
v -0.01618262 -0.01391148 -0.03915637
v -0.01534930 -0.01423718 -0.04355685
v -0.01579934 -0.01385199 -0.04251721
v -0.01520773 -0.01406467 -0.04575579
v -0.01513664 -0.01397841 -0.04685526
v -0.01710744 -0.01047751 -0.04773102
v -0.01772316 -0.01012950 -0.04754460
v -0.01864736 -0.00872111 -0.04685526
v -0.01892864 -0.00817233 -0.04685526
v -0.01943926 -0.00715062 -0.04575579
v -0.01970756 -0.00739749 -0.04245652
v -0.01979534 -0.00768453 -0.04076569
v -0.01983367 -0.00778268 -0.04003214
v -0.01590135 -0.01256556 -0.04761830
v -0.01673591 -0.01154979 -0.04758969
v -0.01686573 -0.01273807 -0.04133103
v -0.01565901 -0.01351440 -0.04575579
v -0.01658939 -0.01220714 -0.04685526
v -0.01613811 -0.01275741 -0.04685526
v -0.01653623 -0.01214319 -0.04744922
v -0.01550199 -0.01332255 -0.04751425
v -0.01750988 -0.01085229 -0.04685526
v -0.01781527 -0.01030202 -0.04685526
v -0.01869311 -0.00878655 -0.04624743
v -0.01964327 -0.00844449 -0.03915637
v -0.01759952 -0.01209857 -0.03970177
v -0.01704871 -0.01154979 -0.04685526
v -0.01756861 -0.01094003 -0.04602372
v -0.01847736 -0.00927882 -0.04583123
v -0.01890700 -0.00918810 -0.04245652
v -0.01919322 -0.00934872 -0.03915637
v -0.01726879 -0.01144866 -0.04569683
v -0.01761003 -0.01101588 -0.04529016
v -0.01798527 -0.01044925 -0.04465546
v -0.01866281 -0.00983057 -0.04157902
v -0.01879943 -0.01008637 -0.03915637
v -0.02502754 0.01067296 0.01924949
v -0.02460806 0.01155043 0.01924949
v -0.02325856 0.01407502 0.01924949
v -0.02311840 0.01433651 0.01924949
v -0.02296902 0.01458722 0.01924949
v -0.02284010 0.01480153 0.01924949
v -0.02223851 0.01569383 0.01924949
v -0.02178936 0.01624377 0.01924949
v -0.02078772 0.01746361 0.01924949
v -0.02014008 0.01825212 0.01924949
v -0.01978608 0.01868210 0.01924949
v -0.01923768 0.01923608 0.01924949
v -0.01868315 0.01978602 0.01924949
v -0.01825344 0.02013916 0.01924949
v -0.01780736 0.02050444 0.01924949
v -0.01780736 0.01680180 0.01924949
v -0.02200728 0.01067296 0.01924949
v -0.02212801 0.01067296 0.02033643
v -0.02472368 0.01067296 0.04334233
v -0.02493751 0.01067296 0.04446869
v -0.02589720 0.01067296 0.04801109
v -0.02825857 0.01067296 0.04801109
v -0.02813989 0.01067296 0.04664256
v -0.02805804 0.01067296 0.04576400
v -0.02803656 0.01067296 0.04554437
v -0.02515953 0.01067296 0.02029137
v -0.02526696 0.01092366 0.02218647
v -0.02753011 0.01215833 0.04593577
v -0.02640467 0.01431090 0.04606249
v -0.01780736 0.02014860 0.04334233
v -0.02769688 0.01160300 0.04555844
v -0.02787899 0.01184023 0.04801109
v -0.02767437 0.01230929 0.04801109
v -0.02654177 0.01445378 0.04801109
v -0.02632180 0.01485275 0.04801109
v -0.02520761 0.01634351 0.04554155
v -0.01780736 0.02415182 0.04568516
v -0.01780736 0.02444162 0.04801109
v -0.01780736 0.02155175 0.04801109
v -0.01780736 0.02041009 0.04449403
v -0.01780736 0.02019982 0.04357324
v -0.02309793 0.01539865 0.02410692
v -0.02823504 0.01078753 0.04801109
v -0.01783703 0.02441870 0.04801109
v -0.01823400 0.02409251 0.04801109
v -0.01942696 0.02308564 0.04801109
v -0.02061890 0.02207877 0.04801109
v -0.02098723 0.02173237 0.04801109
v -0.02136885 0.02136843 0.04801109
v -0.02173411 0.02098563 0.04801109
v -0.02208095 0.02061766 0.04801109
v -0.02308668 0.01942613 0.04801109
v -0.02409343 0.01823190 0.04801109
v -0.02441879 0.01783697 0.04801109
v -0.02479734 0.01734365 0.04801109
v -0.02546544 0.01632330 0.04801109
v -0.02526798 0.01644460 0.04664256
v -0.02427146 0.01768601 0.04577809
v -0.02299255 0.01522342 0.02244553
v -0.02224465 0.02009603 0.04554155
v -0.02009711 0.02224321 0.04554155
v -0.02285238 0.01499158 0.02024632
v -0.02185074 0.02072010 0.04664256
v -0.02178526 0.02064597 0.04554155
v -0.01978915 0.01978871 0.02636527
v -0.02123482 0.02123365 0.04554155
v -0.02064755 0.02178358 0.04554155
v -0.02072224 0.02184963 0.04664256
v -0.02130030 0.02129969 0.04664256
v -0.01516960 0.00000436 -0.04390785
v -0.00028050 0.00000436 -0.04390785
v -0.00000585 0.00000436 -0.04125795
v -0.01374883 0.00000436 -0.04125795
v -0.01516960 0.00000436 -0.04126515
v -0.01516960 0.00962830 -0.04035809
v -0.01516960 0.01489286 -0.04035809
v -0.01516960 0.01434976 -0.04403527
v -0.01516960 0.00791784 -0.04403527
v -0.00000585 0.00000644 -0.04390785
v -0.01476727 0.01476801 -0.04403527
v -0.01419867 0.01531735 -0.04403527
v -0.01364937 0.01576890 -0.04403527
v -0.01297981 0.01631824 -0.04403527
v -0.01242902 0.01676979 -0.04403527
v -0.01168524 0.01731913 -0.04403527
v -0.01113593 0.01767912 -0.04403527
v -0.01044856 0.01805367 -0.04403527
v -0.01003881 0.01827424 -0.04403527
v -0.00926088 0.01869041 -0.04403527
v -0.00902185 0.01881734 -0.04403527
v -0.00824986 0.01919398 -0.04403527
v -0.00777033 0.01937917 -0.04403527
v -0.00712156 0.01962680 -0.04403527
v -0.00605710 0.01994933 -0.04403527
v -0.00495107 0.02028435 -0.04403527
v -0.00447154 0.02039671 -0.04403527
v -0.00385098 0.02053821 -0.04403527
v -0.00337145 0.02060064 -0.04403527
v -0.00275089 0.02067763 -0.04403527
v -0.00227136 0.02072549 -0.04403527
v -0.00164040 0.02078791 -0.04403527
v -0.00025230 0.02092317 -0.04403527
v -0.00000585 0.02092317 -0.04403527
v -0.00000585 0.01689048 -0.04403527
v -0.00000585 0.02126235 -0.04035809
v -0.00000585 0.01796003 -0.04035809
v -0.00055070 0.02126027 -0.04035809
v -0.00154836 0.02116455 -0.04035809
v -0.00264845 0.02105634 -0.04035809
v -0.00274940 0.02104594 -0.04035809
v -0.00370846 0.02093357 -0.04035809
v -0.00417908 0.02086698 -0.04035809
v -0.00486051 0.02069427 -0.04035809
v -0.00594872 0.02036550 -0.04035809
v -0.00725815 0.01996806 -0.04035809
v -0.00774064 0.01981615 -0.04035809
v -0.00819048 0.01962055 -0.04035809
v -0.00935589 0.01905456 -0.04035809
v -0.00996013 0.01873203 -0.04035809
v -0.01050201 0.01844071 -0.04035809
v -0.01148630 0.01788720 -0.04035809
v -0.01203560 0.01755635 -0.04035809
v -0.01258342 0.01711521 -0.04035809
v -0.01265765 0.01705486 -0.04035809
v -0.01322477 0.01659083 -0.04035809
v -0.01448668 0.01555457 -0.04035809
v -0.01503599 0.01503644 -0.04035809
v -0.01423727 0.01534856 -0.04355582
v -0.01322180 0.01651800 -0.04094732
v -0.01255373 0.01687175 -0.04245584
v -0.00125292 0.02091484 -0.04315521
v -0.00055070 0.02116247 -0.04135621
v -0.00273456 0.02095022 -0.04134254
v -0.01183666 0.01742109 -0.04245584
v -0.01173126 0.01735034 -0.04355582
v -0.01139128 0.01783102 -0.04135621
v -0.01118195 0.01770617 -0.04355582
v -0.00273456 0.02083993 -0.04243892
v -0.00309086 0.02087739 -0.04169996
v -0.01044856 0.01823262 -0.04245584
v -0.00341450 0.02091484 -0.04096676
v -0.00414790 0.02086282 -0.04044916
v -0.00824986 0.01924600 -0.04355582
v -0.00495107 0.02033429 -0.04355582
v -0.00495107 0.02056318 -0.04135621
v -0.00614618 0.01996598 -0.04362421
v -0.00768571 0.01979535 -0.04076735
v -0.00670290 0.01983072 -0.04330278
v -0.00739770 0.01970795 -0.04245584
v -0.00000437 -0.01156508 -0.04125795
v -0.00000437 -0.01853701 -0.03915291
v -0.00000437 -0.02138191 -0.03915291
v -0.00000437 -0.02138191 -0.03915626
v -0.00000437 -0.02092250 -0.04404552
v -0.00000437 -0.01691464 -0.04404552
v -0.00000437 -0.01156508 -0.04390806
v -0.01223831 -0.01156508 -0.04398278
v -0.01223831 -0.01156508 -0.04109846
v -0.01223831 -0.01389001 -0.03915626
v -0.01192455 -0.01415721 -0.03915291
v -0.01223831 -0.01447629 -0.03915291
v -0.01223831 -0.01753456 -0.03915291
v -0.01184791 -0.01780944 -0.03915291
v -0.01164912 -0.01792958 -0.03915291
v -0.01063721 -0.01850529 -0.03915291
v -0.00934987 -0.01919345 -0.03915291
v -0.00844574 -0.01964325 -0.03915291
v -0.00789727 -0.01987872 -0.03915291
v -0.00714882 -0.02012573 -0.03915291
v -0.00505075 -0.02076295 -0.03915291
v -0.00450228 -0.02092922 -0.03915291
v -0.00385083 -0.02103591 -0.03915291
v -0.00275030 -0.02116758 -0.03915291
v -0.00165097 -0.02127523 -0.03915291
v -0.00055044 -0.02138287 -0.03915291
v -0.01223831 -0.01203218 -0.04404552
v -0.01223831 -0.01691272 -0.04404552
v -0.01223831 -0.01746729 -0.03984310
v -0.01223831 -0.01750189 -0.03957488
v -0.00024747 -0.02092250 -0.04404552
v -0.00079953 -0.02086963 -0.04404552
v -0.00214076 -0.02073796 -0.04404552
v -0.00275030 -0.02067741 -0.04404552
v -0.00385083 -0.02053709 -0.04404552
v -0.00434061 -0.02042464 -0.04404552
v -0.00495016 -0.02028432 -0.04404552
v -0.00538246 -0.02015360 -0.04404552
v -0.00657400 -0.01979222 -0.04404552
v -0.00712008 -0.01962595 -0.04404552
v -0.00824934 -0.01919345 -0.04404552
v -0.00902055 -0.01881765 -0.04404552
v -0.01044920 -0.01805357 -0.04404552
v -0.01072822 -0.01790267 -0.04404552
v -0.01113419 -0.01767969 -0.04404552
v -0.01143956 -0.01748170 -0.04404552
v -0.01168505 -0.01731927 -0.04404552
v -0.01195689 -0.01712128 -0.04404552
v -0.00165097 -0.02116566 -0.04025644
v -0.00125219 -0.02091481 -0.04315513
v -0.00165097 -0.02127523 -0.03915626
v -0.01209939 -0.01759896 -0.03970324
v -0.00309159 -0.02087925 -0.04169956
v -0.01173175 -0.01735099 -0.04355602
v -0.01194132 -0.01749324 -0.04135614
v -0.01118089 -0.01770757 -0.04355602
v -0.00385083 -0.02103591 -0.03915626
v -0.00341373 -0.02091577 -0.04096674
v -0.00440408 -0.02090039 -0.03971569
v -0.00380891 -0.02094172 -0.04015203
v -0.01044920 -0.01810931 -0.04355602
v -0.01051985 -0.01844378 -0.04025644
v -0.00997019 -0.01873788 -0.04025644
v -0.00934987 -0.01919345 -0.03915626
v -0.00484238 -0.02072258 -0.04015203
v -0.00907204 -0.01884553 -0.04355602
v -0.00941813 -0.01891857 -0.04127088
v -0.00844574 -0.01964325 -0.03915626
v -0.00934987 -0.01906946 -0.04025644
v -0.00605068 -0.02045924 -0.03915626
v -0.00714882 -0.02012573 -0.03915626
v -0.00789607 -0.01987969 -0.03915626
v -0.00778351 -0.01983355 -0.04003372
v -0.00768651 -0.01979511 -0.04076702
v -0.00739670 -0.01970765 -0.04245584
v -0.00710092 -0.01967593 -0.04362403
v -0.01223831 -0.01203225 -0.04404600
v -0.01223831 -0.01303139 -0.04750032
v -0.01223831 -0.01320371 -0.04761171
v -0.01223831 -0.01376769 -0.04779374
v -0.01223831 -0.01416195 -0.04791949
v -0.01223831 -0.01485038 -0.04794395
v -0.01223831 -0.01526205 -0.04792299
v -0.01223831 -0.01591741 -0.04770680
v -0.01223831 -0.01617068 -0.04760899
v -0.01223831 -0.01639436 -0.04748712
v -0.01223831 -0.01647530 -0.04735826
v -0.01223831 -0.01656407 -0.04685603
v -0.01223831 -0.01657103 -0.04680480
v -0.01223831 -0.01661281 -0.04647838
v -0.01223831 -0.01686695 -0.04441394
v -0.01223831 -0.01691220 -0.04404600
v -0.01202036 -0.01707496 -0.04404600
v -0.01168505 -0.01731952 -0.04404600
v -0.01143956 -0.01748227 -0.04404600
v -0.01113419 -0.01767984 -0.04404600
v -0.01072822 -0.01790264 -0.04404600
v -0.01044920 -0.01805408 -0.04404600
v -0.00957022 -0.01852406 -0.04404600
v -0.00902055 -0.01881736 -0.04404600
v -0.00856429 -0.01904017 -0.04404600
v -0.00824934 -0.01919334 -0.04404600
v -0.00712008 -0.01962590 -0.04404600
v -0.00656562 -0.01979475 -0.04404600
v -0.00495016 -0.02028474 -0.04404600
v -0.00385083 -0.02053714 -0.04404600
v -0.00275030 -0.02067813 -0.04404600
v -0.00214076 -0.02073819 -0.04404600
v -0.00103304 -0.02084698 -0.04404600
v -0.00079953 -0.02086961 -0.04404600
v -0.00054685 -0.02089398 -0.04404600
v -0.00024747 -0.02092270 -0.04404600
v -0.00000437 -0.02092270 -0.04404600
v -0.00000437 -0.01691481 -0.04404600
v -0.00000437 -0.01788262 -0.04685603
v -0.00000437 -0.01808193 -0.04727870
v -0.00000437 -0.01828472 -0.04770835
v -0.00000437 -0.02091312 -0.04424045
v -0.00000437 -0.02058675 -0.04685603
v -0.00000437 -0.02036829 -0.04728568
v -0.00000437 -0.02015245 -0.04770835
v -0.00000437 -0.01924992 -0.04801109
v -0.00000437 -0.01876340 -0.04785856
v -0.01220837 -0.01658844 -0.04685603
v -0.00014089 -0.02091312 -0.04424045
v -0.01154973 -0.01485038 -0.04794899
v -0.01214370 -0.01653535 -0.04744947
v -0.01154973 -0.01704884 -0.04685603
v -0.01144914 -0.01726904 -0.04569825
v -0.01094019 -0.01756756 -0.04602622
v -0.01101563 -0.01760934 -0.04529266
v -0.00055044 -0.02058675 -0.04685603
v -0.00055044 -0.02072165 -0.04575647
v -0.00055044 -0.02015245 -0.04770835
v -0.00055044 -0.01924992 -0.04801109
v -0.00605068 -0.01814982 -0.04801109
v -0.01044920 -0.01595048 -0.04799401
v -0.01154973 -0.01673553 -0.04758997
v -0.01012946 -0.01772248 -0.04754495
v -0.01085277 -0.01750925 -0.04685603
v -0.01107671 -0.01764502 -0.04465613
v -0.01030310 -0.01781474 -0.04685603
v -0.01052345 -0.01782779 -0.04569825
v -0.01044920 -0.01798532 -0.04465613
v -0.00165097 -0.02061547 -0.04575647
v -0.00275030 -0.02039702 -0.04685603
v -0.00165097 -0.02049623 -0.04685603
v -0.00165097 -0.01924992 -0.04800915
v -0.00275030 -0.01924992 -0.04799285
v -0.00714882 -0.01814982 -0.04797655
v -0.00934987 -0.01704971 -0.04796374
v -0.01154973 -0.01595048 -0.04789233
v -0.01047794 -0.01710629 -0.04773125
v -0.00934987 -0.01791918 -0.04766139
v -0.00797511 -0.01883303 -0.04756164
v -0.00872237 -0.01864765 -0.04685603
v -0.00927922 -0.01847793 -0.04583293
v -0.00878703 -0.01869290 -0.04625016
v -0.00275030 -0.02007064 -0.04769050
v -0.00165097 -0.02011590 -0.04770680
v -0.00275030 -0.02061721 -0.04465613
v -0.00385083 -0.02047535 -0.04465613
v -0.00385083 -0.02036307 -0.04575647
v -0.00385083 -0.02025080 -0.04685603
v -0.00385083 -0.01999753 -0.04763655
v -0.00385083 -0.01924992 -0.04793890
v -0.00714882 -0.01897489 -0.04767381
v -0.00830443 -0.01822205 -0.04774134
v -0.00473221 -0.01990005 -0.04753331
v -0.00546629 -0.01978256 -0.04730548
v -0.00714882 -0.01931606 -0.04685603
v -0.00817270 -0.01892876 -0.04685603
v -0.00886487 -0.01873468 -0.04551700
v -0.00895588 -0.01878342 -0.04465613
v -0.00495016 -0.02022121 -0.04465613
v -0.00495016 -0.02010632 -0.04575647
v -0.00503997 -0.01996011 -0.04690571
v -0.00714882 -0.01943965 -0.04575647
v -0.00714882 -0.01955366 -0.04465613
f 1 2 3
f 36 35 43
f 43 42 36
f 38 42 39
f 1 39 40
f 39 42 40
f 4 5 1
f 1 3 4
f 36 42 37
f 42 38 37
f 41 2 1
f 1 40 41
f 75 74 20
f 20 76 75
f 75 76 74
f 60 59 74
f 74 76 60
f 52 26 50
f 52 33 28
f 50 33 52
f 31 33 32
f 79 13 65
f 61 76 62
f 22 78 23
f 74 78 22
f 74 23 77
f 77 78 74
f 23 78 77
f 55 23 74
f 50 26 55
f 28 33 29
f 64 79 65
f 81 61 60
f 81 60 76
f 76 61 81
f 20 74 21
f 74 22 21
f 25 55 26
f 56 55 58
f 74 59 58
f 58 55 74
f 69 28 27
f 27 70 69
f 69 70 28
f 71 70 27
f 27 26 71
f 26 52 71
f 71 52 28
f 28 70 71
f 51 57 34
f 34 33 51
f 51 33 50
f 56 57 51
f 50 55 51
f 51 55 56
f 33 31 30
f 30 29 33
f 53 47 46
f 7 49 53
f 53 54 7
f 66 72 54
f 65 13 66
f 13 72 66
f 23 55 24
f 55 25 24
f 73 68 67
f 73 67 54
f 73 54 53
f 73 46 45
f 53 46 73
f 80 63 62
f 62 76 80
f 20 19 80
f 80 76 20
f 13 79 14
f 79 15 14
f 12 72 13
f 12 11 72
f 64 63 82
f 63 80 82
f 79 64 82
f 82 15 79
f 82 80 15
f 16 80 17
f 15 80 16
f 17 80 18
f 18 80 19
f 72 11 10
f 10 9 72
f 54 72 8
f 72 9 8
f 8 7 54
f 1 32 33
f 34 35 33
f 36 37 33
f 33 35 36
f 33 39 1
f 33 38 39
f 33 37 38
f 48 6 5
f 48 3 2
f 48 43 44
f 5 4 48
f 2 41 48
f 42 43 48
f 48 40 42
f 48 4 3
f 48 41 40
f 48 46 47
f 44 45 48
f 45 46 48
f 48 47 53
f 53 49 48
f 6 48 7
f 7 48 49
f 63 35 34
f 44 43 63
f 63 61 62
f 63 43 35
f 63 58 59
f 34 57 63
f 59 60 63
f 65 66 63
f 63 68 44
f 60 61 63
f 63 57 56
f 54 67 63
f 63 64 65
f 56 58 63
f 67 68 63
f 63 66 54
f 73 45 44
f 44 68 73
f 8 32 1
f 1 5 8
f 8 26 27
f 8 31 32
f 5 6 8
f 27 28 8
f 28 29 8
f 8 30 31
f 20 21 8
f 13 14 8
f 8 22 23
f 8 19 20
f 6 7 8
f 8 21 22
f 8 25 26
f 29 30 8
f 23 24 8
f 8 10 11
f 8 16 17
f 8 24 25
f 8 12 13
f 8 14 15
f 11 12 8
f 17 18 8
f 15 16 8
f 8 18 19
f 9 10 8
f 86 85 112
f 111 88 87
f 85 84 97
f 97 84 83
f 113 112 85
f 85 97 113
f 102 122 103
f 93 94 83
f 96 97 83
f 103 97 96
f 96 102 103
f 118 117 126
f 83 94 95
f 95 96 83
f 95 94 99
f 106 105 146
f 145 106 146
f 103 122 104
f 122 102 121
f 100 95 99
f 116 126 117
f 117 100 116
f 128 127 118
f 118 126 128
f 128 139 127
f 128 126 138
f 138 139 128
f 129 144 145
f 129 143 144
f 183 157 141
f 138 126 137
f 140 179 141
f 141 127 140
f 127 139 140
f 181 159 141
f 141 179 181
f 102 96 101
f 96 95 101
f 101 117 118
f 101 100 117
f 95 100 101
f 145 144 188
f 153 152 206
f 131 104 122
f 145 146 131
f 105 104 131
f 131 146 105
f 99 94 98
f 98 93 92
f 94 93 98
f 141 157 184
f 130 129 145
f 121 129 130
f 145 131 130
f 122 121 130
f 130 131 122
f 127 129 120
f 120 129 121
f 118 127 120
f 120 121 102
f 102 101 120
f 143 129 142
f 141 184 142
f 142 184 143
f 142 127 141
f 142 129 127
f 157 183 158
f 158 183 141
f 159 181 160
f 194 181 179
f 178 139 138
f 178 140 139
f 191 147 110
f 110 109 191
f 191 109 205
f 145 188 189
f 189 188 152
f 152 188 201
f 115 98 114
f 114 116 115
f 115 116 100
f 115 100 99
f 99 98 115
f 119 101 118
f 118 120 119
f 119 120 101
f 159 158 182
f 141 159 182
f 182 158 141
f 138 137 174
f 165 176 174
f 114 124 125
f 125 124 137
f 125 137 126
f 125 116 114
f 126 116 125
f 123 124 114
f 161 160 196
f 196 160 181
f 181 194 196
f 193 194 179
f 164 176 165
f 138 176 177
f 177 178 138
f 176 164 177
f 177 164 163
f 107 106 145
f 153 206 154
f 144 143 186
f 186 188 144
f 186 201 188
f 152 201 186
f 202 189 152
f 147 191 148
f 148 191 205
f 165 174 166
f 173 174 137
f 168 174 173
f 175 176 138
f 138 174 175
f 175 174 176
f 133 123 132
f 133 169 135
f 137 124 136
f 136 135 137
f 124 135 136
f 195 162 161
f 161 196 195
f 195 196 194
f 194 193 195
f 195 193 179
f 145 189 190
f 190 107 145
f 190 202 203
f 189 202 190
f 205 109 204
f 107 190 204
f 204 190 203
f 200 186 155
f 155 154 200
f 200 154 206
f 200 206 152
f 152 186 200
f 157 156 197
f 197 184 157
f 203 202 207
f 209 148 205
f 205 204 209
f 209 204 203
f 167 174 168
f 167 166 174
f 137 135 172
f 172 173 137
f 168 173 171
f 171 169 168
f 135 169 171
f 171 172 135
f 173 172 171
f 170 133 132
f 169 133 170
f 134 135 124
f 134 133 135
f 124 123 134
f 123 133 134
f 163 162 192
f 162 195 192
f 192 177 163
f 108 204 109
f 107 204 108
f 199 156 155
f 199 197 156
f 155 186 199
f 150 207 151
f 151 202 152
f 151 207 202
f 148 209 208
f 208 207 150
f 203 207 208
f 208 209 203
f 177 192 180
f 180 192 195
f 178 177 180
f 180 195 179
f 179 140 180
f 140 178 180
f 185 186 143
f 184 197 187
f 197 199 187
f 143 184 187
f 187 185 143
f 149 208 150
f 148 208 149
f 198 199 186
f 186 185 198
f 198 187 199
f 185 187 198
f 86 87 90
f 83 84 90
f 90 88 89
f 90 85 86
f 90 93 83
f 87 88 90
f 90 84 85
f 92 93 90
f 90 91 92
f 92 91 98
f 98 91 114
f 91 90 123
f 114 91 123
f 89 132 123
f 123 90 89
f 86 112 108
f 108 97 103
f 108 87 86
f 110 111 108
f 108 111 87
f 108 109 110
f 112 113 108
f 108 113 97
f 108 105 106
f 103 104 108
f 108 104 105
f 106 107 108
f 89 88 149
f 149 111 110
f 147 148 149
f 88 111 149
f 110 147 149
f 149 132 89
f 161 162 149
f 149 158 159
f 149 170 132
f 149 152 153
f 159 160 149
f 149 164 165
f 157 158 149
f 165 166 149
f 149 160 161
f 149 162 163
f 153 154 149
f 149 156 157
f 163 164 149
f 149 154 155
f 155 156 149
f 149 151 152
f 149 167 168
f 168 169 149
f 166 167 149
f 169 170 149
f 150 151 149
f 250 245 244
f 211 210 248
f 248 247 211
f 246 245 211
f 211 247 246
f 244 243 251
f 251 250 244
f 251 243 252
f 211 245 249
f 245 250 249
f 288 227 282
f 257 263 216
f 218 263 273
f 286 288 266
f 227 288 286
f 282 225 277
f 268 267 277
f 277 225 283
f 255 257 212
f 255 254 257
f 260 254 253
f 257 254 260
f 278 218 217
f 217 216 263
f 282 227 226
f 226 225 282
f 283 225 224
f 223 277 224
f 275 233 232
f 264 233 275
f 287 267 266
f 266 288 287
f 288 267 287
f 281 288 282
f 282 277 281
f 281 267 288
f 281 277 267
f 268 277 269
f 256 238 259
f 258 271 259
f 259 238 258
f 238 237 258
f 235 264 258
f 234 264 235
f 234 233 264
f 261 260 270
f 257 260 261
f 270 269 261
f 278 217 274
f 274 217 263
f 274 218 278
f 274 263 218
f 212 257 213
f 257 214 213
f 257 216 215
f 215 214 257
f 218 273 219
f 273 220 219
f 221 220 273
f 285 224 277
f 230 229 286
f 227 286 228
f 286 229 228
f 264 275 276
f 279 286 266
f 279 275 232
f 272 269 277
f 272 221 273
f 272 277 223
f 235 258 236
f 236 258 237
f 284 277 283
f 284 285 277
f 283 224 284
f 224 285 284
f 231 230 286
f 231 279 232
f 286 279 231
f 264 276 265
f 280 276 275
f 275 279 280
f 280 265 276
f 266 265 280
f 280 279 266
f 262 261 269
f 269 272 262
f 262 272 273
f 262 273 263
f 262 263 257
f 257 261 262
f 222 272 223
f 221 272 222
f 242 243 240
f 210 239 240
f 244 245 240
f 245 246 240
f 240 248 210
f 240 243 244
f 247 248 240
f 240 246 247
f 240 241 242
f 242 241 271
f 271 241 259
f 255 212 211
f 211 249 255
f 255 252 253
f 255 251 252
f 250 251 255
f 255 249 250
f 253 254 255
f 241 240 256
f 259 241 256
f 239 238 256
f 256 240 239
f 253 252 265
f 266 267 265
f 265 243 242
f 252 243 265
f 242 271 265
f 265 258 264
f 265 260 253
f 265 267 268
f 268 269 265
f 270 260 265
f 265 269 270
f 271 258 265
f 211 212 222
f 222 210 211
f 222 239 210
f 222 226 227
f 222 238 239
f 223 224 222
f 222 234 235
f 222 217 218
f 232 233 222
f 227 228 222
f 218 219 222
f 222 231 232
f 222 237 238
f 216 217 222
f 212 213 222
f 222 215 216
f 225 226 222
f 222 224 225
f 235 236 222
f 233 234 222
f 222 213 214
f 214 215 222
f 222 219 220
f 220 221 222
f 229 230 222
f 222 228 229
f 222 236 237
f 230 231 222
f 312 326 313
f 326 314 313
f 315 334 316
f 325 326 312
f 334 315 335
f 335 315 314
f 312 311 324
f 324 325 312
f 336 314 326
f 336 335 314
f 346 338 337
f 337 338 328
f 359 342 306
f 306 342 352
f 343 342 360
f 360 342 359
f 317 337 318
f 345 338 346
f 328 338 297
f 352 353 309
f 341 353 352
f 352 342 341
f 357 344 343
f 343 360 357
f 357 360 359
f 328 321 320
f 320 337 328
f 344 355 348
f 323 321 329
f 329 321 328
f 328 294 329
f 295 294 328
f 307 306 352
f 356 341 340
f 353 341 356
f 358 355 344
f 344 357 358
f 358 357 359
f 359 304 358
f 358 304 355
f 319 318 337
f 337 320 319
f 354 345 344
f 344 348 354
f 338 345 347
f 347 348 338
f 345 354 347
f 347 354 348
f 338 348 349
f 301 348 302
f 302 348 355
f 359 306 305
f 305 304 359
f 323 291 290
f 289 322 290
f 290 322 321
f 290 321 323
f 292 291 327
f 323 292 327
f 327 291 323
f 293 329 294
f 293 292 323
f 323 329 293
f 338 349 350
f 350 348 301
f 350 349 348
f 338 299 351
f 328 297 296
f 296 295 328
f 352 309 308
f 308 307 352
f 339 309 353
f 355 304 303
f 303 302 355
f 300 350 301
f 300 299 338
f 338 350 300
f 298 351 299
f 298 297 338
f 338 351 298
f 341 334 333
f 341 317 316
f 316 334 341
f 333 340 341
f 346 337 341
f 341 342 343
f 341 337 317
f 343 344 341
f 341 345 346
f 344 345 341
f 333 334 330
f 330 336 326
f 326 325 330
f 330 311 310
f 330 324 311
f 334 335 330
f 325 324 330
f 335 336 330
f 330 332 333
f 331 332 330
f 356 332 331
f 356 331 353
f 356 340 333
f 333 332 356
f 316 317 319
f 319 289 312
f 312 313 319
f 319 315 316
f 319 313 314
f 314 315 319
f 319 322 289
f 321 322 319
f 317 318 319
f 319 320 321
f 331 330 339
f 353 331 339
f 310 309 339
f 339 330 310
f 312 289 298
f 310 311 298
f 298 311 312
f 298 305 306
f 306 307 298
f 298 309 310
f 289 290 298
f 298 303 304
f 294 295 298
f 301 302 298
f 298 291 292
f 298 300 301
f 298 293 294
f 298 296 297
f 298 308 309
f 304 305 298
f 298 290 291
f 292 293 298
f 295 296 298
f 307 308 298
f 302 303 298
f 299 300 298
f 380 379 395
f 395 381 380
f 401 383 402
f 435 373 372
f 435 372 437
f 437 372 440
f 365 394 425
f 425 394 398
f 401 390 389
f 389 388 401
f 381 402 382
f 382 402 383
f 403 381 395
f 403 402 381
f 374 373 435
f 440 372 371
f 416 436 417
f 415 436 416
f 369 368 434
f 434 436 369
f 434 368 417
f 417 436 434
f 435 437 413
f 413 437 440
f 440 436 413
f 365 420 366
f 365 422 421
f 421 420 365
f 368 420 419
f 391 396 393
f 365 425 424
f 384 383 401
f 401 385 384
f 401 388 387
f 430 374 435
f 435 410 430
f 369 436 370
f 370 436 440
f 440 371 370
f 378 426 399
f 399 426 400
f 400 426 404
f 404 426 405
f 428 430 407
f 411 410 438
f 435 411 438
f 412 411 435
f 435 413 412
f 414 436 415
f 414 413 436
f 367 420 368
f 367 366 420
f 417 368 418
f 368 419 418
f 364 394 365
f 364 363 394
f 392 393 361
f 391 393 392
f 361 393 362
f 397 393 396
f 423 422 365
f 365 424 423
f 386 385 401
f 401 387 386
f 407 430 408
f 377 426 378
f 377 428 426
f 429 428 407
f 405 426 429
f 426 428 429
f 427 377 376
f 428 377 427
f 439 410 435
f 435 438 439
f 439 438 410
f 409 430 410
f 409 408 430
f 407 406 431
f 431 429 407
f 405 429 431
f 375 427 376
f 428 427 375
f 374 430 375
f 430 428 375
f 433 406 405
f 405 431 432
f 432 433 405
f 432 431 406
f 406 433 432
f 399 400 401
f 399 403 395
f 399 379 378
f 395 379 399
f 401 402 399
f 402 403 399
f 394 363 362
f 362 393 394
f 396 425 397
f 397 425 398
f 394 393 397
f 398 394 397
f 390 391 386
f 386 387 388
f 361 380 386
f 386 380 381
f 381 382 386
f 386 389 390
f 388 389 386
f 383 384 386
f 386 382 383
f 386 384 385
f 386 392 361
f 391 392 386
f 409 391 390
f 409 390 401
f 422 423 409
f 401 400 409
f 409 414 415
f 417 418 409
f 409 421 422
f 409 416 417
f 409 406 407
f 411 412 409
f 409 396 391
f 409 425 396
f 415 416 409
f 405 406 409
f 409 410 411
f 400 404 409
f 420 421 409
f 409 419 420
f 409 424 425
f 409 404 405
f 409 412 413
f 413 414 409
f 409 418 419
f 409 423 424
f 407 408 409
f 378 379 375
f 375 380 361
f 365 366 375
f 375 368 369
f 379 380 375
f 361 362 375
f 375 364 365
f 373 374 375
f 375 372 373
f 375 377 378
f 375 371 372
f 369 370 375
f 375 367 368
f 375 370 371
f 366 367 375
f 363 364 375
f 375 362 363
f 376 377 375
f 482 447 484
f 448 447 483
f 447 482 483
f 472 471 484
f 475 474 484
f 473 472 484
f 484 474 473
f 446 441 445
f 445 441 444
f 444 441 443
f 480 468 466
f 534 533 537
f 481 468 480
f 456 455 546
f 532 494 493
f 484 447 476
f 476 475 484
f 442 443 441
f 442 466 468
f 441 466 442
f 495 494 543
f 543 537 495
f 533 534 525
f 525 452 451
f 534 452 525
f 525 536 537
f 537 533 525
f 495 537 496
f 537 536 547
f 547 548 537
f 547 536 497
f 497 548 547
f 529 528 530
f 530 532 493
f 515 450 449
f 489 518 520
f 550 456 546
f 542 456 494
f 494 532 542
f 542 528 456
f 532 530 542
f 542 530 528
f 441 464 465
f 465 466 441
f 545 534 537
f 537 543 545
f 546 534 545
f 545 550 546
f 545 543 494
f 453 452 534
f 451 450 524
f 524 525 451
f 450 525 524
f 497 496 549
f 549 548 497
f 537 548 549
f 549 496 537
f 456 528 457
f 527 525 450
f 450 515 527
f 479 491 481
f 479 481 480
f 480 466 479
f 460 530 531
f 529 530 460
f 460 528 529
f 459 528 460
f 519 518 489
f 489 488 519
f 519 488 518
f 477 464 463
f 477 488 489
f 489 520 492
f 531 530 523
f 523 530 493
f 523 520 518
f 493 492 523
f 523 492 520
f 466 465 478
f 478 479 466
f 491 479 478
f 478 465 464
f 464 477 478
f 544 545 494
f 550 545 544
f 494 456 544
f 456 550 544
f 546 455 454
f 454 534 546
f 454 453 534
f 458 528 459
f 458 457 528
f 497 536 535
f 535 498 497
f 536 525 535
f 525 527 535
f 539 510 541
f 499 498 539
f 517 516 518
f 517 486 516
f 518 488 517
f 487 477 463
f 488 477 487
f 463 486 487
f 487 517 488
f 486 517 487
f 531 523 522
f 522 523 518
f 489 491 490
f 491 478 490
f 490 477 489
f 490 478 477
f 526 527 515
f 526 535 527
f 526 538 539
f 539 538 512
f 500 499 539
f 539 541 500
f 500 541 501
f 516 462 461
f 463 462 485
f 485 486 463
f 516 486 485
f 485 462 516
f 521 460 531
f 531 522 521
f 521 522 518
f 518 516 521
f 521 461 460
f 516 461 521
f 514 526 515
f 538 526 514
f 498 535 540
f 535 526 540
f 539 498 540
f 540 526 539
f 511 510 539
f 539 512 511
f 541 508 507
f 509 541 510
f 509 508 541
f 513 512 538
f 538 514 513
f 504 503 505
f 541 507 502
f 507 503 502
f 501 541 502
f 506 503 507
f 506 505 503
f 470 469 481
f 481 469 468
f 470 471 476
f 472 473 476
f 447 446 476
f 444 467 476
f 471 472 476
f 476 445 444
f 476 469 470
f 474 475 476
f 476 473 474
f 476 467 469
f 446 445 476
f 469 467 442
f 468 469 442
f 442 467 444
f 444 443 442
f 448 449 461
f 461 447 448
f 463 464 461
f 461 446 447
f 461 441 446
f 461 458 459
f 461 454 455
f 461 450 451
f 449 450 461
f 455 456 461
f 461 464 441
f 451 452 461
f 452 453 461
f 456 457 461
f 459 460 461
f 453 454 461
f 457 458 461
f 461 462 463
f 502 471 470
f 484 471 502
f 502 504 484
f 470 481 502
f 502 494 495
f 495 496 502
f 497 498 502
f 493 494 502
f 502 491 489
f 502 496 497
f 502 500 501
f 481 491 502
f 502 492 493
f 489 492 502
f 498 499 502
f 499 500 502
f 502 503 504
f 506 449 448
f 448 483 506
f 506 482 484
f 506 483 482
f 484 504 506
f 506 515 449
f 510 511 506
f 506 514 515
f 512 513 506
f 506 509 510
f 506 511 512
f 506 507 508
f 508 509 506
f 506 513 514
f 504 505 506
f 552 590 553
f 589 588 593
f 586 595 587
f 595 588 587
f 554 605 555
f 594 588 595
f 594 593 588
f 604 605 554
f 614 599 598
f 600 599 614
f 558 600 616
f 554 600 603
f 603 604 554
f 600 558 603
f 596 640 597
f 628 638 637
f 628 596 595
f 640 596 628
f 628 595 586
f 586 638 628
f 658 643 660
f 622 573 632
f 637 638 625
f 658 637 659
f 629 614 598
f 629 643 644
f 616 600 615
f 615 614 616
f 600 614 615
f 605 604 557
f 604 603 557
f 557 603 558
f 559 558 616
f 616 614 559
f 559 614 560
f 639 628 637
f 640 628 639
f 639 660 640
f 639 637 658
f 658 660 639
f 631 573 622
f 572 632 573
f 551 580 581
f 637 625 624
f 626 625 638
f 560 646 647
f 598 597 641
f 641 629 598
f 630 629 644
f 614 629 630
f 644 647 630
f 630 647 646
f 560 614 630
f 630 646 560
f 640 660 642
f 642 660 643
f 643 629 642
f 657 643 658
f 668 657 654
f 653 668 654
f 654 657 634
f 556 555 605
f 605 557 556
f 618 576 621
f 573 631 621
f 621 631 622
f 582 592 583
f 611 610 623
f 592 610 611
f 623 624 611
f 611 624 625
f 627 638 586
f 627 626 638
f 562 647 665
f 597 640 645
f 640 642 645
f 645 641 597
f 629 641 645
f 645 642 629
f 637 624 636
f 636 624 623
f 636 659 637
f 658 659 636
f 636 657 658
f 568 668 667
f 668 653 667
f 635 623 622
f 622 634 635
f 635 634 657
f 635 636 623
f 657 636 635
f 633 653 654
f 654 634 633
f 622 632 633
f 633 634 622
f 632 572 633
f 575 621 576
f 601 591 579
f 601 606 607
f 602 592 591
f 602 610 592
f 591 601 602
f 584 583 613
f 613 583 592
f 626 627 613
f 560 647 648
f 648 647 562
f 562 665 563
f 567 668 568
f 567 566 668
f 668 566 671
f 661 647 644
f 644 643 661
f 652 656 653
f 653 633 652
f 652 633 656
f 655 633 572
f 656 633 655
f 655 570 656
f 573 621 574
f 621 575 574
f 578 601 579
f 606 601 578
f 607 606 617
f 617 619 607
f 609 621 622
f 618 621 609
f 622 623 609
f 623 610 609
f 610 602 609
f 592 611 612
f 612 613 592
f 612 611 625
f 625 626 612
f 626 613 612
f 585 627 586
f 585 613 627
f 584 613 585
f 651 561 560
f 562 561 651
f 564 563 670
f 670 669 564
f 670 563 665
f 565 671 566
f 668 671 565
f 564 669 565
f 565 669 668
f 647 661 663
f 664 661 669
f 664 670 665
f 669 670 664
f 664 663 661
f 664 665 647
f 647 663 664
f 668 669 662
f 669 661 662
f 662 661 643
f 643 657 662
f 657 668 662
f 568 667 569
f 667 570 569
f 666 667 653
f 666 570 667
f 653 656 666
f 656 570 666
f 571 655 572
f 570 655 571
f 606 578 577
f 577 617 606
f 619 617 577
f 577 576 618
f 618 619 577
f 620 619 618
f 618 609 620
f 607 619 620
f 620 609 607
f 608 602 601
f 608 609 602
f 608 601 607
f 607 609 608
f 560 648 649
f 649 648 562
f 650 651 560
f 560 649 650
f 562 651 650
f 650 649 562
f 598 599 596
f 596 554 553
f 553 590 596
f 590 589 596
f 596 600 554
f 589 593 596
f 596 594 595
f 596 597 598
f 593 594 596
f 596 599 600
f 581 580 579
f 579 591 581
f 581 592 582
f 591 592 581
f 585 589 590
f 586 587 585
f 585 552 551
f 590 552 585
f 585 588 589
f 585 587 588
f 582 583 585
f 551 581 585
f 585 581 582
f 585 583 584
f 553 554 577
f 579 580 577
f 554 555 577
f 577 552 553
f 577 580 551
f 551 552 577
f 577 559 560
f 560 561 577
f 573 574 577
f 577 567 568
f 555 556 577
f 564 565 577
f 577 557 558
f 558 559 577
f 577 563 564
f 577 572 573
f 577 556 557
f 577 561 562
f 577 578 579
f 577 575 576
f 562 563 577
f 566 567 577
f 568 569 577
f 577 574 575
f 577 571 572
f 577 565 566
f 577 569 570
f 570 571 577
f 704 703 705
f 702 701 721
f 725 709 726
f 745 709 725
f 749 751 750
f 743 761 762
f 743 762 744
f 700 759 743
f 743 759 761
f 727 712 711
f 738 730 737
f 718 712 727
f 718 730 731
f 706 726 707
f 776 765 777
f 744 776 777
f 765 779 777
f 770 754 769
f 731 730 735
f 730 738 735
f 754 770 755
f 737 754 755
f 755 738 737
f 682 681 719
f 708 726 709
f 708 707 726
f 737 751 752
f 751 767 752
f 767 768 752
f 766 751 749
f 766 767 751
f 749 765 766
f 766 765 776
f 776 767 766
f 746 745 749
f 746 733 745
f 710 733 711
f 709 745 710
f 745 733 710
f 730 718 729
f 757 687 686
f 695 694 781
f 769 768 781
f 781 768 695
f 691 755 771
f 771 755 770
f 744 762 775
f 775 776 744
f 775 767 776
f 747 735 738
f 738 755 747
f 690 755 691
f 689 755 690
f 772 755 689
f 712 718 715
f 732 740 682
f 682 719 732
f 732 718 731
f 732 719 718
f 724 763 725
f 779 763 760
f 760 777 779
f 760 724 723
f 763 724 760
f 744 777 760
f 764 745 725
f 725 763 764
f 764 763 779
f 749 745 764
f 764 765 749
f 764 779 765
f 753 754 737
f 737 752 753
f 769 754 753
f 753 768 769
f 753 752 768
f 749 750 736
f 736 746 749
f 737 730 736
f 736 751 737
f 736 750 751
f 711 733 728
f 733 729 728
f 727 711 728
f 728 718 727
f 728 729 718
f 682 740 739
f 739 741 682
f 740 732 739
f 739 732 731
f 731 735 739
f 739 686 685
f 685 741 739
f 693 771 770
f 785 698 780
f 695 768 780
f 758 759 700
f 761 759 758
f 762 761 758
f 677 678 672
f 672 673 674
f 674 675 672
f 675 674 717
f 688 772 689
f 755 772 688
f 688 747 755
f 718 719 716
f 716 715 718
f 716 674 715
f 719 717 716
f 716 717 674
f 733 746 734
f 746 736 734
f 734 729 733
f 730 729 734
f 734 736 730
f 742 683 682
f 682 741 742
f 742 741 685
f 757 686 756
f 756 739 757
f 686 739 756
f 757 739 748
f 748 687 757
f 735 747 748
f 748 739 735
f 748 688 687
f 747 688 748
f 691 771 692
f 771 693 692
f 694 693 782
f 782 781 694
f 769 781 782
f 783 770 769
f 783 693 770
f 769 782 783
f 783 782 693
f 697 780 698
f 699 758 700
f 762 758 774
f 672 675 676
f 676 677 672
f 677 676 680
f 675 717 680
f 680 676 675
f 714 674 673
f 720 719 681
f 720 717 719
f 681 680 720
f 720 680 717
f 684 742 685
f 683 742 684
f 695 780 696
f 780 697 696
f 773 699 698
f 758 699 773
f 773 774 758
f 678 677 679
f 677 680 679
f 674 714 713
f 712 715 713
f 715 674 713
f 774 773 778
f 778 780 768
f 785 780 778
f 778 768 767
f 767 775 778
f 778 775 762
f 762 774 778
f 784 773 698
f 784 778 773
f 786 784 698
f 778 784 786
f 786 698 785
f 785 778 786
f 722 721 743
f 744 722 743
f 743 701 700
f 743 721 701
f 724 703 702
f 705 703 724
f 702 721 724
f 725 726 724
f 724 706 705
f 722 723 724
f 724 721 722
f 724 726 706
f 760 723 722
f 760 722 744
f 700 701 679
f 672 678 679
f 679 701 702
f 702 703 679
f 679 704 672
f 703 704 679
f 679 686 687
f 679 684 685
f 679 690 691
f 682 683 679
f 687 688 679
f 679 681 682
f 679 694 695
f 679 699 700
f 685 686 679
f 691 692 679
f 689 690 679
f 695 696 679
f 679 693 694
f 679 688 689
f 679 692 693
f 679 697 698
f 698 699 679
f 679 680 681
f 683 684 679
f 679 696 697
f 672 704 713
f 705 706 713
f 713 704 705
f 713 708 709
f 713 673 672
f 713 711 712
f 706 707 713
f 709 710 713
f 707 708 713
f 713 710 711
f 713 714 673
f 788 787 834
f 787 833 834
f 832 833 787
f 836 835 859
f 869 836 859
f 877 824 873
f 920 796 795
f 847 925 848
f 933 925 926
f 848 925 936
f 906 904 920
f 870 860 862
f 873 885 878
f 878 877 873
f 808 807 885
f 808 885 873
f 802 801 938
f 802 938 933
f 933 932 802
f 797 796 920
f 938 801 939
f 933 938 939
f 925 847 846
f 904 906 905
f 920 795 907
f 907 906 920
f 860 870 872
f 877 878 866
f 830 829 866
f 866 829 828
f 866 828 877
f 831 830 840
f 830 866 840
f 840 866 841
f 809 808 884
f 884 808 873
f 884 810 809
f 873 810 884
f 888 878 885
f 845 913 914
f 914 846 845
f 914 926 925
f 925 846 914
f 904 856 903
f 889 856 904
f 904 905 889
f 895 905 906
f 895 889 905
f 794 907 795
f 868 872 870
f 868 870 869
f 868 869 859
f 811 810 873
f 824 877 825
f 877 826 825
f 877 828 827
f 827 826 877
f 806 921 908
f 922 932 933
f 922 921 932
f 908 921 922
f 933 926 922
f 926 934 922
f 803 921 804
f 920 904 919
f 798 797 920
f 920 919 798
f 798 919 904
f 791 790 860
f 860 872 871
f 792 791 871
f 871 791 860
f 876 866 878
f 878 888 876
f 875 841 876
f 841 866 876
f 924 934 926
f 926 914 924
f 848 936 849
f 936 850 849
f 855 903 856
f 851 850 936
f 939 937 935
f 935 936 925
f 935 925 933
f 933 939 935
f 904 916 917
f 917 798 904
f 940 939 801
f 801 937 940
f 940 937 939
f 858 857 879
f 858 868 859
f 890 883 891
f 879 889 890
f 891 879 890
f 890 897 883
f 889 895 890
f 895 897 890
f 824 823 887
f 887 886 824
f 823 886 887
f 873 824 874
f 824 886 874
f 874 823 822
f 874 886 823
f 820 861 821
f 821 861 822
f 822 861 865
f 865 861 813
f 804 921 805
f 921 806 805
f 931 803 802
f 931 802 932
f 932 921 931
f 921 803 931
f 930 798 929
f 793 792 881
f 792 871 881
f 881 871 883
f 881 896 793
f 895 896 881
f 902 843 901
f 901 843 888
f 900 913 845
f 900 843 902
f 842 841 875
f 875 876 842
f 888 843 842
f 842 876 888
f 934 924 923
f 908 922 923
f 923 922 934
f 899 806 908
f 902 901 899
f 899 901 888
f 899 888 885
f 807 806 899
f 885 807 899
f 903 855 915
f 904 903 915
f 915 916 904
f 936 935 927
f 927 935 937
f 927 851 936
f 927 937 928
f 928 917 927
f 927 917 916
f 916 915 927
f 927 915 851
f 929 798 918
f 798 917 918
f 928 929 918
f 918 917 928
f 872 868 867
f 868 858 867
f 898 794 793
f 793 896 898
f 906 907 898
f 907 794 898
f 898 895 906
f 898 896 895
f 873 874 863
f 863 811 873
f 864 865 813
f 813 863 864
f 864 863 874
f 864 874 822
f 822 865 864
f 819 861 820
f 798 930 799
f 799 930 929
f 799 929 928
f 883 897 894
f 894 881 883
f 894 897 895
f 895 881 894
f 912 914 913
f 913 900 912
f 912 900 914
f 844 900 845
f 843 900 844
f 908 923 909
f 909 923 924
f 909 899 908
f 902 899 911
f 911 900 902
f 914 900 911
f 853 915 854
f 854 915 855
f 852 915 853
f 851 915 852
f 882 871 872
f 872 867 882
f 883 871 882
f 882 867 883
f 883 867 893
f 880 858 879
f 880 867 858
f 879 893 880
f 880 893 867
f 812 863 813
f 811 863 812
f 814 819 818
f 861 819 814
f 814 818 817
f 817 816 814
f 814 816 815
f 813 861 814
f 800 937 801
f 928 937 800
f 800 799 928
f 910 924 914
f 910 909 924
f 914 911 910
f 899 909 910
f 910 911 899
f 892 893 879
f 883 893 892
f 892 879 891
f 891 883 892
f 870 838 837
f 862 838 870
f 837 836 870
f 836 869 870
f 839 789 788
f 788 834 839
f 839 834 833
f 833 835 839
f 835 836 839
f 839 836 837
f 837 838 839
f 839 790 789
f 860 790 839
f 839 838 862
f 862 860 839
f 889 857 856
f 879 857 889
f 787 815 819
f 831 832 819
f 819 832 787
f 819 830 831
f 815 816 819
f 819 823 824
f 819 827 828
f 820 821 819
f 819 829 830
f 822 823 819
f 828 829 819
f 824 825 819
f 819 825 826
f 826 827 819
f 819 821 822
f 817 818 819
f 819 816 817
f 852 832 831
f 859 835 852
f 852 847 848
f 833 832 852
f 852 835 833
f 841 842 852
f 845 846 852
f 831 840 852
f 853 854 852
f 852 846 847
f 848 849 852
f 852 840 841
f 852 855 856
f 856 857 852
f 852 858 859
f 852 849 850
f 852 844 845
f 850 851 852
f 857 858 852
f 852 842 843
f 843 844 852
f 852 854 855
f 800 815 787
f 800 787 788
f 810 811 800
f 788 789 800
f 789 790 800
f 796 797 800
f 800 808 809
f 809 810 800
f 800 795 796
f 790 791 800
f 800 792 793
f 807 808 800
f 801 802 800
f 800 803 804
f 800 812 813
f 793 794 800
f 804 805 800
f 800 794 795
f 800 814 815
f 800 806 807
f 802 803 800
f 797 798 800
f 800 791 792
f 800 805 806
f 798 799 800
f 811 812 800
f 813 814 800
f 964 965 941
f 941 965 966
f 1011 966 965
f 966 1011 967
f 975 1034 1023
f 1076 1004 1003
f 1050 956 1065
f 1036 1023 1033
f 1033 1023 1034
f 1036 949 948
f 948 1023 1036
f 1083 999 998
f 1002 1076 1003
f 983 943 942
f 983 982 943
f 981 980 943
f 943 982 981
f 975 1023 1016
f 1023 946 1016
f 947 946 1035
f 1035 946 1023
f 1035 948 947
f 1023 948 1035
f 1034 971 970
f 1055 972 971
f 954 1065 955
f 1065 956 955
f 956 1050 957
f 993 992 1041
f 1039 1053 1054
f 1054 1053 1041
f 1047 957 1050
f 1037 1047 1050
f 1049 1047 1037
f 1041 1031 1040
f 1039 1054 1040
f 1040 1054 1041
f 989 1031 990
f 990 1031 1041
f 1020 1014 962
f 962 1019 1020
f 962 961 1017
f 1017 1018 962
f 962 1018 1019
f 1036 1033 1044
f 1032 1009 1042
f 1032 1044 1033
f 949 1060 1061
f 1061 952 1072
f 1060 952 1061
f 1068 1006 1056
f 1072 952 951
f 950 1061 951
f 951 1061 1072
f 953 952 1060
f 953 1070 954
f 1060 1070 953
f 997 996 1083
f 1083 998 997
f 1082 999 1083
f 1082 1075 999
f 1066 1050 1065
f 1065 1075 1066
f 1066 1075 994
f 1074 1075 1065
f 1084 1002 1001
f 1076 1002 1084
f 1001 1077 1084
f 1084 1077 1076
f 1000 1077 1001
f 999 1075 1000
f 980 979 1012
f 943 980 1012
f 1012 979 943
f 975 1016 976
f 974 1034 975
f 974 973 1034
f 1045 971 1034
f 1045 1055 971
f 972 1055 1045
f 1045 973 972
f 1034 973 1045
f 1030 1015 1020
f 1020 1019 1030
f 1019 1018 1030
f 1030 1031 989
f 1030 1018 1017
f 957 1047 958
f 1049 1037 958
f 958 1024 959
f 1037 1024 958
f 1051 1037 1050
f 1050 1066 1051
f 1038 1053 1039
f 1038 1037 1053
f 1039 1026 1038
f 1038 1024 1037
f 1038 1026 1024
f 1029 1040 1031
f 1029 1030 1017
f 1031 1030 1029
f 1041 992 991
f 991 990 1041
f 959 1024 960
f 1017 961 1027
f 961 1026 1027
f 1046 949 1036
f 1036 1044 1046
f 1046 1044 949
f 1009 1032 1010
f 1022 1033 1034
f 1022 1032 1033
f 1034 970 1022
f 1022 970 969
f 1022 969 968
f 968 1010 1022
f 1022 1010 1032
f 1043 1032 1042
f 1044 1032 1043
f 1042 1007 1043
f 949 1044 1043
f 1043 1056 1057
f 1007 1056 1043
f 1067 1007 1006
f 1067 1006 1068
f 1068 1056 1067
f 1067 1056 1007
f 1042 1009 1008
f 1008 1007 1042
f 949 1061 1062
f 949 1056 1064
f 1069 1006 1005
f 1069 1056 1006
f 1069 1064 1056
f 1005 1004 1069
f 1004 1076 1069
f 1060 1064 1069
f 994 1075 995
f 1075 1082 995
f 995 1082 1083
f 1083 996 995
f 977 1016 978
f 977 976 1016
f 945 1016 946
f 1013 944 943
f 943 979 1013
f 1013 979 978
f 978 1016 1013
f 1013 945 944
f 1016 945 1013
f 988 1015 1021
f 1015 1030 1021
f 989 988 1021
f 1021 1030 989
f 1048 1047 1049
f 1049 958 1048
f 1048 958 1047
f 1037 1051 1052
f 1053 1037 1052
f 1052 1066 994
f 1052 1051 1066
f 1041 1053 1052
f 994 993 1052
f 1052 993 1041
f 1028 1029 1017
f 1017 1027 1028
f 1039 1040 1028
f 1040 1029 1028
f 1028 1026 1039
f 1028 1027 1026
f 961 960 1025
f 1025 1026 961
f 1024 1026 1025
f 1025 960 1024
f 949 1043 1058
f 1058 1043 1057
f 1058 1056 949
f 1057 1056 1058
f 950 949 1063
f 949 1062 1063
f 1063 1061 950
f 1063 1062 1061
f 1059 1060 949
f 949 1064 1059
f 1059 1064 1060
f 1071 1069 1076
f 1076 1077 1071
f 1071 1070 1060
f 1060 1069 1071
f 1071 1077 954
f 954 1070 1071
f 1075 1074 1073
f 1073 1074 1065
f 1078 1080 1073
f 1073 1065 954
f 954 1078 1073
f 1079 1080 1078
f 954 1077 1079
f 1079 1078 954
f 1081 1000 1075
f 1075 1073 1081
f 1081 1073 1080
f 1081 1086 1000
f 1077 1000 1085
f 1000 1086 1085
f 1086 1081 1085
f 1085 1081 1080
f 1085 1079 1077
f 1080 1079 1085
f 987 965 986
f 986 964 963
f 965 964 986
f 963 984 986
f 986 984 985
f 985 984 1014
f 1020 985 1014
f 1015 986 985
f 1015 985 1020
f 987 986 1015
f 1015 988 987
f 962 984 963
f 962 1014 984
f 995 965 987
f 995 1004 1005
f 995 1011 965
f 968 967 995
f 995 991 992
f 995 1008 1009
f 995 1002 1003
f 995 967 1011
f 987 988 995
f 1006 1007 995
f 1003 1004 995
f 1005 1006 995
f 996 997 995
f 995 988 989
f 995 993 994
f 989 990 995
f 995 998 999
f 1001 1002 995
f 992 993 995
f 995 1000 1001
f 995 1010 968
f 995 997 998
f 999 1000 995
f 990 991 995
f 1009 1010 995
f 1007 1008 995
f 977 942 941
f 941 966 977
f 975 976 977
f 977 967 968
f 966 967 977
f 977 970 971
f 968 969 977
f 977 983 942
f 980 981 977
f 977 979 980
f 971 972 977
f 982 983 977
f 977 981 982
f 978 979 977
f 969 970 977
f 972 973 977
f 977 974 975
f 973 974 977
f 963 964 945
f 945 964 941
f 941 942 945
f 943 944 945
f 950 951 945
f 942 943 945
f 945 946 947
f 947 948 945
f 945 949 950
f 945 953 954
f 954 955 945
f 945 958 959
f 945 948 949
f 945 962 963
f 945 955 956
f 956 957 945
f 961 962 945
f 945 951 952
f 952 953 945
f 959 960 945
f 957 958 945
f 945 960 961
f 1113 1088 1087
f 1117 1106 1105
f 1109 1126 1110
f 1116 1105 1104
f 1117 1105 1116
f 1126 1109 1127
f 1117 1109 1108
f 1162 1093 1163
f 1101 1125 1124
f 1167 1100 1099
f 1168 1100 1167
f 1129 1109 1117
f 1107 1106 1117
f 1117 1108 1107
f 1174 1138 1168
f 1137 1100 1168
f 1168 1138 1137
f 1093 1162 1094
f 1088 1113 1115
f 1163 1160 1156
f 1120 1115 1123
f 1102 1124 1103
f 1102 1101 1124
f 1164 1101 1100
f 1128 1127 1109
f 1109 1129 1128
f 1173 1167 1099
f 1168 1167 1173
f 1173 1174 1168
f 1095 1094 1162
f 1118 1112 1111
f 1111 1115 1118
f 1113 1112 1118
f 1118 1115 1113
f 1090 1130 1091
f 1121 1130 1119
f 1119 1130 1090
f 1093 1130 1132
f 1132 1130 1121
f 1114 1089 1088
f 1088 1115 1114
f 1114 1115 1120
f 1114 1120 1121
f 1121 1119 1114
f 1090 1089 1114
f 1114 1119 1090
f 1121 1120 1131
f 1120 1123 1131
f 1123 1158 1131
f 1131 1158 1160
f 1131 1132 1121
f 1160 1132 1131
f 1101 1164 1135
f 1135 1164 1100
f 1098 1173 1099
f 1174 1173 1098
f 1178 1181 1175
f 1171 1149 1148
f 1148 1169 1171
f 1163 1152 1166
f 1092 1130 1093
f 1092 1091 1130
f 1163 1093 1161
f 1093 1132 1161
f 1161 1160 1163
f 1161 1132 1160
f 1153 1152 1163
f 1163 1154 1153
f 1163 1156 1155
f 1155 1154 1163
f 1122 1115 1111
f 1122 1123 1115
f 1157 1156 1160
f 1160 1158 1157
f 1101 1135 1134
f 1100 1137 1136
f 1136 1135 1100
f 1097 1175 1181
f 1138 1174 1182
f 1174 1098 1182
f 1182 1098 1181
f 1165 1095 1162
f 1165 1169 1095
f 1171 1169 1165
f 1165 1166 1171
f 1165 1162 1163
f 1163 1166 1165
f 1096 1095 1170
f 1095 1169 1170
f 1170 1169 1146
f 1146 1145 1170
f 1145 1176 1170
f 1170 1097 1096
f 1175 1097 1170
f 1178 1175 1170
f 1146 1169 1147
f 1169 1148 1147
f 1159 1158 1123
f 1123 1122 1159
f 1125 1101 1133
f 1101 1134 1133
f 1098 1097 1180
f 1181 1098 1180
f 1180 1097 1181
f 1144 1143 1178
f 1178 1170 1144
f 1138 1182 1139
f 1182 1140 1139
f 1141 1140 1182
f 1145 1144 1177
f 1177 1176 1145
f 1177 1170 1176
f 1177 1144 1170
f 1150 1179 1151
f 1151 1166 1152
f 1178 1143 1142
f 1142 1141 1182
f 1142 1181 1178
f 1142 1182 1181
f 1166 1151 1172
f 1172 1151 1179
f 1172 1179 1150
f 1172 1150 1149
f 1172 1149 1171
f 1171 1166 1172
f 1110 1111 1107
f 1107 1113 1087
f 1087 1105 1107
f 1107 1109 1110
f 1107 1105 1106
f 1111 1112 1107
f 1107 1112 1113
f 1107 1108 1109
f 1128 1104 1103
f 1128 1125 1126
f 1103 1124 1128
f 1117 1116 1128
f 1124 1125 1128
f 1128 1116 1104
f 1126 1127 1128
f 1128 1129 1117
f 1087 1088 1097
f 1097 1102 1103
f 1097 1105 1087
f 1103 1104 1097
f 1104 1105 1097
f 1088 1089 1097
f 1097 1092 1093
f 1099 1100 1097
f 1097 1095 1096
f 1100 1101 1097
f 1093 1094 1097
f 1097 1089 1090
f 1101 1102 1097
f 1094 1095 1097
f 1090 1091 1097
f 1097 1098 1099
f 1091 1092 1097
f 1142 1111 1110
f 1142 1145 1146
f 1110 1126 1142
f 1126 1125 1142
f 1142 1155 1156
f 1142 1136 1137
f 1142 1137 1138
f 1125 1133 1142
f 1156 1157 1142
f 1146 1147 1142
f 1152 1153 1142
f 1142 1122 1111
f 1158 1159 1142
f 1142 1144 1145
f 1142 1148 1149
f 1142 1153 1154
f 1154 1155 1142
f 1142 1151 1152
f 1142 1157 1158
f 1142 1134 1135
f 1135 1136 1142
f 1142 1147 1148
f 1149 1150 1142
f 1142 1159 1122
f 1142 1133 1134
f 1138 1139 1142
f 1143 1144 1142
f 1142 1139 1140
f 1140 1141 1142
f 1150 1151 1142
f 1218 1212 1264
f 1217 1209 1208
f 1208 1207 1217
f 1209 1217 1240
f 1211 1210 1264
f 1264 1212 1211
f 1296 1244 1314
f 1190 1189 1290
f 1290 1189 1281
f 1289 1290 1281
f 1260 1259 1291
f 1289 1260 1291
f 1279 1261 1260
f 1184 1214 1215
f 1304 1190 1290
f 1257 1256 1332
f 1323 1257 1332
f 1334 1192 1323
f 1296 1204 1295
f 1295 1204 1294
f 1246 1245 1313
f 1313 1296 1246
f 1313 1245 1244
f 1244 1296 1313
f 1250 1349 1251
f 1354 1341 1353
f 1353 1341 1352
f 1333 1341 1193
f 1333 1192 1334
f 1333 1323 1332
f 1334 1323 1333
f 1288 1279 1278
f 1261 1279 1288
f 1280 1260 1289
f 1289 1281 1280
f 1289 1291 1302
f 1302 1304 1290
f 1302 1291 1259
f 1190 1304 1191
f 1331 1192 1322
f 1192 1191 1322
f 1322 1191 1304
f 1257 1323 1258
f 1238 1286 1239
f 1286 1232 1287
f 1301 1242 1287
f 1287 1242 1241
f 1287 1241 1239
f 1239 1286 1287
f 1314 1242 1318
f 1318 1242 1301
f 1314 1244 1243
f 1243 1242 1314
f 1205 1273 1206
f 1205 1204 1273
f 1306 1200 1324
f 1324 1307 1306
f 1206 1273 1274
f 1273 1204 1274
f 1315 1296 1314
f 1325 1307 1324
f 1296 1295 1310
f 1293 1295 1294
f 1294 1204 1293
f 1355 1354 1353
f 1355 1197 1196
f 1353 1197 1355
f 1193 1192 1339
f 1339 1333 1193
f 1192 1333 1339
f 1340 1352 1341
f 1341 1333 1340
f 1255 1254 1340
f 1340 1256 1255
f 1332 1256 1340
f 1340 1333 1332
f 1324 1200 1199
f 1356 1197 1353
f 1261 1282 1262
f 1275 1271 1264
f 1275 1282 1271
f 1292 1282 1261
f 1261 1288 1292
f 1282 1292 1284
f 1284 1288 1278
f 1284 1292 1288
f 1264 1271 1270
f 1271 1219 1270
f 1270 1218 1264
f 1216 1214 1218
f 1215 1214 1216
f 1220 1219 1271
f 1303 1290 1289
f 1289 1302 1303
f 1303 1302 1290
f 1330 1192 1331
f 1330 1323 1192
f 1259 1258 1305
f 1305 1302 1259
f 1237 1236 1286
f 1286 1238 1237
f 1233 1232 1286
f 1286 1234 1233
f 1286 1236 1235
f 1235 1234 1286
f 1200 1306 1201
f 1285 1204 1296
f 1285 1274 1204
f 1285 1224 1274
f 1319 1318 1301
f 1314 1318 1319
f 1297 1315 1316
f 1296 1315 1297
f 1297 1285 1296
f 1337 1325 1324
f 1324 1336 1337
f 1307 1325 1326
f 1296 1310 1311
f 1349 1250 1249
f 1193 1341 1350
f 1341 1354 1350
f 1354 1362 1350
f 1352 1340 1351
f 1351 1340 1254
f 1353 1352 1351
f 1351 1356 1353
f 1335 1336 1324
f 1324 1199 1335
f 1263 1275 1264
f 1271 1282 1283
f 1283 1284 1271
f 1282 1284 1283
f 1221 1216 1218
f 1219 1216 1221
f 1218 1270 1221
f 1221 1270 1219
f 1271 1284 1272
f 1272 1220 1271
f 1265 1276 1188
f 1188 1281 1189
f 1188 1276 1281
f 1220 1186 1185
f 1185 1184 1215
f 1215 1216 1185
f 1185 1216 1219
f 1219 1220 1185
f 1269 1280 1281
f 1281 1276 1269
f 1269 1279 1260
f 1260 1280 1269
f 1269 1276 1265
f 1265 1186 1269
f 1331 1322 1321
f 1321 1330 1331
f 1304 1302 1321
f 1321 1322 1304
f 1302 1305 1320
f 1320 1321 1302
f 1330 1321 1320
f 1323 1330 1320
f 1320 1258 1323
f 1320 1305 1258
f 1202 1201 1306
f 1274 1224 1223
f 1224 1285 1225
f 1229 1228 1316
f 1316 1319 1229
f 1229 1319 1301
f 1316 1228 1227
f 1329 1315 1314
f 1314 1319 1329
f 1316 1315 1329
f 1329 1319 1316
f 1285 1297 1298
f 1298 1297 1316
f 1325 1337 1338
f 1349 1249 1338
f 1251 1349 1338
f 1338 1249 1248
f 1308 1293 1307
f 1307 1326 1308
f 1295 1293 1308
f 1193 1350 1194
f 1363 1350 1362
f 1347 1252 1251
f 1347 1337 1336
f 1251 1338 1347
f 1197 1356 1357
f 1360 1351 1254
f 1197 1335 1198
f 1198 1335 1199
f 1266 1186 1220
f 1220 1272 1266
f 1277 1284 1278
f 1277 1272 1284
f 1277 1266 1272
f 1187 1186 1265
f 1265 1188 1187
f 1278 1279 1268
f 1279 1269 1268
f 1268 1269 1186
f 1203 1202 1306
f 1203 1306 1307
f 1203 1293 1204
f 1307 1293 1203
f 1206 1274 1222
f 1274 1223 1222
f 1226 1225 1299
f 1299 1225 1285
f 1285 1298 1299
f 1299 1227 1226
f 1300 1287 1232
f 1301 1287 1300
f 1300 1229 1301
f 1247 1328 1248
f 1311 1328 1247
f 1309 1311 1310
f 1309 1328 1311
f 1309 1310 1295
f 1295 1308 1309
f 1309 1308 1326
f 1248 1328 1309
f 1195 1194 1350
f 1350 1363 1195
f 1195 1363 1362
f 1195 1362 1354
f 1195 1355 1196
f 1354 1355 1195
f 1346 1347 1336
f 1252 1347 1346
f 1348 1338 1337
f 1337 1347 1348
f 1348 1347 1338
f 1345 1346 1336
f 1252 1346 1345
f 1197 1357 1342
f 1342 1357 1343
f 1342 1343 1336
f 1336 1335 1342
f 1342 1335 1197
f 1351 1360 1358
f 1356 1351 1358
f 1343 1357 1358
f 1278 1268 1267
f 1267 1268 1186
f 1267 1277 1278
f 1186 1266 1267
f 1266 1277 1267
f 1227 1299 1317
f 1317 1299 1298
f 1316 1227 1317
f 1317 1298 1316
f 1229 1300 1230
f 1312 1247 1246
f 1311 1247 1312
f 1246 1296 1312
f 1296 1311 1312
f 1248 1309 1327
f 1327 1309 1326
f 1327 1326 1325
f 1325 1338 1327
f 1327 1338 1248
f 1336 1343 1344
f 1344 1345 1336
f 1252 1345 1253
f 1364 1357 1356
f 1356 1358 1364
f 1364 1358 1357
f 1231 1300 1232
f 1231 1230 1300
f 1359 1358 1360
f 1360 1345 1359
f 1345 1344 1359
f 1343 1358 1359
f 1359 1344 1343
f 1254 1253 1361
f 1361 1360 1254
f 1361 1345 1360
f 1361 1253 1345
f 1209 1210 1211
f 1183 1208 1211
f 1208 1209 1211
f 1211 1213 1183
f 1212 1213 1211
f 1214 1213 1212
f 1212 1218 1214
f 1183 1213 1184
f 1213 1214 1184
f 1263 1262 1282
f 1282 1275 1263
f 1195 1208 1183
f 1206 1207 1195
f 1195 1207 1208
f 1186 1187 1195
f 1195 1192 1193
f 1183 1184 1195
f 1189 1190 1195
f 1190 1191 1195
f 1195 1199 1200
f 1195 1205 1206
f 1200 1201 1195
f 1196 1197 1195
f 1195 1191 1192
f 1204 1205 1195
f 1193 1194 1195
f 1195 1188 1189
f 1184 1185 1195
f 1197 1198 1195
f 1195 1185 1186
f 1201 1202 1195
f 1195 1203 1204
f 1195 1198 1199
f 1195 1187 1188
f 1202 1203 1195
f 1253 1254 1255
f 1264 1210 1253
f 1253 1263 1264
f 1255 1256 1253
f 1253 1210 1209
f 1253 1240 1239
f 1209 1240 1253
f 1253 1259 1260
f 1239 1241 1253
f 1253 1258 1259
f 1260 1261 1253
f 1253 1245 1246
f 1253 1243 1244
f 1244 1245 1253
f 1256 1257 1253
f 1241 1242 1253
f 1253 1250 1251
f 1257 1258 1253
f 1242 1243 1253
f 1251 1252 1253
f 1253 1249 1250
f 1261 1262 1253
f 1248 1249 1253
f 1246 1247 1253
f 1262 1263 1253
f 1253 1247 1248
f 1231 1207 1206
f 1239 1240 1231
f 1231 1217 1207
f 1231 1240 1217
f 1231 1235 1236
f 1231 1238 1239
f 1231 1225 1226
f 1236 1237 1231
f 1232 1233 1231
f 1231 1237 1238
f 1231 1233 1234
f 1234 1235 1231
f 1226 1227 1231
f 1206 1222 1231
f 1231 1223 1224
f 1224 1225 1231
f 1228 1229 1231
f 1231 1227 1228
f 1231 1222 1223
f 1229 1230 1231
f 1385 1384 1393
f 1393 1386 1385
f 1379 1378 1499
f 1376 1494 1499
f 1499 1494 1503
f 1478 1464 1373
f 1373 1464 1477
f 1454 1464 1371
f 1494 1376 1375
f 1499 1378 1377
f 1377 1376 1499
f 1506 1432 1431
f 1494 1432 1506
f 1506 1503 1494
f 1372 1478 1373
f 1371 1464 1372
f 1464 1478 1372
f 1373 1477 1496
f 1494 1477 1498
f 1476 1477 1464
f 1493 1432 1492
f 1492 1476 1493
f 1434 1480 1435
f 1481 1480 1434
f 1481 1432 1493
f 1464 1480 1481
f 1493 1476 1481
f 1481 1476 1464
f 1456 1454 1446
f 1500 1502 1499
f 1500 1506 1431
f 1431 1430 1500
f 1500 1430 1501
f 1499 1503 1500
f 1503 1506 1500
f 1380 1427 1381
f 1489 1379 1499
f 1499 1502 1489
f 1502 1500 1489
f 1426 1470 1469
f 1373 1496 1495
f 1495 1477 1494
f 1495 1496 1477
f 1383 1382 1448
f 1448 1382 1381
f 1494 1498 1505
f 1507 1432 1505
f 1505 1432 1494
f 1497 1498 1477
f 1497 1432 1507
f 1507 1505 1497
f 1497 1505 1498
f 1497 1492 1432
f 1477 1476 1497
f 1476 1492 1497
f 1365 1390 1391
f 1391 1366 1365
f 1398 1391 1394
f 1433 1481 1434
f 1432 1481 1433
f 1427 1380 1484
f 1484 1489 1427
f 1427 1489 1490
f 1485 1500 1501
f 1485 1489 1500
f 1485 1490 1489
f 1427 1490 1485
f 1487 1427 1426
f 1426 1469 1487
f 1487 1469 1427
f 1381 1427 1468
f 1501 1430 1508
f 1486 1428 1427
f 1501 1428 1486
f 1486 1485 1501
f 1427 1485 1486
f 1373 1495 1374
f 1374 1495 1494
f 1405 1404 1459
f 1457 1448 1381
f 1426 1425 1491
f 1491 1470 1426
f 1470 1423 1474
f 1418 1420 1419
f 1418 1417 1420
f 1415 1420 1416
f 1420 1417 1416
f 1436 1435 1480
f 1370 1369 1446
f 1370 1454 1371
f 1370 1446 1454
f 1483 1484 1380
f 1489 1484 1483
f 1427 1469 1488
f 1488 1468 1427
f 1469 1468 1488
f 1429 1508 1430
f 1429 1428 1501
f 1501 1508 1429
f 1375 1374 1504
f 1494 1375 1504
f 1504 1374 1494
f 1383 1448 1401
f 1448 1402 1401
f 1459 1404 1403
f 1403 1448 1459
f 1403 1402 1448
f 1458 1457 1469
f 1448 1457 1458
f 1459 1448 1458
f 1470 1459 1458
f 1458 1469 1470
f 1467 1468 1469
f 1469 1457 1467
f 1381 1468 1467
f 1467 1457 1381
f 1424 1491 1425
f 1424 1423 1470
f 1470 1491 1424
f 1472 1459 1470
f 1470 1474 1472
f 1367 1366 1392
f 1392 1397 1367
f 1366 1391 1392
f 1391 1397 1392
f 1391 1398 1395
f 1442 1398 1443
f 1475 1439 1438
f 1438 1437 1475
f 1437 1436 1475
f 1482 1380 1379
f 1482 1483 1380
f 1379 1489 1482
f 1489 1483 1482
f 1471 1407 1459
f 1406 1405 1459
f 1459 1407 1406
f 1474 1411 1473
f 1409 1471 1473
f 1473 1471 1459
f 1459 1472 1473
f 1473 1472 1474
f 1412 1411 1474
f 1447 1445 1450
f 1447 1399 1445
f 1450 1446 1447
f 1445 1399 1396
f 1396 1397 1391
f 1391 1395 1396
f 1367 1397 1396
f 1396 1399 1367
f 1465 1454 1456
f 1479 1436 1480
f 1479 1475 1436
f 1479 1480 1464
f 1408 1471 1409
f 1407 1471 1408
f 1409 1473 1410
f 1410 1473 1411
f 1414 1420 1415
f 1420 1412 1421
f 1421 1412 1474
f 1367 1399 1400
f 1399 1447 1400
f 1400 1447 1446
f 1445 1396 1444
f 1444 1396 1395
f 1444 1449 1445
f 1442 1449 1444
f 1444 1395 1398
f 1398 1442 1444
f 1451 1449 1442
f 1450 1445 1451
f 1445 1449 1451
f 1439 1452 1440
f 1456 1446 1455
f 1455 1446 1450
f 1450 1451 1453
f 1442 1452 1453
f 1453 1451 1442
f 1439 1475 1461
f 1475 1465 1461
f 1461 1452 1439
f 1466 1465 1475
f 1475 1479 1466
f 1454 1465 1466
f 1464 1454 1466
f 1466 1479 1464
f 1413 1412 1420
f 1420 1414 1413
f 1422 1474 1423
f 1422 1421 1474
f 1367 1400 1368
f 1446 1369 1368
f 1368 1400 1446
f 1441 1452 1442
f 1441 1440 1452
f 1462 1453 1452
f 1452 1461 1462
f 1462 1461 1465
f 1456 1455 1460
f 1460 1455 1450
f 1450 1453 1460
f 1463 1465 1456
f 1456 1460 1463
f 1463 1462 1465
f 1453 1462 1463
f 1463 1460 1453
f 1386 1387 1388
f 1365 1385 1388
f 1388 1385 1386
f 1388 1390 1365
f 1389 1390 1388
f 1391 1390 1389
f 1391 1389 1394
f 1389 1388 1398
f 1394 1389 1398
f 1398 1388 1387
f 1387 1443 1398
f 1413 1384 1383
f 1413 1419 1393
f 1393 1384 1413
f 1415 1416 1413
f 1413 1403 1404
f 1409 1410 1413
f 1413 1418 1419
f 1404 1405 1413
f 1383 1401 1413
f 1417 1418 1413
f 1413 1416 1417
f 1413 1408 1409
f 1413 1401 1402
f 1402 1403 1413
f 1405 1406 1413
f 1413 1406 1407
f 1411 1412 1413
f 1407 1408 1413
f 1413 1410 1411
f 1413 1414 1415
f 1383 1384 1368
f 1368 1372 1373
f 1368 1385 1365
f 1384 1385 1368
f 1368 1382 1383
f 1368 1377 1378
f 1378 1379 1368
f 1379 1380 1368
f 1365 1366 1368
f 1373 1374 1368
f 1381 1382 1368
f 1368 1375 1376
f 1376 1377 1368
f 1371 1372 1368
f 1368 1366 1367
f 1368 1380 1381
f 1368 1370 1371
f 1368 1374 1375
f 1369 1370 1368
f 1441 1387 1386
f 1441 1386 1393
f 1426 1427 1441
f 1393 1419 1441
f 1441 1443 1387
f 1441 1437 1438
f 1419 1420 1441
f 1441 1425 1426
f 1431 1432 1441
f 1441 1430 1431
f 1434 1435 1441
f 1435 1436 1441
f 1441 1433 1434
f 1441 1429 1430
f 1427 1428 1441
f 1441 1442 1443
f 1438 1439 1441
f 1432 1433 1441
f 1441 1424 1425
f 1441 1436 1437
f 1428 1429 1441
f 1423 1424 1441
f 1420 1421 1441
f 1439 1440 1441
f 1441 1422 1423
f 1421 1422 1441
f 1510 1509 1541
f 1540 1541 1509
f 1542 1585 1543
f 1683 1567 1677
f 1592 1599 1514
f 1518 1517 1646
f 1646 1519 1518
f 1646 1659 1660
f 1660 1519 1646
f 1668 1669 1659
f 1659 1666 1668
f 1658 1659 1646
f 1658 1666 1659
f 1658 1657 1666
f 1679 1669 1572
f 1675 1677 1676
f 1683 1677 1675
f 1629 1562 1561
f 1629 1561 1630
f 1630 1561 1615
f 1543 1598 1544
f 1544 1598 1545
f 1543 1585 1597
f 1597 1598 1543
f 1547 1598 1597
f 1546 1598 1547
f 1545 1598 1546
f 1641 1580 1579
f 1646 1517 1516
f 1641 1623 1640
f 1602 1599 1592
f 1602 1618 1599
f 1623 1618 1602
f 1520 1660 1521
f 1519 1660 1520
f 1659 1669 1667
f 1667 1660 1659
f 1572 1669 1678
f 1669 1668 1678
f 1678 1668 1666
f 1657 1658 1644
f 1644 1658 1646
f 1571 1570 1685
f 1568 1567 1683
f 1683 1687 1686
f 1686 1679 1683
f 1687 1679 1686
f 1676 1672 1527
f 1527 1675 1676
f 1648 1647 1663
f 1676 1677 1663
f 1677 1565 1663
f 1566 1677 1567
f 1566 1565 1677
f 1626 1627 1531
f 1648 1649 1626
f 1528 1647 1626
f 1626 1647 1648
f 1560 1559 1589
f 1560 1615 1561
f 1623 1602 1622
f 1657 1644 1636
f 1636 1644 1625
f 1666 1657 1575
f 1575 1574 1666
f 1511 1557 1586
f 1514 1513 1586
f 1592 1514 1586
f 1586 1555 1592
f 1603 1514 1599
f 1646 1516 1643
f 1639 1640 1623
f 1660 1667 1670
f 1670 1667 1669
f 1572 1678 1573
f 1666 1574 1573
f 1573 1678 1666
f 1572 1571 1684
f 1684 1679 1572
f 1685 1679 1684
f 1684 1571 1685
f 1685 1570 1569
f 1569 1568 1683
f 1683 1679 1569
f 1569 1679 1685
f 1526 1525 1673
f 1673 1527 1526
f 1674 1527 1673
f 1675 1527 1674
f 1682 1679 1687
f 1688 1679 1682
f 1682 1687 1683
f 1683 1675 1682
f 1682 1674 1673
f 1675 1674 1682
f 1662 1672 1676
f 1676 1663 1662
f 1662 1663 1647
f 1662 1527 1672
f 1662 1647 1527
f 1528 1527 1661
f 1661 1647 1528
f 1527 1647 1661
f 1664 1649 1648
f 1648 1663 1664
f 1530 1626 1531
f 1651 1664 1563
f 1649 1664 1651
f 1627 1626 1651
f 1562 1628 1651
f 1651 1628 1627
f 1630 1615 1608
f 1615 1610 1608
f 1611 1560 1589
f 1601 1622 1602
f 1601 1602 1592
f 1601 1600 1620
f 1592 1600 1601
f 1633 1551 1550
f 1550 1617 1633
f 1616 1617 1597
f 1553 1600 1554
f 1592 1555 1554
f 1554 1600 1592
f 1552 1600 1553
f 1552 1551 1620
f 1620 1600 1552
f 1657 1636 1656
f 1576 1575 1656
f 1656 1575 1657
f 1634 1618 1623
f 1555 1586 1556
f 1556 1586 1557
f 1514 1603 1515
f 1599 1618 1619
f 1619 1603 1599
f 1625 1603 1619
f 1618 1634 1619
f 1619 1636 1625
f 1625 1644 1645
f 1645 1643 1625
f 1645 1644 1646
f 1646 1643 1645
f 1580 1639 1581
f 1654 1639 1580
f 1640 1639 1654
f 1654 1580 1641
f 1641 1640 1654
f 1623 1622 1637
f 1688 1682 1523
f 1523 1679 1688
f 1563 1664 1564
f 1564 1663 1565
f 1564 1664 1663
f 1528 1626 1529
f 1626 1530 1529
f 1650 1626 1649
f 1649 1651 1650
f 1650 1651 1626
f 1563 1562 1652
f 1652 1651 1563
f 1562 1651 1652
f 1604 1532 1531
f 1531 1627 1604
f 1609 1608 1610
f 1610 1532 1609
f 1609 1532 1608
f 1613 1589 1588
f 1588 1611 1613
f 1613 1611 1589
f 1588 1558 1596
f 1593 1532 1610
f 1610 1611 1593
f 1631 1610 1615
f 1631 1611 1610
f 1547 1597 1548
f 1617 1616 1621
f 1622 1601 1621
f 1621 1637 1622
f 1621 1601 1620
f 1620 1551 1621
f 1621 1551 1633
f 1633 1617 1621
f 1635 1653 1636
f 1636 1619 1635
f 1635 1619 1634
f 1590 1512 1511
f 1511 1586 1590
f 1590 1586 1513
f 1516 1515 1624
f 1624 1515 1603
f 1624 1643 1516
f 1624 1603 1625
f 1625 1643 1624
f 1583 1616 1597
f 1583 1621 1616
f 1638 1639 1623
f 1623 1637 1638
f 1690 1523 1691
f 1689 1523 1690
f 1691 1682 1690
f 1692 1682 1691
f 1691 1523 1692
f 1692 1523 1682
f 1524 1523 1689
f 1689 1690 1524
f 1524 1690 1682
f 1673 1525 1524
f 1524 1682 1673
f 1627 1628 1605
f 1605 1604 1627
f 1562 1629 1605
f 1605 1628 1562
f 1532 1604 1605
f 1612 1611 1588
f 1588 1596 1612
f 1612 1596 1611
f 1587 1558 1534
f 1532 1593 1533
f 1533 1587 1534
f 1593 1587 1533
f 1614 1631 1615
f 1611 1631 1614
f 1615 1560 1614
f 1560 1611 1614
f 1597 1617 1549
f 1549 1548 1597
f 1617 1550 1549
f 1578 1653 1579
f 1578 1577 1653
f 1636 1653 1655
f 1655 1656 1636
f 1576 1656 1655
f 1579 1653 1642
f 1653 1635 1642
f 1641 1579 1642
f 1642 1635 1634
f 1642 1623 1641
f 1642 1634 1623
f 1513 1512 1591
f 1591 1590 1513
f 1512 1590 1591
f 1584 1597 1585
f 1584 1583 1597
f 1582 1581 1639
f 1639 1638 1582
f 1582 1638 1637
f 1637 1621 1632
f 1621 1583 1632
f 1583 1582 1632
f 1632 1582 1637
f 1671 1522 1521
f 1670 1522 1671
f 1521 1660 1671
f 1660 1670 1671
f 1681 1522 1670
f 1681 1670 1669
f 1523 1522 1681
f 1679 1523 1681
f 1630 1608 1606
f 1606 1629 1630
f 1606 1605 1629
f 1532 1605 1606
f 1595 1596 1558
f 1558 1587 1595
f 1611 1596 1595
f 1653 1577 1665
f 1665 1655 1653
f 1665 1577 1576
f 1576 1655 1665
f 1669 1679 1680
f 1680 1681 1669
f 1679 1681 1680
f 1608 1532 1607
f 1607 1606 1608
f 1532 1606 1607
f 1611 1595 1594
f 1594 1595 1587
f 1594 1593 1611
f 1594 1587 1593
f 1538 1559 1539
f 1589 1559 1538
f 1538 1537 1588
f 1588 1589 1538
f 1509 1535 1536
f 1539 1540 1536
f 1536 1540 1509
f 1536 1538 1539
f 1537 1538 1536
f 1588 1537 1558
f 1537 1536 1558
f 1535 1534 1558
f 1558 1536 1535
f 1510 1511 1533
f 1533 1509 1510
f 1517 1518 1533
f 1533 1535 1509
f 1533 1516 1517
f 1533 1534 1535
f 1525 1526 1533
f 1514 1515 1533
f 1528 1529 1533
f 1531 1532 1533
f 1533 1518 1519
f 1533 1520 1521
f 1533 1513 1514
f 1511 1512 1533
f 1519 1520 1533
f 1533 1527 1528
f 1533 1526 1527
f 1533 1530 1531
f 1533 1524 1525
f 1533 1512 1513
f 1533 1515 1516
f 1521 1522 1533
f 1533 1529 1530
f 1533 1522 1523
f 1523 1524 1533
f 1549 1511 1510
f 1510 1541 1549
f 1549 1542 1543
f 1541 1542 1549
f 1549 1546 1547
f 1543 1544 1549
f 1549 1557 1511
f 1549 1544 1545
f 1545 1546 1549
f 1555 1556 1549
f 1553 1554 1549
f 1549 1552 1553
f 1549 1550 1551
f 1549 1554 1555
f 1551 1552 1549
f 1549 1556 1557
f 1547 1548 1549
f 1582 1540 1539
f 1541 1540 1582
f 1582 1579 1580
f 1582 1542 1541
f 1576 1577 1582
f 1585 1542 1582
f 1582 1575 1576
f 1582 1562 1563
f 1582 1569 1570
f 1561 1562 1582
f 1539 1559 1582
f 1582 1571 1572
f 1567 1568 1582
f 1582 1566 1567
f 1563 1564 1582
f 1582 1560 1561
f 1570 1571 1582
f 1572 1573 1582
f 1565 1566 1582
f 1559 1560 1582
f 1574 1575 1582
f 1582 1573 1574
f 1568 1569 1582
f 1580 1581 1582
f 1582 1564 1565
f 1582 1578 1579
f 1582 1584 1585
f 1577 1578 1582
f 1583 1584 1582
f 1746 1724 1723
f 1725 1724 1746
f 1750 1722 1721
f 1721 1751 1750
f 1795 1751 1721
f 1848 1713 1859
f 1770 1769 1842
f 1844 1837 1836
f 1836 1842 1844
f 1844 1842 1769
f 1711 1710 1859
f 1869 1870 1859
f 1713 1848 1714
f 1832 1759 1758
f 1860 1848 1859
f 1831 1717 1716
f 1831 1830 1717
f 1823 1830 1832
f 1832 1758 1823
f 1770 1842 1771
f 1771 1842 1836
f 1768 1844 1769
f 1845 1846 1837
f 1837 1844 1845
f 1705 1834 1706
f 1704 1834 1705
f 1706 1834 1843
f 1843 1834 1837
f 1837 1846 1843
f 1837 1834 1827
f 1836 1837 1827
f 1812 1814 1813
f 1799 1813 1814
f 1799 1774 1812
f 1812 1813 1799
f 1797 1755 1779
f 1859 1713 1712
f 1712 1711 1859
f 1859 1710 1865
f 1865 1869 1859
f 1870 1869 1865
f 1840 1714 1848
f 1798 1797 1795
f 1755 1797 1798
f 1848 1860 1861
f 1861 1761 1848
f 1762 1761 1861
f 1717 1830 1821
f 1830 1823 1821
f 1698 1747 1699
f 1701 1700 1789
f 1789 1788 1701
f 1789 1700 1699
f 1699 1788 1789
f 1787 1782 1701
f 1701 1788 1787
f 1699 1782 1787
f 1787 1788 1699
f 1731 1799 1784
f 1782 1786 1784
f 1829 1771 1836
f 1836 1827 1829
f 1829 1827 1819
f 1829 1772 1771
f 1819 1772 1829
f 1851 1768 1767
f 1844 1768 1851
f 1835 1827 1834
f 1819 1703 1801
f 1774 1799 1781
f 1781 1799 1731
f 1846 1845 1853
f 1870 1865 1868
f 1859 1870 1868
f 1762 1861 1868
f 1868 1860 1859
f 1868 1861 1860
f 1714 1840 1715
f 1715 1831 1716
f 1715 1840 1831
f 1847 1840 1848
f 1830 1831 1838
f 1831 1840 1838
f 1840 1847 1838
f 1794 1795 1721
f 1794 1798 1795
f 1756 1755 1796
f 1755 1798 1796
f 1822 1718 1717
f 1824 1718 1822
f 1717 1821 1807
f 1807 1822 1717
f 1809 1757 1756
f 1758 1757 1809
f 1809 1823 1758
f 1809 1821 1823
f 1809 1807 1821
f 1748 1747 1696
f 1748 1749 1747
f 1696 1747 1697
f 1747 1698 1697
f 1737 1749 1738
f 1747 1749 1737
f 1733 1784 1734
f 1785 1784 1786
f 1782 1784 1803
f 1803 1784 1799
f 1803 1799 1814
f 1803 1814 1815
f 1816 1814 1773
f 1812 1774 1773
f 1773 1814 1812
f 1762 1868 1763
f 1763 1868 1872
f 1766 1851 1767
f 1766 1853 1845
f 1833 1834 1704
f 1702 1801 1703
f 1800 1801 1782
f 1782 1803 1800
f 1800 1803 1815
f 1815 1814 1800
f 1800 1814 1816
f 1816 1801 1800
f 1818 1772 1819
f 1819 1801 1818
f 1726 1775 1780
f 1780 1781 1726
f 1780 1775 1774
f 1774 1781 1780
f 1728 1781 1729
f 1730 1781 1731
f 1729 1781 1730
f 1854 1865 1710
f 1710 1862 1854
f 1846 1853 1854
f 1854 1853 1864
f 1854 1868 1865
f 1706 1843 1849
f 1849 1707 1706
f 1862 1707 1849
f 1759 1838 1841
f 1841 1838 1847
f 1761 1847 1858
f 1839 1838 1759
f 1830 1838 1839
f 1839 1759 1832
f 1832 1830 1839
f 1756 1807 1808
f 1808 1809 1756
f 1807 1809 1808
f 1744 1743 1749
f 1749 1743 1778
f 1738 1749 1778
f 1747 1737 1776
f 1783 1737 1736
f 1736 1735 1783
f 1731 1784 1732
f 1784 1733 1732
f 1777 1785 1786
f 1783 1735 1777
f 1699 1747 1777
f 1747 1776 1777
f 1777 1737 1783
f 1777 1776 1737
f 1777 1782 1699
f 1777 1786 1782
f 1777 1735 1734
f 1734 1784 1777
f 1784 1785 1777
f 1825 1773 1772
f 1825 1772 1816
f 1816 1773 1825
f 1872 1765 1871
f 1871 1763 1872
f 1852 1766 1845
f 1851 1766 1852
f 1852 1845 1844
f 1844 1851 1852
f 1863 1766 1765
f 1864 1853 1863
f 1853 1766 1863
f 1863 1765 1872
f 1872 1868 1863
f 1828 1835 1834
f 1834 1833 1828
f 1819 1827 1828
f 1827 1835 1828
f 1704 1703 1826
f 1826 1833 1704
f 1826 1703 1819
f 1819 1828 1826
f 1826 1828 1833
f 1802 1702 1701
f 1801 1702 1802
f 1701 1782 1802
f 1782 1801 1802
f 1816 1772 1817
f 1772 1818 1817
f 1817 1801 1816
f 1817 1818 1801
f 1726 1781 1727
f 1781 1728 1727
f 1708 1707 1862
f 1846 1854 1855
f 1855 1854 1862
f 1868 1854 1867
f 1864 1863 1867
f 1867 1863 1868
f 1759 1841 1760
f 1760 1847 1761
f 1760 1841 1847
f 1848 1761 1857
f 1761 1858 1857
f 1857 1847 1848
f 1857 1858 1847
f 1791 1792 1721
f 1793 1794 1721
f 1721 1792 1793
f 1798 1794 1793
f 1811 1807 1756
f 1824 1822 1811
f 1822 1807 1811
f 1745 1748 1696
f 1749 1748 1745
f 1745 1744 1749
f 1741 1778 1742
f 1742 1778 1743
f 1741 1740 1790
f 1790 1778 1741
f 1740 1778 1790
f 1738 1778 1739
f 1739 1778 1740
f 1764 1871 1765
f 1763 1871 1764
f 1709 1862 1710
f 1709 1708 1862
f 1850 1843 1846
f 1850 1849 1843
f 1866 1854 1864
f 1864 1867 1866
f 1866 1867 1854
f 1720 1791 1721
f 1806 1796 1798
f 1798 1793 1806
f 1806 1793 1792
f 1756 1796 1806
f 1810 1811 1756
f 1756 1806 1810
f 1820 1718 1824
f 1824 1811 1820
f 1694 1745 1696
f 1846 1855 1856
f 1856 1850 1846
f 1856 1855 1862
f 1862 1849 1856
f 1849 1850 1856
f 1791 1720 1719
f 1792 1791 1719
f 1718 1820 1719
f 1811 1810 1804
f 1792 1719 1804
f 1804 1820 1811
f 1804 1719 1820
f 1805 1806 1792
f 1805 1810 1806
f 1792 1804 1805
f 1805 1804 1810
f 1693 1694 1695
f 1695 1694 1696
f 1752 1723 1722
f 1754 1746 1752
f 1722 1750 1752
f 1752 1746 1723
f 1752 1750 1751
f 1752 1753 1754
f 1754 1753 1755
f 1755 1753 1779
f 1753 1752 1797
f 1779 1753 1797
f 1797 1752 1751
f 1751 1795 1797
f 1725 1746 1764
f 1764 1726 1725
f 1764 1758 1759
f 1764 1746 1754
f 1770 1771 1764
f 1762 1763 1764
f 1764 1769 1770
f 1764 1766 1767
f 1764 1775 1726
f 1754 1755 1764
f 1774 1775 1764
f 1767 1768 1764
f 1764 1755 1756
f 1764 1761 1762
f 1756 1757 1764
f 1764 1768 1769
f 1764 1757 1758
f 1771 1772 1764
f 1764 1773 1774
f 1772 1773 1764
f 1759 1760 1764
f 1765 1766 1764
f 1764 1760 1761
f 1725 1726 1694
f 1693 1724 1694
f 1694 1724 1725
f 1741 1742 1694
f 1694 1736 1737
f 1694 1730 1731
f 1734 1735 1694
f 1731 1732 1694
f 1738 1739 1694
f 1694 1740 1741
f 1694 1737 1738
f 1726 1727 1694
f 1694 1733 1734
f 1694 1728 1729
f 1729 1730 1694
f 1743 1744 1694
f 1735 1736 1694
f 1694 1732 1733
f 1694 1727 1728
f 1744 1745 1694
f 1694 1742 1743
f 1694 1739 1740
f 1721 1722 1695
f 1695 1698 1699
f 1722 1723 1695
f 1695 1724 1693
f 1723 1724 1695
f 1701 1702 1695
f 1695 1712 1713
f 1718 1719 1695
f 1696 1697 1695
f 1716 1717 1695
f 1695 1705 1706
f 1695 1700 1701
f 1695 1709 1710
f 1699 1700 1695
f 1710 1711 1695
f 1713 1714 1695
f 1704 1705 1695
f 1695 1703 1704
f 1711 1712 1695
f 1717 1718 1695
f 1695 1715 1716
f 1714 1715 1695
f 1695 1697 1698
f 1695 1702 1703
f 1706 1707 1695
f 1707 1708 1695
f 1708 1709 1695
f 1695 1720 1721
f 1695 1719 1720
f 1901 1903 1902
f 1933 1903 1901
f 1899 1898 1900
f 1901 1900 1932
f 1900 1898 1932
f 1873 1874 1875
f 1875 1876 1873
f 1896 1904 1897
f 1881 1921 1882
f 1911 1910 1892
f 1898 1930 1931
f 1931 1932 1898
f 1892 1910 1909
f 1885 1884 1943
f 1943 1884 1919
f 1919 1918 1943
f 1943 1918 1917
f 1917 1944 1943
f 1943 1886 1885
f 1943 1944 1886
f 1886 1944 1887
f 1939 1893 1892
f 1892 1909 1939
f 1939 1909 1908
f 1908 1894 1939
f 1904 1896 1905
f 1896 1906 1905
f 1916 1944 1917
f 1916 1915 1944
f 1911 1890 1912
f 1935 1879 1934
f 1922 1921 1881
f 1881 1923 1922
f 1924 1935 1934
f 1923 1935 1924
f 1941 1920 1919
f 1919 1884 1941
f 1888 1887 1946
f 1944 1915 1946
f 1946 1887 1944
f 1936 1894 1908
f 1895 1894 1936
f 1936 1896 1895
f 1936 1906 1896
f 1938 1894 1893
f 1893 1939 1938
f 1938 1939 1894
f 1892 1891 1942
f 1942 1911 1892
f 1942 1891 1890
f 1942 1890 1911
f 1890 1889 1913
f 1879 1935 1880
f 1937 1923 1881
f 1937 1935 1923
f 1881 1880 1937
f 1937 1880 1935
f 1925 1924 1929
f 1934 1879 1929
f 1929 1924 1934
f 1927 1877 1876
f 1876 1875 1927
f 1883 1941 1884
f 1920 1941 1883
f 1883 1882 1921
f 1947 1889 1888
f 1888 1946 1947
f 1907 1936 1908
f 1906 1936 1907
f 1945 1913 1912
f 1945 1912 1890
f 1890 1913 1945
f 1914 1913 1889
f 1889 1947 1914
f 1914 1947 1946
f 1914 1946 1915
f 1878 1929 1879
f 1877 1929 1878
f 1925 1929 1928
f 1928 1929 1877
f 1877 1927 1928
f 1921 1920 1940
f 1940 1883 1921
f 1920 1883 1940
f 1925 1928 1926
f 1926 1927 1875
f 1926 1928 1927
f 1901 1902 1899
f 1899 1874 1873
f 1899 1900 1901
f 1899 1902 1874
f 1930 1904 1903
f 1930 1898 1897
f 1897 1904 1930
f 1903 1933 1930
f 1931 1930 1933
f 1931 1933 1901
f 1901 1932 1931
f 1878 1899 1873
f 1873 1876 1878
f 1897 1898 1878
f 1878 1896 1897
f 1885 1886 1878
f 1898 1899 1878
f 1878 1894 1895
f 1878 1884 1885
f 1892 1893 1878
f 1895 1896 1878
f 1881 1882 1878
f 1876 1877 1878
f 1878 1880 1881
f 1878 1887 1888
f 1878 1891 1892
f 1888 1889 1878
f 1886 1887 1878
f 1893 1894 1878
f 1890 1891 1878
f 1878 1889 1890
f 1882 1883 1878
f 1879 1880 1878
f 1878 1883 1884
f 1874 1902 1926
f 1926 1902 1903
f 1903 1904 1926
f 1926 1920 1921
f 1926 1875 1874
f 1926 1909 1910
f 1904 1905 1926
f 1911 1912 1926
f 1917 1918 1926
f 1910 1911 1926
f 1926 1918 1919
f 1908 1909 1926
f 1926 1907 1908
f 1926 1916 1917
f 1926 1914 1915
f 1921 1922 1926
f 1919 1920 1926
f 1926 1905 1906
f 1915 1916 1926
f 1926 1924 1925
f 1926 1922 1923
f 1923 1924 1926
f 1912 1913 1926
f 1906 1907 1926
f 1913 1914 1926
f 1978 1977 1970
f 1972 1977 1973
f 1950 1949 1975
f 1970 1969 1984
f 1967 1976 1968
f 1986 2003 1951
f 1985 2003 1986
f 1970 1977 1971
f 1977 1972 1971
f 1949 1973 1974
f 1974 1975 1949
f 1973 1977 1974
f 1983 1982 1970
f 1970 1984 1983
f 1958 2012 1959
f 1966 1967 1948
f 1976 1967 1966
f 2008 2012 2009
f 2009 2006 2005
f 2006 1988 2005
f 2014 2012 1958
f 1958 2015 2014
f 1976 1988 1989
f 1951 2003 1952
f 2003 1953 1952
f 2011 1956 1955
f 2010 2015 2011
f 2015 1956 2011
f 2007 1953 2003
f 2007 2003 1985
f 2010 2011 2007
f 1970 1982 1981
f 1981 1980 1970
f 1979 1978 1970
f 1970 1980 1979
f 1961 2008 1962
f 1960 2008 1961
f 1960 1959 2012
f 2012 2008 1960
f 1963 1962 2004
f 2004 1962 2008
f 2004 1964 1963
f 2004 2008 2009
f 2009 2005 2004
f 1957 2015 1958
f 1957 1956 2015
f 2012 2014 2013
f 2009 2012 2013
f 1993 2014 2015
f 1993 2013 2014
f 1993 2006 2009
f 2009 2013 1993
f 1968 1976 1990
f 1976 1989 1990
f 1954 2011 1955
f 1953 2007 1954
f 1954 2007 2011
f 2010 2007 1999
f 1976 1966 1965
f 1965 1964 1976
f 1976 1964 1987
f 1964 2004 1987
f 1987 2004 2005
f 1987 1988 1976
f 1987 2005 1988
f 2006 1993 1992
f 2015 1997 1996
f 2016 2015 2010
f 2016 1997 2015
f 2016 1999 1998
f 2010 1999 2016
f 1991 1988 2006
f 2006 1992 1991
f 2002 2007 1985
f 2002 2001 2007
f 2000 1999 2007
f 2007 2001 2000
f 2015 1996 1995
f 1998 1997 2017
f 2017 2016 1998
f 1997 2016 2017
f 1994 1993 2015
f 2015 1995 1994
f 1971 1949 1948
f 1948 1967 1971
f 1968 1969 1971
f 1971 1973 1949
f 1971 1969 1970
f 1971 1972 1973
f 1971 1967 1968
f 1979 1951 1950
f 1979 1984 1985
f 1950 1975 1979
f 1979 1986 1951
f 1977 1978 1979
f 1982 1983 1979
f 1979 1974 1977
f 1985 1986 1979
f 1979 1981 1982
f 1975 1974 1979
f 1979 1983 1984
f 1980 1981 1979
f 1950 1951 1965
f 1965 1949 1950
f 1958 1959 1965
f 1948 1949 1965
f 1965 1960 1961
f 1965 1966 1948
f 1963 1964 1965
f 1965 1957 1958
f 1961 1962 1965
f 1951 1952 1965
f 1955 1956 1965
f 1965 1952 1953
f 1965 1954 1955
f 1965 1962 1963
f 1959 1960 1965
f 1956 1957 1965
f 1953 1954 1965
f 1994 1969 1968
f 1985 1984 1994
f 1994 1984 1969
f 1968 1990 1994
f 1994 1997 1998
f 1994 1989 1988
f 1999 2000 1994
f 1994 1990 1989
f 1998 1999 1994
f 1988 1991 1994
f 1994 1992 1993
f 1994 2002 1985
f 1994 1996 1997
f 1994 1991 1992
f 2001 2002 1994
f 1994 2000 2001
f 1994 1995 1996
f 2028 2042 2043
f 2042 2028 2027
f 2029 2028 2044
f 2044 2028 2043
f 2042 2027 2026
f 2018 2028 2019
f 2018 2027 2028
f 2031 2030 2055
f 2067 2053 2052
f 2065 2053 2067
f 2021 2020 2041
f 2069 2066 2065
f 2034 2066 2069
f 2055 2054 2032
f 2032 2031 2055
f 2070 2067 2052
f 2065 2067 2070
f 2070 2069 2065
f 2063 2069 2070
f 2033 2032 2054
f 2054 2053 2033
f 2033 2053 2065
f 2065 2066 2033
f 2033 2066 2034
f 2048 2047 2060
f 2060 2062 2048
f 2051 2070 2052
f 2068 2049 2048
f 2048 2062 2068
f 2068 2062 2063
f 2063 2070 2068
f 2036 2069 2063
f 2063 2062 2058
f 2058 2038 2063
f 2059 2060 2056
f 2062 2060 2059
f 2056 2058 2059
f 2059 2058 2062
f 2024 2045 2025
f 2024 2023 2045
f 2057 2021 2056
f 2064 2060 2047
f 2071 2051 2050
f 2070 2051 2071
f 2071 2068 2070
f 2050 2049 2071
f 2049 2068 2071
f 2034 2069 2035
f 2069 2036 2035
f 2063 2038 2037
f 2037 2036 2063
f 2040 2021 2041
f 2056 2021 2040
f 2040 2058 2056
f 2021 2057 2022
f 2060 2064 2061
f 2056 2060 2061
f 2061 2057 2056
f 2023 2022 2061
f 2061 2022 2057
f 2046 2064 2047
f 2045 2023 2046
f 2023 2061 2046
f 2046 2061 2064
f 2038 2058 2039
f 2058 2040 2039
f 2030 2043 2055
f 2029 2044 2030
f 2030 2044 2043
f 2019 2020 2022
f 2022 2018 2019
f 2025 2026 2022
f 2022 2026 2027
f 2027 2018 2022
f 2020 2021 2022
f 2022 2024 2025
f 2023 2024 2022
f 2055 2043 2046
f 2046 2054 2055
f 2052 2053 2046
f 2043 2042 2046
f 2046 2026 2025
f 2048 2049 2046
f 2046 2053 2054
f 2042 2026 2046
f 2046 2047 2048
f 2025 2045 2046
f 2046 2051 2052
f 2046 2049 2050
f 2050 2051 2046
f 2039 2020 2019
f 2019 2028 2039
f 2039 2028 2029
f 2041 2020 2039
f 2039 2037 2038
f 2029 2030 2039
f 2030 2031 2039
f 2031 2032 2039
f 2039 2033 2034
f 2032 2033 2039
f 2034 2035 2039
f 2039 2035 2036
f 2036 2037 2039
f 2039 2040 2041
f 2081 2109 2134
f 2080 2109 2081
f 2109 2080 2079
f 2109 2136 2135
f 2135 2134 2109
f 2076 2136 2077
f 2076 2135 2136
f 2122 2093 2151
f 2108 2079 2078
f 2109 2079 2108
f 2151 2093 2092
f 2092 2091 2151
f 2084 2083 2133
f 2083 2082 2133
f 2152 2123 2122
f 2152 2122 2151
f 2151 2091 2152
f 2125 2090 2148
f 2117 2116 2096
f 2084 2140 2085
f 2085 2140 2130
f 2130 2129 2142
f 2086 2085 2142
f 2148 2090 2089
f 2089 2088 2148
f 2087 2127 2148
f 2148 2088 2087
f 2148 2127 2126
f 2126 2125 2148
f 2123 2152 2149
f 2091 2090 2149
f 2149 2152 2091
f 2074 2107 2075
f 2073 2105 2106
f 2104 2105 2073
f 2106 2107 2073
f 2073 2074 2072
f 2107 2074 2073
f 2114 2113 2139
f 2099 2116 2139
f 2139 2113 2112
f 2139 2112 2099
f 2104 2102 2110
f 2099 2112 2100
f 2112 2101 2100
f 2130 2140 2131
f 2140 2132 2131
f 2133 2132 2138
f 2084 2133 2138
f 2138 2140 2084
f 2138 2132 2140
f 2141 2085 2130
f 2130 2142 2141
f 2141 2142 2085
f 2127 2087 2145
f 2145 2087 2086
f 2123 2149 2124
f 2090 2125 2124
f 2124 2149 2090
f 2103 2102 2104
f 2104 2073 2103
f 2114 2139 2115
f 2115 2139 2116
f 2111 2101 2112
f 2111 2110 2101
f 2102 2101 2137
f 2137 2110 2102
f 2101 2110 2137
f 2143 2097 2096
f 2143 2096 2116
f 2127 2145 2128
f 2128 2145 2129
f 2144 2142 2129
f 2129 2145 2144
f 2086 2142 2144
f 2144 2145 2086
f 2147 2118 2117
f 2117 2096 2147
f 2120 2094 2121
f 2121 2094 2093
f 2119 2094 2120
f 2118 2147 2119
f 2097 2143 2098
f 2098 2116 2099
f 2098 2143 2116
f 2146 2147 2096
f 2094 2119 2146
f 2146 2119 2147
f 2122 2121 2150
f 2093 2122 2150
f 2150 2121 2093
f 2095 2146 2096
f 2094 2146 2095
f 2077 2136 2108
f 2108 2078 2077
f 2108 2136 2109
f 2133 2082 2081
f 2081 2134 2133
f 2077 2078 2074
f 2074 2079 2072
f 2074 2076 2077
f 2078 2079 2074
f 2075 2076 2074
f 2119 2076 2075
f 2135 2076 2119
f 2134 2135 2119
f 2122 2123 2119
f 2119 2133 2134
f 2119 2105 2104
f 2104 2110 2119
f 2117 2118 2119
f 2127 2128 2119
f 2123 2124 2119
f 2075 2107 2119
f 2119 2126 2127
f 2119 2113 2114
f 2119 2129 2130
f 2130 2131 2119
f 2119 2107 2106
f 2106 2105 2119
f 2112 2113 2119
f 2119 2116 2117
f 2119 2132 2133
f 2125 2126 2119
f 2114 2115 2119
f 2119 2111 2112
f 2119 2131 2132
f 2119 2124 2125
f 2119 2115 2116
f 2110 2111 2119
f 2119 2121 2122
f 2119 2128 2129
f 2120 2121 2119
f 2072 2079 2095
f 2095 2079 2080
f 2095 2080 2081
f 2095 2092 2093
f 2095 2090 2091
f 2081 2082 2095
f 2095 2083 2084
f 2091 2092 2095
f 2095 2073 2072
f 2095 2082 2083
f 2102 2103 2095
f 2086 2087 2095
f 2095 2089 2090
f 2084 2085 2095
f 2095 2101 2102
f 2099 2100 2095
f 2095 2085 2086
f 2088 2089 2095
f 2095 2087 2088
f 2093 2094 2095
f 2095 2100 2101
f 2096 2097 2095
f 2095 2103 2073
f 2095 2098 2099
f 2097 2098 2095
f 2165 2198 2167
f 2168 2169 2153
f 2153 2167 2168
f 2166 2167 2153
f 2166 2165 2167
f 2218 2208 2217
f 2208 2218 2219
f 2219 2218 2241
f 2263 2264 2251
f 2264 2252 2251
f 2241 2218 2240
f 2240 2252 2253
f 2213 2232 2214
f 2205 2213 2214
f 2193 2197 2194
f 2163 2208 2198
f 2206 2205 2214
f 2197 2205 2206
f 2253 2244 2242
f 2242 2240 2253
f 2241 2240 2242
f 2255 2244 2253
f 2264 2177 2255
f 2255 2252 2264
f 2253 2252 2255
f 2178 2177 2264
f 2198 2208 2209
f 2208 2219 2209
f 2237 2240 2218
f 2252 2240 2237
f 2237 2218 2217
f 2217 2208 2220
f 2208 2163 2220
f 2220 2163 2223
f 2263 2251 2250
f 2250 2262 2263
f 2261 2262 2250
f 2195 2194 2196
f 2196 2194 2197
f 2154 2195 2196
f 2196 2197 2154
f 2198 2165 2164
f 2164 2163 2198
f 2159 2206 2160
f 2197 2206 2159
f 2232 2233 2215
f 2214 2232 2215
f 2215 2206 2214
f 2224 2242 2244
f 2263 2262 2269
f 2269 2264 2263
f 2267 2262 2261
f 2267 2261 2181
f 2267 2269 2262
f 2198 2209 2199
f 2221 2209 2219
f 2221 2219 2241
f 2200 2199 2221
f 2221 2199 2209
f 2241 2242 2221
f 2256 2189 2188
f 2191 2210 2192
f 2225 2210 2191
f 2227 2213 2212
f 2210 2225 2212
f 2236 2237 2217
f 2252 2237 2236
f 2236 2251 2252
f 2236 2250 2251
f 2213 2229 2230
f 2232 2213 2231
f 2231 2233 2232
f 2231 2248 2233
f 2213 2230 2231
f 2231 2230 2248
f 2233 2248 2238
f 2217 2220 2238
f 2238 2220 2223
f 2154 2197 2155
f 2197 2156 2155
f 2207 2159 2158
f 2197 2159 2207
f 2163 2162 2222
f 2223 2163 2222
f 2223 2215 2234
f 2234 2215 2233
f 2234 2238 2223
f 2233 2238 2234
f 2177 2176 2265
f 2265 2255 2177
f 2243 2224 2244
f 2202 2224 2203
f 2178 2269 2179
f 2179 2267 2180
f 2270 2178 2264
f 2264 2269 2270
f 2270 2269 2178
f 2181 2180 2272
f 2272 2267 2181
f 2180 2267 2272
f 2268 2182 2181
f 2181 2261 2268
f 2261 2182 2268
f 2259 2182 2261
f 2187 2256 2188
f 2228 2213 2227
f 2228 2229 2213
f 2227 2189 2228
f 2190 2225 2191
f 2190 2189 2227
f 2213 2205 2211
f 2211 2212 2213
f 2210 2212 2204
f 2212 2211 2204
f 2204 2211 2205
f 2204 2197 2193
f 2204 2205 2197
f 2235 2236 2217
f 2239 2230 2250
f 2248 2230 2239
f 2250 2236 2239
f 2236 2235 2239
f 2239 2238 2248
f 2217 2238 2239
f 2239 2235 2217
f 2157 2207 2158
f 2157 2156 2197
f 2197 2207 2157
f 2216 2222 2162
f 2160 2206 2216
f 2223 2222 2216
f 2216 2215 2223
f 2206 2215 2216
f 2254 2243 2244
f 2244 2255 2254
f 2255 2265 2254
f 2224 2172 2171
f 2170 2203 2171
f 2171 2203 2224
f 2243 2254 2174
f 2269 2267 2271
f 2271 2179 2269
f 2267 2179 2271
f 2183 2182 2266
f 2182 2259 2266
f 2266 2259 2185
f 2261 2250 2249
f 2250 2230 2249
f 2260 2259 2261
f 2261 2249 2260
f 2185 2256 2186
f 2256 2187 2186
f 2189 2256 2245
f 2245 2228 2189
f 2226 2190 2227
f 2225 2190 2226
f 2227 2212 2226
f 2226 2212 2225
f 2160 2216 2161
f 2161 2216 2162
f 2173 2172 2224
f 2224 2243 2173
f 2243 2174 2173
f 2175 2174 2254
f 2175 2265 2176
f 2175 2254 2265
f 2184 2266 2185
f 2183 2266 2184
f 2185 2259 2257
f 2259 2258 2257
f 2257 2256 2185
f 2259 2260 2247
f 2247 2258 2259
f 2247 2260 2249
f 2247 2230 2229
f 2247 2249 2230
f 2246 2245 2256
f 2228 2245 2246
f 2229 2228 2246
f 2246 2247 2229
f 2258 2247 2246
f 2256 2257 2246
f 2246 2257 2258
f 2224 2202 2201
f 2201 2242 2224
f 2201 2200 2221
f 2221 2242 2201
f 2167 2198 2203
f 2203 2168 2167
f 2170 2169 2203
f 2169 2168 2203
f 2198 2199 2203
f 2203 2200 2201
f 2201 2202 2203
f 2203 2199 2200
f 2193 2192 2204
f 2204 2192 2210
f 2153 2154 2161
f 2161 2166 2153
f 2165 2166 2161
f 2161 2157 2158
f 2161 2164 2165
f 2161 2159 2160
f 2154 2155 2161
f 2161 2162 2163
f 2163 2164 2161
f 2158 2159 2161
f 2161 2155 2156
f 2156 2157 2161
f 2184 2169 2170
f 2153 2169 2184
f 2177 2178 2184
f 2184 2154 2153
f 2188 2189 2184
f 2184 2180 2181
f 2181 2182 2184
f 2184 2195 2154
f 2193 2194 2184
f 2184 2179 2180
f 2184 2192 2193
f 2184 2194 2195
f 2184 2190 2191
f 2184 2175 2176
f 2184 2187 2188
f 2184 2176 2177
f 2184 2182 2183
f 2191 2192 2184
f 2170 2171 2184
f 2178 2179 2184
f 2172 2173 2184
f 2189 2190 2184
f 2184 2171 2172
f 2185 2186 2184
f 2184 2186 2187
f 2184 2173 2174
f 2174 2175 2184
f 2274 2273 2294
f 2299 2291 2300
f 2293 2294 2273
f 2291 2299 2298
f 2288 2287 2300
f 2300 2289 2288
f 2300 2291 2290
f 2290 2289 2300
f 2295 2293 2296
f 2294 2293 2295
f 2292 2291 2296
f 2296 2293 2292
f 2286 2285 2327
f 2278 2325 2279
f 2279 2325 2310
f 2283 2282 2281
f 2304 2276 2275
f 2296 2291 2297
f 2291 2298 2297
f 2280 2279 2305
f 2305 2279 2310
f 2303 2304 2275
f 2311 2318 2278
f 2310 2325 2328
f 2278 2318 2333
f 2333 2318 2317
f 2333 2325 2278
f 2333 2332 2325
f 2283 2281 2284
f 2277 2311 2278
f 2318 2311 2309
f 2309 2277 2276
f 2311 2277 2309
f 2302 2312 2306
f 2276 2304 2306
f 2306 2307 2276
f 2312 2313 2306
f 2306 2313 2307
f 2306 2303 2302
f 2304 2303 2306
f 2302 2301 2319
f 2302 2321 2322
f 2322 2321 2301
f 2323 2322 2301
f 2302 2322 2323
f 2310 2328 2326
f 2329 2328 2325
f 2318 2309 2308
f 2317 2318 2308
f 2308 2307 2317
f 2276 2307 2308
f 2308 2309 2276
f 2320 2321 2302
f 2302 2319 2320
f 2301 2321 2320
f 2320 2319 2301
f 2324 2313 2312
f 2324 2312 2302
f 2302 2323 2324
f 2317 2307 2316
f 2307 2315 2316
f 2307 2313 2314
f 2314 2315 2307
f 2325 2332 2331
f 2330 2329 2325
f 2325 2331 2330
f 2303 2275 2274
f 2274 2294 2303
f 2303 2299 2300
f 2303 2295 2296
f 2296 2297 2303
f 2300 2301 2303
f 2303 2301 2302
f 2303 2298 2299
f 2294 2295 2303
f 2303 2297 2298
f 2286 2287 2284
f 2284 2285 2286
f 2284 2293 2273
f 2273 2282 2284
f 2284 2282 2283
f 2287 2288 2284
f 2284 2290 2291
f 2291 2292 2284
f 2284 2288 2289
f 2289 2290 2284
f 2284 2292 2293
f 2310 2285 2284
f 2284 2305 2310
f 2284 2281 2280
f 2280 2305 2284
f 2277 2282 2273
f 2277 2273 2274
f 2274 2275 2277
f 2277 2281 2282
f 2278 2279 2277
f 2275 2276 2277
f 2277 2279 2280
f 2280 2281 2277
f 2326 2285 2310
f 2326 2327 2285
f 2326 2328 2286
f 2286 2327 2326
f 2330 2287 2286
f 2300 2287 2330
f 2330 2301 2300
f 2330 2323 2301
f 2286 2328 2330
f 2330 2333 2317
f 2313 2324 2330
f 2332 2333 2330
f 2330 2314 2313
f 2317 2316 2330
f 2328 2329 2330
f 2330 2324 2323
f 2330 2316 2315
f 2315 2314 2330
f 2330 2331 2332
f 2335 2375 2336
f 2374 2373 2375
f 2375 2335 2374
f 2334 2363 2364
f 2351 2350 2443
f 2428 2436 2433
f 2434 2425 2432
f 2443 2350 2441
f 2350 2439 2441
f 2441 2433 2443
f 2392 2391 2418
f 2418 2412 2392
f 2418 2391 2390
f 2365 2377 2397
f 2363 2377 2365
f 2371 2370 2397
f 2371 2403 2372
f 2397 2403 2371
f 2408 2409 2372
f 2433 2436 2442
f 2436 2351 2442
f 2443 2433 2442
f 2442 2351 2443
f 2352 2351 2436
f 2372 2409 2410
f 2416 2428 2424
f 2435 2434 2432
f 2388 2425 2435
f 2425 2434 2435
f 2431 2439 2432
f 2431 2441 2439
f 2433 2441 2431
f 2337 2384 2338
f 2382 2381 2405
f 2379 2340 2380
f 2340 2381 2380
f 2420 2421 2415
f 2430 2421 2420
f 2444 2439 2350
f 2362 2363 2334
f 2362 2361 2363
f 2376 2361 2360
f 2363 2361 2376
f 2376 2377 2363
f 2400 2410 2409
f 2397 2367 2366
f 2366 2365 2397
f 2378 2365 2364
f 2378 2364 2363
f 2363 2365 2378
f 2404 2367 2397
f 2370 2369 2404
f 2397 2370 2404
f 2436 2428 2353
f 2353 2352 2436
f 2426 2425 2388
f 2426 2386 2425
f 2422 2416 2424
f 2422 2428 2433
f 2424 2428 2422
f 2432 2425 2422
f 2433 2431 2422
f 2422 2431 2432
f 2425 2386 2423
f 2386 2416 2423
f 2423 2422 2425
f 2416 2422 2423
f 2388 2435 2389
f 2389 2435 2432
f 2432 2439 2389
f 2439 2390 2389
f 2339 2384 2340
f 2339 2338 2384
f 2382 2405 2383
f 2383 2405 2384
f 2407 2381 2340
f 2340 2384 2407
f 2343 2342 2421
f 2343 2430 2344
f 2421 2430 2343
f 2420 2415 2414
f 2421 2342 2341
f 2341 2415 2421
f 2344 2430 2345
f 2419 2412 2418
f 2419 2430 2420
f 2420 2414 2419
f 2419 2414 2412
f 2437 2390 2439
f 2393 2392 2412
f 2396 2376 2360
f 2377 2376 2396
f 2360 2359 2396
f 2397 2377 2396
f 2357 2400 2358
f 2358 2396 2359
f 2400 2396 2358
f 2402 2400 2409
f 2409 2408 2402
f 2402 2403 2397
f 2372 2403 2402
f 2402 2408 2372
f 2397 2396 2402
f 2367 2404 2368
f 2368 2404 2369
f 2355 2385 2372
f 2372 2410 2355
f 2388 2387 2427
f 2427 2426 2388
f 2427 2387 2386
f 2386 2426 2427
f 2386 2385 2417
f 2417 2416 2386
f 2417 2385 2416
f 2406 2405 2381
f 2381 2407 2406
f 2384 2405 2406
f 2406 2407 2384
f 2412 2414 2413
f 2399 2341 2340
f 2399 2340 2379
f 2415 2341 2399
f 2399 2414 2415
f 2399 2413 2414
f 2412 2413 2399
f 2429 2419 2418
f 2418 2390 2429
f 2430 2419 2429
f 2349 2444 2350
f 2412 2395 2411
f 2411 2393 2412
f 2401 2396 2400
f 2400 2402 2401
f 2401 2402 2396
f 2410 2400 2356
f 2356 2355 2410
f 2356 2400 2357
f 2428 2416 2354
f 2354 2353 2428
f 2416 2385 2354
f 2385 2355 2354
f 2379 2395 2398
f 2398 2399 2379
f 2398 2395 2412
f 2412 2399 2398
f 2430 2429 2440
f 2394 2411 2395
f 2393 2411 2394
f 2346 2345 2438
f 2438 2345 2430
f 2430 2440 2438
f 2438 2349 2348
f 2444 2349 2438
f 2439 2444 2438
f 2438 2437 2439
f 2390 2437 2438
f 2438 2429 2390
f 2438 2440 2429
f 2346 2438 2347
f 2347 2438 2348
f 2336 2375 2383
f 2337 2336 2383
f 2375 2379 2383
f 2383 2384 2337
f 2379 2380 2383
f 2383 2381 2382
f 2383 2380 2381
f 2372 2373 2368
f 2368 2335 2334
f 2373 2374 2368
f 2368 2374 2335
f 2334 2364 2368
f 2368 2366 2367
f 2368 2371 2372
f 2364 2365 2368
f 2370 2371 2368
f 2368 2369 2370
f 2365 2366 2368
f 2394 2379 2375
f 2394 2373 2372
f 2375 2373 2394
f 2394 2395 2379
f 2394 2387 2388
f 2372 2385 2394
f 2391 2392 2394
f 2394 2390 2391
f 2386 2387 2394
f 2388 2389 2394
f 2394 2385 2386
f 2394 2389 2390
f 2392 2393 2394
f 2347 2336 2337
f 2347 2362 2334
f 2334 2335 2347
f 2347 2349 2350
f 2347 2335 2336
f 2350 2351 2347
f 2337 2338 2347
f 2344 2345 2347
f 2347 2359 2360
f 2347 2339 2340
f 2340 2341 2347
f 2360 2361 2347
f 2351 2352 2347
f 2357 2358 2347
f 2347 2343 2344
f 2361 2362 2347
f 2352 2353 2347
f 2338 2339 2347
f 2342 2343 2347
f 2347 2341 2342
f 2347 2345 2346
f 2353 2354 2347
f 2347 2358 2359
f 2347 2356 2357
f 2348 2349 2347
f 2355 2356 2347
f 2347 2354 2355
f 2462 2463 2445
f 2463 2462 2480
f 2458 2476 2459
f 2459 2476 2460
f 2445 2459 2460
f 2461 2462 2445
f 2445 2460 2461
f 2508 2502 2500
f 2478 2502 2479
f 2456 2508 2500
f 2486 2485 2530
f 2530 2485 2522
f 2489 2488 2521
f 2522 2489 2521
f 2521 2488 2522
f 2483 2520 2484
f 2520 2483 2454
f 2484 2520 2454
f 2486 2530 2487
f 2522 2488 2487
f 2487 2530 2522
f 2527 2485 2484
f 2527 2517 2485
f 2523 2489 2522
f 2523 2524 2489
f 2452 2523 2522
f 2524 2523 2452
f 2470 2469 2504
f 2449 2448 2498
f 2501 2481 2479
f 2479 2502 2501
f 2482 2481 2501
f 2508 2456 2455
f 2455 2482 2513
f 2484 2454 2519
f 2529 2527 2484
f 2515 2452 2451
f 2524 2452 2515
f 2489 2524 2515
f 2495 2503 2505
f 2467 2495 2504
f 2466 2495 2467
f 2525 2452 2522
f 2453 2452 2525
f 2504 2472 2471
f 2471 2470 2504
f 2497 2448 2496
f 2497 2498 2448
f 2506 2472 2504
f 2504 2495 2506
f 2506 2497 2496
f 2506 2495 2505
f 2498 2497 2506
f 2506 2450 2449
f 2449 2498 2506
f 2502 2508 2509
f 2509 2501 2502
f 2517 2527 2518
f 2518 2454 2517
f 2518 2519 2454
f 2492 2491 2503
f 2492 2495 2464
f 2503 2495 2492
f 2503 2491 2490
f 2505 2503 2511
f 2503 2490 2511
f 2464 2495 2465
f 2465 2495 2466
f 2504 2469 2468
f 2468 2467 2504
f 2522 2485 2526
f 2526 2525 2522
f 2485 2517 2526
f 2517 2525 2526
f 2517 2454 2516
f 2516 2525 2517
f 2516 2454 2453
f 2453 2525 2516
f 2507 2473 2472
f 2472 2506 2507
f 2482 2501 2510
f 2501 2509 2510
f 2513 2482 2510
f 2510 2509 2508
f 2510 2455 2513
f 2508 2455 2510
f 2527 2529 2528
f 2528 2518 2527
f 2528 2529 2484
f 2484 2519 2528
f 2519 2518 2528
f 2514 2490 2489
f 2489 2515 2514
f 2515 2511 2514
f 2514 2511 2490
f 2505 2511 2512
f 2512 2511 2515
f 2512 2515 2451
f 2451 2450 2512
f 2512 2506 2505
f 2450 2506 2512
f 2475 2474 2493
f 2475 2447 2446
f 2448 2447 2475
f 2499 2474 2473
f 2499 2506 2496
f 2473 2507 2499
f 2499 2507 2506
f 2493 2474 2494
f 2474 2499 2494
f 2448 2475 2494
f 2494 2475 2493
f 2496 2448 2494
f 2494 2499 2496
f 2479 2480 2478
f 2462 2461 2478
f 2478 2480 2462
f 2478 2458 2457
f 2476 2458 2478
f 2478 2460 2476
f 2457 2477 2478
f 2478 2461 2460
f 2478 2477 2500
f 2500 2502 2478
f 2456 2477 2457
f 2500 2477 2456
f 2455 2483 2482
f 2455 2454 2483
f 2490 2464 2463
f 2490 2480 2479
f 2463 2480 2490
f 2490 2483 2484
f 2486 2487 2490
f 2490 2485 2486
f 2484 2485 2490
f 2490 2488 2489
f 2479 2481 2490
f 2490 2481 2482
f 2482 2483 2490
f 2490 2487 2488
f 2490 2492 2464
f 2491 2492 2490
f 2445 2446 2447
f 2447 2459 2445
f 2457 2458 2447
f 2447 2456 2457
f 2447 2458 2459
f 2453 2454 2447
f 2449 2450 2447
f 2447 2455 2456
f 2447 2448 2449
f 2447 2452 2453
f 2447 2450 2451
f 2451 2452 2447
f 2454 2455 2447
f 2463 2464 2475
f 2445 2463 2475
f 2475 2446 2445
f 2469 2470 2475
f 2475 2471 2472
f 2475 2468 2469
f 2464 2465 2475
f 2472 2473 2475
f 2466 2467 2475
f 2470 2471 2475
f 2475 2465 2466
f 2467 2468 2475
f 2473 2474 2475
f 2542 2531 2541
f 2542 2541 2573
f 2573 2541 2572
f 2543 2531 2542
f 2543 2544 2531
f 2568 2570 2569
f 2569 2570 2532
f 2596 2612 2614
f 2571 2570 2568
f 2571 2533 2532
f 2532 2570 2571
f 2615 2596 2614
f 2615 2597 2596
f 2599 2615 2614
f 2580 2571 2579
f 2590 2580 2589
f 2589 2588 2590
f 2580 2579 2589
f 2589 2579 2588
f 2533 2571 2534
f 2534 2582 2535
f 2534 2571 2582
f 2634 2559 2558
f 2625 2624 2634
f 2597 2615 2586
f 2615 2599 2586
f 2596 2597 2584
f 2628 2599 2614
f 2557 2556 2643
f 2557 2634 2558
f 2626 2611 2625
f 2625 2636 2626
f 2636 2637 2626
f 2588 2579 2566
f 2590 2588 2604
f 2590 2604 2607
f 2563 2604 2588
f 2622 2604 2563
f 2535 2582 2536
f 2633 2634 2624
f 2635 2636 2625
f 2625 2634 2635
f 2597 2586 2585
f 2572 2584 2585
f 2585 2584 2597
f 2616 2601 2609
f 2609 2605 2616
f 2598 2601 2595
f 2595 2584 2598
f 2595 2610 2611
f 2595 2611 2612
f 2612 2596 2595
f 2596 2584 2595
f 2640 2557 2643
f 2634 2557 2640
f 2640 2635 2634
f 2643 2556 2640
f 2612 2611 2627
f 2611 2626 2627
f 2614 2612 2627
f 2627 2628 2614
f 2629 2628 2627
f 2627 2637 2629
f 2627 2626 2637
f 2551 2629 2638
f 2629 2637 2638
f 2641 2637 2636
f 2636 2635 2641
f 2635 2640 2641
f 2567 2566 2579
f 2588 2566 2565
f 2622 2563 2621
f 2621 2604 2622
f 2621 2607 2604
f 2608 2624 2625
f 2590 2607 2608
f 2608 2605 2590
f 2608 2616 2605
f 2564 2563 2603
f 2603 2563 2588
f 2603 2565 2564
f 2588 2565 2603
f 2572 2541 2540
f 2587 2584 2572
f 2598 2584 2587
f 2587 2601 2598
f 2634 2633 2632
f 2601 2616 2613
f 2613 2595 2601
f 2610 2595 2613
f 2625 2611 2613
f 2611 2610 2613
f 2613 2608 2625
f 2616 2608 2613
f 2606 2605 2609
f 2609 2592 2606
f 2590 2605 2606
f 2581 2571 2580
f 2582 2571 2581
f 2537 2536 2581
f 2581 2536 2582
f 2599 2628 2617
f 2617 2602 2599
f 2617 2628 2629
f 2555 2640 2556
f 2551 2638 2552
f 2637 2553 2552
f 2552 2638 2637
f 2642 2553 2637
f 2637 2641 2642
f 2640 2555 2642
f 2568 2567 2578
f 2578 2567 2579
f 2578 2571 2568
f 2578 2579 2571
f 2620 2621 2563
f 2583 2540 2539
f 2572 2540 2583
f 2583 2587 2572
f 2609 2601 2600
f 2601 2587 2600
f 2600 2592 2609
f 2600 2587 2592
f 2594 2583 2539
f 2587 2583 2594
f 2559 2634 2631
f 2634 2632 2631
f 2623 2632 2633
f 2607 2621 2623
f 2623 2631 2632
f 2623 2633 2624
f 2559 2631 2623
f 2624 2608 2623
f 2623 2608 2607
f 2591 2606 2592
f 2592 2581 2591
f 2590 2606 2591
f 2591 2580 2590
f 2591 2581 2580
f 2577 2546 2545
f 2602 2546 2577
f 2577 2576 2602
f 2644 2641 2640
f 2640 2642 2644
f 2644 2642 2641
f 2553 2642 2554
f 2554 2642 2555
f 2619 2563 2562
f 2619 2620 2563
f 2538 2594 2539
f 2537 2581 2593
f 2593 2538 2537
f 2594 2538 2593
f 2587 2594 2593
f 2592 2587 2593
f 2593 2581 2592
f 2639 2630 2629
f 2551 2550 2639
f 2639 2629 2551
f 2548 2617 2629
f 2629 2630 2548
f 2561 2619 2562
f 2620 2619 2561
f 2621 2620 2561
f 2549 2548 2630
f 2549 2639 2550
f 2630 2639 2549
f 2547 2546 2602
f 2621 2561 2560
f 2559 2623 2560
f 2560 2623 2621
f 2602 2617 2618
f 2618 2547 2602
f 2548 2547 2618
f 2617 2548 2618
f 2575 2574 2586
f 2586 2599 2575
f 2585 2574 2572
f 2585 2586 2574
f 2575 2599 2576
f 2599 2602 2576
f 2577 2543 2542
f 2542 2573 2577
f 2545 2544 2577
f 2577 2573 2572
f 2544 2543 2577
f 2572 2574 2577
f 2577 2574 2575
f 2575 2576 2577
f 2531 2532 2538
f 2538 2541 2531
f 2535 2536 2538
f 2532 2533 2538
f 2538 2534 2535
f 2533 2534 2538
f 2538 2536 2537
f 2538 2540 2541
f 2539 2540 2538
f 2560 2544 2545
f 2531 2544 2560
f 2560 2532 2531
f 2558 2559 2560
f 2568 2569 2560
f 2564 2565 2560
f 2560 2555 2556
f 2560 2569 2532
f 2560 2550 2551
f 2560 2557 2558
f 2562 2563 2560
f 2560 2561 2562
f 2556 2557 2560
f 2545 2546 2560
f 2560 2567 2568
f 2560 2563 2564
f 2566 2567 2560
f 2560 2565 2566
f 2553 2554 2560
f 2551 2552 2560
f 2560 2552 2553
f 2560 2554 2555
f 2560 2549 2550
f 2546 2547 2560
f 2548 2549 2560
f 2560 2547 2548
f 2675 2692 2691
f 2671 2692 2674
f 2674 2692 2675
f 2708 2691 2690
f 2675 2691 2708
f 2673 2672 2671
f 2671 2674 2673
f 2712 2688 2687
f 2722 2688 2712
f 2695 2703 2704
f 2715 2704 2703
f 2702 2703 2695
f 2701 2707 2702
f 2653 2697 2705
f 2697 2704 2705
f 2688 2722 2689
f 2723 2722 2712
f 2699 2711 2712
f 2746 2734 2733
f 2714 2720 2725
f 2714 2707 2720
f 2714 2715 2703
f 2703 2702 2714
f 2714 2702 2707
f 2715 2714 2731
f 2676 2693 2677
f 2701 2693 2700
f 2675 2707 2700
f 2700 2707 2701
f 2700 2676 2675
f 2693 2676 2700
f 2696 2681 2695
f 2695 2704 2696
f 2696 2704 2697
f 2694 2681 2693
f 2695 2681 2694
f 2694 2702 2695
f 2701 2702 2694
f 2694 2693 2701
f 2716 2705 2704
f 2716 2715 2733
f 2704 2715 2716
f 2675 2708 2709
f 2725 2720 2709
f 2722 2723 2709
f 2709 2707 2675
f 2720 2707 2709
f 2669 2699 2670
f 2668 2699 2669
f 2711 2699 2710
f 2710 2699 2668
f 2734 2746 2747
f 2712 2711 2730
f 2711 2729 2730
f 2730 2723 2712
f 2653 2705 2654
f 2705 2655 2654
f 2690 2689 2721
f 2721 2708 2690
f 2721 2709 2708
f 2721 2689 2722
f 2722 2709 2721
f 2737 2738 2725
f 2737 2744 2738
f 2670 2699 2684
f 2699 2685 2684
f 2713 2685 2699
f 2712 2687 2713
f 2713 2699 2712
f 2753 2660 2659
f 2659 2746 2753
f 2658 2746 2659
f 2658 2747 2746
f 2734 2747 2735
f 2667 2710 2668
f 2751 2742 2750
f 2743 2742 2751
f 2729 2742 2743
f 2743 2744 2729
f 2738 2744 2743
f 2736 2730 2729
f 2729 2744 2736
f 2723 2730 2736
f 2736 2737 2723
f 2744 2737 2736
f 2681 2696 2682
f 2682 2680 2681
f 2682 2696 2697
f 2725 2709 2724
f 2724 2737 2725
f 2724 2709 2723
f 2723 2737 2724
f 2686 2713 2687
f 2685 2713 2686
f 2751 2753 2752
f 2752 2753 2746
f 2660 2753 2661
f 2754 2658 2657
f 2657 2747 2754
f 2747 2658 2754
f 2655 2735 2656
f 2718 2735 2655
f 2734 2735 2718
f 2739 2665 2664
f 2664 2740 2739
f 2710 2667 2727
f 2741 2740 2664
f 2741 2750 2742
f 2741 2742 2729
f 2729 2740 2741
f 2663 2662 2755
f 2664 2663 2755
f 2751 2750 2756
f 2662 2661 2756
f 2756 2755 2662
f 2750 2755 2756
f 2756 2753 2751
f 2756 2661 2753
f 2732 2743 2733
f 2738 2743 2732
f 2733 2715 2732
f 2715 2731 2732
f 2725 2738 2732
f 2732 2714 2725
f 2732 2731 2714
f 2646 2647 2645
f 2680 2647 2646
f 2646 2679 2680
f 2751 2752 2745
f 2745 2752 2746
f 2745 2743 2751
f 2745 2746 2733
f 2733 2743 2745
f 2657 2656 2748
f 2748 2747 2657
f 2748 2735 2747
f 2748 2656 2735
f 2719 2655 2705
f 2705 2718 2719
f 2719 2718 2655
f 2734 2718 2717
f 2733 2734 2717
f 2717 2716 2733
f 2705 2716 2717
f 2717 2718 2705
f 2711 2710 2726
f 2726 2729 2711
f 2665 2727 2666
f 2666 2727 2667
f 2665 2739 2728
f 2728 2727 2665
f 2728 2739 2740
f 2710 2727 2728
f 2728 2726 2710
f 2728 2740 2729
f 2729 2726 2728
f 2749 2741 2664
f 2750 2741 2749
f 2664 2755 2749
f 2749 2755 2750
f 2648 2647 2680
f 2680 2649 2648
f 2680 2682 2683
f 2683 2649 2680
f 2698 2682 2697
f 2698 2683 2682
f 2649 2683 2650
f 2683 2698 2650
f 2706 2698 2697
f 2706 2652 2651
f 2651 2650 2706
f 2706 2650 2698
f 2653 2652 2706
f 2706 2697 2653
f 2678 2677 2681
f 2677 2693 2681
f 2678 2681 2679
f 2681 2680 2679
f 2686 2671 2670
f 2690 2691 2686
f 2686 2692 2671
f 2686 2691 2692
f 2686 2689 2690
f 2686 2687 2688
f 2688 2689 2686
f 2670 2684 2686
f 2686 2684 2685
f 2645 2672 2646
f 2646 2674 2675
f 2675 2676 2646
f 2672 2673 2646
f 2646 2673 2674
f 2646 2677 2678
f 2646 2676 2677
f 2678 2679 2646
f 2670 2671 2650
f 2650 2672 2645
f 2671 2672 2650
f 2650 2662 2663
f 2650 2667 2668
f 2664 2665 2650
f 2650 2669 2670
f 2650 2652 2653
f 2659 2660 2650
f 2650 2663 2664
f 2651 2652 2650
f 2660 2661 2650
f 2668 2669 2650
f 2653 2654 2650
f 2650 2658 2659
f 2650 2654 2655
f 2645 2647 2650
f 2657 2658 2650
f 2647 2648 2650
f 2650 2656 2657
f 2650 2661 2662
f 2655 2656 2650
f 2665 2666 2650
f 2650 2666 2667
f 2650 2648 2649
f 2807 2779 2773
f 2807 2806 2779
f 2779 2806 2780
f 2773 2777 2776
f 2773 2779 2778
f 2778 2777 2773
f 2781 2780 2805
f 2805 2780 2806
f 2793 2781 2805
f 2788 2758 2787
f 2775 2774 2773
f 2773 2776 2775
f 2787 2758 2786
f 2800 2799 2764
f 2764 2788 2800
f 2809 2770 2769
f 2809 2766 2808
f 2791 2788 2787
f 2787 2790 2791
f 2763 2788 2764
f 2763 2762 2788
f 2764 2799 2798
f 2808 2766 2798
f 2768 2809 2769
f 2771 2801 2772
f 2802 2801 2771
f 2771 2770 2802
f 2789 2792 2790
f 2789 2790 2787
f 2758 2788 2759
f 2788 2760 2759
f 2788 2762 2761
f 2761 2760 2788
f 2764 2798 2765
f 2765 2798 2766
f 2797 2809 2808
f 2808 2798 2797
f 2766 2809 2767
f 2809 2768 2767
f 2804 2795 2794
f 2809 2797 2796
f 2810 2796 2795
f 2809 2796 2810
f 2802 2770 2810
f 2770 2809 2810
f 2802 2810 2803
f 2795 2804 2811
f 2811 2810 2795
f 2804 2803 2811
f 2811 2803 2810
f 2757 2774 2775
f 2779 2780 2775
f 2775 2781 2782
f 2775 2785 2757
f 2775 2778 2779
f 2775 2780 2781
f 2782 2783 2775
f 2775 2776 2777
f 2777 2778 2775
f 2775 2783 2784
f 2784 2785 2775
f 2786 2785 2784
f 2786 2784 2787
f 2786 2758 2757
f 2757 2785 2786
f 2784 2783 2789
f 2787 2784 2789
f 2789 2783 2782
f 2782 2792 2789
f 2767 2772 2773
f 2757 2758 2767
f 2773 2774 2767
f 2767 2774 2757
f 2767 2761 2762
f 2767 2768 2769
f 2769 2770 2767
f 2767 2763 2764
f 2767 2771 2772
f 2762 2763 2767
f 2758 2759 2767
f 2764 2765 2767
f 2770 2771 2767
f 2767 2759 2760
f 2760 2761 2767
f 2767 2765 2766
f 2793 2794 2796
f 2782 2781 2796
f 2796 2781 2793
f 2788 2791 2796
f 2799 2800 2796
f 2796 2792 2782
f 2796 2800 2788
f 2790 2792 2796
f 2796 2791 2790
f 2796 2798 2799
f 2794 2795 2796
f 2796 2797 2798
f 2773 2772 2803
f 2803 2807 2773
f 2803 2794 2793
f 2793 2805 2803
f 2806 2807 2803
f 2772 2801 2803
f 2803 2805 2806
f 2803 2801 2802
f 2803 2804 2794
f 2813 2812 2836
f 2836 2835 2813
f 2833 2839 2834
f 2813 2835 2837
f 2835 2834 2837
f 2838 2834 2839
f 2838 2837 2834
f 2828 2839 2829
f 2832 2839 2833
f 2832 2831 2839
f 2828 2843 2842
f 2842 2841 2828
f 2840 2839 2828
f 2828 2841 2840
f 2857 2849 2822
f 2839 2831 2830
f 2830 2829 2839
f 2824 2826 2825
f 2820 2870 2821
f 2857 2822 2821
f 2821 2870 2857
f 2847 2815 2814
f 2846 2815 2847
f 2817 2869 2868
f 2850 2824 2849
f 2826 2824 2850
f 2849 2824 2848
f 2857 2870 2860
f 2870 2861 2860
f 2872 2870 2820
f 2872 2861 2870
f 2819 2872 2820
f 2823 2848 2824
f 2823 2822 2849
f 2849 2848 2823
f 2851 2849 2857
f 2851 2850 2849
f 2826 2850 2851
f 2818 2817 2871
f 2871 2864 2863
f 2819 2818 2863
f 2863 2818 2871
f 2872 2819 2863
f 2856 2816 2815
f 2815 2846 2856
f 2817 2816 2856
f 2869 2817 2856
f 2858 2851 2857
f 2865 2864 2871
f 2871 2866 2865
f 2867 2817 2868
f 2871 2817 2867
f 2867 2866 2871
f 2861 2872 2862
f 2872 2863 2862
f 2857 2860 2859
f 2859 2858 2857
f 2826 2853 2854
f 2855 2854 2853
f 2827 2826 2855
f 2826 2854 2855
f 2852 2855 2853
f 2826 2851 2852
f 2852 2853 2826
f 2826 2827 2828
f 2812 2825 2826
f 2833 2834 2826
f 2826 2836 2812
f 2826 2830 2831
f 2835 2836 2826
f 2826 2834 2835
f 2828 2829 2826
f 2826 2832 2833
f 2831 2832 2826
f 2829 2830 2826
f 2813 2837 2846
f 2846 2838 2839
f 2839 2840 2846
f 2843 2844 2846
f 2846 2842 2843
f 2846 2814 2813
f 2837 2838 2846
f 2841 2842 2846
f 2846 2840 2841
f 2846 2844 2845
f 2847 2814 2846
f 2845 2844 2869
f 2869 2844 2868
f 2818 2825 2812
f 2818 2812 2813
f 2818 2824 2825
f 2820 2821 2818
f 2813 2814 2818
f 2815 2816 2818
f 2818 2821 2822
f 2818 2814 2815
f 2818 2819 2820
f 2822 2823 2818
f 2818 2816 2817
f 2818 2823 2824
f 2856 2846 2845
f 2845 2869 2856
f 2828 2827 2852
f 2852 2843 2828
f 2852 2844 2843
f 2868 2844 2852
f 2852 2859 2860
f 2852 2860 2861
f 2864 2865 2852
f 2852 2867 2868
f 2861 2862 2852
f 2852 2863 2864
f 2851 2858 2852
f 2852 2865 2866
f 2866 2867 2852
f 2852 2862 2863
f 2858 2859 2852
f 2827 2855 2852
f 2879 2874 2873
f 2878 2879 2873
f 2877 2876 2880
f 2880 2876 2875
f 2876 2878 2873
f 2877 2878 2876
f 2873 2874 2876
f 2874 2875 2876
f 2880 2878 2877
f 2879 2878 2880
f 2880 2875 2874
f 2874 2879 2880
f 2905 2882 2881
f 2906 2882 2905
f 2908 2900 2909
f 2908 2907 2900
f 2902 2907 2903
f 2889 2888 2953
f 2949 2891 2953
f 2953 2888 2948
f 2925 2885 2924
f 2904 2907 2906
f 2906 2905 2904
f 2903 2907 2904
f 2900 2907 2901
f 2907 2902 2901
f 2899 2898 2921
f 2921 2917 2899
f 2920 2922 2917
f 2899 2917 2923
f 2917 2922 2923
f 2953 2891 2890
f 2890 2889 2953
f 2885 2925 2926
f 2926 2925 2945
f 2888 2887 2926
f 2926 2948 2888
f 2945 2925 2946
f 2896 2895 2897
f 2917 2895 2894
f 2894 2920 2917
f 2893 2920 2894
f 2942 2892 2891
f 2942 2949 2943
f 2891 2949 2942
f 2893 2892 2942
f 2943 2920 2942
f 2942 2920 2893
f 2943 2949 2950
f 2950 2949 2932
f 2944 2920 2943
f 2943 2950 2944
f 2944 2950 2930
f 2947 2926 2945
f 2948 2926 2947
f 2953 2948 2947
f 2947 2952 2953
f 2954 2949 2953
f 2953 2952 2954
f 2916 2884 2883
f 2927 2910 2924
f 2885 2926 2886
f 2886 2926 2887
f 2939 2925 2924
f 2939 2946 2925
f 2924 2940 2939
f 2898 2897 2918
f 2917 2921 2918
f 2918 2921 2898
f 2918 2895 2917
f 2918 2897 2895
f 2930 2950 2955
f 2929 2944 2930
f 2922 2920 2928
f 2920 2944 2928
f 2944 2929 2928
f 2951 2946 2937
f 2937 2956 2951
f 2945 2946 2951
f 2951 2947 2945
f 2952 2947 2951
f 2951 2956 2952
f 2949 2954 2935
f 2935 2954 2952
f 2952 2956 2935
f 2912 2927 2913
f 2924 2885 2919
f 2919 2927 2924
f 2885 2884 2919
f 2884 2916 2919
f 2913 2927 2919
f 2924 2910 2941
f 2941 2940 2924
f 2937 2946 2938
f 2946 2939 2938
f 2930 2955 2931
f 2931 2950 2932
f 2931 2955 2950
f 2936 2956 2937
f 2936 2935 2956
f 2949 2935 2934
f 2910 2927 2911
f 2927 2912 2911
f 2915 2919 2916
f 2932 2949 2933
f 2949 2934 2933
f 2913 2919 2914
f 2919 2915 2914
f 2903 2904 2897
f 2881 2896 2897
f 2899 2900 2897
f 2897 2905 2881
f 2900 2901 2897
f 2897 2902 2903
f 2897 2898 2899
f 2897 2904 2905
f 2897 2901 2902
f 2886 2896 2881
f 2888 2889 2886
f 2886 2882 2883
f 2881 2882 2886
f 2886 2887 2888
f 2883 2884 2886
f 2886 2895 2896
f 2891 2892 2886
f 2886 2884 2885
f 2893 2894 2886
f 2886 2890 2891
f 2886 2892 2893
f 2889 2890 2886
f 2886 2894 2895
f 2933 2900 2899
f 2909 2900 2933
f 2933 2910 2909
f 2899 2923 2933
f 2937 2938 2933
f 2933 2923 2922
f 2933 2941 2910
f 2922 2928 2933
f 2933 2936 2937
f 2933 2939 2940
f 2933 2929 2930
f 2933 2928 2929
f 2933 2931 2932
f 2940 2941 2933
f 2933 2938 2939
f 2930 2931 2933
f 2935 2936 2933
f 2933 2934 2935
f 2883 2882 2914
f 2914 2908 2909
f 2914 2882 2906
f 2906 2907 2914
f 2907 2908 2914
f 2909 2910 2914
f 2914 2916 2883
f 2910 2911 2914
f 2914 2912 2913
f 2914 2911 2912
f 2914 2915 2916
f 2981 2980 2982
f 2982 2980 2993
f 2980 2981 2957
f 2979 2993 2980
f 2976 2998 2977
f 2990 2991 2958
f 2993 2979 2978
f 3007 2984 2983
f 3006 2984 3007
f 2988 2994 2989
f 3010 3019 3020
f 3010 3018 3019
f 3054 3042 3041
f 3041 3042 3031
f 3008 2988 2987
f 2994 2988 3008
f 2987 2986 3008
f 2998 2976 2999
f 3038 3041 3031
f 3054 3041 3038
f 2985 3032 3024
f 2965 3042 2966
f 2991 2994 2996
f 3009 3010 2994
f 2994 3008 3009
f 3018 3010 3009
f 3002 3001 3064
f 2985 2984 3005
f 3005 2984 3006
f 3005 3032 2985
f 3005 3004 3032
f 3032 3004 3034
f 3033 2976 2975
f 3033 2999 2976
f 3020 3027 3021
f 3021 3012 3020
f 3017 3024 3018
f 3018 3009 3017
f 3017 3009 3008
f 3055 3042 3054
f 3067 3074 3068
f 3068 3052 3067
f 2958 2991 2992
f 2964 2963 3031
f 3031 3042 2964
f 3042 2965 2964
f 3011 2996 2994
f 3012 2996 3011
f 3020 3012 3011
f 3011 3010 3020
f 2994 3010 3011
f 3013 2996 3012
f 3073 3074 3067
f 3030 3039 3040
f 3040 3038 3030
f 3012 3021 3022
f 3016 3017 3008
f 3016 2986 2985
f 3016 3008 2986
f 2985 3024 3016
f 3024 3017 3016
f 2969 2968 3074
f 2966 3042 3056
f 3042 3055 3056
f 3056 3068 2966
f 3056 3055 3052
f 3052 3068 3056
f 2966 3068 2967
f 3040 3039 3053
f 3053 3038 3040
f 3054 3038 3053
f 3053 3055 3054
f 3052 3055 3053
f 3053 3039 3052
f 3039 3030 3029
f 3029 3021 3027
f 3029 3030 3021
f 3049 3035 3034
f 2962 2961 3015
f 3031 2963 2962
f 3015 3022 2962
f 2958 2992 2959
f 2991 2996 2995
f 2995 2992 2991
f 2971 3069 2972
f 3071 3069 3076
f 3076 2969 3071
f 3075 3071 3070
f 3070 3069 3075
f 3075 3069 3071
f 3061 3069 3070
f 3072 3073 3067
f 3067 3066 3072
f 3072 3066 3071
f 3070 3071 3065
f 3071 3066 3065
f 3067 3052 3051
f 3051 3066 3067
f 3074 3073 3079
f 3079 2969 3074
f 3071 2969 3077
f 3077 3072 3071
f 3073 3072 3077
f 3037 3051 3052
f 3052 3039 3037
f 3039 3029 3037
f 3037 3029 3027
f 3057 3002 3064
f 3034 3035 3025
f 3035 3036 3025
f 3019 3018 3025
f 3018 3024 3025
f 3025 3024 3032
f 3032 3034 3025
f 3031 2962 3028
f 3021 3030 3028
f 3028 3022 3021
f 3028 2962 3022
f 3028 3038 3031
f 3028 3030 3038
f 3015 2961 2960
f 2960 2959 2992
f 2960 3014 3015
f 2996 3013 2997
f 2997 2995 2996
f 2997 3013 3012
f 2992 2995 2997
f 2997 2960 2992
f 3012 3014 2997
f 3014 2960 2997
f 3023 3022 3015
f 3015 3014 3023
f 3012 3022 3023
f 3023 3014 3012
f 2973 2972 3069
f 3069 3061 2973
f 2973 3061 3059
f 2969 3076 2970
f 2970 3069 2971
f 2970 3076 3069
f 3064 3001 3048
f 3063 3061 3070
f 3070 3065 3063
f 3064 3048 3063
f 3063 3057 3064
f 3073 3077 3078
f 3078 3077 2969
f 3078 3079 3073
f 2969 3079 3078
f 3050 3065 3066
f 3066 3051 3050
f 3051 3037 3050
f 3050 3063 3065
f 3050 3037 3035
f 3035 3049 3050
f 3026 3027 3020
f 3026 3037 3027
f 3020 3019 3026
f 3019 3025 3026
f 3026 3025 3036
f 3026 3036 3035
f 3035 3037 3026
f 3043 3034 3004
f 3043 3049 3034
f 3044 3033 2975
f 3046 2973 3059
f 3033 3044 3046
f 3046 3044 2973
f 3000 3048 3001
f 2999 3048 3000
f 3047 3048 2999
f 3047 3046 3059
f 3061 3063 3062
f 3062 3063 3048
f 3048 3047 3062
f 3058 3050 3049
f 3063 3050 3058
f 3057 3063 3058
f 3049 3043 3058
f 3058 3043 3057
f 3003 3043 3004
f 3002 3057 3003
f 3057 3043 3003
f 2974 3044 2975
f 2973 3044 2974
f 2999 3033 3045
f 3045 3047 2999
f 3033 3046 3045
f 3046 3047 3045
f 3059 3061 3060
f 3060 3047 3059
f 2994 2990 2989
f 2991 2990 2994
f 2986 2984 2985
f 2982 2983 2986
f 2986 2981 2982
f 2958 2957 2986
f 2986 2990 2958
f 2986 2957 2981
f 2983 2984 2986
f 2989 2990 2986
f 2986 2988 2989
f 2987 2988 2986
f 3074 2968 2967
f 2967 3068 3074
f 3006 3007 3003
f 2977 2998 3003
f 3003 2983 2982
f 2982 2993 3003
f 3003 2978 2977
f 2993 2978 3003
f 3003 3007 2983
f 3001 3002 3003
f 2998 2999 3003
f 3003 3005 3006
f 3003 3000 3001
f 3004 3005 3003
f 2999 3000 3003
f 2974 2976 2977
f 2977 2978 2974
f 2974 2957 2958
f 2974 2965 2966
f 2958 2959 2974
f 2980 2957 2974
f 2974 2979 2980
f 2975 2976 2974
f 2974 2978 2979
f 2974 2970 2971
f 2974 2962 2963
f 2963 2964 2974
f 2966 2967 2974
f 2974 2964 2965
f 2968 2969 2974
f 2974 2967 2968
f 2961 2962 2974
f 2971 2972 2974
f 2974 2960 2961
f 2959 2960 2974
f 2972 2973 2974
f 2969 2970 2974
f 3060 3062 3047
f 3061 3062 3060
f 3109 3096 3095
f 3111 3112 3107
f 3145 3146 3092
f 3090 3137 3139
f 3097 3096 3109
f 3109 3098 3097
f 3120 3098 3109
f 3119 3098 3120
f 3099 3118 3100
f 3099 3119 3118
f 3099 3098 3119
f 3107 3112 3113
f 3110 3105 3104
f 3107 3105 3110
f 3110 3111 3107
f 3104 3111 3110
f 3080 3105 3081
f 3093 3116 3094
f 3093 3092 3116
f 3140 3092 3146
f 3116 3092 3140
f 3146 3124 3140
f 3140 3124 3116
f 3139 3137 3132
f 3143 3090 3139
f 3139 3132 3143
f 3086 3137 3087
f 3091 3090 3144
f 3144 3092 3091
f 3145 3092 3144
f 3144 3143 3145
f 3090 3143 3144
f 3085 3141 3086
f 3134 3137 3115
f 3147 3124 3146
f 3147 3146 3145
f 3145 3148 3147
f 3117 3116 3123
f 3116 3124 3123
f 3128 3148 3129
f 3107 3113 3108
f 3108 3081 3107
f 3108 3115 3083
f 3108 3113 3114
f 3114 3115 3108
f 3106 3105 3107
f 3107 3081 3106
f 3106 3081 3105
f 3101 3122 3102
f 3133 3137 3134
f 3133 3132 3137
f 3142 3143 3132
f 3130 3129 3142
f 3142 3129 3148
f 3142 3148 3145
f 3145 3143 3142
f 3137 3090 3089
f 3086 3141 3138
f 3085 3084 3138
f 3141 3085 3138
f 3121 3137 3086
f 3121 3115 3137
f 3086 3138 3121
f 3083 3115 3121
f 3121 3084 3083
f 3121 3138 3084
f 3125 3147 3126
f 3124 3147 3125
f 3126 3147 3127
f 3127 3148 3128
f 3127 3147 3148
f 3082 3108 3083
f 3081 3108 3082
f 3103 3102 3122
f 3103 3122 3111
f 3103 3111 3104
f 3130 3142 3131
f 3131 3142 3132
f 3088 3087 3137
f 3137 3089 3088
f 3136 3135 3134
f 3134 3115 3136
f 3114 3135 3136
f 3136 3115 3114
f 3117 3118 3120
f 3120 3095 3094
f 3094 3116 3120
f 3118 3119 3120
f 3109 3095 3120
f 3120 3116 3117
f 3103 3100 3101
f 3080 3096 3103
f 3103 3099 3100
f 3096 3097 3103
f 3103 3105 3080
f 3104 3105 3103
f 3103 3097 3098
f 3098 3099 3103
f 3101 3102 3103
f 3131 3133 3134
f 3101 3100 3131
f 3131 3118 3117
f 3100 3118 3131
f 3131 3113 3112
f 3131 3122 3101
f 3131 3125 3126
f 3128 3129 3131
f 3112 3111 3131
f 3117 3123 3131
f 3134 3135 3131
f 3114 3113 3131
f 3111 3122 3131
f 3131 3127 3128
f 3131 3123 3124
f 3131 3129 3130
f 3132 3133 3131
f 3131 3135 3114
f 3124 3125 3131
f 3126 3127 3131
f 3094 3095 3088
f 3088 3093 3094
f 3088 3096 3080
f 3080 3081 3088
f 3086 3087 3088
f 3088 3095 3096
f 3091 3092 3088
f 3088 3090 3091
f 3083 3084 3088
f 3092 3093 3088
f 3088 3085 3086
f 3088 3089 3090
f 3088 3082 3083
f 3088 3084 3085
f 3081 3082 3088
f 3185 3154 3151
f 3154 3153 3152
f 3151 3154 3152
f 3150 3158 3151
f 3158 3150 3157
f 3157 3150 3149
f 3158 3157 3183
f 3184 3182 3181
f 3181 3186 3184
f 3191 3174 3192
f 3171 3228 3172
f 3156 3155 3206
f 3206 3159 3156
f 3160 3159 3206
f 3201 3165 3213
f 3213 3163 3201
f 3220 3189 3218
f 3186 3181 3211
f 3175 3174 3191
f 3191 3176 3175
f 3178 3220 3218
f 3195 3194 3226
f 3226 3194 3228
f 3226 3170 3195
f 3226 3171 3170
f 3228 3171 3226
f 3173 3225 3174
f 3172 3225 3173
f 3192 3224 3193
f 3193 3224 3225
f 3228 3194 3193
f 3207 3206 3205
f 3160 3206 3207
f 3205 3208 3207
f 3214 3165 3164
f 3214 3213 3165
f 3164 3163 3214
f 3163 3213 3214
f 3169 3197 3170
f 3195 3170 3196
f 3189 3220 3190
f 3221 3176 3191
f 3221 3220 3176
f 3191 3190 3221
f 3221 3190 3220
f 3186 3211 3187
f 3217 3178 3218
f 3176 3220 3177
f 3220 3178 3177
f 3223 3192 3174
f 3223 3224 3192
f 3174 3225 3223
f 3225 3224 3223
f 3228 3193 3227
f 3227 3193 3225
f 3172 3228 3227
f 3227 3225 3172
f 3160 3207 3161
f 3197 3196 3222
f 3170 3197 3222
f 3222 3196 3170
f 3204 3208 3205
f 3204 3203 3208
f 3178 3217 3179
f 3218 3189 3212
f 3212 3217 3218
f 3212 3179 3217
f 3208 3203 3209
f 3209 3207 3208
f 3203 3202 3209
f 3209 3202 3201
f 3201 3163 3209
f 3201 3200 3215
f 3215 3200 3199
f 3188 3212 3189
f 3187 3212 3188
f 3210 3187 3211
f 3210 3212 3187
f 3181 3180 3210
f 3210 3211 3181
f 3180 3179 3210
f 3179 3212 3210
f 3162 3209 3163
f 3162 3161 3207
f 3207 3209 3162
f 3216 3165 3201
f 3201 3215 3216
f 3216 3199 3165
f 3216 3215 3199
f 3167 3198 3168
f 3168 3198 3197
f 3197 3169 3168
f 3219 3166 3165
f 3165 3199 3219
f 3167 3166 3219
f 3199 3198 3219
f 3219 3198 3167
f 3150 3153 3149
f 3151 3152 3150
f 3150 3152 3153
f 3183 3182 3184
f 3183 3185 3151
f 3184 3185 3183
f 3151 3158 3183
f 3155 3153 3154
f 3149 3153 3155
f 3155 3157 3149
f 3156 3157 3155
f 3188 3185 3184
f 3154 3185 3188
f 3188 3155 3154
f 3184 3186 3188
f 3188 3204 3205
f 3188 3194 3195
f 3191 3192 3188
f 3188 3206 3155
f 3195 3196 3188
f 3188 3190 3191
f 3186 3187 3188
f 3205 3206 3188
f 3192 3193 3188
f 3188 3193 3194
f 3201 3202 3188
f 3188 3196 3197
f 3188 3200 3201
f 3189 3190 3188
f 3197 3198 3188
f 3199 3200 3188
f 3203 3204 3188
f 3188 3202 3203
f 3188 3198 3199
f 3168 3157 3156
f 3182 3183 3168
f 3168 3183 3157
f 3170 3171 3168
f 3168 3181 3182
f 3156 3159 3168
f 3168 3163 3164
f 3168 3179 3180
f 3168 3173 3174
f 3168 3159 3160
f 3164 3165 3168
f 3176 3177 3168
f 3168 3180 3181
f 3174 3175 3168
f 3168 3171 3172
f 3168 3175 3176
f 3168 3169 3170
f 3172 3173 3168
f 3160 3161 3168
f 3168 3177 3178
f 3165 3166 3168
f 3168 3162 3163
f 3178 3179 3168
f 3168 3166 3167
f 3161 3162 3168
f 3237 3238 3229
f 3254 3233 3232
f 3232 3231 3254
f 3229 3238 3230
f 3236 3235 3255
f 3235 3234 3255
f 3239 3230 3238
f 3242 3241 3280
f 3280 3241 3258
f 3259 3233 3254
f 3240 3239 3238
f 3293 3265 3287
f 3247 3300 3248
f 3256 3280 3257
f 3257 3280 3258
f 3283 3280 3276
f 3276 3280 3256
f 3274 3280 3283
f 3273 3280 3274
f 3270 3289 3271
f 3263 3287 3264
f 3287 3265 3264
f 3245 3244 3292
f 3270 3269 3296
f 3296 3292 3270
f 3260 3259 3254
f 3254 3278 3260
f 3282 3276 3275
f 3283 3276 3282
f 3275 3274 3282
f 3282 3274 3283
f 3272 3271 3289
f 3272 3244 3273
f 3289 3244 3272
f 3267 3304 3268
f 3250 3293 3287
f 3250 3249 3293
f 3277 3278 3254
f 3263 3262 3286
f 3286 3287 3263
f 3286 3288 3287
f 3303 3269 3268
f 3303 3302 3269
f 3268 3304 3303
f 3304 3267 3303
f 3300 3296 3301
f 3269 3302 3301
f 3301 3296 3269
f 3299 3249 3248
f 3299 3301 3302
f 3248 3300 3299
f 3300 3301 3299
f 3294 3289 3270
f 3294 3295 3289
f 3270 3292 3294
f 3242 3280 3243
f 3289 3295 3291
f 3292 3244 3291
f 3300 3247 3246
f 3246 3296 3300
f 3261 3260 3278
f 3265 3293 3266
f 3293 3267 3266
f 3279 3277 3254
f 3252 3277 3279
f 3285 3252 3251
f 3285 3286 3252
f 3288 3286 3285
f 3287 3288 3285
f 3251 3250 3285
f 3285 3250 3287
f 3281 3286 3262
f 3252 3286 3281
f 3262 3261 3281
f 3281 3277 3252
f 3278 3277 3281
f 3281 3261 3278
f 3293 3249 3298
f 3249 3299 3298
f 3298 3267 3293
f 3298 3303 3267
f 3302 3303 3298
f 3298 3299 3302
f 3244 3243 3284
f 3273 3244 3284
f 3284 3280 3273
f 3284 3243 3280
f 3290 3244 3289
f 3289 3291 3290
f 3290 3291 3244
f 3292 3291 3297
f 3297 3291 3295
f 3297 3294 3292
f 3295 3294 3297
f 3253 3279 3254
f 3252 3279 3253
f 3229 3235 3237
f 3237 3235 3236
f 3230 3232 3233
f 3230 3235 3229
f 3233 3234 3230
f 3230 3234 3235
f 3231 3232 3230
f 3257 3237 3236
f 3238 3237 3257
f 3236 3255 3257
f 3257 3255 3256
f 3241 3240 3257
f 3258 3241 3257
f 3257 3240 3238
f 3246 3245 3292
f 3292 3296 3246
f 3266 3234 3233
f 3256 3255 3266
f 3233 3259 3266
f 3266 3255 3234
f 3268 3269 3266
f 3266 3272 3273
f 3266 3262 3263
f 3273 3274 3266
f 3263 3264 3266
f 3266 3276 3256
f 3270 3271 3266
f 3266 3269 3270
f 3275 3276 3266
f 3266 3274 3275
f 3266 3267 3268
f 3266 3264 3265
f 3259 3260 3266
f 3271 3272 3266
f 3266 3261 3262
f 3260 3261 3266
f 3231 3230 3253
f 3254 3231 3253
f 3230 3239 3253
f 3239 3240 3253
f 3248 3249 3253
f 3253 3241 3242
f 3253 3240 3241
f 3253 3246 3247
f 3253 3247 3248
f 3242 3243 3253
f 3251 3252 3253
f 3253 3250 3251
f 3244 3245 3253
f 3249 3250 3253
f 3253 3243 3244
f 3245 3246 3253
f 3305 3342 3306
f 3343 3306 3342
f 3310 3309 3354
f 3354 3309 3350
f 3350 3309 3351
f 3351 3309 3345
f 3306 3345 3307
f 3394 3378 3377
f 3344 3345 3306
f 3306 3343 3344
f 3347 3360 3348
f 3387 3394 3377
f 3377 3378 3364
f 3364 3376 3377
f 3345 3309 3308
f 3308 3307 3345
f 3397 3383 3395
f 3378 3394 3395
f 3365 3364 3378
f 3310 3354 3365
f 3365 3354 3350
f 3350 3364 3365
f 3367 3383 3384
f 3318 3352 3321
f 3355 3367 3368
f 3363 3364 3350
f 3376 3364 3363
f 3353 3361 3360
f 3340 3361 3353
f 3397 3395 3393
f 3394 3387 3393
f 3393 3395 3394
f 3349 3348 3362
f 3362 3348 3360
f 3376 3363 3362
f 3397 3393 3392
f 3384 3383 3400
f 3383 3399 3400
f 3405 3399 3398
f 3397 3392 3398
f 3398 3392 3405
f 3398 3383 3397
f 3398 3399 3383
f 3355 3352 3315
f 3310 3365 3311
f 3380 3312 3311
f 3379 3365 3378
f 3380 3311 3379
f 3379 3311 3365
f 3366 3367 3355
f 3366 3312 3380
f 3321 3320 3319
f 3319 3318 3321
f 3370 3367 3384
f 3370 3368 3367
f 3360 3387 3388
f 3388 3362 3360
f 3388 3387 3377
f 3377 3376 3388
f 3376 3362 3388
f 3405 3333 3332
f 3334 3333 3390
f 3405 3392 3404
f 3329 3400 3330
f 3330 3400 3406
f 3406 3400 3399
f 3406 3399 3405
f 3406 3332 3331
f 3405 3332 3406
f 3355 3315 3314
f 3314 3366 3355
f 3316 3315 3352
f 3380 3379 3381
f 3381 3366 3380
f 3367 3366 3381
f 3356 3352 3355
f 3355 3368 3356
f 3386 3370 3384
f 3384 3400 3386
f 3334 3390 3374
f 3374 3392 3393
f 3361 3373 3374
f 3333 3392 3391
f 3391 3390 3333
f 3392 3374 3391
f 3391 3374 3390
f 3403 3392 3333
f 3403 3404 3392
f 3403 3333 3405
f 3405 3404 3403
f 3331 3330 3407
f 3407 3406 3331
f 3330 3406 3407
f 3312 3366 3313
f 3366 3314 3313
f 3352 3318 3317
f 3317 3316 3352
f 3378 3395 3396
f 3321 3352 3322
f 3352 3356 3322
f 3322 3356 3357
f 3358 3356 3368
f 3357 3356 3358
f 3368 3370 3358
f 3358 3322 3357
f 3370 3386 3385
f 3373 3337 3336
f 3339 3361 3340
f 3389 3374 3373
f 3389 3336 3335
f 3373 3336 3389
f 3389 3335 3334
f 3334 3374 3389
f 3360 3361 3375
f 3361 3374 3375
f 3375 3374 3393
f 3375 3387 3360
f 3375 3393 3387
f 3382 3381 3379
f 3382 3379 3378
f 3378 3396 3382
f 3383 3367 3382
f 3367 3381 3382
f 3382 3395 3383
f 3382 3396 3395
f 3322 3358 3359
f 3401 3385 3386
f 3401 3386 3400
f 3385 3401 3402
f 3402 3401 3400
f 3402 3329 3328
f 3400 3329 3402
f 3338 3373 3361
f 3361 3339 3338
f 3338 3337 3373
f 3322 3359 3323
f 3326 3359 3358
f 3324 3323 3369
f 3369 3359 3324
f 3369 3323 3359
f 3324 3359 3325
f 3359 3326 3325
f 3327 3402 3328
f 3385 3402 3327
f 3371 3358 3370
f 3372 3327 3326
f 3385 3327 3372
f 3370 3385 3372
f 3372 3371 3370
f 3372 3326 3358
f 3358 3371 3372
f 3348 3342 3341
f 3341 3346 3348
f 3348 3349 3350
f 3348 3343 3342
f 3346 3347 3348
f 3350 3351 3348
f 3345 3344 3348
f 3348 3351 3345
f 3348 3344 3343
f 3353 3347 3346
f 3353 3360 3347
f 3341 3340 3353
f 3353 3346 3341
f 3350 3349 3362
f 3362 3363 3350
f 3317 3320 3305
f 3305 3306 3317
f 3317 3309 3310
f 3317 3308 3309
f 3306 3307 3317
f 3307 3308 3317
f 3317 3319 3320
f 3310 3311 3317
f 3312 3313 3317
f 3317 3311 3312
f 3318 3319 3317
f 3317 3314 3315
f 3315 3316 3317
f 3317 3313 3314
f 3327 3340 3341
f 3327 3342 3305
f 3341 3342 3327
f 3305 3320 3327
f 3328 3329 3327
f 3327 3320 3321
f 3335 3336 3327
f 3327 3330 3331
f 3334 3335 3327
f 3327 3333 3334
f 3331 3332 3327
f 3327 3332 3333
f 3327 3329 3330
f 3327 3323 3324
f 3321 3322 3327
f 3337 3338 3327
f 3327 3336 3337
f 3327 3339 3340
f 3327 3338 3339
f 3322 3323 3327
f 3324 3325 3327
f 3327 3325 3326

