
o part_0
v 0.00019221 0.01888092 -0.01018532
v 0.00015894 0.01887353 -0.00943089
v 0.00113108 0.01875155 -0.00943089
v 0.00056924 0.01883287 -0.01018532
v 0.00037703 0.01870350 -0.02602123
v 0.00007762 0.01886614 -0.01320304
v -0.00019221 0.01888092 -0.01018532
v -0.00015894 0.01887353 -0.00943089
v 0.00007762 0.01886244 -0.00902164
v 0.00113108 0.01875894 -0.01018532
v 0.00414730 0.01835235 -0.00943089
v 0.00414730 0.01828951 -0.01772606
v 0.00263919 0.01837083 -0.02978982
v 0.00037703 0.01868132 -0.02828452
v 0.00001848 0.01885874 -0.01470834
v -0.00007762 0.01886614 -0.01320304
v -0.00037703 0.01870350 -0.02602123
v -0.00056924 0.01883287 -0.01018532
v -0.00113108 0.01875155 -0.00943089
v -0.00007762 0.01886244 -0.00902164
v 0.00037703 0.01826363 -0.00716760
v 0.00037703 0.01849281 -0.00792203
v 0.00113108 0.01862588 -0.00867646
v 0.00339324 0.01832647 -0.00867646
v 0.00416578 0.01820819 -0.00862664
v 0.00475350 0.01816383 -0.00884371
v 0.00414730 0.01835974 -0.01018532
v 0.00496419 0.01818231 -0.00946291
v 0.00453541 0.01810469 -0.03129868
v 0.00449106 0.01809730 -0.03280754
v 0.00421383 0.01814165 -0.03202108
v 0.00263919 0.01832647 -0.03431640
v 0.00037703 0.01862218 -0.03431640
v 0.00000000 0.01885505 -0.01513181
v -0.00001848 0.01885874 -0.01470834
v -0.00037703 0.01868132 -0.02828452
v -0.00263919 0.01837083 -0.02978982
v -0.00113108 0.01875894 -0.01018532
v -0.00414730 0.01828951 -0.01772606
v -0.00414730 0.01835235 -0.00943089
v -0.00475350 0.01816383 -0.00884371
v -0.00416578 0.01820819 -0.00862664
v -0.00339324 0.01832647 -0.00867646
v -0.00113108 0.01862588 -0.00867646
v -0.00037703 0.01849281 -0.00792203
v -0.00037703 0.01826363 -0.00716760
v 0.00037703 0.01812317 -0.00674056
v 0.00075405 0.01810099 -0.00679038
v 0.00113108 0.01839670 -0.00792203
v 0.00233979 0.01811208 -0.00750923
v 0.00339324 0.01815644 -0.00811419
v 0.00442822 0.01808621 -0.00833839
v 0.00490135 0.01783116 -0.00792203
v 0.00496419 0.01803816 -0.00862664
v 0.00525620 0.01809360 -0.00923516
v 0.00497528 0.01818601 -0.01023514
v 0.00489026 0.01820080 -0.01093975
v 0.00487917 0.01819710 -0.01169418
v 0.00469436 0.01814905 -0.02224908
v 0.00466848 0.01814165 -0.02375794
v 0.00460195 0.01812317 -0.02753009
v 0.00528207 0.01810099 -0.00973693
v 0.00452802 0.01810099 -0.03175062
v 0.00527838 0.01810099 -0.01051983
v 0.00493831 0.01800119 -0.02978982
v 0.00490135 0.01796423 -0.03431640
v 0.00443561 0.01808991 -0.03431640
v 0.00395139 0.01812317 -0.03492136
v 0.00037703 0.01857413 -0.03507083
v -0.00037703 0.01862218 -0.03431640
v -0.00263919 0.01832647 -0.03431640
v -0.00421383 0.01814165 -0.03202108
v -0.00414730 0.01835974 -0.01018532
v -0.00449106 0.01809730 -0.03280754
v -0.00453541 0.01810469 -0.03129868
v -0.00496419 0.01818231 -0.00946291
v -0.00490135 0.01783116 -0.00792203
v -0.00442822 0.01808621 -0.00833839
v -0.00525620 0.01809360 -0.00923516
v -0.00496419 0.01803816 -0.00862664
v -0.00339324 0.01815644 -0.00811419
v -0.00113108 0.01839670 -0.00792203
v -0.00233979 0.01811208 -0.00750923
v -0.00075405 0.01810099 -0.00679038
v -0.00037703 0.01812317 -0.00674056
v 0.00037703 0.01566510 -0.00173357
v 0.00188514 0.01802707 -0.00703237
v 0.00263919 0.01537309 -0.00173357
v 0.00339324 0.01527329 -0.00173357
v 0.00414730 0.01749849 -0.00650569
v 0.00414730 0.01776832 -0.00716760
v 0.00339324 0.01804185 -0.00773698
v 0.00497528 0.01754285 -0.00709287
v 0.00527838 0.01734694 -0.00679038
v 0.00565541 0.01780159 -0.00867646
v 0.00558148 0.01796793 -0.00946291
v 0.00687520 0.01738390 -0.00893980
v 0.00897842 0.01656332 -0.00943089
v 0.00528207 0.01810099 -0.01001806
v 0.00898951 0.01656701 -0.01018532
v 0.00694543 0.01741348 -0.01018532
v 0.00640946 0.01763525 -0.01018532
v 0.00565541 0.01790139 -0.01470834
v 0.00565541 0.01772027 -0.03205311
v 0.00693804 0.01740978 -0.01093975
v 0.00490135 0.01791618 -0.03507083
v 0.00565541 0.01769440 -0.03431640
v 0.00418056 0.01807142 -0.03513132
v 0.00345608 0.01816753 -0.03513132
v 0.00374809 0.01809730 -0.03542669
v 0.00324539 0.01813057 -0.03550142
v 0.00113108 0.01826733 -0.03574341
v 0.00038442 0.01828211 -0.03588575
v -0.00037703 0.01857413 -0.03507083
v -0.00395139 0.01812317 -0.03492136
v -0.00443561 0.01808991 -0.03431640
v -0.00460195 0.01812317 -0.02753009
v -0.00466848 0.01814165 -0.02375794
v -0.00469436 0.01814905 -0.02224908
v -0.00487917 0.01819710 -0.01169418
v -0.00489026 0.01820080 -0.01093975
v -0.00497528 0.01818601 -0.01023514
v -0.00452802 0.01810099 -0.03175062
v -0.00490135 0.01796423 -0.03431640
v -0.00493831 0.01800119 -0.02978982
v -0.00527838 0.01810099 -0.01051983
v -0.00528207 0.01810099 -0.00973693
v -0.00497528 0.01754285 -0.00709287
v -0.00414730 0.01776832 -0.00716760
v -0.00565541 0.01780159 -0.00867646
v -0.00558148 0.01796793 -0.00946291
v -0.00897842 0.01656332 -0.00943089
v -0.00687520 0.01738390 -0.00893980
v -0.00527838 0.01734694 -0.00679038
v -0.00339324 0.01804185 -0.00773698
v -0.00188514 0.01802707 -0.00703237
v -0.00339324 0.01527329 -0.00173357
v -0.00263919 0.01537309 -0.00173357
v -0.00052858 0.01564662 -0.00173357
v -0.00414730 0.01749849 -0.00650569
v -0.00037703 0.01566510 -0.00173357
v 0.00405858 0.01514022 -0.00173357
v 0.00477568 0.01743196 -0.00662669
v 0.00415469 0.01511065 -0.00173357
v 0.00468327 0.01492584 -0.00173357
v 0.00485330 0.01486300 -0.00173357
v 0.00716351 0.01390195 -0.00173357
v 0.00850159 0.01592385 -0.00663736
v 0.00900429 0.01581665 -0.00684732
v 0.00871967 0.01602735 -0.00712489
v 0.00867162 0.01630827 -0.00792203
v 0.00667929 0.01730258 -0.00843803
v 0.00871228 0.01651157 -0.00860528
v 0.00848680 0.01667051 -0.00880813
v 0.00948851 0.01610867 -0.00862308
v 0.00942568 0.01631196 -0.00943089
v 0.00942568 0.01632305 -0.01018532
v 0.00940719 0.01606431 -0.03431640
v 0.00894145 0.01654853 -0.01395391
v 0.00942568 0.01631566 -0.01093975
v 0.00648339 0.01747262 -0.02297148
v 0.00665342 0.01729150 -0.03356197
v 0.00664233 0.01728780 -0.03431640
v 0.00565541 0.01764634 -0.03507083
v 0.00611375 0.01738021 -0.03550498
v 0.00565541 0.01747262 -0.03565800
v 0.00494940 0.01760199 -0.03588575
v 0.00829829 0.01659289 -0.03471496
v 0.00414730 0.01782747 -0.03582526
v 0.00113108 0.01779420 -0.03657969
v 0.00064316 0.01808621 -0.03617756
v 0.00014046 0.01811948 -0.03623450
v -0.00038442 0.01828211 -0.03588575
v -0.00113108 0.01826733 -0.03574341
v -0.00324539 0.01813057 -0.03550142
v -0.00374809 0.01809730 -0.03542669
v -0.00345608 0.01816753 -0.03513132
v -0.00418056 0.01807142 -0.03513132
v -0.00490135 0.01791618 -0.03507083
v -0.00528207 0.01810099 -0.01001806
v -0.00565541 0.01769440 -0.03431640
v -0.00565541 0.01772027 -0.03205311
v -0.00640946 0.01763525 -0.01018532
v -0.00565541 0.01790139 -0.01470834
v -0.00693804 0.01740978 -0.01093975
v -0.00898951 0.01656701 -0.01018532
v -0.00694543 0.01741348 -0.01018532
v -0.00477568 0.01743196 -0.00662669
v -0.00667929 0.01730258 -0.00843803
v -0.00942568 0.01632305 -0.01018532
v -0.00942568 0.01631196 -0.00943089
v -0.00948851 0.01610867 -0.00862308
v -0.00871228 0.01651157 -0.00860528
v -0.00848680 0.01667051 -0.00880813
v -0.00867162 0.01630827 -0.00792203
v -0.00503442 0.01478907 -0.00173357
v -0.00485330 0.01486300 -0.00173357
v -0.00405858 0.01514022 -0.00173357
v -0.00871967 0.01602735 -0.00712489
v -0.00900429 0.01581665 -0.00684732
v -0.00850159 0.01592385 -0.00663736
v -0.00725592 0.01386499 -0.00173357
v -0.00348935 0.01525481 -0.00173357
v 0.00769579 0.01366169 -0.00173357
v 0.00807281 0.01343251 -0.00173357
v 0.00865684 0.01301852 -0.00173357
v 0.00986184 0.01512913 -0.00671565
v 0.00941089 0.01563553 -0.00712489
v 0.00915215 0.01590167 -0.00734909
v 0.00990990 0.01591646 -0.00884015
v 0.00996904 0.01596451 -0.00943089
v 0.00997643 0.01597190 -0.01018532
v 0.00997273 0.01596820 -0.01093975
v 0.00937023 0.01603844 -0.03507083
v 0.00868271 0.01644134 -0.03431640
v 0.00869380 0.01644503 -0.03356197
v 0.00880839 0.01649308 -0.02451237
v 0.00979901 0.01583514 -0.03280754
v 0.00978422 0.01582405 -0.03431640
v 0.00838331 0.01662985 -0.02828452
v 0.00984706 0.01587210 -0.02677566
v 0.00791757 0.01675922 -0.03431640
v 0.00823176 0.01656332 -0.03521673
v 0.00547428 0.01667421 -0.03708857
v 0.00523402 0.01732846 -0.03617756
v 0.00772905 0.01666681 -0.03557259
v 0.00869750 0.01608649 -0.03586796
v 0.00735572 0.01651526 -0.03607792
v 0.00494940 0.01719169 -0.03657969
v 0.00473132 0.01741717 -0.03632702
v 0.00860139 0.01643394 -0.03500677
v 0.00414730 0.01748001 -0.03643378
v 0.00188514 0.01741348 -0.03707078
v 0.00113108 0.01746153 -0.03715974
v 0.00037703 0.01750958 -0.03724515
v -0.00014046 0.01811948 -0.03623450
v -0.00064316 0.01808621 -0.03617756
v -0.00113108 0.01779420 -0.03657969
v -0.00414730 0.01782747 -0.03582526
v -0.00494940 0.01760199 -0.03588575
v -0.00565541 0.01747262 -0.03565800
v -0.00611375 0.01738021 -0.03550498
v -0.00565541 0.01764634 -0.03507083
v -0.00829829 0.01659289 -0.03471496
v -0.00664233 0.01728780 -0.03431640
v -0.00665342 0.01729150 -0.03356197
v -0.00648339 0.01747262 -0.02297148
v -0.00894145 0.01654853 -0.01395391
v -0.00940719 0.01606431 -0.03431640
v -0.00942568 0.01631566 -0.01093975
v -0.00997273 0.01596820 -0.01093975
v -0.00997643 0.01597190 -0.01018532
v -0.00996904 0.01596451 -0.00943089
v -0.00990990 0.01591646 -0.00884015
v -0.00915215 0.01590167 -0.00734909
v -0.00941089 0.01563553 -0.00712489
v -0.00986184 0.01512913 -0.00671565
v -0.00865684 0.01301852 -0.00173357
v -0.00807281 0.01343251 -0.00173357
v -0.00799519 0.01348057 -0.00173357
v -0.00769579 0.01366169 -0.00173357
v 0.01071570 0.01143279 -0.00173357
v 0.01284849 0.01284849 -0.00674768
v 0.00998752 0.01522524 -0.00716760
v 0.01202790 0.01354340 -0.00686867
v 0.00978422 0.01582405 -0.00833839
v 0.01111490 0.01493323 -0.00867646
v 0.01207226 0.01433442 -0.00903944
v 0.01034976 0.01567619 -0.00943089
v 0.01121840 0.01501085 -0.00943089
v 0.01295938 0.01368386 -0.01018532
v 0.01165087 0.01458947 -0.01848049
v 0.01208704 0.01434551 -0.01093975
v 0.00924086 0.01595712 -0.03564377
v 0.00974726 0.01579817 -0.03507083
v 0.01103358 0.01487039 -0.03431640
v 0.01065656 0.01515871 -0.03431640
v 0.01152520 0.01449336 -0.03431640
v 0.00459086 0.01661876 -0.03773624
v 0.00486439 0.01676292 -0.03733767
v 0.00787321 0.01599777 -0.03657257
v 0.00716351 0.01594603 -0.03713483
v 0.00831677 0.01509587 -0.03772201
v 0.00896733 0.01579817 -0.03614909
v 0.00846463 0.01590906 -0.03631635
v 0.00414730 0.01726193 -0.03681100
v 0.00339324 0.01731367 -0.03689641
v 0.00414730 0.01694774 -0.03733412
v 0.00037703 0.01723605 -0.03762237
v -0.00037703 0.01750958 -0.03724515
v 0.00414730 0.01665572 -0.03776471
v -0.00113108 0.01746153 -0.03715974
v -0.00188514 0.01741348 -0.03707078
v -0.00414730 0.01748001 -0.03643378
v -0.00473132 0.01741717 -0.03632702
v -0.00494940 0.01719169 -0.03657969
v -0.00523402 0.01732846 -0.03617756
v -0.00547428 0.01667421 -0.03708857
v -0.00735572 0.01651526 -0.03607792
v -0.00869750 0.01608649 -0.03586796
v -0.00772905 0.01666681 -0.03557259
v -0.00823176 0.01656332 -0.03521673
v -0.00860139 0.01643394 -0.03500677
v -0.00868271 0.01644134 -0.03431640
v -0.00791757 0.01675922 -0.03431640
v -0.00838331 0.01662985 -0.02828452
v -0.00880839 0.01649308 -0.02451237
v -0.00869380 0.01644503 -0.03356197
v -0.00937023 0.01603844 -0.03507083
v -0.00978422 0.01582405 -0.03431640
v -0.00979901 0.01583514 -0.03280754
v -0.00984706 0.01587210 -0.02677566
v -0.01165087 0.01458947 -0.01848049
v -0.01208704 0.01434551 -0.01093975
v -0.01295938 0.01368386 -0.01018532
v -0.01121840 0.01501085 -0.00943089
v -0.01034976 0.01567619 -0.00943089
v -0.01207226 0.01433442 -0.00903944
v -0.01111490 0.01493323 -0.00867646
v -0.00978422 0.01582405 -0.00833839
v -0.00998752 0.01522524 -0.00716760
v -0.01202790 0.01354340 -0.00686867
v -0.01284849 0.01284849 -0.00674768
v -0.01071570 0.01143279 -0.00173357
v 0.01109273 0.01109642 -0.00173357
v 0.01257496 0.00924456 -0.00173357
v 0.01512913 0.00986185 -0.00671565
v 0.01354340 0.01202790 -0.00686867
v 0.01334750 0.01241971 -0.00713913
v 0.01354340 0.01277826 -0.00838465
v 0.01363951 0.01290024 -0.00888642
v 0.01293351 0.01293351 -0.00716760
v 0.01290024 0.01363951 -0.00888642
v 0.01277826 0.01354340 -0.00838465
v 0.01241971 0.01334750 -0.00713913
v 0.01143649 0.01071940 -0.00173357
v 0.01182460 0.01021669 -0.00173357
v 0.01119622 0.01424201 -0.00702169
v 0.01242711 0.01393891 -0.00871204
v 0.01295199 0.01367647 -0.00943089
v 0.01246407 0.01405350 -0.00943089
v 0.01333641 0.01333641 -0.01018532
v 0.01281892 0.01357297 -0.02828452
v 0.00910409 0.01512174 -0.03701384
v 0.01057524 0.01509587 -0.03546939
v 0.00946634 0.01565402 -0.03586796
v 0.01099662 0.01484082 -0.03507083
v 0.01148824 0.01446379 -0.03507083
v 0.01277087 0.01353601 -0.03431640
v 0.00414730 0.01621586 -0.03787859
v 0.00619877 0.01589797 -0.03775759
v 0.00565541 0.01598299 -0.03779674
v 0.00809130 0.01575382 -0.03682167
v 0.00881948 0.01492214 -0.03751561
v 0.01050870 0.01352862 -0.03767931
v 0.01135517 0.01285219 -0.03773624
v 0.00917432 0.01441944 -0.03776827
v 0.00860878 0.01468557 -0.03779318
v 0.00791757 0.01515871 -0.03776115
v 0.00339324 0.01669269 -0.03778962
v 0.00037703 0.01685902 -0.03781453
v -0.00037703 0.01723605 -0.03762237
v -0.00414730 0.01665572 -0.03776471
v -0.00459086 0.01661876 -0.03773624
v -0.00414730 0.01694774 -0.03733412
v -0.00339324 0.01731367 -0.03689641
v -0.00414730 0.01726193 -0.03681100
v -0.00486439 0.01676292 -0.03733767
v -0.00831677 0.01509587 -0.03772201
v -0.00716351 0.01594603 -0.03713483
v -0.00787321 0.01599777 -0.03657257
v -0.00846463 0.01590906 -0.03631635
v -0.00896733 0.01579817 -0.03614909
v -0.00924086 0.01595712 -0.03564377
v -0.00974726 0.01579817 -0.03507083
v -0.01065656 0.01515871 -0.03431640
v -0.01103358 0.01487039 -0.03431640
v -0.01152520 0.01449336 -0.03431640
v -0.01281892 0.01357297 -0.02828452
v -0.01333641 0.01333641 -0.01018532
v -0.01295199 0.01367647 -0.00943089
v -0.01246407 0.01405350 -0.00943089
v -0.01290024 0.01363951 -0.00888642
v -0.01242711 0.01393891 -0.00871204
v -0.01119622 0.01424201 -0.00702169
v -0.01241971 0.01334750 -0.00713913
v -0.01277826 0.01354340 -0.00838465
v -0.01293351 0.01293351 -0.00716760
v -0.01363951 0.01290024 -0.00888642
v -0.01354340 0.01277826 -0.00838465
v -0.01334750 0.01241971 -0.00713913
v -0.01354340 0.01202790 -0.00686867
v -0.01512913 0.00986185 -0.00671565
v -0.01173959 0.01032758 -0.00173357
v -0.01143649 0.01071940 -0.00173357
v -0.01109273 0.01109642 -0.00173357
v -0.01101510 0.01116665 -0.00173357
v 0.01302222 0.00866053 -0.00173357
v 0.01581665 0.00900429 -0.00684732
v 0.01563553 0.00941089 -0.00712489
v 0.01522524 0.00998752 -0.00716760
v 0.01312202 0.00852747 -0.00173357
v 0.01343621 0.00809130 -0.00173357
v 0.01424201 0.01119623 -0.00702169
v 0.01393891 0.01242711 -0.00871204
v 0.01493323 0.01111491 -0.00867646
v 0.01433442 0.01207226 -0.00903944
v 0.01367647 0.01295199 -0.00943089
v 0.01332901 0.01332901 -0.00943089
v 0.01322182 0.01322182 -0.00863375
v 0.01357297 0.01281892 -0.02828452
v 0.01353601 0.01277087 -0.03431640
v 0.01332532 0.01332532 -0.01169418
v 0.01368386 0.01295938 -0.01018532
v 0.00938871 0.01467448 -0.03730565
v 0.01012798 0.01523263 -0.03576120
v 0.00960680 0.01493323 -0.03674338
v 0.00993207 0.01443053 -0.03709569
v 0.01273390 0.01350644 -0.03507083
v 0.01223859 0.01370604 -0.03563309
v 0.01315898 0.01315898 -0.03431640
v 0.01312941 0.01312941 -0.03507083
v 0.00339324 0.01621586 -0.03791061
v 0.00565541 0.01546181 -0.03791773
v 0.00791757 0.01470775 -0.03787859
v 0.01076375 0.01373192 -0.03717754
v 0.01163979 0.01298526 -0.03727718
v 0.01185787 0.01264889 -0.03749425
v 0.01214618 0.01214619 -0.03776115
v 0.01163979 0.01241602 -0.03780030
v 0.00867162 0.01395370 -0.03793197
v 0.00942568 0.01395739 -0.03782521
v 0.00263919 0.01672226 -0.03780030
v 0.00263919 0.01621586 -0.03792485
v 0.00188514 0.01621586 -0.03793553
v 0.00037703 0.01621586 -0.03795332
v -0.00037703 0.01685902 -0.03781453
v -0.00339324 0.01669269 -0.03778962
v -0.00414730 0.01621586 -0.03787859
v -0.00565541 0.01598299 -0.03779674
v -0.00619877 0.01589797 -0.03775759
v -0.00791757 0.01515871 -0.03776115
v -0.00860878 0.01468557 -0.03779318
v -0.00917432 0.01441944 -0.03776827
v -0.01135517 0.01285219 -0.03773624
v -0.01050870 0.01352862 -0.03767931
v -0.00881948 0.01492214 -0.03751561
v -0.00910409 0.01512174 -0.03701384
v -0.00809130 0.01575382 -0.03682167
v -0.00946634 0.01565402 -0.03586796
v -0.01057524 0.01509587 -0.03546939
v -0.01099662 0.01484082 -0.03507083
v -0.01148824 0.01446379 -0.03507083
v -0.01277087 0.01353601 -0.03431640
v -0.01332901 0.01332901 -0.00943089
v -0.01332532 0.01332532 -0.01169418
v -0.01353601 0.01277087 -0.03431640
v -0.01357297 0.01281892 -0.02828452
v -0.01368386 0.01295938 -0.01018532
v -0.01322182 0.01322182 -0.00863375
v -0.01367647 0.01295199 -0.00943089
v -0.01433442 0.01207226 -0.00903944
v -0.01393891 0.01242711 -0.00871204
v -0.01493323 0.01111491 -0.00867646
v -0.01424201 0.01119623 -0.00702169
v -0.01522524 0.00998752 -0.00716760
v -0.01563553 0.00941089 -0.00712489
v -0.01581665 0.00900429 -0.00684732
v -0.01343621 0.00809130 -0.00173357
v -0.01336228 0.00819479 -0.00173357
v -0.01302222 0.00866053 -0.00173357
v -0.01245668 0.00939611 -0.00173357
v 0.01590167 0.00915215 -0.00734909
v 0.01367647 0.00771427 -0.00173357
v 0.01393152 0.00716351 -0.00173357
v 0.01592385 0.00850159 -0.00663736
v 0.01734694 0.00527838 -0.00679038
v 0.01602735 0.00871968 -0.00712489
v 0.01630827 0.00867162 -0.00792203
v 0.01651157 0.00871228 -0.00860528
v 0.01582405 0.00978422 -0.00833839
v 0.01591645 0.00990990 -0.00884015
v 0.01596451 0.00996904 -0.00943089
v 0.01567619 0.01034976 -0.00943089
v 0.01501085 0.01121840 -0.00943089
v 0.01405350 0.01246407 -0.00943089
v 0.01434551 0.01208704 -0.01093975
v 0.01458947 0.01165088 -0.01848049
v 0.01449336 0.01152520 -0.03431640
v 0.01350644 0.01273390 -0.03507083
v 0.01597190 0.00997643 -0.01018532
v 0.01596820 0.00997274 -0.01093975
v 0.01117405 0.01422353 -0.03605301
v 0.01172850 0.01338816 -0.03662595
v 0.01209813 0.01284479 -0.03698893
v 0.01297047 0.01297047 -0.03582526
v 0.01283001 0.01283001 -0.03621671
v 0.01238645 0.01296308 -0.03651207
v 0.00490135 0.01546181 -0.03794976
v 0.00414730 0.01546181 -0.03797467
v 0.00716351 0.01470775 -0.03793553
v 0.01264889 0.01185787 -0.03749425
v 0.01285219 0.01135517 -0.03773624
v 0.01241602 0.01163979 -0.03780030
v 0.01168784 0.01168784 -0.03792129
v 0.01093378 0.01244189 -0.03789638
v 0.00791757 0.01319595 -0.03803161
v 0.00791757 0.01395370 -0.03797111
v 0.01017973 0.01244189 -0.03796044
v 0.01017973 0.01093379 -0.03807431
v 0.00339324 0.01546181 -0.03798890
v 0.00113108 0.01546181 -0.03801738
v 0.00037703 0.01546181 -0.03802449
v -0.00037703 0.01621586 -0.03795332
v -0.00188514 0.01621586 -0.03793553
v -0.00263919 0.01621586 -0.03792485
v -0.00339324 0.01621586 -0.03791061
v -0.00263919 0.01672226 -0.03780030
v -0.00565541 0.01546181 -0.03791773
v -0.00791757 0.01470775 -0.03787859
v -0.00867162 0.01395370 -0.03793197
v -0.00942568 0.01395739 -0.03782521
v -0.01163979 0.01241602 -0.03780030
v -0.01214618 0.01214619 -0.03776115
v -0.01185787 0.01264889 -0.03749425
v -0.01163979 0.01298526 -0.03727718
v -0.01076375 0.01373192 -0.03717754
v -0.00993207 0.01443053 -0.03709569
v -0.00938871 0.01467448 -0.03730565
v -0.00960680 0.01493323 -0.03674338
v -0.01012798 0.01523263 -0.03576120
v -0.01223859 0.01370604 -0.03563309
v -0.01273390 0.01350644 -0.03507083
v -0.01312941 0.01312941 -0.03507083
v -0.01315898 0.01315898 -0.03431640
v -0.01350644 0.01273390 -0.03507083
v -0.01449336 0.01152520 -0.03431640
v -0.01458947 0.01165088 -0.01848049
v -0.01434551 0.01208704 -0.01093975
v -0.01501085 0.01121840 -0.00943089
v -0.01405350 0.01246407 -0.00943089
v -0.01596820 0.00997274 -0.01093975
v -0.01597190 0.00997643 -0.01018532
v -0.01567619 0.01034976 -0.00943089
v -0.01596451 0.00996904 -0.00943089
v -0.01591645 0.00990990 -0.00884015
v -0.01582405 0.00978422 -0.00833839
v -0.01590167 0.00915215 -0.00734909
v -0.01651157 0.00871228 -0.00860528
v -0.01630827 0.00867162 -0.00792203
v -0.01602735 0.00871968 -0.00712489
v -0.01734694 0.00527838 -0.00679038
v -0.01592385 0.00850159 -0.00663736
v -0.01393152 0.00716351 -0.00173357
v -0.01388716 0.00725962 -0.00173357
v -0.01367647 0.00771427 -0.00173357
v -0.01348796 0.00801367 -0.00173357
v 0.01610866 0.00948851 -0.00862308
v 0.01400545 0.00698609 -0.00173357
v 0.01488887 0.00486069 -0.00173357
v 0.01494062 0.00472023 -0.00173357
v 0.01513653 0.00418796 -0.00173357
v 0.01743196 0.00477568 -0.00662669
v 0.01754285 0.00497528 -0.00709287
v 0.01803816 0.00496419 -0.00862664
v 0.01780159 0.00565541 -0.00867646
v 0.01730258 0.00667929 -0.00843803
v 0.01738390 0.00687520 -0.00893980
v 0.01667051 0.00848681 -0.00880813
v 0.01656331 0.00897842 -0.00943089
v 0.01631196 0.00942568 -0.00943089
v 0.01587210 0.00984706 -0.02677566
v 0.01487039 0.01103359 -0.03431640
v 0.01446379 0.01148824 -0.03507083
v 0.01370604 0.01223859 -0.03563309
v 0.01509587 0.01057524 -0.03546939
v 0.01632305 0.00942568 -0.01018532
v 0.01631566 0.00942568 -0.01093975
v 0.01296308 0.01238645 -0.03651207
v 0.01284479 0.01209813 -0.03698893
v 0.00490135 0.01470775 -0.03801738
v 0.00414730 0.01470775 -0.03804229
v 0.00339324 0.01470775 -0.03806008
v 0.00716351 0.01319595 -0.03806719
v 0.00565541 0.01395370 -0.03805652
v 0.01298525 0.01163979 -0.03727718
v 0.01373192 0.01076375 -0.03717754
v 0.01443052 0.00993208 -0.03709569
v 0.01512174 0.00910409 -0.03701384
v 0.01467448 0.00938871 -0.03730565
v 0.01492214 0.00881948 -0.03751561
v 0.01352862 0.01050871 -0.03767931
v 0.01509587 0.00831677 -0.03772201
v 0.01441944 0.00917433 -0.03776827
v 0.01244189 0.01093379 -0.03789638
v 0.01395739 0.00942568 -0.03782521
v 0.01168784 0.01093379 -0.03797111
v 0.01093378 0.01093379 -0.03802805
v 0.01093378 0.01168784 -0.03797111
v 0.01395370 0.00867162 -0.03793197
v 0.01244189 0.01017973 -0.03796044
v 0.01093378 0.01017973 -0.03807431
v 0.00490135 0.01395370 -0.03808143
v 0.00791757 0.01244189 -0.03807431
v 0.00263919 0.01470775 -0.03807075
v 0.00113108 0.01470775 -0.03808499
v -0.00037703 0.01546181 -0.03802449
v -0.00113108 0.01546181 -0.03801738
v -0.00339324 0.01546181 -0.03798890
v -0.00414730 0.01546181 -0.03797467
v -0.00490135 0.01546181 -0.03794976
v -0.00716351 0.01470775 -0.03793553
v -0.00791757 0.01395370 -0.03797111
v -0.00791757 0.01319595 -0.03803161
v -0.01017973 0.01093379 -0.03807431
v -0.01017973 0.01244189 -0.03796044
v -0.01168784 0.01168784 -0.03792129
v -0.01093378 0.01244189 -0.03789638
v -0.01241602 0.01163979 -0.03780030
v -0.01285219 0.01135517 -0.03773624
v -0.01264889 0.01185787 -0.03749425
v -0.01283001 0.01283001 -0.03621671
v -0.01209813 0.01284479 -0.03698893
v -0.01172850 0.01338816 -0.03662595
v -0.01117405 0.01422353 -0.03605301
v -0.01238645 0.01296308 -0.03651207
v -0.01297047 0.01297047 -0.03582526
v -0.01370604 0.01223859 -0.03563309
v -0.01509587 0.01057524 -0.03546939
v -0.01446379 0.01148824 -0.03507083
v -0.01487039 0.01103359 -0.03431640
v -0.01587210 0.00984706 -0.02677566
v -0.01631566 0.00942568 -0.01093975
v -0.01632305 0.00942568 -0.01018532
v -0.01631196 0.00942568 -0.00943089
v -0.01610866 0.00948851 -0.00862308
v -0.01656331 0.00897842 -0.00943089
v -0.01667051 0.00848681 -0.00880813
v -0.01738390 0.00687520 -0.00893980
v -0.01730258 0.00667929 -0.00843803
v -0.01780159 0.00565541 -0.00867646
v -0.01803816 0.00496419 -0.00862664
v -0.01754285 0.00497528 -0.00709287
v -0.01743196 0.00477568 -0.00662669
v -0.01516240 0.00409925 -0.00173357
v -0.01488887 0.00486069 -0.00173357
v -0.01414591 0.00664972 -0.00173357
v 0.01516240 0.00409925 -0.00173357
v 0.01749849 0.00414730 -0.00650569
v 0.01776832 0.00414730 -0.00716760
v 0.01531395 0.00339324 -0.00173357
v 0.01808621 0.00442822 -0.00833839
v 0.01783116 0.00490135 -0.00792203
v 0.01816383 0.00475350 -0.00884371
v 0.01809360 0.00525620 -0.00923516
v 0.01656701 0.00898951 -0.01018532
v 0.01796793 0.00558148 -0.00946291
v 0.01810099 0.00528208 -0.00973693
v 0.01583513 0.00979901 -0.03280754
v 0.01484082 0.01099662 -0.03507083
v 0.01515870 0.01065656 -0.03431640
v 0.01579817 0.00974726 -0.03507083
v 0.01338816 0.01172850 -0.03662595
v 0.01523263 0.01012798 -0.03576120
v 0.01422353 0.01117405 -0.03605301
v 0.01595711 0.00924086 -0.03564377
v 0.01565401 0.00946634 -0.03586796
v 0.01606431 0.00940720 -0.03431640
v 0.01493323 0.00960680 -0.03674338
v 0.01579817 0.00896733 -0.03614909
v 0.01589797 0.00619877 -0.03775759
v 0.01515870 0.00791757 -0.03776115
v 0.01468557 0.00860878 -0.03779318
v 0.01575382 0.00809130 -0.03682167
v 0.01594603 0.00716351 -0.03713483
v 0.01667421 0.00547429 -0.03708857
v 0.01661876 0.00459086 -0.03773624
v 0.01470775 0.00791757 -0.03787859
v 0.01470775 0.00716351 -0.03793553
v 0.01395370 0.00791757 -0.03797111
v 0.01319595 0.00791757 -0.03803161
v 0.01319595 0.00716351 -0.03806719
v 0.01244189 0.00791757 -0.03807431
v 0.01395370 0.00490135 -0.03808143
v 0.01470775 0.00113108 -0.03808855
v -0.00113108 0.01470775 -0.03808499
v -0.00263919 0.01470775 -0.03807075
v -0.00339324 0.01470775 -0.03806008
v -0.00414730 0.01470775 -0.03804229
v -0.00490135 0.01470775 -0.03801738
v -0.00716351 0.01319595 -0.03806719
v -0.00565541 0.01395370 -0.03805652
v -0.01093378 0.01017973 -0.03807431
v -0.01093378 0.01093379 -0.03802805
v -0.00791757 0.01244189 -0.03807431
v -0.00490135 0.01395370 -0.03808143
v -0.01093378 0.01168784 -0.03797111
v -0.01168784 0.01093379 -0.03797111
v -0.01244189 0.01017973 -0.03796044
v -0.01395370 0.00867162 -0.03793197
v -0.01244189 0.01093379 -0.03789638
v -0.01395739 0.00942568 -0.03782521
v -0.01441944 0.00917433 -0.03776827
v -0.01352862 0.01050871 -0.03767931
v -0.01492214 0.00881948 -0.03751561
v -0.01467448 0.00938871 -0.03730565
v -0.01512174 0.00910409 -0.03701384
v -0.01443052 0.00993208 -0.03709569
v -0.01373192 0.01076375 -0.03717754
v -0.01298525 0.01163979 -0.03727718
v -0.01509587 0.00831677 -0.03772201
v -0.01284479 0.01209813 -0.03698893
v -0.01296308 0.01238645 -0.03651207
v -0.01338816 0.01172850 -0.03662595
v -0.01422353 0.01117405 -0.03605301
v -0.01523263 0.01012798 -0.03576120
v -0.01565401 0.00946634 -0.03586796
v -0.01595711 0.00924086 -0.03564377
v -0.01579817 0.00974726 -0.03507083
v -0.01484082 0.01099662 -0.03507083
v -0.01515870 0.01065656 -0.03431640
v -0.01583513 0.00979901 -0.03280754
v -0.01606431 0.00940720 -0.03431640
v -0.01656701 0.00898951 -0.01018532
v -0.01810099 0.00528208 -0.00973693
v -0.01796793 0.00558148 -0.00946291
v -0.01809360 0.00525620 -0.00923516
v -0.01783116 0.00490135 -0.00792203
v -0.01816383 0.00475350 -0.00884371
v -0.01808621 0.00442822 -0.00833839
v -0.01776832 0.00414730 -0.00716760
v -0.01749849 0.00414730 -0.00650569
v -0.01531395 0.00339324 -0.00173357
v -0.01529177 0.00350044 -0.00173357
v 0.01810099 0.00075406 -0.00679038
v 0.01802707 0.00188514 -0.00703237
v 0.01804185 0.00339324 -0.00773698
v 0.01815644 0.00339324 -0.00811419
v 0.01541375 0.00263919 -0.00173357
v 0.01832647 0.00339324 -0.00867646
v 0.01820819 0.00416578 -0.00862664
v 0.01886244 0.00007762 -0.00902164
v 0.01835234 0.00414730 -0.00943089
v 0.01818231 0.00496419 -0.00946291
v 0.01654853 0.00894146 -0.01395391
v 0.01741347 0.00694543 -0.01018532
v 0.01810099 0.00527838 -0.01051983
v 0.01740978 0.00693804 -0.01093975
v 0.01818601 0.00497528 -0.01023514
v 0.01810099 0.00528208 -0.01001806
v 0.01763525 0.00640946 -0.01018532
v 0.01582405 0.00978422 -0.03431640
v 0.01603843 0.00937023 -0.03507083
v 0.01656331 0.00823176 -0.03521673
v 0.01666681 0.00772905 -0.03557259
v 0.01608649 0.00869750 -0.03586796
v 0.01649308 0.00880839 -0.02451237
v 0.01644503 0.00869380 -0.03356197
v 0.01644134 0.00868271 -0.03431640
v 0.01590906 0.00846463 -0.03631635
v 0.01598299 0.00565541 -0.03779674
v 0.01599777 0.00787321 -0.03657257
v 0.01651526 0.00735572 -0.03607792
v 0.01738021 0.00611375 -0.03550498
v 0.01732846 0.00523402 -0.03617756
v 0.01676292 0.00486439 -0.03733767
v 0.01719169 0.00494941 -0.03657969
v 0.01741717 0.00473132 -0.03632702
v 0.01726192 0.00414730 -0.03681100
v 0.01694773 0.00414730 -0.03733412
v 0.01750958 0.00037703 -0.03724515
v 0.01665572 0.00414730 -0.03776471
v 0.01621586 0.00414730 -0.03787859
v 0.01546180 0.00565541 -0.03791773
v 0.01546180 0.00490135 -0.03794976
v 0.01470775 0.00490135 -0.03801738
v 0.01395370 0.00565541 -0.03805652
v 0.01470775 0.00414730 -0.03804229
v 0.01470775 0.00339324 -0.03806008
v 0.01470775 0.00263919 -0.03807075
v 0.01546180 0.00113108 -0.03801738
v 0.01546180 0.00037703 -0.03802449
v 0.01470775 -0.00113108 -0.03808855
v -0.01470775 0.00113108 -0.03808855
v -0.01395370 0.00490135 -0.03808143
v -0.01244189 0.00791757 -0.03807431
v -0.01319595 0.00716351 -0.03806719
v -0.01319595 0.00791757 -0.03803161
v -0.01395370 0.00791757 -0.03797111
v -0.01470775 0.00716351 -0.03793553
v -0.01470775 0.00791757 -0.03787859
v -0.01468557 0.00860878 -0.03779318
v -0.01579817 0.00896733 -0.03614909
v -0.01493323 0.00960680 -0.03674338
v -0.01575382 0.00809130 -0.03682167
v -0.01515870 0.00791757 -0.03776115
v -0.01589797 0.00619877 -0.03775759
v -0.01661876 0.00459086 -0.03773624
v -0.01667421 0.00547429 -0.03708857
v -0.01594603 0.00716351 -0.03713483
v -0.01608649 0.00869750 -0.03586796
v -0.01666681 0.00772905 -0.03557259
v -0.01656331 0.00823176 -0.03521673
v -0.01603843 0.00937023 -0.03507083
v -0.01582405 0.00978422 -0.03431640
v -0.01644134 0.00868271 -0.03431640
v -0.01644503 0.00869380 -0.03356197
v -0.01649308 0.00880839 -0.02451237
v -0.01654853 0.00894146 -0.01395391
v -0.01740978 0.00693804 -0.01093975
v -0.01810099 0.00527838 -0.01051983
v -0.01741347 0.00694543 -0.01018532
v -0.01763525 0.00640946 -0.01018532
v -0.01810099 0.00528208 -0.01001806
v -0.01818601 0.00497528 -0.01023514
v -0.01818231 0.00496419 -0.00946291
v -0.01835234 0.00414730 -0.00943089
v -0.01886244 0.00007762 -0.00902164
v -0.01820819 0.00416578 -0.00862664
v -0.01832647 0.00339324 -0.00867646
v -0.01815644 0.00339324 -0.00811419
v -0.01804185 0.00339324 -0.00773698
v -0.01802707 0.00188514 -0.00703237
v -0.01810099 0.00075406 -0.00679038
v -0.01541375 0.00263919 -0.00173357
v 0.01812317 0.00037703 -0.00674056
v 0.01826363 0.00037703 -0.00716760
v 0.01839670 0.00113108 -0.00792203
v 0.01571685 0.00034006 -0.00173357
v 0.01811208 0.00233979 -0.00750923
v 0.01862587 0.00113108 -0.00867646
v 0.01849281 0.00037703 -0.00792203
v 0.01886244 -0.00007762 -0.00902164
v 0.01887353 0.00015894 -0.00943089
v 0.01875155 0.00113108 -0.00943089
v 0.01835974 0.00414730 -0.01018532
v 0.01662985 0.00838331 -0.02828452
v 0.01747262 0.00648339 -0.02297148
v 0.01729149 0.00665342 -0.03356197
v 0.01814905 0.00469436 -0.02224908
v 0.01814165 0.00466848 -0.02375794
v 0.01812317 0.00460195 -0.02753009
v 0.01810469 0.00453541 -0.03129868
v 0.01800119 0.00493832 -0.02978982
v 0.01796423 0.00490135 -0.03431640
v 0.01772027 0.00565541 -0.03205311
v 0.01790139 0.00565541 -0.01470834
v 0.01820080 0.00489026 -0.01093975
v 0.01819710 0.00487917 -0.01169418
v 0.01643394 0.00859770 -0.03500677
v 0.01659289 0.00829829 -0.03471496
v 0.01764634 0.00565541 -0.03507083
v 0.01675922 0.00791757 -0.03431640
v 0.01747262 0.00565541 -0.03565800
v 0.01791618 0.00490135 -0.03507083
v 0.01760199 0.00494941 -0.03588575
v 0.01748001 0.00414730 -0.03643378
v 0.01782746 0.00414730 -0.03582526
v 0.01731367 0.00339324 -0.03689641
v 0.01741347 0.00188514 -0.03707078
v 0.01746153 0.00113108 -0.03715974
v 0.01750958 -0.00037703 -0.03724515
v 0.01723605 0.00037703 -0.03762237
v 0.01779420 0.00113108 -0.03657969
v 0.01811948 0.00014046 -0.03623450
v 0.01669269 0.00339324 -0.03778962
v 0.01621586 0.00339324 -0.03791061
v 0.01546180 0.00414730 -0.03797467
v 0.01546180 0.00339324 -0.03798890
v 0.01621586 0.00188514 -0.03793553
v 0.01621586 0.00037703 -0.03795332
v 0.01546180 -0.00037703 -0.03802449
v 0.01546180 -0.00113108 -0.03801738
v 0.01470775 -0.00263919 -0.03807075
v 0.01395370 -0.00490135 -0.03808143
v 0.00113108 -0.01470775 -0.03808855
v -0.01470775 -0.00113108 -0.03808855
v -0.01546180 0.00037703 -0.03802449
v -0.01546180 0.00113108 -0.03801738
v -0.01470775 0.00263919 -0.03807075
v -0.01470775 0.00339324 -0.03806008
v -0.01470775 0.00414730 -0.03804229
v -0.01395370 0.00565541 -0.03805652
v -0.01470775 0.00490135 -0.03801738
v -0.01546180 0.00490135 -0.03794976
v -0.01546180 0.00565541 -0.03791773
v -0.01598299 0.00565541 -0.03779674
v -0.01590906 0.00846463 -0.03631635
v -0.01599777 0.00787321 -0.03657257
v -0.01621586 0.00414730 -0.03787859
v -0.01665572 0.00414730 -0.03776471
v -0.01750958 0.00037703 -0.03724515
v -0.01694773 0.00414730 -0.03733412
v -0.01726192 0.00414730 -0.03681100
v -0.01741717 0.00473132 -0.03632702
v -0.01719169 0.00494941 -0.03657969
v -0.01676292 0.00486439 -0.03733767
v -0.01651526 0.00735572 -0.03607792
v -0.01732846 0.00523402 -0.03617756
v -0.01738021 0.00611375 -0.03550498
v -0.01659289 0.00829829 -0.03471496
v -0.01643394 0.00859770 -0.03500677
v -0.01764634 0.00565541 -0.03507083
v -0.01675922 0.00791757 -0.03431640
v -0.01662985 0.00838331 -0.02828452
v -0.01729149 0.00665342 -0.03356197
v -0.01747262 0.00648339 -0.02297148
v -0.01790139 0.00565541 -0.01470834
v -0.01772027 0.00565541 -0.03205311
v -0.01796423 0.00490135 -0.03431640
v -0.01800119 0.00493832 -0.02978982
v -0.01810469 0.00453541 -0.03129868
v -0.01812317 0.00460195 -0.02753009
v -0.01814165 0.00466848 -0.02375794
v -0.01814905 0.00469436 -0.02224908
v -0.01819710 0.00487917 -0.01169418
v -0.01820080 0.00489026 -0.01093975
v -0.01835974 0.00414730 -0.01018532
v -0.01875155 0.00113108 -0.00943089
v -0.01887353 0.00015894 -0.00943089
v -0.01886244 -0.00007762 -0.00902164
v -0.01826363 0.00037703 -0.00716760
v -0.01849281 0.00037703 -0.00792203
v -0.01862587 0.00113108 -0.00867646
v -0.01811208 0.00233979 -0.00750923
v -0.01839670 0.00113108 -0.00792203
v -0.01812317 0.00037703 -0.00674056
v -0.01571685 0.00034006 -0.00173357
v 0.01812317 -0.00037703 -0.00674056
v 0.01826363 -0.00037703 -0.00716760
v 0.01571685 -0.00034376 -0.00173357
v 0.01862587 -0.00113108 -0.00867646
v 0.01832647 -0.00339324 -0.00867646
v 0.01820819 -0.00416578 -0.00862664
v 0.01816383 -0.00475350 -0.00884371
v 0.01835234 -0.00414730 -0.00943089
v 0.01875155 -0.00113108 -0.00943089
v 0.01887353 -0.00015894 -0.00943089
v 0.01849281 -0.00037703 -0.00792203
v 0.01888092 0.00019221 -0.01018532
v 0.01883287 0.00056924 -0.01018532
v 0.01875894 0.00113108 -0.01018532
v 0.01828951 0.00414730 -0.01772606
v 0.01728780 0.00664233 -0.03431640
v 0.01809730 0.00449106 -0.03280754
v 0.01810099 0.00452802 -0.03175062
v 0.01769440 0.00565541 -0.03431640
v 0.01808990 0.00443561 -0.03431640
v 0.01807142 0.00418057 -0.03513132
v 0.01809730 0.00374809 -0.03542669
v 0.01813056 0.00324539 -0.03550142
v 0.01746153 -0.00113108 -0.03715974
v 0.01694773 -0.00414730 -0.03733412
v 0.01661876 -0.00459086 -0.03773624
v 0.01665572 -0.00414730 -0.03776471
v 0.01723605 -0.00037703 -0.03762237
v 0.01811948 -0.00014046 -0.03623450
v 0.01779420 -0.00113108 -0.03657969
v 0.01685902 0.00037703 -0.03781453
v 0.01808621 0.00064316 -0.03617756
v 0.01826733 0.00113108 -0.03574341
v 0.01828211 0.00038442 -0.03588575
v 0.01672226 0.00263919 -0.03780030
v 0.01621586 0.00263919 -0.03792485
v 0.01621586 -0.00037703 -0.03795332
v 0.01621586 -0.00188513 -0.03793553
v 0.01546180 -0.00339324 -0.03798890
v 0.01470775 -0.00339324 -0.03806008
v 0.01470775 -0.00414730 -0.03804229
v 0.01395370 -0.00565540 -0.03805652
v 0.01319595 -0.00716351 -0.03806719
v 0.01244189 -0.00791757 -0.03807431
v 0.01093378 -0.01017973 -0.03807431
v 0.00490135 -0.01395370 -0.03808143
v 0.00263919 -0.01470775 -0.03807075
v 0.00113108 -0.01546180 -0.03801738
v 0.00037703 -0.01546180 -0.03802449
v -0.00113108 -0.01470775 -0.03808855
v -0.01395370 -0.00490135 -0.03808143
v -0.01470775 -0.00263919 -0.03807075
v -0.01546180 -0.00113108 -0.03801738
v -0.01546180 -0.00037703 -0.03802449
v -0.01621586 0.00037703 -0.03795332
v -0.01621586 0.00188514 -0.03793553
v -0.01546180 0.00339324 -0.03798890
v -0.01546180 0.00414730 -0.03797467
v -0.01621586 0.00339324 -0.03791061
v -0.01669269 0.00339324 -0.03778962
v -0.01723605 0.00037703 -0.03762237
v -0.01746153 0.00113108 -0.03715974
v -0.01750958 -0.00037703 -0.03724515
v -0.01811948 0.00014046 -0.03623450
v -0.01779420 0.00113108 -0.03657969
v -0.01741347 0.00188514 -0.03707078
v -0.01731367 0.00339324 -0.03689641
v -0.01748001 0.00414730 -0.03643378
v -0.01782746 0.00414730 -0.03582526
v -0.01760199 0.00494941 -0.03588575
v -0.01747262 0.00565541 -0.03565800
v -0.01791618 0.00490135 -0.03507083
v -0.01728780 0.00664233 -0.03431640
v -0.01769440 0.00565541 -0.03431640
v -0.01808990 0.00443561 -0.03431640
v -0.01809730 0.00449106 -0.03280754
v -0.01810099 0.00452802 -0.03175062
v -0.01828951 0.00414730 -0.01772606
v -0.01875894 0.00113108 -0.01018532
v -0.01883287 0.00056924 -0.01018532
v -0.01888092 0.00019221 -0.01018532
v -0.01887353 -0.00015894 -0.00943089
v -0.01875155 -0.00113108 -0.00943089
v -0.01835234 -0.00414730 -0.00943089
v -0.01816383 -0.00475350 -0.00884371
v -0.01820819 -0.00416578 -0.00862664
v -0.01832647 -0.00339324 -0.00867646
v -0.01862587 -0.00113108 -0.00867646
v -0.01849281 -0.00037703 -0.00792203
v -0.01826363 -0.00037703 -0.00716760
v -0.01812317 -0.00037703 -0.00674056
v -0.01571685 -0.00034006 -0.00173357
v 0.01810099 -0.00075405 -0.00679038
v 0.01569098 -0.00053597 -0.00173357
v 0.01839670 -0.00113108 -0.00792203
v 0.01811208 -0.00233978 -0.00750923
v 0.01815644 -0.00339324 -0.00811419
v 0.01808621 -0.00442822 -0.00833839
v 0.01783116 -0.00490135 -0.00792203
v 0.01803816 -0.00496419 -0.00862664
v 0.01809360 -0.00525620 -0.00923516
v 0.01818231 -0.00496419 -0.00946291
v 0.01835974 -0.00414730 -0.01018532
v 0.01875894 -0.00113108 -0.01018532
v 0.01883287 -0.00056924 -0.01018532
v 0.01888092 -0.00019221 -0.01018532
v 0.01886614 0.00007762 -0.01320304
v 0.01870350 0.00037703 -0.02602123
v 0.01837083 0.00263919 -0.02978982
v 0.01814165 0.00421383 -0.03202108
v 0.01812317 0.00395139 -0.03492136
v 0.01832647 0.00263919 -0.03431640
v 0.01816753 0.00345608 -0.03513132
v 0.01857413 0.00037703 -0.03507083
v 0.01741347 -0.00188513 -0.03707078
v 0.01731367 -0.00339324 -0.03689641
v 0.01726192 -0.00414730 -0.03681100
v 0.01598299 -0.00565540 -0.03779674
v 0.01621586 -0.00414730 -0.03787859
v 0.01741717 -0.00473132 -0.03632702
v 0.01719169 -0.00494940 -0.03657969
v 0.01676292 -0.00486439 -0.03733767
v 0.01667421 -0.00547428 -0.03708857
v 0.01509587 -0.00831677 -0.03772201
v 0.01589797 -0.00619877 -0.03775759
v 0.01669269 -0.00339324 -0.03778962
v 0.01685902 -0.00037703 -0.03781453
v 0.01828211 -0.00038442 -0.03588575
v 0.01826733 -0.00113108 -0.03574341
v 0.01813056 -0.00324539 -0.03550142
v 0.01808621 -0.00064316 -0.03617756
v 0.01782746 -0.00414730 -0.03582526
v 0.01748001 -0.00414730 -0.03643378
v 0.01621586 -0.00263919 -0.03792485
v 0.01546180 -0.00414730 -0.03797467
v 0.01470775 -0.00490135 -0.03801738
v 0.01470775 -0.00716351 -0.03793553
v 0.01395370 -0.00791757 -0.03797111
v 0.01319595 -0.00791757 -0.03803161
v 0.01093378 -0.01093378 -0.03802805
v 0.01017973 -0.01093378 -0.03807431
v 0.01395370 -0.00867162 -0.03793197
v 0.01244189 -0.01017973 -0.03796044
v 0.00791757 -0.01244189 -0.03807431
v 0.00716351 -0.01319594 -0.03806719
v 0.00565541 -0.01395370 -0.03805652
v 0.00414730 -0.01470775 -0.03804229
v 0.00339324 -0.01470775 -0.03806008
v 0.00339324 -0.01546180 -0.03798890
v 0.00037703 -0.01621586 -0.03795332
v 0.00188514 -0.01621586 -0.03793553
v -0.00037703 -0.01546180 -0.03802449
v -0.00113108 -0.01546180 -0.03801738
v -0.00263919 -0.01470775 -0.03807075
v -0.00490135 -0.01395370 -0.03808143
v -0.01244189 -0.00791757 -0.03807431
v -0.01319595 -0.00716351 -0.03806719
v -0.01395370 -0.00565540 -0.03805652
v -0.01470775 -0.00414730 -0.03804229
v -0.01470775 -0.00339324 -0.03806008
v -0.01093378 -0.01017973 -0.03807431
v -0.01546180 -0.00339324 -0.03798890
v -0.01621586 -0.00188513 -0.03793553
v -0.01621586 -0.00037703 -0.03795332
v -0.01685902 0.00037703 -0.03781453
v -0.01621586 0.00263919 -0.03792485
v -0.01672226 0.00263919 -0.03780030
v -0.01723605 -0.00037703 -0.03762237
v -0.01665572 -0.00414730 -0.03776471
v -0.01661876 -0.00459086 -0.03773624
v -0.01694773 -0.00414730 -0.03733412
v -0.01746153 -0.00113108 -0.03715974
v -0.01779420 -0.00113108 -0.03657969
v -0.01811948 -0.00014046 -0.03623450
v -0.01828211 0.00038442 -0.03588575
v -0.01826733 0.00113108 -0.03574341
v -0.01813056 0.00324539 -0.03550142
v -0.01808621 0.00064316 -0.03617756
v -0.01809730 0.00374809 -0.03542669
v -0.01807142 0.00418057 -0.03513132
v -0.01814165 0.00421383 -0.03202108
v -0.01812317 0.00395139 -0.03492136
v -0.01832647 0.00263919 -0.03431640
v -0.01837083 0.00263919 -0.02978982
v -0.01870350 0.00037703 -0.02602123
v -0.01888092 -0.00019221 -0.01018532
v -0.01886614 0.00007762 -0.01320304
v -0.01883287 -0.00056924 -0.01018532
v -0.01875894 -0.00113108 -0.01018532
v -0.01835974 -0.00414730 -0.01018532
v -0.01818231 -0.00496419 -0.00946291
v -0.01809360 -0.00525620 -0.00923516
v -0.01803816 -0.00496419 -0.00862664
v -0.01783116 -0.00490135 -0.00792203
v -0.01808621 -0.00442822 -0.00833839
v -0.01815644 -0.00339324 -0.00811419
v -0.01811208 -0.00233978 -0.00750923
v -0.01839670 -0.00113108 -0.00792203
v -0.01810099 -0.00075405 -0.00679038
v -0.01560227 -0.00113108 -0.00173357
v -0.01749849 -0.00414730 -0.00650569
v 0.01776832 -0.00414730 -0.00716760
v 0.01802707 -0.00188513 -0.00703237
v 0.01749849 -0.00414730 -0.00650569
v 0.01560596 -0.00113108 -0.00173357
v 0.01804185 -0.00339324 -0.00773698
v 0.01754285 -0.00497528 -0.00709287
v 0.01734694 -0.00527838 -0.00679038
v 0.01780159 -0.00565540 -0.00867646
v 0.01796793 -0.00558148 -0.00946291
v 0.01810099 -0.00528207 -0.00973693
v 0.01738390 -0.00687520 -0.00893980
v 0.01656331 -0.00897842 -0.00943089
v 0.01818601 -0.00497528 -0.01023514
v 0.01820080 -0.00489026 -0.01093975
v 0.01819710 -0.00487917 -0.01169418
v 0.01814905 -0.00469435 -0.02224908
v 0.01814165 -0.00466848 -0.02375794
v 0.01812317 -0.00460195 -0.02753009
v 0.01810469 -0.00453541 -0.03129868
v 0.01828951 -0.00414730 -0.01772606
v 0.01837083 -0.00263919 -0.02978982
v 0.01869611 -0.00037703 -0.02677566
v 0.01886614 -0.00007762 -0.01320304
v 0.01885874 0.00001848 -0.01470834
v 0.01868132 0.00037703 -0.02828452
v 0.01862218 0.00037703 -0.03431640
v 0.01857413 -0.00037703 -0.03507083
v 0.01515870 -0.00791757 -0.03776115
v 0.01470775 -0.00791757 -0.03787859
v 0.01546180 -0.00565540 -0.03791773
v 0.01621586 -0.00339324 -0.03791061
v 0.01760199 -0.00494940 -0.03588575
v 0.01732846 -0.00523402 -0.03617756
v 0.01651526 -0.00735572 -0.03607792
v 0.01599777 -0.00787321 -0.03657257
v 0.01594603 -0.00716351 -0.03713483
v 0.01738021 -0.00611375 -0.03550498
v 0.01575382 -0.00809129 -0.03682167
v 0.01579817 -0.00896733 -0.03614909
v 0.01512174 -0.00910409 -0.03701384
v 0.01492214 -0.00881947 -0.03751561
v 0.01352862 -0.01050870 -0.03767931
v 0.01285219 -0.01135517 -0.03773624
v 0.01441944 -0.00917432 -0.03776827
v 0.01468557 -0.00860878 -0.03779318
v 0.01672226 -0.00263919 -0.03780030
v 0.01809730 -0.00374809 -0.03542669
v 0.01546180 -0.00490135 -0.03794976
v 0.01168784 -0.01093378 -0.03797111
v 0.01168784 -0.01168784 -0.03792129
v 0.01093378 -0.01168784 -0.03797111
v 0.01017973 -0.01244189 -0.03796044
v 0.00867162 -0.01395370 -0.03793197
v 0.00791757 -0.01319594 -0.03803161
v 0.01395739 -0.00942567 -0.03782521
v 0.01244189 -0.01093378 -0.03789638
v 0.00791757 -0.01395370 -0.03797111
v 0.00716351 -0.01470775 -0.03793553
v 0.00490135 -0.01470775 -0.03801738
v 0.00414730 -0.01546180 -0.03797467
v 0.00263919 -0.01621586 -0.03792485
v 0.00037703 -0.01685902 -0.03781453
v -0.00037703 -0.01621586 -0.03795332
v -0.00188514 -0.01621586 -0.03793553
v -0.00339324 -0.01546180 -0.03798890
v -0.00339324 -0.01470775 -0.03806008
v -0.00414730 -0.01470775 -0.03804229
v -0.00565541 -0.01395370 -0.03805652
v -0.00716351 -0.01319594 -0.03806719
v -0.00791757 -0.01244189 -0.03807431
v -0.01017973 -0.01093378 -0.03807431
v -0.01319595 -0.00791757 -0.03803161
v -0.01395370 -0.00791757 -0.03797111
v -0.01470775 -0.00716351 -0.03793553
v -0.01470775 -0.00490135 -0.03801738
v -0.01546180 -0.00414730 -0.03797467
v -0.01093378 -0.01093378 -0.03802805
v -0.01244189 -0.01017973 -0.03796044
v -0.01395370 -0.00867162 -0.03793197
v -0.01621586 -0.00263919 -0.03792485
v -0.01685902 -0.00037703 -0.03781453
v -0.01669269 -0.00339324 -0.03778962
v -0.01621586 -0.00414730 -0.03787859
v -0.01667421 -0.00547428 -0.03708857
v -0.01676292 -0.00486439 -0.03733767
v -0.01719169 -0.00494940 -0.03657969
v -0.01741717 -0.00473132 -0.03632702
v -0.01726192 -0.00414730 -0.03681100
v -0.01598299 -0.00565540 -0.03779674
v -0.01589797 -0.00619877 -0.03775759
v -0.01509587 -0.00831677 -0.03772201
v -0.01731367 -0.00339324 -0.03689641
v -0.01741347 -0.00188513 -0.03707078
v -0.01782746 -0.00414730 -0.03582526
v -0.01813056 -0.00324539 -0.03550142
v -0.01808621 -0.00064316 -0.03617756
v -0.01748001 -0.00414730 -0.03643378
v -0.01826733 -0.00113108 -0.03574341
v -0.01828211 -0.00038442 -0.03588575
v -0.01857413 0.00037703 -0.03507083
v -0.01816753 0.00345608 -0.03513132
v -0.01862218 0.00037703 -0.03431640
v -0.01868132 0.00037703 -0.02828452
v -0.01885874 0.00001848 -0.01470834
v -0.01886614 -0.00007762 -0.01320304
v -0.01869611 -0.00037703 -0.02677566
v -0.01837083 -0.00263919 -0.02978982
v -0.01828951 -0.00414730 -0.01772606
v -0.01810469 -0.00453541 -0.03129868
v -0.01812317 -0.00460195 -0.02753009
v -0.01814165 -0.00466848 -0.02375794
v -0.01814905 -0.00469435 -0.02224908
v -0.01819710 -0.00487917 -0.01169418
v -0.01820080 -0.00489026 -0.01093975
v -0.01818601 -0.00497528 -0.01023514
v -0.01810099 -0.00528207 -0.00973693
v -0.01780159 -0.00565540 -0.00867646
v -0.01796793 -0.00558148 -0.00946291
v -0.01656331 -0.00897842 -0.00943089
v -0.01738390 -0.00687520 -0.00893980
v -0.01734694 -0.00527838 -0.00679038
v -0.01754285 -0.00497528 -0.00709287
v -0.01776832 -0.00414730 -0.00716760
v -0.01804185 -0.00339324 -0.00773698
v -0.01802707 -0.00188513 -0.00703237
v -0.01527329 -0.00324169 -0.00173357
v -0.01743196 -0.00477567 -0.00662669
v -0.01513653 -0.00395139 -0.00173357
v -0.01524742 -0.00339324 -0.00173357
v 0.01743196 -0.00477567 -0.00662669
v 0.01546550 -0.00203668 -0.00173357
v 0.01534722 -0.00279074 -0.00173357
v 0.01525111 -0.00339324 -0.00173357
v 0.01523633 -0.00347826 -0.00173357
v 0.01602735 -0.00871967 -0.00712489
v 0.01630827 -0.00867162 -0.00792203
v 0.01730258 -0.00667929 -0.00843803
v 0.01502194 -0.00432842 -0.00173357
v 0.01480016 -0.00490135 -0.00173357
v 0.01474841 -0.00503072 -0.00173357
v 0.01386498 -0.00716351 -0.00173357
v 0.01592385 -0.00850159 -0.00663736
v 0.01581665 -0.00900429 -0.00684732
v 0.01763525 -0.00640946 -0.01018532
v 0.01810099 -0.00528207 -0.01001806
v 0.01656701 -0.00898951 -0.01018532
v 0.01741347 -0.00694543 -0.01018532
v 0.01651157 -0.00871228 -0.00860528
v 0.01667051 -0.00848680 -0.00880813
v 0.01610866 -0.00948851 -0.00862308
v 0.01631196 -0.00942567 -0.00943089
v 0.01632305 -0.00942567 -0.01018532
v 0.01810099 -0.00527838 -0.01051983
v 0.01800119 -0.00493831 -0.02978982
v 0.01796423 -0.00490135 -0.03431640
v 0.01810099 -0.00452802 -0.03175062
v 0.01809730 -0.00449106 -0.03280754
v 0.01814165 -0.00421383 -0.03202108
v 0.01832647 -0.00263919 -0.03431640
v 0.01868132 -0.00037703 -0.02828452
v 0.01885874 -0.00001848 -0.01470834
v 0.01885505 0.00000000 -0.01513181
v 0.01862218 -0.00037703 -0.03431640
v 0.01812317 -0.00395139 -0.03492136
v 0.01816753 -0.00345608 -0.03513132
v 0.01791618 -0.00490135 -0.03507083
v 0.01747262 -0.00565540 -0.03565800
v 0.01608649 -0.00869749 -0.03586796
v 0.01590906 -0.00846463 -0.03631635
v 0.01656331 -0.00823176 -0.03521673
v 0.01666681 -0.00772905 -0.03557259
v 0.01764634 -0.00565540 -0.03507083
v 0.01595711 -0.00924086 -0.03564377
v 0.01565401 -0.00946633 -0.03586796
v 0.01523263 -0.01012798 -0.03576120
v 0.01493323 -0.00960680 -0.03674338
v 0.01443052 -0.00993207 -0.03709569
v 0.01467448 -0.00938871 -0.03730565
v 0.01373192 -0.01076375 -0.03717754
v 0.01298525 -0.01163978 -0.03727718
v 0.01264889 -0.01185787 -0.03749425
v 0.01214618 -0.01214618 -0.03776115
v 0.01241602 -0.01163978 -0.03780030
v 0.01807142 -0.00418056 -0.03513132
v 0.01163979 -0.01241602 -0.03780030
v 0.01093378 -0.01244189 -0.03789638
v 0.00917432 -0.01441943 -0.03776827
v 0.00860878 -0.01468557 -0.03779318
v 0.00791757 -0.01470775 -0.03787859
v 0.00942568 -0.01395739 -0.03782521
v 0.00565541 -0.01546180 -0.03791773
v 0.00490135 -0.01546180 -0.03794976
v 0.00339324 -0.01621586 -0.03791061
v 0.00263919 -0.01672226 -0.03780030
v 0.00339324 -0.01669269 -0.03778962
v 0.00037703 -0.01723605 -0.03762237
v -0.00037703 -0.01685902 -0.03781453
v -0.00263919 -0.01621586 -0.03792485
v -0.00414730 -0.01546180 -0.03797467
v -0.00490135 -0.01470775 -0.03801738
v -0.00716351 -0.01470775 -0.03793553
v -0.00791757 -0.01395370 -0.03797111
v -0.00791757 -0.01319594 -0.03803161
v -0.01017973 -0.01244189 -0.03796044
v -0.00867162 -0.01395370 -0.03793197
v -0.01470775 -0.00791757 -0.03787859
v -0.01546180 -0.00565540 -0.03791773
v -0.01546180 -0.00490135 -0.03794976
v -0.01621586 -0.00339324 -0.03791061
v -0.01093378 -0.01168784 -0.03797111
v -0.01168784 -0.01168784 -0.03792129
v -0.01168784 -0.01093378 -0.03797111
v -0.01244189 -0.01093378 -0.03789638
v -0.01395739 -0.00942567 -0.03782521
v -0.01441944 -0.00917432 -0.03776827
v -0.01468557 -0.00860878 -0.03779318
v -0.01672226 -0.00263919 -0.03780030
v -0.01594603 -0.00716351 -0.03713483
v -0.01599777 -0.00787321 -0.03657257
v -0.01651526 -0.00735572 -0.03607792
v -0.01738021 -0.00611375 -0.03550498
v -0.01732846 -0.00523402 -0.03617756
v -0.01760199 -0.00494940 -0.03588575
v -0.01515870 -0.00791757 -0.03776115
v -0.01285219 -0.01135517 -0.03773624
v -0.01352862 -0.01050870 -0.03767931
v -0.01492214 -0.00881947 -0.03751561
v -0.01512174 -0.00910409 -0.03701384
v -0.01579817 -0.00896733 -0.03614909
v -0.01575382 -0.00809129 -0.03682167
v -0.01809730 -0.00374809 -0.03542669
v -0.01857413 -0.00037703 -0.03507083
v -0.01862218 -0.00037703 -0.03431640
v -0.01885505 0.00000000 -0.01513181
v -0.01885874 -0.00001848 -0.01470834
v -0.01868132 -0.00037703 -0.02828452
v -0.01832647 -0.00263919 -0.03431640
v -0.01814165 -0.00421383 -0.03202108
v -0.01809730 -0.00449106 -0.03280754
v -0.01810099 -0.00452802 -0.03175062
v -0.01796423 -0.00490135 -0.03431640
v -0.01800119 -0.00493831 -0.02978982
v -0.01810099 -0.00527838 -0.01051983
v -0.01810099 -0.00528207 -0.01001806
v -0.01763525 -0.00640946 -0.01018532
v -0.01741347 -0.00694543 -0.01018532
v -0.01656701 -0.00898951 -0.01018532
v -0.01730258 -0.00667929 -0.00843803
v -0.01632305 -0.00942567 -0.01018532
v -0.01631196 -0.00942567 -0.00943089
v -0.01610866 -0.00948851 -0.00862308
v -0.01651157 -0.00871228 -0.00860528
v -0.01667051 -0.00848680 -0.00880813
v -0.01630827 -0.00867162 -0.00792203
v -0.01602735 -0.00871967 -0.00712489
v -0.01581665 -0.00900429 -0.00684732
v -0.01592385 -0.00850159 -0.00663736
v -0.01386498 -0.00716351 -0.00173357
v -0.01392782 -0.00701196 -0.00173357
v -0.01453033 -0.00555560 -0.00173357
v -0.01480016 -0.00490135 -0.00173357
v -0.01502194 -0.00432842 -0.00173357
v 0.01513653 -0.00395139 -0.00173357
v 0.01382802 -0.00724853 -0.00173357
v 0.01512913 -0.00986184 -0.00671565
v 0.01563553 -0.00941089 -0.00712489
v 0.01590167 -0.00915215 -0.00734909
v 0.01363951 -0.00765882 -0.00173357
v 0.01345469 -0.00795823 -0.00173357
v 0.01340294 -0.00803585 -0.00173357
v 0.01332901 -0.00814304 -0.00173357
v 0.01631566 -0.00942567 -0.01093975
v 0.01606431 -0.00940719 -0.03431640
v 0.01654853 -0.00894145 -0.01395391
v 0.01740978 -0.00693804 -0.01093975
v 0.01591645 -0.00990990 -0.00884015
v 0.01596451 -0.00996904 -0.00943089
v 0.01597190 -0.00997643 -0.01018532
v 0.01596820 -0.00997273 -0.01093975
v 0.01790139 -0.00565540 -0.01470834
v 0.01772027 -0.00565540 -0.03205311
v 0.01769440 -0.00565540 -0.03431640
v 0.01808990 -0.00443561 -0.03431640
v 0.01659289 -0.00829829 -0.03471496
v 0.01643394 -0.00859769 -0.03500677
v 0.01603843 -0.00937023 -0.03507083
v 0.01579817 -0.00974726 -0.03507083
v 0.01509587 -0.01057524 -0.03546939
v 0.01422353 -0.01117404 -0.03605301
v 0.01370604 -0.01223859 -0.03563309
v 0.01338816 -0.01172850 -0.03662595
v 0.01284479 -0.01209813 -0.03698893
v 0.01283001 -0.01283001 -0.03621671
v 0.01185787 -0.01264889 -0.03749425
v 0.01135517 -0.01285218 -0.03773624
v 0.00831677 -0.01509587 -0.03772201
v 0.00791757 -0.01515870 -0.03776115
v 0.00565541 -0.01598299 -0.03779674
v 0.00414730 -0.01621586 -0.03787859
v 0.00414730 -0.01665572 -0.03776471
v 0.00037703 -0.01750958 -0.03724515
v -0.00037703 -0.01723605 -0.03762237
v -0.00339324 -0.01669269 -0.03778962
v -0.00263919 -0.01672226 -0.03780030
v -0.00339324 -0.01621586 -0.03791061
v -0.00490135 -0.01546180 -0.03794976
v -0.00791757 -0.01470775 -0.03787859
v -0.00565541 -0.01546180 -0.03791773
v -0.00860878 -0.01468557 -0.03779318
v -0.00917432 -0.01441943 -0.03776827
v -0.00942568 -0.01395739 -0.03782521
v -0.01093378 -0.01244189 -0.03789638
v -0.01163979 -0.01241602 -0.03780030
v -0.01214618 -0.01214618 -0.03776115
v -0.01241602 -0.01163978 -0.03780030
v -0.01590906 -0.00846463 -0.03631635
v -0.01608649 -0.00869749 -0.03586796
v -0.01747262 -0.00565540 -0.03565800
v -0.01666681 -0.00772905 -0.03557259
v -0.01656331 -0.00823176 -0.03521673
v -0.01764634 -0.00565540 -0.03507083
v -0.01791618 -0.00490135 -0.03507083
v -0.01264889 -0.01185787 -0.03749425
v -0.01298525 -0.01163978 -0.03727718
v -0.01373192 -0.01076375 -0.03717754
v -0.01443052 -0.00993207 -0.03709569
v -0.01467448 -0.00938871 -0.03730565
v -0.01523263 -0.01012798 -0.03576120
v -0.01565401 -0.00946633 -0.03586796
v -0.01595711 -0.00924086 -0.03564377
v -0.01493323 -0.00960680 -0.03674338
v -0.01807142 -0.00418056 -0.03513132
v -0.01816753 -0.00345608 -0.03513132
v -0.01812317 -0.00395139 -0.03492136
v -0.01808990 -0.00443561 -0.03431640
v -0.01769440 -0.00565540 -0.03431640
v -0.01772027 -0.00565540 -0.03205311
v -0.01790139 -0.00565540 -0.01470834
v -0.01740978 -0.00693804 -0.01093975
v -0.01654853 -0.00894145 -0.01395391
v -0.01606431 -0.00940719 -0.03431640
v -0.01631566 -0.00942567 -0.01093975
v -0.01596820 -0.00997273 -0.01093975
v -0.01597190 -0.00997643 -0.01018532
v -0.01596451 -0.00996904 -0.00943089
v -0.01591645 -0.00990990 -0.00884015
v -0.01590167 -0.00915215 -0.00734909
v -0.01563553 -0.00941089 -0.00712489
v -0.01512913 -0.00986184 -0.00671565
v -0.01340294 -0.00803585 -0.00173357
v -0.01363951 -0.00765882 -0.00173357
v 0.01522524 -0.00998752 -0.00716760
v 0.01302591 -0.00856443 -0.00173357
v 0.01279674 -0.00886753 -0.00173357
v 0.01266367 -0.00904125 -0.00173357
v 0.01140692 -0.01067873 -0.00173357
v 0.01284849 -0.01284849 -0.00674768
v 0.01354340 -0.01202790 -0.00686867
v 0.01582405 -0.00978422 -0.00833839
v 0.01587210 -0.00984706 -0.02677566
v 0.01583513 -0.00979901 -0.03280754
v 0.01644134 -0.00868271 -0.03431640
v 0.01644503 -0.00869380 -0.03356197
v 0.01649308 -0.00880839 -0.02451237
v 0.01582405 -0.00978422 -0.03431640
v 0.01662985 -0.00838331 -0.02828452
v 0.01729149 -0.00665342 -0.03356197
v 0.01747262 -0.00648339 -0.02297148
v 0.01493323 -0.01111490 -0.00867646
v 0.01433442 -0.01207226 -0.00903944
v 0.01567619 -0.01034976 -0.00943089
v 0.01501085 -0.01121840 -0.00943089
v 0.01368386 -0.01295938 -0.01018532
v 0.01434551 -0.01208704 -0.01093975
v 0.01458947 -0.01165087 -0.01848049
v 0.01728780 -0.00664233 -0.03431640
v 0.01675922 -0.00791757 -0.03431640
v 0.01515870 -0.01065656 -0.03431640
v 0.01487039 -0.01103358 -0.03431640
v 0.01484082 -0.01099662 -0.03507083
v 0.01446379 -0.01148823 -0.03507083
v 0.01350644 -0.01273390 -0.03507083
v 0.01297047 -0.01297047 -0.03582526
v 0.01296308 -0.01238644 -0.03651207
v 0.01223859 -0.01370604 -0.03563309
v 0.01238645 -0.01296307 -0.03651207
v 0.01209813 -0.01284479 -0.03698893
v 0.01163979 -0.01298525 -0.03727718
v 0.01076375 -0.01373191 -0.03717754
v 0.00993207 -0.01443052 -0.03709569
v 0.00910409 -0.01512174 -0.03701384
v 0.00938871 -0.01467448 -0.03730565
v 0.00881948 -0.01492214 -0.03751561
v 0.01050870 -0.01352862 -0.03767931
v 0.00896733 -0.01579817 -0.03614909
v 0.00809130 -0.01575381 -0.03682167
v 0.00716351 -0.01594602 -0.03713483
v 0.00547428 -0.01667420 -0.03708857
v 0.00459086 -0.01661876 -0.03773624
v 0.00619877 -0.01589797 -0.03775759
v 0.00113108 -0.01746153 -0.03715974
v 0.00113108 -0.01779420 -0.03657969
v 0.00014046 -0.01811947 -0.03623450
v -0.00037703 -0.01750958 -0.03724515
v 0.00414730 -0.01694773 -0.03733412
v -0.00414730 -0.01665572 -0.03776471
v -0.00414730 -0.01621586 -0.03787859
v -0.00791757 -0.01515870 -0.03776115
v -0.00565541 -0.01598299 -0.03779674
v -0.00831677 -0.01509587 -0.03772201
v -0.01135517 -0.01285218 -0.03773624
v -0.01283001 -0.01283001 -0.03621671
v -0.01185787 -0.01264889 -0.03749425
v -0.01603843 -0.00937023 -0.03507083
v -0.01643394 -0.00859769 -0.03500677
v -0.01659289 -0.00829829 -0.03471496
v -0.01284479 -0.01209813 -0.03698893
v -0.01509587 -0.01057524 -0.03546939
v -0.01422353 -0.01117404 -0.03605301
v -0.01370604 -0.01223859 -0.03563309
v -0.01579817 -0.00974726 -0.03507083
v -0.01338816 -0.01172850 -0.03662595
v -0.01728780 -0.00664233 -0.03431640
v -0.01729149 -0.00665342 -0.03356197
v -0.01747262 -0.00648339 -0.02297148
v -0.01662985 -0.00838331 -0.02828452
v -0.01649308 -0.00880839 -0.02451237
v -0.01644503 -0.00869380 -0.03356197
v -0.01644134 -0.00868271 -0.03431640
v -0.01582405 -0.00978422 -0.03431640
v -0.01583513 -0.00979901 -0.03280754
v -0.01587210 -0.00984706 -0.02677566
v -0.01458947 -0.01165087 -0.01848049
v -0.01434551 -0.01208704 -0.01093975
v -0.01368386 -0.01295938 -0.01018532
v -0.01501085 -0.01121840 -0.00943089
v -0.01567619 -0.01034976 -0.00943089
v -0.01433442 -0.01207226 -0.00903944
v -0.01493323 -0.01111490 -0.00867646
v -0.01582405 -0.00978422 -0.00833839
v -0.01522524 -0.00998752 -0.00716760
v -0.01354340 -0.01202790 -0.00686867
v -0.01284849 -0.01284849 -0.00674768
v -0.01140692 -0.01067873 -0.00173357
v -0.01297047 -0.00864205 -0.00173357
v -0.01310354 -0.00845723 -0.00173357
v 0.01424201 -0.01119622 -0.00702169
v 0.01112969 -0.01097814 -0.00173357
v 0.01202790 -0.01354340 -0.00686867
v 0.01241971 -0.01334749 -0.00713913
v 0.01277826 -0.01354340 -0.00838465
v 0.01290024 -0.01363951 -0.00888642
v 0.01293351 -0.01293350 -0.00716760
v 0.01363951 -0.01290024 -0.00888642
v 0.01354340 -0.01277826 -0.00838465
v 0.01334750 -0.01241971 -0.00713913
v 0.01105576 -0.01105576 -0.00173357
v 0.01097814 -0.01112969 -0.00173357
v 0.01067874 -0.01140691 -0.00173357
v 0.00986184 -0.01512913 -0.00671565
v 0.01449336 -0.01152520 -0.03431640
v 0.01393891 -0.01242711 -0.00871204
v 0.01367647 -0.01295199 -0.00943089
v 0.01405350 -0.01246407 -0.00943089
v 0.01333641 -0.01333641 -0.01018532
v 0.01357297 -0.01281892 -0.02828452
v 0.01353601 -0.01277087 -0.03431640
v 0.01312941 -0.01312941 -0.03507083
v 0.01273390 -0.01350644 -0.03507083
v 0.01057524 -0.01509587 -0.03546939
v 0.01012798 -0.01523263 -0.03576120
v 0.01117405 -0.01422353 -0.03605301
v 0.01172850 -0.01338816 -0.03662595
v 0.00960680 -0.01493323 -0.03674338
v 0.00924086 -0.01595711 -0.03564377
v 0.00946634 -0.01565401 -0.03586796
v 0.00869750 -0.01608649 -0.03586796
v 0.00846463 -0.01590906 -0.03631635
v 0.00787321 -0.01599777 -0.03657257
v 0.00611375 -0.01738021 -0.03550498
v 0.00523402 -0.01732846 -0.03617756
v 0.00486439 -0.01676292 -0.03733767
v 0.00735572 -0.01651526 -0.03607792
v 0.00494940 -0.01719169 -0.03657969
v 0.00473132 -0.01741717 -0.03632702
v 0.00414730 -0.01726192 -0.03681100
v 0.00188514 -0.01741347 -0.03707078
v 0.00324539 -0.01813056 -0.03550142
v 0.00064316 -0.01808621 -0.03617756
v 0.00414730 -0.01748001 -0.03643378
v 0.00414730 -0.01782746 -0.03582526
v 0.00113108 -0.01826733 -0.03574341
v 0.00038442 -0.01828211 -0.03588575
v -0.00014046 -0.01811947 -0.03623450
v -0.00113108 -0.01779420 -0.03657969
v -0.00113108 -0.01746153 -0.03715974
v -0.00414730 -0.01694773 -0.03733412
v -0.00459086 -0.01661876 -0.03773624
v 0.00339324 -0.01731367 -0.03689641
v -0.00619877 -0.01589797 -0.03775759
v -0.00716351 -0.01594602 -0.03713483
v -0.00809130 -0.01575381 -0.03682167
v -0.00896733 -0.01579817 -0.03614909
v -0.00910409 -0.01512174 -0.03701384
v -0.00881948 -0.01492214 -0.03751561
v -0.01050870 -0.01352862 -0.03767931
v -0.00547428 -0.01667420 -0.03708857
v -0.00938871 -0.01467448 -0.03730565
v -0.00993207 -0.01443052 -0.03709569
v -0.01076375 -0.01373191 -0.03717754
v -0.01163979 -0.01298525 -0.03727718
v -0.01297047 -0.01297047 -0.03582526
v -0.01296308 -0.01238644 -0.03651207
v -0.01209813 -0.01284479 -0.03698893
v -0.01238645 -0.01296307 -0.03651207
v -0.01223859 -0.01370604 -0.03563309
v -0.01675922 -0.00791757 -0.03431640
v -0.01446379 -0.01148823 -0.03507083
v -0.01484082 -0.01099662 -0.03507083
v -0.01350644 -0.01273390 -0.03507083
v -0.01487039 -0.01103358 -0.03431640
v -0.01515870 -0.01065656 -0.03431640
v -0.01449336 -0.01152520 -0.03431640
v -0.01357297 -0.01281892 -0.02828452
v -0.01333641 -0.01333641 -0.01018532
v -0.01367647 -0.01295199 -0.00943089
v -0.01405350 -0.01246407 -0.00943089
v -0.01363951 -0.01290024 -0.00888642
v -0.01393891 -0.01242711 -0.00871204
v -0.01334750 -0.01241971 -0.00713913
v -0.01424201 -0.01119622 -0.00702169
v -0.01354340 -0.01277826 -0.00838465
v -0.01293351 -0.01293350 -0.00716760
v -0.01290024 -0.01363951 -0.00888642
v -0.01277826 -0.01354340 -0.00838465
v -0.01241971 -0.01334749 -0.00713913
v -0.01202790 -0.01354340 -0.00686867
v -0.00986184 -0.01512913 -0.00671565
v -0.01067874 -0.01140691 -0.00173357
v -0.01105576 -0.01105576 -0.00173357
v 0.00998752 -0.01522524 -0.00716760
v 0.01119622 -0.01424201 -0.00702169
v 0.01242711 -0.01393891 -0.00871204
v 0.01111490 -0.01493323 -0.00867646
v 0.01295199 -0.01367647 -0.00943089
v 0.01332901 -0.01332901 -0.00943089
v 0.01322182 -0.01322182 -0.00863375
v 0.01207226 -0.01433442 -0.00903944
v 0.00904126 -0.01266367 -0.00173357
v 0.00886753 -0.01279674 -0.00173357
v 0.00856443 -0.01302591 -0.00173357
v 0.00814304 -0.01332901 -0.00173357
v 0.00900429 -0.01581665 -0.00684732
v 0.00941089 -0.01563553 -0.00712489
v 0.01295938 -0.01368386 -0.01018532
v 0.01281892 -0.01357297 -0.02828452
v 0.01277087 -0.01353601 -0.03431640
v 0.01332532 -0.01332532 -0.01169418
v 0.01315898 -0.01315898 -0.03431640
v 0.01148824 -0.01446379 -0.03507083
v 0.01099662 -0.01484082 -0.03507083
v 0.00974726 -0.01579817 -0.03507083
v 0.00937023 -0.01603843 -0.03507083
v 0.00823176 -0.01656331 -0.03521673
v 0.00772905 -0.01666681 -0.03557259
v 0.00565541 -0.01764634 -0.03507083
v 0.00490135 -0.01791617 -0.03507083
v 0.00565541 -0.01747261 -0.03565800
v 0.00494940 -0.01760199 -0.03588575
v 0.00037703 -0.01857412 -0.03507083
v 0.00374809 -0.01809730 -0.03542669
v -0.00038442 -0.01828211 -0.03588575
v -0.00113108 -0.01826733 -0.03574341
v -0.00324539 -0.01813056 -0.03550142
v -0.00064316 -0.01808621 -0.03617756
v -0.00188514 -0.01741347 -0.03707078
v -0.00414730 -0.01782746 -0.03582526
v -0.00414730 -0.01748001 -0.03643378
v -0.00339324 -0.01731367 -0.03689641
v -0.00414730 -0.01726192 -0.03681100
v -0.00473132 -0.01741717 -0.03632702
v -0.00494940 -0.01719169 -0.03657969
v -0.00486439 -0.01676292 -0.03733767
v -0.00787321 -0.01599777 -0.03657257
v -0.00846463 -0.01590906 -0.03631635
v -0.00869750 -0.01608649 -0.03586796
v -0.00924086 -0.01595711 -0.03564377
v -0.00946634 -0.01565401 -0.03586796
v -0.01012798 -0.01523263 -0.03576120
v -0.00960680 -0.01493323 -0.03674338
v -0.00523402 -0.01732846 -0.03617756
v -0.00611375 -0.01738021 -0.03550498
v -0.00735572 -0.01651526 -0.03607792
v -0.01273390 -0.01350644 -0.03507083
v -0.01312941 -0.01312941 -0.03507083
v -0.01172850 -0.01338816 -0.03662595
v -0.01117405 -0.01422353 -0.03605301
v -0.01057524 -0.01509587 -0.03546939
v -0.01353601 -0.01277087 -0.03431640
v -0.01332532 -0.01332532 -0.01169418
v -0.01277087 -0.01353601 -0.03431640
v -0.01281892 -0.01357297 -0.02828452
v -0.01295938 -0.01368386 -0.01018532
v -0.01332901 -0.01332901 -0.00943089
v -0.01322182 -0.01322182 -0.00863375
v -0.01295199 -0.01367647 -0.00943089
v -0.01207226 -0.01433442 -0.00903944
v -0.01242711 -0.01393891 -0.00871204
v -0.01111490 -0.01493323 -0.00867646
v -0.01119622 -0.01424201 -0.00702169
v -0.00998752 -0.01522524 -0.00716760
v -0.00941089 -0.01563553 -0.00712489
v -0.00900429 -0.01581665 -0.00684732
v -0.00803585 -0.01340294 -0.00173357
v -0.00845723 -0.01310354 -0.00173357
v -0.00864205 -0.01297047 -0.00173357
v 0.00978422 -0.01582405 -0.00833839
v 0.00990990 -0.01591645 -0.00884015
v 0.01246407 -0.01405350 -0.00943089
v 0.00996904 -0.01596451 -0.00943089
v 0.01034976 -0.01567619 -0.00943089
v 0.01121840 -0.01501085 -0.00943089
v 0.00803585 -0.01340294 -0.00173357
v 0.00871967 -0.01602734 -0.00712489
v 0.00867162 -0.01630827 -0.00792203
v 0.00871228 -0.01651156 -0.00860528
v 0.00915215 -0.01590167 -0.00734909
v 0.00795823 -0.01345469 -0.00173357
v 0.00765882 -0.01363951 -0.00173357
v 0.00724853 -0.01382802 -0.00173357
v 0.00850159 -0.01592385 -0.00663736
v 0.00527838 -0.01734694 -0.00679038
v 0.01208704 -0.01434551 -0.01093975
v 0.00997643 -0.01597190 -0.01018532
v 0.00997273 -0.01596820 -0.01093975
v 0.01165087 -0.01458947 -0.01848049
v 0.01152520 -0.01449336 -0.03431640
v 0.01103358 -0.01487039 -0.03431640
v 0.01065656 -0.01515870 -0.03431640
v 0.00978422 -0.01582405 -0.03431640
v 0.00940719 -0.01606431 -0.03431640
v 0.00868271 -0.01644133 -0.03431640
v 0.00859769 -0.01643394 -0.03500677
v 0.00829829 -0.01659288 -0.03471496
v 0.00565541 -0.01769440 -0.03431640
v 0.00490135 -0.01796423 -0.03431640
v 0.00443561 -0.01808990 -0.03431640
v 0.00418056 -0.01807142 -0.03513132
v 0.00345608 -0.01816753 -0.03513132
v 0.00395139 -0.01812317 -0.03492136
v 0.00037703 -0.01862218 -0.03431640
v -0.00037703 -0.01857412 -0.03507083
v -0.00374809 -0.01809730 -0.03542669
v -0.00494940 -0.01760199 -0.03588575
v -0.00772905 -0.01666681 -0.03557259
v -0.00823176 -0.01656331 -0.03521673
v -0.00937023 -0.01603843 -0.03507083
v -0.00974726 -0.01579817 -0.03507083
v -0.00565541 -0.01747261 -0.03565800
v -0.00490135 -0.01791617 -0.03507083
v -0.00565541 -0.01764634 -0.03507083
v -0.01148824 -0.01446379 -0.03507083
v -0.01315898 -0.01315898 -0.03431640
v -0.01099662 -0.01484082 -0.03507083
v -0.01152520 -0.01449336 -0.03431640
v -0.01208704 -0.01434551 -0.01093975
v -0.01165087 -0.01458947 -0.01848049
v -0.00997643 -0.01597190 -0.01018532
v -0.01121840 -0.01501085 -0.00943089
v -0.01246407 -0.01405350 -0.00943089
v -0.00997273 -0.01596820 -0.01093975
v -0.01034976 -0.01567619 -0.00943089
v -0.00996904 -0.01596451 -0.00943089
v -0.00990990 -0.01591645 -0.00884015
v -0.00978422 -0.01582405 -0.00833839
v -0.00915215 -0.01590167 -0.00734909
v -0.00850159 -0.01592385 -0.00663736
v -0.00716351 -0.01386498 -0.00173357
v -0.00765882 -0.01363951 -0.00173357
v -0.00871228 -0.01651156 -0.00860528
v -0.00867162 -0.01630827 -0.00792203
v -0.00871967 -0.01602734 -0.00712489
v -0.00527838 -0.01734694 -0.00679038
v 0.00948851 -0.01610866 -0.00862308
v 0.00942568 -0.01631196 -0.00943089
v 0.00667929 -0.01730258 -0.00843803
v 0.00687520 -0.01738390 -0.00893980
v 0.00848680 -0.01667051 -0.00880813
v 0.00897842 -0.01656331 -0.00943089
v 0.00716351 -0.01386498 -0.00173357
v 0.00503072 -0.01474841 -0.00173357
v 0.00490135 -0.01480016 -0.00173357
v 0.00432472 -0.01502194 -0.00173357
v 0.00477568 -0.01743195 -0.00662669
v 0.00497528 -0.01754284 -0.00709287
v 0.00496419 -0.01803815 -0.00862664
v 0.00565541 -0.01780159 -0.00867646
v 0.00942568 -0.01632305 -0.01018532
v 0.00942568 -0.01631566 -0.01093975
v 0.00984706 -0.01587210 -0.02677566
v 0.00979901 -0.01583513 -0.03280754
v 0.00898951 -0.01656701 -0.01018532
v 0.00894145 -0.01654853 -0.01395391
v 0.00880839 -0.01649308 -0.02451237
v 0.00869380 -0.01644503 -0.03356197
v 0.00791757 -0.01675922 -0.03431640
v 0.00664233 -0.01728780 -0.03431640
v 0.00565541 -0.01772027 -0.03205311
v 0.00527838 -0.01810099 -0.01051983
v 0.00493831 -0.01800119 -0.02978982
v 0.00453541 -0.01810469 -0.03129868
v 0.00452802 -0.01810099 -0.03175062
v 0.00449106 -0.01809730 -0.03280754
v 0.00421383 -0.01814165 -0.03202108
v 0.00263919 -0.01832647 -0.03431640
v 0.00037703 -0.01868132 -0.02828452
v 0.00001848 -0.01885874 -0.01470834
v 0.00000000 -0.01885505 -0.01513181
v -0.00037703 -0.01862218 -0.03431640
v -0.00395139 -0.01812317 -0.03492136
v -0.00345608 -0.01816753 -0.03513132
v -0.00418056 -0.01807142 -0.03513132
v -0.00829829 -0.01659288 -0.03471496
v -0.00859769 -0.01643394 -0.03500677
v -0.00868271 -0.01644133 -0.03431640
v -0.00940719 -0.01606431 -0.03431640
v -0.00978422 -0.01582405 -0.03431640
v -0.01065656 -0.01515870 -0.03431640
v -0.01103358 -0.01487039 -0.03431640
v -0.00443561 -0.01808990 -0.03431640
v -0.00490135 -0.01796423 -0.03431640
v -0.00565541 -0.01769440 -0.03431640
v -0.00984706 -0.01587210 -0.02677566
v -0.00942568 -0.01632305 -0.01018532
v -0.00942568 -0.01631196 -0.00943089
v -0.00942568 -0.01631566 -0.01093975
v -0.00948851 -0.01610866 -0.00862308
v -0.00701196 -0.01392782 -0.00173357
v -0.00897842 -0.01656331 -0.00943089
v -0.00848680 -0.01667051 -0.00880813
v -0.00687520 -0.01738390 -0.00893980
v -0.00667929 -0.01730258 -0.00843803
v -0.00565541 -0.01780159 -0.00867646
v -0.00496419 -0.01803815 -0.00862664
v -0.00497528 -0.01754284 -0.00709287
v -0.00477568 -0.01743195 -0.00662669
v -0.00432472 -0.01502194 -0.00173357
v -0.00490135 -0.01480016 -0.00173357
v -0.00555560 -0.01453033 -0.00173357
v 0.00525620 -0.01809360 -0.00923516
v 0.00558148 -0.01796792 -0.00946291
v 0.00528207 -0.01810099 -0.00973693
v 0.00394769 -0.01513652 -0.00173357
v 0.00414730 -0.01749849 -0.00650569
v 0.00414730 -0.01776832 -0.00716760
v 0.00442822 -0.01808621 -0.00833839
v 0.00490135 -0.01783116 -0.00792203
v 0.00475350 -0.01816383 -0.00884371
v 0.00694543 -0.01741347 -0.01018532
v 0.00693804 -0.01740978 -0.01093975
v 0.00838331 -0.01662985 -0.02828452
v 0.00648339 -0.01747261 -0.02297148
v 0.00665342 -0.01729149 -0.03356197
v 0.00565541 -0.01790139 -0.01470834
v 0.00640946 -0.01763525 -0.01018532
v 0.00528207 -0.01810099 -0.01001806
v 0.00497528 -0.01818601 -0.01023514
v 0.00469436 -0.01814904 -0.02224908
v 0.00466848 -0.01814165 -0.02375794
v 0.00460195 -0.01812317 -0.02753009
v 0.00414730 -0.01835974 -0.01018532
v 0.00414730 -0.01828951 -0.01772606
v 0.00263919 -0.01837083 -0.02978982
v 0.00037703 -0.01869610 -0.02677566
v 0.00007762 -0.01886613 -0.01320304
v -0.00001848 -0.01885874 -0.01470834
v -0.00037703 -0.01868132 -0.02828452
v -0.00263919 -0.01832647 -0.03431640
v -0.00664233 -0.01728780 -0.03431640
v -0.00791757 -0.01675922 -0.03431640
v -0.00869380 -0.01644503 -0.03356197
v -0.00880839 -0.01649308 -0.02451237
v -0.00894145 -0.01654853 -0.01395391
v -0.00898951 -0.01656701 -0.01018532
v -0.00979901 -0.01583513 -0.03280754
v -0.00421383 -0.01814165 -0.03202108
v -0.00449106 -0.01809730 -0.03280754
v -0.00452802 -0.01810099 -0.03175062
v -0.00453541 -0.01810469 -0.03129868
v -0.00493831 -0.01800119 -0.02978982
v -0.00527838 -0.01810099 -0.01051983
v -0.00565541 -0.01772027 -0.03205311
v -0.00528207 -0.01810099 -0.00973693
v -0.00558148 -0.01796792 -0.00946291
v -0.00525620 -0.01809360 -0.00923516
v -0.00475350 -0.01816383 -0.00884371
v -0.00490135 -0.01783116 -0.00792203
v -0.00442822 -0.01808621 -0.00833839
v -0.00414730 -0.01776832 -0.00716760
v -0.00414730 -0.01749849 -0.00650569
v -0.00394769 -0.01513652 -0.00173357
v 0.00496419 -0.01818231 -0.00946291
v 0.00347826 -0.01522524 -0.00173357
v 0.00263919 -0.01533982 -0.00173357
v 0.00075405 -0.01810099 -0.00679038
v 0.00188514 -0.01802707 -0.00703237
v 0.00339324 -0.01804185 -0.00773698
v 0.00339324 -0.01815644 -0.00811419
v 0.00416578 -0.01820819 -0.00862664
v 0.00339324 -0.01832647 -0.00867646
v 0.00007762 -0.01886244 -0.00902164
v 0.00414730 -0.01835234 -0.00943089
v 0.00489026 -0.01820079 -0.01093975
v 0.00487917 -0.01819710 -0.01169418
v 0.00113108 -0.01875894 -0.01018532
v 0.00056924 -0.01883287 -0.01018532
v 0.00019221 -0.01888092 -0.01018532
v -0.00007762 -0.01886613 -0.01320304
v -0.00037703 -0.01869610 -0.02677566
v -0.00263919 -0.01837083 -0.02978982
v -0.00665342 -0.01729149 -0.03356197
v -0.00838331 -0.01662985 -0.02828452
v -0.00648339 -0.01747261 -0.02297148
v -0.00693804 -0.01740978 -0.01093975
v -0.00694543 -0.01741347 -0.01018532
v -0.00414730 -0.01828951 -0.01772606
v -0.00414730 -0.01835974 -0.01018532
v -0.00460195 -0.01812317 -0.02753009
v -0.00565541 -0.01790139 -0.01470834
v -0.00466848 -0.01814165 -0.02375794
v -0.00469436 -0.01814904 -0.02224908
v -0.00497528 -0.01818601 -0.01023514
v -0.00528207 -0.01810099 -0.01001806
v -0.00640946 -0.01763525 -0.01018532
v -0.00496419 -0.01818231 -0.00946291
v -0.00416578 -0.01820819 -0.00862664
v -0.00414730 -0.01835234 -0.00943089
v -0.00007762 -0.01886244 -0.00902164
v -0.00339324 -0.01832647 -0.00867646
v -0.00339324 -0.01815644 -0.00811419
v -0.00339324 -0.01804185 -0.00773698
v -0.00188514 -0.01802707 -0.00703237
v -0.00075405 -0.01810099 -0.00679038
v -0.00339324 -0.01523633 -0.00173357
v -0.00324169 -0.01525850 -0.00173357
v 0.00113108 -0.01553573 -0.00173357
v 0.00052858 -0.01561335 -0.00173357
v 0.00037703 -0.01812317 -0.00674056
v 0.00037703 -0.01826363 -0.00716760
v 0.00113108 -0.01839670 -0.00792203
v 0.00233979 -0.01811208 -0.00750923
v 0.00113108 -0.01862587 -0.00867646
v 0.00015894 -0.01887353 -0.00943089
v 0.00113108 -0.01875155 -0.00943089
v 0.00037703 -0.01849280 -0.00792203
v -0.00019221 -0.01888092 -0.01018532
v -0.00056924 -0.01883287 -0.01018532
v -0.00113108 -0.01875894 -0.01018532
v -0.00489026 -0.01820079 -0.01093975
v -0.00487917 -0.01819710 -0.01169418
v -0.00113108 -0.01875155 -0.00943089
v -0.00037703 -0.01826363 -0.00716760
v -0.00037703 -0.01849280 -0.00792203
v -0.00113108 -0.01862587 -0.00867646
v -0.00015894 -0.01887353 -0.00943089
v -0.00233979 -0.01811208 -0.00750923
v -0.00113108 -0.01839670 -0.00792203
v -0.00037703 -0.01812317 -0.00674056
v -0.00037703 -0.01563183 -0.00173357
v -0.00113108 -0.01553573 -0.00173357
v -0.00263919 -0.01533982 -0.00173357
v 0.00037703 -0.01563183 -0.00173357
f 1 2 3
f 1 3 4
f 1 4 5
f 1 5 6
f 1 6 16
f 1 16 7
f 1 7 8
f 1 8 2
f 2 8 20
f 2 20 9
f 2 9 3
f 3 10 4
f 3 9 11
f 3 11 27
f 3 27 10
f 4 10 12
f 4 12 13
f 4 13 5
f 5 14 15
f 5 15 6
f 5 13 32
f 5 32 14
f 6 15 35
f 6 35 16
f 7 16 17
f 7 17 18
f 7 18 19
f 7 19 8
f 8 19 20
f 9 21 22
f 9 22 23
f 9 23 24
f 9 24 25
f 9 25 26
f 9 26 11
f 9 20 46
f 9 46 21
f 10 27 12
f 11 26 28
f 11 28 27
f 12 27 29
f 12 29 30
f 12 30 31
f 12 31 13
f 13 31 32
f 14 33 15
f 14 32 33
f 15 33 34
f 15 34 35
f 16 35 17
f 17 35 36
f 17 36 71
f 17 71 37
f 17 37 18
f 18 38 19
f 18 37 39
f 18 39 38
f 19 38 73
f 19 73 40
f 19 40 20
f 20 40 41
f 20 41 42
f 20 42 43
f 20 43 44
f 20 44 45
f 20 45 46
f 21 46 85
f 21 85 47
f 21 47 48
f 21 48 49
f 21 49 23
f 21 23 22
f 23 49 50
f 23 50 51
f 23 51 24
f 24 51 52
f 24 52 25
f 25 52 26
f 26 52 53
f 26 53 54
f 26 54 55
f 26 55 28
f 27 28 56
f 27 56 57
f 27 57 58
f 27 58 59
f 27 59 60
f 27 60 61
f 27 61 29
f 28 55 62
f 28 62 56
f 29 63 30
f 29 61 64
f 29 64 65
f 29 65 66
f 29 66 63
f 30 63 66
f 30 66 67
f 30 67 31
f 31 67 32
f 32 67 68
f 32 68 33
f 33 68 69
f 33 69 114
f 33 114 70
f 33 70 34
f 34 70 35
f 35 70 36
f 36 70 71
f 37 71 72
f 37 72 39
f 38 39 73
f 39 72 74
f 39 74 75
f 39 75 73
f 40 73 76
f 40 76 41
f 41 77 78
f 41 78 42
f 41 76 79
f 41 79 80
f 41 80 77
f 42 78 43
f 43 81 44
f 43 78 81
f 44 82 84
f 44 84 46
f 44 46 45
f 44 81 83
f 44 83 82
f 46 84 85
f 47 86 48
f 47 85 141
f 47 141 86
f 48 87 49
f 48 86 88
f 48 88 89
f 48 89 90
f 48 90 91
f 48 91 87
f 49 87 50
f 50 87 92
f 50 92 51
f 51 92 91
f 51 91 52
f 52 91 93
f 52 93 53
f 53 93 54
f 54 93 94
f 54 94 95
f 54 95 55
f 55 96 62
f 55 95 97
f 55 97 98
f 55 98 96
f 56 62 99
f 56 99 64
f 56 64 59
f 56 59 58
f 56 58 57
f 59 64 60
f 60 64 61
f 62 96 98
f 62 98 100
f 62 100 101
f 62 101 102
f 62 102 99
f 64 103 104
f 64 104 66
f 64 66 65
f 64 99 102
f 64 102 101
f 64 101 100
f 64 100 105
f 64 105 103
f 66 106 67
f 66 104 107
f 66 107 164
f 66 164 106
f 67 106 108
f 67 108 68
f 68 108 109
f 68 109 69
f 69 109 110
f 69 110 111
f 69 111 112
f 69 112 113
f 69 113 173
f 69 173 114
f 70 114 115
f 70 115 71
f 71 115 116
f 71 116 72
f 72 116 74
f 73 75 117
f 73 117 118
f 73 118 119
f 73 119 120
f 73 120 121
f 73 121 122
f 73 122 76
f 74 123 75
f 74 116 124
f 74 124 123
f 75 123 124
f 75 124 125
f 75 125 126
f 75 126 117
f 76 122 127
f 76 127 79
f 77 80 128
f 77 128 78
f 78 128 129
f 78 129 81
f 79 130 80
f 79 127 131
f 79 131 132
f 79 132 133
f 79 133 130
f 80 130 134
f 80 134 128
f 81 129 135
f 81 135 83
f 82 83 136
f 82 136 84
f 83 135 136
f 84 137 138
f 84 138 139
f 84 139 85
f 84 136 129
f 84 129 140
f 84 140 137
f 85 139 141
f 86 141 139
f 86 139 138
f 86 138 137
f 86 137 203
f 86 203 198
f 86 198 197
f 86 197 196
f 86 196 202
f 86 202 261
f 86 261 260
f 86 260 259
f 86 259 258
f 86 258 324
f 86 324 397
f 86 397 396
f 86 396 395
f 86 395 394
f 86 394 472
f 86 472 471
f 86 471 470
f 86 470 469
f 86 469 557
f 86 557 556
f 86 556 555
f 86 555 554
f 86 554 647
f 86 647 646
f 86 646 645
f 86 645 734
f 86 734 733
f 86 733 825
f 86 825 928
f 86 928 1020
f 86 1020 1128
f 86 1128 1255
f 86 1255 1258
f 86 1258 1257
f 86 1257 1391
f 86 1391 1390
f 86 1390 1389
f 86 1389 1388
f 86 1388 1387
f 86 1387 1480
f 86 1480 1479
f 86 1479 1575
f 86 1575 1574
f 86 1574 1573
f 86 1573 1669
f 86 1669 1668
f 86 1668 1745
f 86 1745 1744
f 86 1744 1743
f 86 1743 1808
f 86 1808 1807
f 86 1807 1867
f 86 1867 1878
f 86 1878 1877
f 86 1877 1876
f 86 1876 1930
f 86 1930 1973
f 86 1973 1974
f 86 1974 2000
f 86 2000 1999
f 86 1999 1998
f 86 1998 2001
f 86 2001 1976
f 86 1976 1975
f 86 1975 1933
f 86 1933 1932
f 86 1932 1882
f 86 1882 1822
f 86 1822 1821
f 86 1821 1820
f 86 1820 1819
f 86 1819 1759
f 86 1759 1758
f 86 1758 1757
f 86 1757 1752
f 86 1752 1681
f 86 1681 1680
f 86 1680 1679
f 86 1679 1678
f 86 1678 1588
f 86 1588 1587
f 86 1587 1586
f 86 1586 1577
f 86 1577 1485
f 86 1485 1484
f 86 1484 1483
f 86 1483 1482
f 86 1482 1400
f 86 1400 1399
f 86 1399 1398
f 86 1398 1397
f 86 1397 1393
f 86 1393 1270
f 86 1270 1269
f 86 1269 1268
f 86 1268 1267
f 86 1267 1392
f 86 1392 1263
f 86 1263 1262
f 86 1262 1261
f 86 1261 1260
f 86 1260 1133
f 86 1133 1022
f 86 1022 931
f 86 931 829
f 86 829 739
f 86 739 651
f 86 651 648
f 86 648 562
f 86 562 561
f 86 561 560
f 86 560 559
f 86 559 475
f 86 475 474
f 86 474 403
f 86 403 402
f 86 402 398
f 86 398 326
f 86 326 337
f 86 337 336
f 86 336 325
f 86 325 262
f 86 262 206
f 86 206 205
f 86 205 204
f 86 204 147
f 86 147 146
f 86 146 145
f 86 145 144
f 86 144 142
f 86 142 89
f 86 89 88
f 87 91 92
f 89 142 90
f 90 142 143
f 90 143 91
f 91 143 93
f 93 143 94
f 94 143 144
f 94 144 145
f 94 145 146
f 94 146 147
f 94 147 148
f 94 148 149
f 94 149 150
f 94 150 151
f 94 151 152
f 94 152 95
f 95 152 97
f 97 152 151
f 97 151 153
f 97 153 154
f 97 154 98
f 98 154 153
f 98 153 155
f 98 155 156
f 98 156 157
f 98 157 100
f 100 158 159
f 100 159 105
f 100 157 160
f 100 160 158
f 103 105 161
f 103 161 104
f 104 161 162
f 104 162 163
f 104 163 107
f 105 159 161
f 106 110 108
f 106 164 165
f 106 165 166
f 106 166 167
f 106 167 110
f 107 163 168
f 107 168 164
f 108 110 109
f 110 167 169
f 110 169 111
f 111 170 171
f 111 171 172
f 111 172 112
f 111 169 170
f 112 172 113
f 113 172 236
f 113 236 173
f 114 173 174
f 114 174 175
f 114 175 176
f 114 176 177
f 114 177 115
f 115 177 178
f 115 178 116
f 116 178 179
f 116 179 124
f 117 126 118
f 118 126 119
f 119 126 122
f 119 122 120
f 120 122 121
f 122 126 180
f 122 180 127
f 124 179 243
f 124 243 181
f 124 181 182
f 124 182 126
f 124 126 125
f 126 183 180
f 126 182 184
f 126 184 185
f 126 185 186
f 126 186 187
f 126 187 183
f 127 180 183
f 127 183 187
f 127 187 186
f 127 186 132
f 127 132 131
f 128 134 188
f 128 188 129
f 129 188 140
f 129 136 135
f 130 133 189
f 130 189 134
f 132 186 190
f 132 190 191
f 132 191 192
f 132 192 193
f 132 193 194
f 132 194 133
f 133 194 193
f 133 193 195
f 133 195 189
f 134 196 197
f 134 197 198
f 134 198 188
f 134 189 195
f 134 195 199
f 134 199 200
f 134 200 201
f 134 201 202
f 134 202 196
f 137 140 203
f 140 188 198
f 140 198 203
f 142 144 143
f 147 204 149
f 147 149 148
f 149 204 205
f 149 205 206
f 149 206 207
f 149 207 208
f 149 208 209
f 149 209 153
f 149 153 151
f 149 151 150
f 153 209 155
f 155 210 156
f 155 209 210
f 156 210 211
f 156 211 212
f 156 212 157
f 157 212 213
f 157 213 160
f 158 214 215
f 158 215 216
f 158 216 217
f 158 217 159
f 158 160 218
f 158 218 219
f 158 219 275
f 158 275 214
f 159 217 220
f 159 220 162
f 159 162 161
f 160 213 221
f 160 221 218
f 162 220 222
f 162 222 163
f 163 222 168
f 164 168 223
f 164 223 165
f 165 224 225
f 165 225 166
f 165 223 226
f 165 226 227
f 165 227 228
f 165 228 224
f 166 225 167
f 167 225 229
f 167 229 230
f 167 230 169
f 168 222 215
f 168 215 231
f 168 231 223
f 169 230 232
f 169 232 170
f 170 233 234
f 170 234 235
f 170 235 172
f 170 172 171
f 170 232 233
f 172 235 290
f 172 290 236
f 173 236 174
f 174 236 175
f 175 236 237
f 175 237 238
f 175 238 239
f 175 239 176
f 176 239 240
f 176 240 179
f 176 179 178
f 176 178 177
f 179 240 241
f 179 241 242
f 179 242 243
f 181 243 244
f 181 244 245
f 181 245 182
f 182 245 246
f 182 246 247
f 182 247 184
f 184 247 185
f 185 247 248
f 185 248 186
f 186 248 249
f 186 249 250
f 186 250 190
f 190 250 251
f 190 251 252
f 190 252 191
f 191 252 253
f 191 253 254
f 191 254 192
f 192 254 255
f 192 255 193
f 193 255 200
f 193 200 195
f 195 200 199
f 200 255 256
f 200 256 257
f 200 257 258
f 200 258 259
f 200 259 260
f 200 260 261
f 200 261 202
f 200 202 201
f 206 262 263
f 206 263 207
f 207 264 208
f 207 263 265
f 207 265 264
f 208 264 266
f 208 266 209
f 209 266 210
f 210 266 267
f 210 267 268
f 210 268 211
f 211 268 269
f 211 269 212
f 212 269 270
f 212 270 271
f 212 271 213
f 213 272 278
f 213 278 221
f 213 271 273
f 213 273 272
f 214 274 223
f 214 223 231
f 214 231 215
f 214 275 274
f 215 222 216
f 216 222 220
f 216 220 217
f 218 221 276
f 218 276 277
f 218 277 219
f 219 277 275
f 221 278 276
f 223 274 226
f 224 279 280
f 224 280 225
f 224 228 281
f 224 281 282
f 224 282 283
f 224 283 279
f 225 280 229
f 226 274 227
f 227 274 284
f 227 284 285
f 227 285 228
f 228 285 281
f 229 280 279
f 229 279 230
f 230 279 286
f 230 286 232
f 232 286 287
f 232 287 233
f 233 287 288
f 233 288 234
f 234 288 235
f 235 289 362
f 235 362 290
f 235 288 279
f 235 279 291
f 235 291 289
f 236 290 238
f 236 238 237
f 238 290 292
f 238 292 293
f 238 293 294
f 238 294 239
f 239 294 295
f 239 295 240
f 240 296 297
f 240 297 241
f 240 295 296
f 241 297 242
f 242 297 298
f 242 298 299
f 242 299 300
f 242 300 301
f 242 301 302
f 242 302 243
f 243 302 244
f 244 302 303
f 244 303 304
f 244 304 305
f 244 305 245
f 245 305 246
f 246 305 306
f 246 306 248
f 246 248 247
f 248 306 307
f 248 307 249
f 249 307 308
f 249 308 304
f 249 304 309
f 249 309 375
f 249 375 310
f 249 310 311
f 249 311 250
f 250 311 312
f 250 312 251
f 251 312 378
f 251 378 313
f 251 313 314
f 251 314 315
f 251 315 252
f 252 316 317
f 252 317 253
f 252 315 316
f 253 317 318
f 253 318 254
f 254 319 320
f 254 320 255
f 254 318 319
f 255 320 256
f 256 320 321
f 256 321 257
f 257 321 322
f 257 322 323
f 257 323 258
f 258 323 324
f 262 325 263
f 263 326 327
f 263 327 328
f 263 328 329
f 263 329 330
f 263 330 331
f 263 331 332
f 263 332 333
f 263 333 334
f 263 334 335
f 263 335 265
f 263 325 336
f 263 336 337
f 263 337 326
f 264 265 338
f 264 338 267
f 264 267 266
f 265 335 338
f 267 338 335
f 267 335 339
f 267 339 268
f 268 339 333
f 268 333 340
f 268 340 341
f 268 341 270
f 268 270 269
f 270 341 271
f 271 341 340
f 271 340 409
f 271 409 342
f 271 342 343
f 271 343 273
f 272 273 343
f 272 343 278
f 274 344 284
f 274 275 345
f 274 345 346
f 274 346 344
f 275 277 276
f 275 276 347
f 275 347 345
f 276 278 348
f 276 348 347
f 278 343 349
f 278 349 419
f 278 419 348
f 279 350 291
f 279 288 286
f 279 283 351
f 279 351 352
f 279 352 350
f 281 285 353
f 281 353 282
f 282 353 283
f 283 353 284
f 283 284 344
f 283 344 354
f 283 354 355
f 283 355 356
f 283 356 357
f 283 357 358
f 283 358 359
f 283 359 351
f 284 353 285
f 286 288 287
f 289 291 360
f 289 360 361
f 289 361 437
f 289 437 362
f 290 362 363
f 290 363 364
f 290 364 365
f 290 365 292
f 291 350 360
f 292 365 293
f 293 366 294
f 293 365 366
f 294 367 295
f 294 366 367
f 295 367 364
f 295 364 296
f 296 364 368
f 296 368 297
f 297 368 298
f 298 368 364
f 298 364 369
f 298 369 370
f 298 370 371
f 298 371 299
f 299 371 372
f 299 372 300
f 300 372 373
f 300 373 374
f 300 374 301
f 301 374 302
f 302 374 309
f 302 309 303
f 303 309 304
f 304 308 305
f 305 308 306
f 306 308 307
f 309 374 375
f 310 375 376
f 310 376 311
f 311 376 377
f 311 377 312
f 312 377 378
f 313 378 379
f 313 379 314
f 314 379 315
f 315 379 380
f 315 380 455
f 315 455 381
f 315 381 382
f 315 382 316
f 316 382 318
f 316 318 317
f 318 382 381
f 318 381 383
f 318 383 384
f 318 384 319
f 319 385 321
f 319 321 320
f 319 384 386
f 319 386 385
f 321 385 322
f 322 386 323
f 322 385 386
f 323 386 387
f 323 387 383
f 323 383 388
f 323 388 389
f 323 389 390
f 323 390 391
f 323 391 392
f 323 392 393
f 323 393 394
f 323 394 395
f 323 395 396
f 323 396 397
f 323 397 324
f 326 398 327
f 327 399 400
f 327 400 401
f 327 401 328
f 327 398 402
f 327 402 403
f 327 403 399
f 328 401 404
f 328 404 329
f 329 405 330
f 329 404 406
f 329 406 405
f 330 405 331
f 331 405 407
f 331 407 408
f 331 408 409
f 331 409 333
f 331 333 410
f 331 410 332
f 332 410 333
f 333 409 340
f 333 339 334
f 334 339 335
f 342 411 412
f 342 412 413
f 342 413 349
f 342 349 343
f 342 409 408
f 342 408 414
f 342 414 411
f 344 415 354
f 344 346 416
f 344 416 417
f 344 417 418
f 344 418 356
f 344 356 415
f 345 416 346
f 345 347 348
f 345 348 419
f 345 419 420
f 345 420 416
f 349 413 421
f 349 421 422
f 349 422 419
f 350 423 360
f 350 352 424
f 350 424 499
f 350 499 423
f 351 359 352
f 352 359 425
f 352 425 424
f 354 415 356
f 354 356 355
f 356 418 426
f 356 426 427
f 356 427 428
f 356 428 429
f 356 429 430
f 356 430 357
f 357 431 358
f 357 430 432
f 357 432 431
f 358 425 359
f 358 431 425
f 360 423 433
f 360 433 361
f 361 433 423
f 361 423 434
f 361 434 435
f 361 435 436
f 361 436 514
f 361 514 437
f 362 437 438
f 362 438 363
f 363 439 364
f 363 438 439
f 364 367 365
f 364 439 440
f 364 440 441
f 364 441 369
f 365 367 366
f 369 442 443
f 369 443 444
f 369 444 445
f 369 445 446
f 369 446 447
f 369 447 448
f 369 448 373
f 369 373 449
f 369 449 370
f 369 441 442
f 370 449 371
f 371 449 372
f 372 449 373
f 373 448 374
f 374 448 450
f 374 450 451
f 374 451 375
f 375 451 452
f 375 452 377
f 375 377 376
f 377 452 453
f 377 453 378
f 378 453 533
f 378 533 454
f 378 454 379
f 379 454 380
f 380 454 456
f 380 456 457
f 380 457 458
f 380 458 459
f 380 459 461
f 380 461 455
f 381 455 383
f 383 455 389
f 383 389 460
f 383 460 388
f 383 387 384
f 384 387 386
f 388 460 389
f 389 455 461
f 389 461 462
f 389 462 463
f 389 463 390
f 390 463 391
f 391 463 464
f 391 464 465
f 391 465 392
f 392 465 466
f 392 466 393
f 393 466 467
f 393 467 468
f 393 468 469
f 393 469 470
f 393 470 471
f 393 471 472
f 393 472 394
f 399 473 400
f 399 403 474
f 399 474 475
f 399 475 476
f 399 476 477
f 399 477 478
f 399 478 479
f 399 479 480
f 399 480 473
f 400 473 481
f 400 481 401
f 401 481 406
f 401 406 404
f 405 406 407
f 406 481 482
f 406 482 407
f 407 482 483
f 407 483 484
f 407 484 485
f 407 485 486
f 407 486 408
f 408 486 414
f 411 414 487
f 411 487 488
f 411 488 489
f 411 489 412
f 412 490 422
f 412 422 421
f 412 421 413
f 412 489 574
f 412 574 490
f 414 486 485
f 414 485 491
f 414 491 492
f 414 492 487
f 416 493 417
f 416 420 493
f 417 493 494
f 417 494 495
f 417 495 418
f 418 495 426
f 419 422 496
f 419 496 420
f 420 496 497
f 420 497 498
f 420 498 495
f 420 495 494
f 420 494 493
f 422 490 496
f 423 499 500
f 423 500 511
f 423 511 434
f 424 425 501
f 424 501 499
f 425 431 501
f 426 495 427
f 427 495 428
f 428 495 497
f 428 497 429
f 429 497 502
f 429 502 503
f 429 503 504
f 429 504 505
f 429 505 430
f 430 505 506
f 430 506 432
f 431 507 508
f 431 508 501
f 431 432 506
f 431 506 505
f 431 505 509
f 431 509 510
f 431 510 507
f 434 511 435
f 435 512 436
f 435 511 605
f 435 605 512
f 436 512 513
f 436 513 607
f 436 607 514
f 437 514 515
f 437 515 516
f 437 516 517
f 437 517 518
f 437 518 438
f 438 518 517
f 438 517 439
f 439 519 440
f 439 517 611
f 439 611 519
f 440 519 520
f 440 520 442
f 440 442 441
f 442 520 443
f 443 520 521
f 443 521 444
f 444 521 522
f 444 522 523
f 444 523 445
f 445 523 524
f 445 524 525
f 445 525 526
f 445 526 527
f 445 527 528
f 445 528 448
f 445 448 529
f 445 529 447
f 445 447 446
f 447 529 448
f 448 528 530
f 448 530 531
f 448 531 450
f 450 531 451
f 451 453 452
f 451 531 532
f 451 532 533
f 451 533 453
f 454 533 534
f 454 534 535
f 454 535 456
f 456 535 457
f 457 535 534
f 457 534 536
f 457 536 630
f 457 630 537
f 457 537 458
f 458 537 538
f 458 538 539
f 458 539 459
f 459 540 541
f 459 541 461
f 459 539 542
f 459 542 543
f 459 543 540
f 461 541 462
f 462 541 540
f 462 540 544
f 462 544 545
f 462 545 546
f 462 546 464
f 462 464 463
f 464 546 547
f 464 547 466
f 464 466 465
f 466 547 467
f 467 547 548
f 467 548 468
f 468 548 549
f 468 549 550
f 468 550 551
f 468 551 552
f 468 552 553
f 468 553 554
f 468 554 555
f 468 555 556
f 468 556 557
f 468 557 469
f 473 482 481
f 473 480 558
f 473 558 482
f 475 559 477
f 475 477 476
f 477 559 560
f 477 560 561
f 477 561 562
f 477 562 563
f 477 563 564
f 477 564 565
f 477 565 566
f 477 566 567
f 477 567 479
f 477 479 478
f 479 567 568
f 479 568 480
f 480 568 569
f 480 569 570
f 480 570 558
f 482 558 571
f 482 571 483
f 483 571 491
f 483 491 484
f 484 491 485
f 487 492 488
f 488 492 572
f 488 572 489
f 489 572 573
f 489 573 660
f 489 660 574
f 490 575 496
f 490 574 576
f 490 576 575
f 491 571 577
f 491 577 492
f 492 577 578
f 492 578 572
f 495 498 497
f 496 575 497
f 497 575 579
f 497 579 580
f 497 580 502
f 499 581 582
f 499 582 500
f 499 501 581
f 500 582 583
f 500 583 511
f 501 508 584
f 501 584 585
f 501 585 581
f 502 580 586
f 502 586 503
f 503 586 587
f 503 587 588
f 503 588 589
f 503 589 590
f 503 590 591
f 503 591 592
f 503 592 593
f 503 593 594
f 503 594 504
f 504 595 505
f 504 594 596
f 504 596 595
f 505 597 598
f 505 598 599
f 505 599 509
f 505 595 600
f 505 600 601
f 505 601 597
f 507 584 508
f 507 510 584
f 509 599 598
f 509 598 510
f 510 598 602
f 510 602 684
f 510 684 603
f 510 603 604
f 510 604 584
f 511 583 605
f 512 605 606
f 512 606 513
f 513 606 686
f 513 686 607
f 514 607 608
f 514 608 515
f 515 609 516
f 515 608 687
f 515 687 609
f 516 609 610
f 516 610 517
f 517 610 611
f 519 611 612
f 519 612 520
f 520 612 521
f 521 612 613
f 521 613 614
f 521 614 615
f 521 615 616
f 521 616 617
f 521 617 618
f 521 618 522
f 522 618 523
f 523 618 617
f 523 617 524
f 524 619 620
f 524 620 621
f 524 621 622
f 524 622 525
f 524 617 619
f 525 622 623
f 525 623 526
f 526 623 527
f 527 623 528
f 528 623 530
f 530 623 624
f 530 624 625
f 530 625 531
f 531 625 532
f 532 623 626
f 532 626 622
f 532 622 627
f 532 627 533
f 532 625 624
f 532 624 623
f 533 627 534
f 534 627 536
f 536 627 628
f 536 628 629
f 536 629 630
f 537 630 720
f 537 720 631
f 537 631 632
f 537 632 542
f 537 542 538
f 538 542 539
f 540 543 544
f 542 633 634
f 542 634 543
f 542 632 633
f 543 545 544
f 543 634 635
f 543 635 545
f 545 635 546
f 546 548 547
f 546 635 636
f 546 636 548
f 548 636 549
f 549 636 637
f 549 637 638
f 549 638 639
f 549 639 550
f 550 639 640
f 550 640 552
f 550 552 551
f 552 640 641
f 552 641 642
f 552 642 643
f 552 643 644
f 552 644 645
f 552 645 646
f 552 646 647
f 552 647 553
f 553 647 554
f 558 570 571
f 562 648 563
f 563 649 650
f 563 650 564
f 563 648 651
f 563 651 649
f 564 650 652
f 564 652 653
f 564 653 565
f 565 653 654
f 565 654 655
f 565 655 566
f 566 655 568
f 566 568 567
f 568 570 569
f 568 655 570
f 570 656 577
f 570 577 571
f 570 655 657
f 570 657 658
f 570 658 656
f 572 659 573
f 572 578 659
f 573 659 661
f 573 661 662
f 573 662 660
f 574 660 576
f 575 663 580
f 575 580 579
f 575 576 664
f 575 664 665
f 575 665 663
f 576 660 662
f 576 662 666
f 576 666 667
f 576 667 664
f 577 656 578
f 578 656 668
f 578 668 659
f 580 587 586
f 580 663 669
f 580 669 588
f 580 588 587
f 581 585 603
f 581 603 582
f 582 603 583
f 583 603 605
f 584 604 603
f 584 603 585
f 588 669 589
f 589 664 667
f 589 667 666
f 589 666 670
f 589 670 593
f 589 593 591
f 589 591 590
f 589 669 664
f 591 593 592
f 593 671 672
f 593 672 673
f 593 673 594
f 593 670 674
f 593 674 675
f 593 675 676
f 593 676 677
f 593 677 671
f 594 673 600
f 594 600 596
f 595 596 600
f 597 601 602
f 597 602 598
f 600 673 678
f 600 678 679
f 600 679 680
f 600 680 681
f 600 681 602
f 600 602 601
f 602 681 682
f 602 682 683
f 602 683 684
f 603 606 605
f 603 684 685
f 603 685 606
f 606 685 784
f 606 784 686
f 607 686 687
f 607 687 608
f 609 687 688
f 609 688 610
f 610 689 690
f 610 690 611
f 610 688 689
f 611 690 612
f 612 691 613
f 612 690 692
f 612 692 691
f 613 691 614
f 614 691 615
f 615 693 694
f 615 694 697
f 615 697 616
f 615 691 695
f 615 695 696
f 615 696 785
f 615 785 693
f 616 697 617
f 617 697 694
f 617 694 698
f 617 698 699
f 617 699 700
f 617 700 701
f 617 701 619
f 619 701 702
f 619 702 703
f 619 703 620
f 620 704 705
f 620 705 706
f 620 706 707
f 620 707 708
f 620 708 709
f 620 709 710
f 620 710 621
f 620 703 711
f 620 711 704
f 621 710 712
f 621 712 622
f 622 712 713
f 622 713 628
f 622 628 627
f 622 626 623
f 628 713 712
f 628 712 714
f 628 714 715
f 628 715 716
f 628 716 629
f 629 716 717
f 629 717 718
f 629 718 719
f 629 719 720
f 629 720 630
f 631 720 719
f 631 719 721
f 631 721 722
f 631 722 632
f 632 722 633
f 633 723 724
f 633 724 634
f 633 722 723
f 634 724 637
f 634 637 635
f 635 637 636
f 637 639 638
f 637 724 725
f 637 725 726
f 637 726 727
f 637 727 639
f 639 727 641
f 639 641 640
f 641 727 642
f 642 728 643
f 642 727 729
f 642 729 728
f 643 728 730
f 643 730 731
f 643 731 644
f 644 731 732
f 644 732 733
f 644 733 734
f 644 734 645
f 649 735 650
f 649 651 735
f 650 735 736
f 650 736 737
f 650 737 738
f 650 738 652
f 651 739 735
f 652 738 740
f 652 740 741
f 652 741 654
f 652 654 653
f 654 741 742
f 654 742 743
f 654 743 744
f 654 744 655
f 655 744 658
f 655 658 657
f 656 745 668
f 656 658 746
f 656 746 747
f 656 747 748
f 656 748 745
f 658 744 749
f 658 749 750
f 658 750 751
f 658 751 746
f 659 752 661
f 659 668 752
f 661 752 662
f 662 752 668
f 662 668 753
f 662 753 666
f 663 665 669
f 664 669 665
f 666 753 754
f 666 754 755
f 666 755 756
f 666 756 670
f 668 745 757
f 668 757 758
f 668 758 759
f 668 759 753
f 670 760 674
f 670 756 760
f 671 677 761
f 671 761 672
f 672 761 678
f 672 678 673
f 674 760 762
f 674 762 675
f 675 762 676
f 676 762 763
f 676 763 764
f 676 764 765
f 676 765 766
f 676 766 677
f 677 766 767
f 677 767 768
f 677 768 769
f 677 769 770
f 677 770 771
f 677 771 772
f 677 772 773
f 677 773 761
f 678 774 679
f 678 761 774
f 679 774 775
f 679 775 776
f 679 776 777
f 679 777 682
f 679 682 680
f 680 682 681
f 682 777 684
f 682 684 683
f 684 777 776
f 684 776 778
f 684 778 779
f 684 779 780
f 684 780 685
f 685 780 781
f 685 781 871
f 685 871 782
f 685 782 872
f 685 872 783
f 685 783 876
f 685 876 978
f 685 978 877
f 685 877 784
f 686 784 696
f 686 696 687
f 687 696 688
f 688 696 689
f 689 696 692
f 689 692 690
f 691 692 696
f 691 696 695
f 693 785 786
f 693 786 787
f 693 787 788
f 693 788 700
f 693 700 699
f 693 699 698
f 693 698 694
f 696 784 785
f 700 788 789
f 700 789 790
f 700 790 791
f 700 791 792
f 700 792 703
f 700 703 702
f 700 702 701
f 703 792 711
f 704 711 705
f 705 711 707
f 705 707 706
f 707 711 793
f 707 793 718
f 707 718 717
f 707 717 716
f 707 716 794
f 707 794 708
f 708 794 712
f 708 712 709
f 709 712 710
f 711 795 793
f 711 792 796
f 711 796 797
f 711 797 798
f 711 798 799
f 711 799 800
f 711 800 795
f 712 794 714
f 714 794 715
f 715 794 716
f 718 801 802
f 718 802 803
f 718 803 804
f 718 804 719
f 718 793 801
f 719 805 721
f 719 804 723
f 719 723 805
f 721 805 722
f 722 805 723
f 723 804 806
f 723 806 807
f 723 807 808
f 723 808 809
f 723 809 724
f 724 809 810
f 724 810 811
f 724 811 812
f 724 812 725
f 725 813 814
f 725 814 815
f 725 815 816
f 725 816 727
f 725 727 726
f 725 812 813
f 727 816 729
f 728 729 730
f 729 816 817
f 729 817 818
f 729 818 819
f 729 819 730
f 730 819 820
f 730 820 821
f 730 821 731
f 731 821 822
f 731 822 823
f 731 823 824
f 731 824 732
f 732 824 733
f 733 824 825
f 735 826 827
f 735 827 832
f 735 832 831
f 735 831 828
f 735 828 736
f 735 739 829
f 735 829 826
f 736 830 737
f 736 828 830
f 737 830 738
f 738 830 831
f 738 831 740
f 740 831 742
f 740 742 741
f 742 831 832
f 742 832 827
f 742 827 930
f 742 930 833
f 742 833 938
f 742 938 834
f 742 834 835
f 742 835 743
f 743 835 942
f 743 942 836
f 743 836 744
f 744 836 749
f 745 837 757
f 745 748 838
f 745 838 839
f 745 839 837
f 746 751 747
f 747 751 750
f 747 750 749
f 747 749 840
f 747 840 841
f 747 841 842
f 747 842 843
f 747 843 844
f 747 844 845
f 747 845 846
f 747 846 847
f 747 847 748
f 748 847 838
f 749 836 848
f 749 848 849
f 749 849 840
f 753 759 850
f 753 850 754
f 754 764 755
f 754 850 851
f 754 851 852
f 754 852 764
f 755 764 756
f 756 764 763
f 756 763 760
f 757 837 758
f 758 837 853
f 758 853 759
f 759 853 851
f 759 851 850
f 760 763 762
f 761 773 774
f 764 854 765
f 764 852 855
f 764 855 854
f 765 767 766
f 765 854 856
f 765 856 767
f 767 856 768
f 768 857 769
f 768 856 858
f 768 858 857
f 769 857 859
f 769 859 770
f 770 859 860
f 770 860 861
f 770 861 771
f 771 862 956
f 771 956 863
f 771 863 772
f 771 861 864
f 771 864 865
f 771 865 957
f 771 957 862
f 772 866 773
f 772 863 866
f 773 867 775
f 773 775 774
f 773 866 867
f 775 868 778
f 775 778 776
f 775 867 868
f 778 868 779
f 779 868 869
f 779 869 780
f 780 869 870
f 780 870 781
f 781 870 871
f 782 871 965
f 782 965 872
f 783 872 965
f 783 965 873
f 783 873 874
f 783 874 875
f 783 875 974
f 783 974 876
f 784 877 982
f 784 982 878
f 784 878 983
f 784 983 879
f 784 879 880
f 784 880 785
f 785 880 881
f 785 881 882
f 785 882 884
f 785 884 883
f 785 883 787
f 785 787 786
f 787 883 790
f 787 790 789
f 787 789 788
f 790 884 885
f 790 885 886
f 790 886 791
f 790 883 884
f 791 796 792
f 791 886 887
f 791 887 796
f 793 795 888
f 793 888 801
f 795 800 889
f 795 889 888
f 796 887 797
f 797 887 798
f 798 887 890
f 798 890 891
f 798 891 892
f 798 892 893
f 798 893 894
f 798 894 895
f 798 895 896
f 798 896 897
f 798 897 799
f 799 898 889
f 799 889 800
f 799 897 899
f 799 899 900
f 799 900 898
f 801 898 900
f 801 900 802
f 801 888 898
f 802 900 803
f 803 901 902
f 803 902 804
f 803 900 903
f 803 903 901
f 804 902 806
f 806 902 901
f 806 901 904
f 806 904 807
f 807 904 905
f 807 905 808
f 808 905 809
f 809 905 906
f 809 906 907
f 809 907 810
f 810 907 908
f 810 908 811
f 811 908 909
f 811 909 910
f 811 910 911
f 811 911 912
f 811 912 913
f 811 913 914
f 811 914 915
f 811 915 815
f 811 815 814
f 811 814 813
f 811 813 812
f 815 916 917
f 815 917 918
f 815 918 816
f 815 915 916
f 816 918 817
f 817 918 1007
f 817 1007 919
f 817 919 818
f 818 919 920
f 818 920 1010
f 818 1010 921
f 818 921 1018
f 818 1018 922
f 818 922 923
f 818 923 924
f 818 924 820
f 818 820 819
f 820 924 821
f 821 925 822
f 821 924 925
f 822 925 823
f 823 925 926
f 823 926 824
f 824 926 924
f 824 924 923
f 824 923 922
f 824 922 927
f 824 927 928
f 824 928 825
f 826 929 930
f 826 930 827
f 826 829 931
f 826 931 929
f 828 831 830
f 833 932 933
f 833 933 934
f 833 934 935
f 833 935 936
f 833 936 937
f 833 937 938
f 833 930 939
f 833 939 932
f 834 938 1034
f 834 1034 940
f 834 940 835
f 835 940 941
f 835 941 942
f 836 943 843
f 836 843 842
f 836 842 841
f 836 841 840
f 836 840 849
f 836 849 848
f 836 942 943
f 837 839 853
f 838 847 846
f 838 846 839
f 839 944 853
f 839 846 944
f 843 945 946
f 843 946 845
f 843 845 844
f 843 943 945
f 845 855 852
f 845 852 947
f 845 947 846
f 845 946 945
f 845 945 948
f 845 948 855
f 846 947 944
f 851 853 944
f 851 944 947
f 851 947 852
f 854 855 856
f 855 948 949
f 855 949 950
f 855 950 856
f 856 950 858
f 857 860 859
f 857 858 864
f 857 864 860
f 858 950 951
f 858 951 864
f 860 864 861
f 862 952 953
f 862 953 954
f 862 954 955
f 862 955 956
f 862 957 958
f 862 958 952
f 863 956 1055
f 863 1055 959
f 863 959 866
f 864 951 960
f 864 960 865
f 865 960 951
f 865 951 961
f 865 961 962
f 865 962 1056
f 865 1056 957
f 866 963 867
f 866 959 963
f 867 963 959
f 867 959 964
f 867 964 869
f 867 869 868
f 869 964 870
f 870 964 959
f 870 959 871
f 871 959 1055
f 871 1055 965
f 873 965 966
f 873 966 967
f 873 967 874
f 874 967 968
f 874 968 875
f 875 968 969
f 875 969 1064
f 875 1064 970
f 875 970 971
f 875 971 972
f 875 972 973
f 875 973 1069
f 875 1069 974
f 876 974 975
f 876 975 976
f 876 976 1078
f 876 1078 977
f 876 977 1080
f 876 1080 978
f 877 979 980
f 877 980 981
f 877 981 1092
f 877 1092 982
f 877 978 1083
f 877 1083 979
f 878 982 1092
f 878 1092 983
f 879 983 984
f 879 984 985
f 879 985 880
f 880 985 881
f 881 985 986
f 881 986 882
f 882 986 885
f 882 885 884
f 885 986 987
f 885 987 890
f 885 890 886
f 886 890 887
f 888 889 898
f 890 987 988
f 890 988 891
f 891 988 989
f 891 989 892
f 892 990 893
f 892 989 1096
f 892 1096 991
f 892 991 1102
f 892 1102 992
f 892 992 993
f 892 993 990
f 893 990 994
f 893 994 995
f 893 995 894
f 894 995 996
f 894 996 895
f 895 996 997
f 895 997 998
f 895 998 896
f 896 998 899
f 896 899 897
f 899 999 900
f 899 998 999
f 900 999 1000
f 900 1000 903
f 901 1001 904
f 901 903 1002
f 901 1002 1001
f 903 1000 910
f 903 910 1002
f 904 1001 906
f 904 906 905
f 906 1001 909
f 906 909 907
f 907 909 908
f 909 1002 910
f 909 1001 1002
f 910 1000 1003
f 910 1003 1004
f 910 1004 1005
f 910 1005 912
f 910 912 911
f 912 1005 1004
f 912 1004 1006
f 912 1006 918
f 912 918 913
f 913 918 914
f 914 918 915
f 915 918 916
f 916 918 917
f 918 1006 1007
f 919 1007 1008
f 919 1008 1009
f 919 1009 920
f 920 1009 1114
f 920 1114 1010
f 921 1010 1011
f 921 1011 1012
f 921 1012 1013
f 921 1013 1014
f 921 1014 1015
f 921 1015 1016
f 921 1016 1017
f 921 1017 1018
f 922 1018 1019
f 922 1019 927
f 924 926 925
f 927 1019 1020
f 927 1020 928
f 929 1021 930
f 929 931 1021
f 930 1021 1023
f 930 1023 932
f 930 932 939
f 931 1022 1021
f 932 1023 1024
f 932 1024 1025
f 932 1025 933
f 933 1025 1026
f 933 1026 934
f 934 1026 935
f 935 1026 1027
f 935 1027 1028
f 935 1028 1029
f 935 1029 1030
f 935 1030 936
f 936 1031 1032
f 936 1032 937
f 936 1030 1031
f 937 1032 1033
f 937 1033 1034
f 937 1034 938
f 940 1034 1152
f 940 1152 1035
f 940 1035 1036
f 940 1036 941
f 941 1036 1037
f 941 1037 943
f 941 943 942
f 943 1037 1038
f 943 1038 945
f 945 1038 948
f 948 1039 949
f 948 1038 1040
f 948 1040 1039
f 949 1039 1041
f 949 1041 950
f 950 1041 1042
f 950 1042 951
f 951 1042 961
f 952 1043 953
f 952 958 1043
f 953 1043 1044
f 953 1044 1045
f 953 1045 954
f 954 1046 1047
f 954 1047 955
f 954 1045 1048
f 954 1048 1049
f 954 1049 1050
f 954 1050 1051
f 954 1051 1052
f 954 1052 1053
f 954 1053 1046
f 955 1047 1054
f 955 1054 956
f 956 1054 1055
f 957 1056 1057
f 957 1057 1058
f 957 1058 1059
f 957 1059 958
f 958 1059 1058
f 958 1058 1060
f 958 1060 1061
f 958 1061 1043
f 961 1042 962
f 962 1042 1156
f 962 1156 1056
f 965 1055 966
f 966 1055 1062
f 966 1062 967
f 967 1063 968
f 967 1062 1160
f 967 1160 1063
f 968 1063 969
f 969 1063 1177
f 969 1177 1064
f 970 1064 1065
f 970 1065 971
f 971 1065 1066
f 971 1066 1067
f 971 1067 973
f 971 973 972
f 973 1068 1069
f 973 1067 1070
f 973 1070 1071
f 973 1071 1178
f 973 1178 1068
f 974 1069 1072
f 974 1072 1073
f 974 1073 1074
f 974 1074 1188
f 974 1188 1075
f 974 1075 1076
f 974 1076 975
f 975 1076 1077
f 975 1077 1079
f 975 1079 976
f 976 1079 1078
f 977 1078 1192
f 977 1192 1080
f 978 1080 1192
f 978 1192 1081
f 978 1081 1082
f 978 1082 1083
f 979 1084 1085
f 979 1085 1086
f 979 1086 1204
f 979 1204 1087
f 979 1087 1088
f 979 1088 980
f 979 1083 1200
f 979 1200 1089
f 979 1089 1084
f 980 1088 1090
f 980 1090 1091
f 980 1091 981
f 981 1091 1092
f 983 1092 1210
f 983 1210 1093
f 983 1093 984
f 984 1093 1094
f 984 1094 985
f 985 1094 987
f 985 987 986
f 987 1094 1093
f 987 1093 1095
f 987 1095 988
f 988 1095 1093
f 988 1093 989
f 989 1093 1210
f 989 1210 1096
f 990 993 994
f 991 1096 1097
f 991 1097 1098
f 991 1098 1099
f 991 1099 1100
f 991 1100 1101
f 991 1101 1102
f 992 1102 1228
f 992 1228 1103
f 992 1103 1104
f 992 1104 1105
f 992 1105 1106
f 992 1106 993
f 993 1106 1105
f 993 1105 997
f 993 997 996
f 993 996 994
f 994 996 995
f 997 1105 1107
f 997 1107 998
f 998 1107 1000
f 998 1000 999
f 1000 1108 1003
f 1000 1107 1108
f 1003 1109 1004
f 1003 1108 1110
f 1003 1110 1111
f 1003 1111 1109
f 1004 1109 1006
f 1006 1112 1008
f 1006 1008 1007
f 1006 1109 1112
f 1008 1112 1113
f 1008 1113 1009
f 1009 1113 1115
f 1009 1115 1234
f 1009 1234 1114
f 1010 1114 1011
f 1011 1114 1116
f 1011 1116 1117
f 1011 1117 1118
f 1011 1118 1012
f 1012 1118 1119
f 1012 1119 1013
f 1013 1119 1120
f 1013 1120 1121
f 1013 1121 1122
f 1013 1122 1123
f 1013 1123 1014
f 1014 1123 1015
f 1015 1123 1124
f 1015 1124 1016
f 1016 1124 1125
f 1016 1125 1126
f 1016 1126 1127
f 1016 1127 1018
f 1016 1018 1017
f 1018 1127 1019
f 1019 1127 1020
f 1020 1127 1129
f 1020 1129 1128
f 1021 1130 1131
f 1021 1131 1023
f 1021 1022 1132
f 1021 1132 1130
f 1022 1133 1132
f 1023 1131 1024
f 1024 1131 1134
f 1024 1134 1025
f 1025 1134 1130
f 1025 1130 1026
f 1026 1130 1135
f 1026 1135 1027
f 1027 1135 1028
f 1028 1135 1136
f 1028 1136 1137
f 1028 1137 1029
f 1029 1138 1139
f 1029 1139 1030
f 1029 1137 1140
f 1029 1140 1141
f 1029 1141 1138
f 1030 1139 1142
f 1030 1142 1031
f 1031 1142 1143
f 1031 1143 1144
f 1031 1144 1145
f 1031 1145 1146
f 1031 1146 1147
f 1031 1147 1148
f 1031 1148 1149
f 1031 1149 1032
f 1032 1149 1033
f 1033 1149 1150
f 1033 1150 1151
f 1033 1151 1034
f 1034 1151 1152
f 1035 1152 1290
f 1035 1290 1153
f 1035 1153 1036
f 1036 1153 1154
f 1036 1154 1040
f 1036 1040 1037
f 1037 1040 1038
f 1039 1040 1155
f 1039 1155 1042
f 1039 1042 1041
f 1040 1154 1155
f 1042 1155 1292
f 1042 1292 1156
f 1043 1061 1044
f 1044 1061 1045
f 1045 1061 1048
f 1046 1053 1157
f 1046 1157 1158
f 1046 1158 1159
f 1046 1159 1047
f 1047 1159 1177
f 1047 1177 1160
f 1047 1160 1054
f 1048 1061 1060
f 1048 1060 1161
f 1048 1161 1049
f 1049 1161 1162
f 1049 1162 1050
f 1050 1162 1051
f 1051 1163 1164
f 1051 1164 1165
f 1051 1165 1052
f 1051 1162 1166
f 1051 1166 1163
f 1052 1167 1168
f 1052 1168 1169
f 1052 1169 1170
f 1052 1170 1171
f 1052 1171 1172
f 1052 1172 1173
f 1052 1173 1174
f 1052 1174 1157
f 1052 1157 1053
f 1052 1165 1167
f 1054 1160 1175
f 1054 1175 1055
f 1055 1175 1160
f 1055 1160 1062
f 1056 1156 1057
f 1057 1156 1058
f 1058 1176 1060
f 1058 1156 1176
f 1060 1176 1161
f 1063 1160 1177
f 1064 1177 1065
f 1065 1177 1159
f 1065 1159 1158
f 1065 1158 1070
f 1065 1070 1066
f 1066 1070 1067
f 1068 1178 1179
f 1068 1179 1180
f 1068 1180 1181
f 1068 1181 1069
f 1069 1181 1182
f 1069 1182 1183
f 1069 1183 1073
f 1069 1073 1072
f 1070 1158 1174
f 1070 1174 1173
f 1070 1173 1184
f 1070 1184 1185
f 1070 1185 1179
f 1070 1179 1071
f 1071 1179 1178
f 1073 1183 1186
f 1073 1186 1187
f 1073 1187 1074
f 1074 1187 1188
f 1075 1188 1321
f 1075 1321 1189
f 1075 1189 1076
f 1076 1189 1077
f 1077 1190 1079
f 1077 1189 1322
f 1077 1322 1190
f 1078 1079 1191
f 1078 1191 1326
f 1078 1326 1192
f 1079 1190 1191
f 1081 1192 1193
f 1081 1193 1194
f 1081 1194 1082
f 1082 1194 1195
f 1082 1195 1083
f 1083 1195 1196
f 1083 1196 1329
f 1083 1329 1197
f 1083 1197 1198
f 1083 1198 1199
f 1083 1199 1200
f 1084 1089 1085
f 1085 1201 1202
f 1085 1202 1203
f 1085 1203 1086
f 1085 1089 1201
f 1086 1203 1204
f 1087 1204 1337
f 1087 1337 1205
f 1087 1205 1088
f 1088 1205 1090
f 1089 1200 1206
f 1089 1206 1341
f 1089 1341 1207
f 1089 1207 1208
f 1089 1208 1201
f 1090 1205 1338
f 1090 1338 1209
f 1090 1209 1091
f 1091 1209 1210
f 1091 1210 1092
f 1096 1210 1211
f 1096 1211 1097
f 1097 1211 1212
f 1097 1212 1098
f 1098 1213 1214
f 1098 1214 1215
f 1098 1215 1216
f 1098 1216 1217
f 1098 1217 1099
f 1098 1212 1218
f 1098 1218 1219
f 1098 1219 1220
f 1098 1220 1213
f 1099 1217 1221
f 1099 1221 1222
f 1099 1222 1100
f 1100 1222 1101
f 1101 1223 1224
f 1101 1224 1225
f 1101 1225 1102
f 1101 1222 1226
f 1101 1226 1223
f 1102 1225 1224
f 1102 1224 1227
f 1102 1227 1228
f 1103 1228 1361
f 1103 1361 1229
f 1103 1229 1104
f 1104 1229 1105
f 1105 1229 1107
f 1107 1230 1108
f 1107 1229 1230
f 1108 1230 1110
f 1109 1111 1112
f 1110 1230 1229
f 1110 1229 1231
f 1110 1231 1111
f 1111 1231 1232
f 1111 1232 1113
f 1111 1113 1112
f 1113 1232 1233
f 1113 1233 1115
f 1114 1234 1235
f 1114 1235 1116
f 1115 1233 1364
f 1115 1364 1234
f 1116 1235 1236
f 1116 1236 1237
f 1116 1237 1117
f 1117 1237 1118
f 1118 1237 1238
f 1118 1238 1239
f 1118 1239 1240
f 1118 1240 1241
f 1118 1241 1242
f 1118 1242 1243
f 1118 1243 1244
f 1118 1244 1119
f 1119 1244 1245
f 1119 1245 1120
f 1120 1246 1121
f 1120 1245 1247
f 1120 1247 1248
f 1120 1248 1249
f 1120 1249 1246
f 1121 1246 1250
f 1121 1250 1251
f 1121 1251 1122
f 1122 1251 1123
f 1123 1251 1252
f 1123 1252 1124
f 1124 1252 1253
f 1124 1253 1125
f 1125 1253 1254
f 1125 1254 1126
f 1126 1254 1127
f 1127 1254 1252
f 1127 1252 1129
f 1128 1129 1255
f 1129 1252 1256
f 1129 1256 1257
f 1129 1257 1258
f 1129 1258 1255
f 1130 1134 1131
f 1130 1132 1259
f 1130 1259 1135
f 1132 1133 1260
f 1132 1260 1261
f 1132 1261 1262
f 1132 1262 1263
f 1132 1263 1259
f 1135 1259 1136
f 1136 1264 1265
f 1136 1265 1266
f 1136 1266 1137
f 1136 1259 1267
f 1136 1267 1268
f 1136 1268 1269
f 1136 1269 1270
f 1136 1270 1271
f 1136 1271 1272
f 1136 1272 1264
f 1137 1266 1140
f 1138 1141 1139
f 1139 1273 1274
f 1139 1274 1142
f 1139 1141 1275
f 1139 1275 1276
f 1139 1276 1273
f 1140 1266 1265
f 1140 1265 1277
f 1140 1277 1278
f 1140 1278 1141
f 1141 1278 1277
f 1141 1277 1279
f 1141 1279 1280
f 1141 1280 1281
f 1141 1281 1275
f 1142 1144 1143
f 1142 1274 1282
f 1142 1282 1145
f 1142 1145 1144
f 1145 1282 1146
f 1146 1282 1147
f 1147 1282 1148
f 1148 1282 1283
f 1148 1283 1284
f 1148 1284 1285
f 1148 1285 1286
f 1148 1286 1149
f 1149 1286 1287
f 1149 1287 1150
f 1150 1287 1288
f 1150 1288 1289
f 1150 1289 1151
f 1151 1289 1290
f 1151 1290 1152
f 1153 1290 1291
f 1153 1291 1155
f 1153 1155 1154
f 1155 1291 1292
f 1156 1292 1293
f 1156 1293 1294
f 1156 1294 1176
f 1157 1174 1158
f 1161 1176 1295
f 1161 1295 1296
f 1161 1296 1162
f 1162 1296 1166
f 1163 1297 1298
f 1163 1298 1164
f 1163 1166 1297
f 1164 1298 1167
f 1164 1167 1165
f 1166 1299 1300
f 1166 1300 1297
f 1166 1296 1295
f 1166 1295 1301
f 1166 1301 1299
f 1167 1298 1168
f 1168 1298 1297
f 1168 1297 1302
f 1168 1302 1169
f 1169 1302 1303
f 1169 1303 1304
f 1169 1304 1305
f 1169 1305 1306
f 1169 1306 1172
f 1169 1172 1307
f 1169 1307 1170
f 1170 1307 1172
f 1170 1172 1171
f 1172 1306 1308
f 1172 1308 1309
f 1172 1309 1310
f 1172 1310 1311
f 1172 1311 1312
f 1172 1312 1173
f 1173 1312 1184
f 1176 1294 1313
f 1176 1313 1295
f 1179 1314 1315
f 1179 1315 1182
f 1179 1182 1181
f 1179 1181 1180
f 1179 1185 1312
f 1179 1312 1311
f 1179 1311 1314
f 1182 1316 1317
f 1182 1317 1318
f 1182 1318 1187
f 1182 1187 1186
f 1182 1186 1183
f 1182 1315 1319
f 1182 1319 1316
f 1184 1312 1185
f 1187 1318 1320
f 1187 1320 1321
f 1187 1321 1188
f 1189 1321 1322
f 1190 1322 1191
f 1191 1322 1323
f 1191 1323 1324
f 1191 1324 1325
f 1191 1325 1431
f 1191 1431 1326
f 1192 1326 1193
f 1193 1326 1327
f 1193 1327 1194
f 1194 1328 1195
f 1194 1327 1434
f 1194 1434 1328
f 1195 1328 1196
f 1196 1328 1435
f 1196 1435 1329
f 1197 1329 1330
f 1197 1330 1198
f 1198 1330 1331
f 1198 1331 1332
f 1198 1332 1200
f 1198 1200 1199
f 1200 1333 1339
f 1200 1339 1206
f 1200 1332 1334
f 1200 1334 1333
f 1201 1208 1202
f 1202 1208 1203
f 1203 1335 1336
f 1203 1336 1337
f 1203 1337 1204
f 1203 1208 1335
f 1205 1337 1338
f 1206 1339 1340
f 1206 1340 1341
f 1207 1341 1340
f 1207 1340 1208
f 1208 1340 1342
f 1208 1342 1343
f 1208 1343 1344
f 1208 1344 1345
f 1208 1345 1335
f 1209 1338 1210
f 1210 1338 1346
f 1210 1346 1211
f 1211 1346 1338
f 1211 1338 1212
f 1212 1338 1337
f 1212 1337 1336
f 1212 1336 1218
f 1213 1220 1347
f 1213 1347 1348
f 1213 1348 1349
f 1213 1349 1350
f 1213 1350 1351
f 1213 1351 1214
f 1214 1351 1215
f 1215 1351 1352
f 1215 1352 1216
f 1216 1226 1217
f 1216 1352 1223
f 1216 1223 1226
f 1217 1226 1221
f 1218 1336 1335
f 1218 1335 1353
f 1218 1353 1219
f 1219 1353 1220
f 1220 1353 1345
f 1220 1345 1344
f 1220 1344 1354
f 1220 1354 1355
f 1220 1355 1356
f 1220 1356 1357
f 1220 1357 1358
f 1220 1358 1359
f 1220 1359 1347
f 1221 1226 1222
f 1223 1352 1360
f 1223 1360 1224
f 1224 1360 1361
f 1224 1361 1227
f 1227 1361 1228
f 1229 1361 1362
f 1229 1362 1231
f 1231 1362 1363
f 1231 1363 1233
f 1231 1233 1232
f 1233 1363 1364
f 1234 1364 1235
f 1235 1364 1365
f 1235 1365 1366
f 1235 1366 1236
f 1236 1366 1367
f 1236 1367 1237
f 1237 1367 1368
f 1237 1368 1238
f 1238 1368 1369
f 1238 1369 1370
f 1238 1370 1371
f 1238 1371 1372
f 1238 1372 1239
f 1239 1372 1240
f 1240 1372 1241
f 1241 1372 1244
f 1241 1244 1242
f 1242 1244 1243
f 1244 1372 1373
f 1244 1373 1245
f 1245 1373 1374
f 1245 1374 1375
f 1245 1375 1376
f 1245 1376 1248
f 1245 1248 1247
f 1246 1249 1377
f 1246 1377 1250
f 1248 1376 1378
f 1248 1378 1379
f 1248 1379 1380
f 1248 1380 1381
f 1248 1381 1382
f 1248 1382 1249
f 1249 1382 1381
f 1249 1381 1383
f 1249 1383 1377
f 1250 1256 1251
f 1250 1377 1383
f 1250 1383 1384
f 1250 1384 1385
f 1250 1385 1386
f 1250 1386 1387
f 1250 1387 1388
f 1250 1388 1389
f 1250 1389 1390
f 1250 1390 1391
f 1250 1391 1256
f 1251 1256 1252
f 1252 1254 1253
f 1256 1391 1257
f 1259 1263 1392
f 1259 1392 1267
f 1264 1272 1265
f 1265 1272 1277
f 1270 1393 1271
f 1271 1393 1272
f 1272 1394 1395
f 1272 1395 1396
f 1272 1396 1277
f 1272 1393 1397
f 1272 1397 1398
f 1272 1398 1399
f 1272 1399 1400
f 1272 1400 1394
f 1273 1282 1274
f 1273 1276 1282
f 1275 1281 1401
f 1275 1401 1402
f 1275 1402 1403
f 1275 1403 1404
f 1275 1404 1282
f 1275 1282 1276
f 1277 1396 1279
f 1279 1396 1405
f 1279 1405 1280
f 1280 1405 1406
f 1280 1406 1407
f 1280 1407 1281
f 1281 1407 1408
f 1281 1408 1401
f 1282 1409 1410
f 1282 1410 1284
f 1282 1284 1283
f 1282 1404 1409
f 1284 1410 1411
f 1284 1411 1301
f 1284 1301 1295
f 1284 1295 1412
f 1284 1412 1286
f 1284 1286 1285
f 1286 1412 1287
f 1287 1412 1288
f 1288 1292 1289
f 1288 1412 1293
f 1288 1293 1292
f 1289 1292 1290
f 1290 1292 1291
f 1293 1412 1313
f 1293 1313 1294
f 1295 1313 1412
f 1297 1300 1302
f 1299 1413 1414
f 1299 1414 1415
f 1299 1415 1302
f 1299 1302 1300
f 1299 1301 1413
f 1301 1411 1413
f 1302 1415 1416
f 1302 1416 1417
f 1302 1417 1303
f 1303 1417 1304
f 1304 1418 1305
f 1304 1417 1419
f 1304 1419 1418
f 1305 1418 1420
f 1305 1420 1421
f 1305 1421 1306
f 1306 1421 1308
f 1308 1421 1309
f 1309 1421 1310
f 1310 1421 1422
f 1310 1422 1311
f 1311 1422 1423
f 1311 1423 1424
f 1311 1424 1314
f 1314 1424 1316
f 1314 1316 1319
f 1314 1319 1315
f 1316 1425 1317
f 1316 1424 1425
f 1317 1425 1426
f 1317 1426 1318
f 1318 1426 1427
f 1318 1427 1320
f 1320 1427 1428
f 1320 1428 1322
f 1320 1322 1321
f 1322 1324 1323
f 1322 1428 1324
f 1324 1428 1429
f 1324 1429 1325
f 1325 1429 1430
f 1325 1430 1533
f 1325 1533 1431
f 1326 1431 1432
f 1326 1432 1433
f 1326 1433 1434
f 1326 1434 1327
f 1328 1434 1435
f 1329 1435 1330
f 1330 1436 1334
f 1330 1334 1331
f 1330 1435 1437
f 1330 1437 1436
f 1331 1334 1332
f 1333 1340 1339
f 1333 1334 1340
f 1334 1436 1438
f 1334 1438 1439
f 1334 1439 1440
f 1334 1440 1441
f 1334 1441 1340
f 1335 1345 1353
f 1340 1441 1442
f 1340 1442 1443
f 1340 1443 1444
f 1340 1444 1342
f 1342 1444 1343
f 1343 1444 1344
f 1344 1444 1354
f 1347 1359 1348
f 1348 1359 1445
f 1348 1445 1349
f 1349 1445 1446
f 1349 1446 1350
f 1350 1447 1351
f 1350 1446 1448
f 1350 1448 1449
f 1350 1449 1450
f 1350 1450 1451
f 1350 1451 1447
f 1351 1447 1352
f 1352 1451 1360
f 1352 1447 1451
f 1354 1444 1443
f 1354 1443 1452
f 1354 1452 1453
f 1354 1453 1454
f 1354 1454 1455
f 1354 1455 1357
f 1354 1357 1456
f 1354 1456 1356
f 1354 1356 1355
f 1356 1456 1357
f 1357 1457 1458
f 1357 1458 1459
f 1357 1459 1358
f 1357 1455 1460
f 1357 1460 1457
f 1358 1445 1359
f 1358 1459 1446
f 1358 1446 1445
f 1360 1451 1461
f 1360 1461 1462
f 1360 1462 1361
f 1361 1462 1463
f 1361 1463 1362
f 1362 1365 1364
f 1362 1364 1363
f 1362 1463 1366
f 1362 1366 1365
f 1366 1463 1464
f 1366 1464 1367
f 1367 1464 1368
f 1368 1464 1370
f 1368 1370 1369
f 1370 1464 1451
f 1370 1451 1450
f 1370 1450 1465
f 1370 1465 1466
f 1370 1466 1372
f 1370 1372 1371
f 1372 1374 1373
f 1372 1466 1467
f 1372 1467 1468
f 1372 1468 1376
f 1372 1376 1375
f 1372 1375 1374
f 1376 1469 1470
f 1376 1470 1471
f 1376 1471 1378
f 1376 1468 1469
f 1378 1471 1472
f 1378 1472 1473
f 1378 1473 1379
f 1379 1473 1474
f 1379 1474 1475
f 1379 1475 1380
f 1380 1475 1476
f 1380 1476 1381
f 1381 1476 1385
f 1381 1385 1383
f 1383 1385 1384
f 1385 1476 1477
f 1385 1477 1478
f 1385 1478 1479
f 1385 1479 1480
f 1385 1480 1387
f 1385 1387 1386
f 1394 1481 1395
f 1394 1400 1482
f 1394 1482 1483
f 1394 1483 1484
f 1394 1484 1485
f 1394 1485 1486
f 1394 1486 1487
f 1394 1487 1481
f 1395 1488 1396
f 1395 1481 1488
f 1396 1488 1405
f 1401 1408 1489
f 1401 1489 1490
f 1401 1490 1402
f 1402 1415 1491
f 1402 1491 1492
f 1402 1492 1493
f 1402 1493 1403
f 1402 1490 1494
f 1402 1494 1416
f 1402 1416 1415
f 1403 1493 1495
f 1403 1495 1496
f 1403 1496 1497
f 1403 1497 1404
f 1404 1497 1409
f 1405 1488 1498
f 1405 1498 1499
f 1405 1499 1406
f 1406 1499 1500
f 1406 1500 1407
f 1407 1500 1501
f 1407 1501 1502
f 1407 1502 1408
f 1408 1502 1503
f 1408 1503 1504
f 1408 1504 1590
f 1408 1590 1489
f 1409 1497 1410
f 1410 1497 1496
f 1410 1496 1505
f 1410 1505 1411
f 1411 1505 1413
f 1413 1505 1506
f 1413 1506 1491
f 1413 1491 1414
f 1414 1491 1415
f 1416 1494 1507
f 1416 1507 1508
f 1416 1508 1509
f 1416 1509 1417
f 1417 1509 1510
f 1417 1510 1511
f 1417 1511 1419
f 1418 1419 1420
f 1419 1511 1512
f 1419 1512 1422
f 1419 1422 1513
f 1419 1513 1421
f 1419 1421 1420
f 1421 1513 1422
f 1422 1512 1514
f 1422 1514 1515
f 1422 1515 1516
f 1422 1516 1423
f 1423 1517 1424
f 1423 1516 1517
f 1424 1517 1518
f 1424 1518 1519
f 1424 1519 1520
f 1424 1520 1521
f 1424 1521 1522
f 1424 1522 1523
f 1424 1523 1425
f 1425 1523 1522
f 1425 1522 1520
f 1425 1520 1524
f 1425 1524 1525
f 1425 1525 1526
f 1425 1526 1527
f 1425 1527 1528
f 1425 1528 1529
f 1425 1529 1426
f 1426 1529 1427
f 1427 1529 1528
f 1427 1528 1428
f 1428 1528 1429
f 1429 1528 1430
f 1430 1530 1531
f 1430 1531 1532
f 1430 1532 1623
f 1430 1623 1533
f 1430 1528 1534
f 1430 1534 1530
f 1431 1533 1535
f 1431 1535 1432
f 1432 1535 1536
f 1432 1536 1434
f 1432 1434 1433
f 1434 1536 1437
f 1434 1437 1435
f 1436 1537 1438
f 1436 1437 1538
f 1436 1538 1537
f 1437 1536 1538
f 1438 1537 1539
f 1438 1539 1439
f 1439 1539 1540
f 1439 1540 1442
f 1439 1442 1440
f 1440 1442 1441
f 1442 1540 1443
f 1443 1541 1452
f 1443 1540 1542
f 1443 1542 1541
f 1446 1459 1448
f 1448 1459 1449
f 1449 1459 1543
f 1449 1543 1544
f 1449 1544 1545
f 1449 1545 1450
f 1450 1545 1465
f 1451 1464 1461
f 1452 1541 1546
f 1452 1546 1453
f 1453 1546 1454
f 1454 1546 1455
f 1455 1546 1460
f 1457 1547 1458
f 1457 1460 1548
f 1457 1548 1549
f 1457 1549 1547
f 1458 1547 1459
f 1459 1547 1550
f 1459 1550 1543
f 1460 1546 1551
f 1460 1551 1548
f 1461 1464 1463
f 1461 1463 1462
f 1465 1545 1552
f 1465 1552 1466
f 1466 1552 1553
f 1466 1553 1554
f 1466 1554 1467
f 1467 1554 1468
f 1468 1554 1469
f 1469 1555 1556
f 1469 1556 1470
f 1469 1554 1553
f 1469 1553 1555
f 1470 1556 1557
f 1470 1557 1558
f 1470 1558 1543
f 1470 1543 1550
f 1470 1550 1559
f 1470 1559 1560
f 1470 1560 1471
f 1471 1560 1561
f 1471 1561 1472
f 1472 1561 1652
f 1472 1652 1562
f 1472 1562 1563
f 1472 1563 1564
f 1472 1564 1473
f 1473 1564 1565
f 1473 1565 1566
f 1473 1566 1474
f 1474 1566 1567
f 1474 1567 1475
f 1475 1567 1568
f 1475 1568 1569
f 1475 1569 1476
f 1476 1569 1477
f 1477 1569 1570
f 1477 1570 1478
f 1478 1570 1571
f 1478 1571 1572
f 1478 1572 1573
f 1478 1573 1574
f 1478 1574 1575
f 1478 1575 1479
f 1481 1487 1576
f 1481 1576 1498
f 1481 1498 1488
f 1485 1577 1486
f 1486 1578 1579
f 1486 1579 1580
f 1486 1580 1581
f 1486 1581 1582
f 1486 1582 1583
f 1486 1583 1584
f 1486 1584 1585
f 1486 1585 1487
f 1486 1577 1586
f 1486 1586 1587
f 1486 1587 1588
f 1486 1588 1589
f 1486 1589 1578
f 1487 1585 1576
f 1489 1590 1508
f 1489 1508 1490
f 1490 1508 1507
f 1490 1507 1494
f 1491 1506 1492
f 1492 1506 1495
f 1492 1495 1493
f 1495 1506 1496
f 1496 1506 1505
f 1498 1576 1585
f 1498 1585 1591
f 1498 1591 1499
f 1499 1501 1500
f 1499 1591 1583
f 1499 1583 1592
f 1499 1592 1593
f 1499 1593 1501
f 1501 1593 1502
f 1502 1593 1592
f 1502 1592 1675
f 1502 1675 1594
f 1502 1594 1595
f 1502 1595 1503
f 1503 1595 1504
f 1504 1595 1590
f 1508 1590 1510
f 1508 1510 1509
f 1510 1590 1596
f 1510 1596 1511
f 1511 1596 1597
f 1511 1597 1512
f 1512 1598 1514
f 1512 1597 1598
f 1514 1516 1515
f 1514 1598 1599
f 1514 1599 1600
f 1514 1600 1601
f 1514 1601 1602
f 1514 1602 1516
f 1516 1602 1603
f 1516 1603 1519
f 1516 1519 1518
f 1516 1518 1517
f 1519 1603 1520
f 1520 1604 1524
f 1520 1522 1521
f 1520 1603 1600
f 1520 1600 1605
f 1520 1605 1604
f 1524 1604 1606
f 1524 1606 1607
f 1524 1607 1525
f 1525 1607 1608
f 1525 1608 1526
f 1526 1608 1527
f 1527 1609 1610
f 1527 1610 1611
f 1527 1611 1528
f 1527 1608 1612
f 1527 1612 1609
f 1528 1611 1613
f 1528 1613 1614
f 1528 1614 1615
f 1528 1615 1534
f 1530 1616 1531
f 1530 1534 1616
f 1531 1617 1618
f 1531 1618 1532
f 1531 1616 1619
f 1531 1619 1620
f 1531 1620 1617
f 1532 1618 1617
f 1532 1617 1621
f 1532 1621 1622
f 1532 1622 1701
f 1532 1701 1623
f 1533 1623 1624
f 1533 1624 1625
f 1533 1625 1626
f 1533 1626 1627
f 1533 1627 1535
f 1534 1615 1628
f 1534 1628 1616
f 1535 1627 1536
f 1536 1627 1538
f 1537 1538 1629
f 1537 1629 1539
f 1538 1627 1629
f 1539 1630 1631
f 1539 1631 1632
f 1539 1632 1633
f 1539 1633 1634
f 1539 1634 1635
f 1539 1635 1540
f 1539 1629 1627
f 1539 1627 1636
f 1539 1636 1630
f 1540 1635 1634
f 1540 1634 1637
f 1540 1637 1633
f 1540 1633 1638
f 1540 1638 1639
f 1540 1639 1640
f 1540 1640 1542
f 1541 1641 1549
f 1541 1549 1642
f 1541 1642 1546
f 1541 1542 1643
f 1541 1643 1644
f 1541 1644 1645
f 1541 1645 1641
f 1542 1640 1643
f 1543 1558 1544
f 1544 1558 1545
f 1545 1558 1646
f 1545 1646 1552
f 1546 1642 1549
f 1546 1549 1551
f 1547 1647 1648
f 1547 1648 1550
f 1547 1549 1649
f 1547 1649 1647
f 1548 1551 1549
f 1549 1641 1649
f 1550 1648 1650
f 1550 1650 1651
f 1550 1651 1559
f 1552 1646 1553
f 1553 1646 1555
f 1555 1646 1557
f 1555 1557 1556
f 1557 1646 1558
f 1559 1651 1560
f 1560 1651 1650
f 1560 1650 1561
f 1561 1650 1652
f 1562 1652 1653
f 1562 1653 1563
f 1563 1653 1564
f 1564 1653 1654
f 1564 1654 1733
f 1564 1733 1655
f 1564 1655 1656
f 1564 1656 1565
f 1565 1656 1567
f 1565 1567 1566
f 1567 1656 1655
f 1567 1655 1657
f 1567 1657 1658
f 1567 1658 1568
f 1568 1658 1659
f 1568 1659 1660
f 1568 1660 1570
f 1568 1570 1569
f 1570 1660 1571
f 1571 1659 1572
f 1571 1660 1659
f 1572 1659 1661
f 1572 1661 1657
f 1572 1657 1662
f 1572 1662 1663
f 1572 1663 1664
f 1572 1664 1665
f 1572 1665 1666
f 1572 1666 1667
f 1572 1667 1668
f 1572 1668 1669
f 1572 1669 1573
f 1578 1589 1670
f 1578 1670 1671
f 1578 1671 1579
f 1579 1672 1580
f 1579 1671 1673
f 1579 1673 1672
f 1580 1672 1581
f 1581 1674 1675
f 1581 1675 1583
f 1581 1583 1676
f 1581 1676 1582
f 1581 1672 1677
f 1581 1677 1674
f 1582 1676 1583
f 1583 1591 1584
f 1583 1675 1592
f 1584 1591 1585
f 1588 1678 1589
f 1589 1678 1679
f 1589 1679 1680
f 1589 1680 1681
f 1589 1681 1682
f 1589 1682 1683
f 1589 1683 1670
f 1590 1595 1596
f 1594 1675 1674
f 1594 1674 1684
f 1594 1684 1685
f 1594 1685 1686
f 1594 1686 1687
f 1594 1687 1596
f 1594 1596 1595
f 1596 1687 1688
f 1596 1688 1597
f 1597 1688 1686
f 1597 1686 1598
f 1598 1686 1766
f 1598 1766 1689
f 1598 1689 1599
f 1599 1689 1690
f 1599 1690 1691
f 1599 1691 1604
f 1599 1604 1605
f 1599 1605 1600
f 1600 1603 1601
f 1601 1603 1602
f 1604 1692 1693
f 1604 1693 1694
f 1604 1694 1606
f 1604 1691 1692
f 1606 1694 1609
f 1606 1609 1612
f 1606 1612 1607
f 1607 1612 1608
f 1609 1695 1696
f 1609 1696 1697
f 1609 1697 1610
f 1609 1694 1693
f 1609 1693 1695
f 1610 1697 1698
f 1610 1698 1613
f 1610 1613 1611
f 1613 1698 1614
f 1614 1620 1619
f 1614 1619 1615
f 1614 1698 1620
f 1615 1619 1628
f 1616 1628 1619
f 1617 1699 1621
f 1617 1620 1700
f 1617 1700 1699
f 1620 1698 1700
f 1621 1699 1622
f 1622 1699 1781
f 1622 1781 1701
f 1623 1701 1702
f 1623 1702 1703
f 1623 1703 1704
f 1623 1704 1624
f 1624 1705 1625
f 1624 1704 1703
f 1624 1703 1706
f 1624 1706 1707
f 1624 1707 1705
f 1625 1705 1626
f 1626 1708 1709
f 1626 1709 1627
f 1626 1705 1708
f 1627 1709 1710
f 1627 1710 1711
f 1627 1711 1712
f 1627 1712 1636
f 1630 1713 1631
f 1630 1636 1713
f 1631 1714 1632
f 1631 1713 1714
f 1632 1715 1716
f 1632 1716 1633
f 1632 1714 1715
f 1633 1637 1634
f 1633 1716 1717
f 1633 1717 1718
f 1633 1718 1719
f 1633 1719 1638
f 1636 1712 1720
f 1636 1720 1721
f 1636 1721 1722
f 1636 1722 1713
f 1638 1719 1643
f 1638 1643 1639
f 1639 1643 1640
f 1641 1645 1723
f 1641 1723 1724
f 1641 1724 1649
f 1643 1645 1644
f 1643 1719 1725
f 1643 1725 1645
f 1645 1725 1726
f 1645 1726 1718
f 1645 1718 1727
f 1645 1727 1723
f 1647 1652 1650
f 1647 1650 1648
f 1647 1649 1728
f 1647 1728 1652
f 1649 1724 1728
f 1652 1728 1653
f 1653 1728 1654
f 1654 1728 1729
f 1654 1729 1730
f 1654 1730 1731
f 1654 1731 1732
f 1654 1732 1735
f 1654 1735 1733
f 1655 1733 1657
f 1657 1661 1658
f 1657 1733 1663
f 1657 1663 1734
f 1657 1734 1662
f 1658 1661 1659
f 1662 1734 1663
f 1663 1733 1735
f 1663 1735 1736
f 1663 1736 1737
f 1663 1737 1664
f 1664 1737 1665
f 1665 1737 1738
f 1665 1738 1739
f 1665 1739 1666
f 1666 1739 1740
f 1666 1740 1667
f 1667 1740 1741
f 1667 1741 1742
f 1667 1742 1743
f 1667 1743 1744
f 1667 1744 1745
f 1667 1745 1668
f 1670 1746 1673
f 1670 1673 1671
f 1670 1683 1746
f 1672 1673 1677
f 1673 1746 1747
f 1673 1747 1677
f 1674 1677 1748
f 1674 1748 1684
f 1677 1747 1749
f 1677 1749 1750
f 1677 1750 1751
f 1677 1751 1748
f 1681 1752 1682
f 1682 1753 1754
f 1682 1754 1755
f 1682 1755 1756
f 1682 1756 1683
f 1682 1752 1757
f 1682 1757 1758
f 1682 1758 1759
f 1682 1759 1760
f 1682 1760 1761
f 1682 1761 1753
f 1683 1756 1746
f 1684 1762 1685
f 1684 1748 1751
f 1684 1751 1763
f 1684 1763 1764
f 1684 1764 1762
f 1685 1762 1765
f 1685 1765 1766
f 1685 1766 1686
f 1686 1688 1687
f 1689 1766 1767
f 1689 1767 1690
f 1690 1767 1691
f 1691 1767 1768
f 1691 1768 1769
f 1691 1769 1770
f 1691 1770 1692
f 1692 1770 1771
f 1692 1771 1772
f 1692 1772 1693
f 1693 1772 1773
f 1693 1773 1695
f 1695 1774 1775
f 1695 1775 1696
f 1695 1773 1774
f 1696 1775 1776
f 1696 1776 1777
f 1696 1777 1700
f 1696 1700 1698
f 1696 1698 1697
f 1699 1700 1778
f 1699 1778 1779
f 1699 1779 1780
f 1699 1780 1848
f 1699 1848 1781
f 1700 1777 1778
f 1701 1781 1702
f 1702 1781 1703
f 1703 1781 1782
f 1703 1782 1706
f 1705 1707 1708
f 1706 1782 1783
f 1706 1783 1710
f 1706 1710 1707
f 1707 1710 1709
f 1707 1709 1708
f 1710 1783 1711
f 1711 1783 1720
f 1711 1720 1712
f 1713 1722 1714
f 1714 1722 1715
f 1715 1722 1721
f 1715 1721 1784
f 1715 1784 1716
f 1716 1784 1785
f 1716 1785 1786
f 1716 1786 1787
f 1716 1787 1727
f 1716 1727 1717
f 1717 1727 1718
f 1718 1726 1719
f 1719 1726 1725
f 1720 1783 1788
f 1720 1788 1721
f 1721 1788 1789
f 1721 1789 1790
f 1721 1790 1785
f 1721 1785 1784
f 1723 1730 1724
f 1723 1727 1791
f 1723 1791 1794
f 1723 1794 1730
f 1724 1792 1728
f 1724 1730 1792
f 1727 1787 1793
f 1727 1793 1791
f 1728 1792 1729
f 1729 1792 1730
f 1730 1794 1731
f 1731 1795 1732
f 1731 1794 1796
f 1731 1796 1795
f 1732 1797 1798
f 1732 1798 1799
f 1732 1799 1735
f 1732 1795 1800
f 1732 1800 1797
f 1735 1799 1736
f 1736 1799 1798
f 1736 1798 1801
f 1736 1801 1802
f 1736 1802 1803
f 1736 1803 1738
f 1736 1738 1737
f 1738 1803 1804
f 1738 1804 1740
f 1738 1740 1739
f 1740 1804 1741
f 1741 1805 1742
f 1741 1804 1805
f 1742 1806 1807
f 1742 1807 1808
f 1742 1808 1743
f 1742 1805 1809
f 1742 1809 1810
f 1742 1810 1811
f 1742 1811 1812
f 1742 1812 1806
f 1746 1756 1747
f 1747 1756 1813
f 1747 1813 1814
f 1747 1814 1749
f 1749 1763 1750
f 1749 1814 1763
f 1750 1763 1751
f 1753 1761 1754
f 1754 1815 1816
f 1754 1816 1755
f 1754 1761 1815
f 1755 1816 1817
f 1755 1817 1818
f 1755 1818 1813
f 1755 1813 1756
f 1759 1819 1760
f 1760 1819 1761
f 1761 1820 1821
f 1761 1821 1822
f 1761 1822 1823
f 1761 1823 1824
f 1761 1824 1825
f 1761 1825 1826
f 1761 1826 1815
f 1761 1819 1820
f 1762 1764 1765
f 1763 1814 1827
f 1763 1827 1764
f 1764 1827 1828
f 1764 1828 1829
f 1764 1829 1766
f 1764 1766 1765
f 1766 1829 1767
f 1767 1829 1830
f 1767 1830 1768
f 1768 1830 1769
f 1769 1830 1770
f 1770 1828 1831
f 1770 1831 1832
f 1770 1832 1833
f 1770 1833 1834
f 1770 1834 1771
f 1770 1830 1828
f 1771 1773 1772
f 1771 1834 1835
f 1771 1835 1773
f 1773 1835 1836
f 1773 1836 1774
f 1774 1837 1775
f 1774 1836 1837
f 1775 1837 1838
f 1775 1838 1839
f 1775 1839 1840
f 1775 1840 1841
f 1775 1841 1842
f 1775 1842 1776
f 1776 1779 1777
f 1776 1842 1843
f 1776 1843 1844
f 1776 1844 1779
f 1777 1779 1778
f 1779 1844 1780
f 1780 1844 1845
f 1780 1845 1846
f 1780 1846 1847
f 1780 1847 1848
f 1781 1848 1849
f 1781 1849 1850
f 1781 1850 1782
f 1782 1850 1851
f 1782 1851 1789
f 1782 1789 1783
f 1783 1789 1788
f 1785 1852 1853
f 1785 1853 1786
f 1785 1790 1852
f 1786 1853 1854
f 1786 1854 1855
f 1786 1855 1856
f 1786 1856 1787
f 1787 1856 1857
f 1787 1857 1858
f 1787 1858 1793
f 1789 1851 1859
f 1789 1859 1860
f 1789 1860 1861
f 1789 1861 1790
f 1790 1861 1852
f 1791 1793 1858
f 1791 1858 1794
f 1794 1858 1862
f 1794 1862 1800
f 1794 1800 1796
f 1795 1796 1800
f 1797 1800 1863
f 1797 1863 1864
f 1797 1864 1802
f 1797 1802 1801
f 1797 1801 1798
f 1800 1862 1865
f 1800 1865 1863
f 1802 1864 1803
f 1803 1864 1866
f 1803 1866 1805
f 1803 1805 1804
f 1805 1866 1809
f 1806 1812 1807
f 1807 1812 1867
f 1809 1868 1869
f 1809 1869 1870
f 1809 1870 1810
f 1809 1866 1868
f 1810 1870 1871
f 1810 1871 1812
f 1810 1812 1811
f 1812 1872 1873
f 1812 1873 1874
f 1812 1874 1875
f 1812 1875 1876
f 1812 1876 1877
f 1812 1877 1878
f 1812 1878 1867
f 1812 1871 1872
f 1813 1818 1814
f 1814 1818 1827
f 1815 1826 1816
f 1816 1818 1817
f 1816 1826 1879
f 1816 1879 1818
f 1818 1831 1827
f 1818 1879 1880
f 1818 1880 1881
f 1818 1881 1831
f 1822 1882 1823
f 1823 1882 1883
f 1823 1883 1884
f 1823 1884 1824
f 1824 1884 1885
f 1824 1885 1886
f 1824 1886 1825
f 1825 1879 1826
f 1825 1886 1887
f 1825 1887 1879
f 1827 1831 1828
f 1828 1830 1829
f 1831 1881 1888
f 1831 1888 1838
f 1831 1838 1889
f 1831 1889 1832
f 1832 1890 1833
f 1832 1889 1891
f 1832 1891 1892
f 1832 1892 1890
f 1833 1890 1834
f 1834 1890 1835
f 1835 1892 1836
f 1835 1890 1892
f 1836 1892 1837
f 1837 1893 1838
f 1837 1892 1891
f 1837 1891 1893
f 1838 1894 1895
f 1838 1895 1896
f 1838 1896 1897
f 1838 1897 1898
f 1838 1898 1899
f 1838 1899 1840
f 1838 1840 1839
f 1838 1893 1889
f 1838 1888 1894
f 1840 1842 1841
f 1840 1899 1900
f 1840 1900 1901
f 1840 1901 1842
f 1842 1901 1843
f 1843 1901 1902
f 1843 1902 1844
f 1844 1902 1903
f 1844 1903 1845
f 1845 1903 1846
f 1846 1903 1904
f 1846 1904 1947
f 1846 1947 1905
f 1846 1905 1847
f 1847 1905 1848
f 1848 1905 1906
f 1848 1906 1907
f 1848 1907 1849
f 1849 1859 1851
f 1849 1851 1850
f 1849 1907 1859
f 1852 1908 1909
f 1852 1909 1854
f 1852 1854 1853
f 1852 1861 1908
f 1854 1910 1855
f 1854 1909 1910
f 1855 1910 1911
f 1855 1911 1912
f 1855 1912 1913
f 1855 1913 1865
f 1855 1865 1914
f 1855 1914 1856
f 1856 1914 1857
f 1857 1914 1858
f 1858 1914 1862
f 1859 1915 1916
f 1859 1916 1860
f 1859 1907 1915
f 1860 1916 1917
f 1860 1917 1918
f 1860 1918 1919
f 1860 1919 1920
f 1860 1920 1921
f 1860 1921 1861
f 1861 1921 1908
f 1862 1914 1865
f 1863 1865 1913
f 1863 1913 1868
f 1863 1868 1864
f 1864 1868 1866
f 1868 1870 1869
f 1868 1913 1922
f 1868 1922 1923
f 1868 1923 1924
f 1868 1924 1870
f 1870 1924 1872
f 1870 1872 1871
f 1872 1924 1873
f 1873 1924 1925
f 1873 1925 1926
f 1873 1926 1874
f 1874 1926 1927
f 1874 1927 1928
f 1874 1928 1875
f 1875 1928 1929
f 1875 1929 1930
f 1875 1930 1876
f 1879 1887 1931
f 1879 1931 1881
f 1879 1881 1880
f 1881 1931 1896
f 1881 1896 1895
f 1881 1895 1894
f 1881 1894 1888
f 1882 1932 1883
f 1883 1932 1933
f 1883 1933 1934
f 1883 1934 1884
f 1884 1934 1935
f 1884 1935 1936
f 1884 1936 1937
f 1884 1937 1885
f 1885 1938 1887
f 1885 1887 1886
f 1885 1937 1939
f 1885 1939 1938
f 1887 1938 1940
f 1887 1940 1941
f 1887 1941 1931
f 1889 1893 1891
f 1896 1931 1900
f 1896 1900 1942
f 1896 1942 1943
f 1896 1943 1897
f 1897 1943 1900
f 1897 1900 1898
f 1898 1900 1899
f 1900 1943 1942
f 1900 1931 1941
f 1900 1941 1983
f 1900 1983 1944
f 1900 1944 1901
f 1901 1944 1945
f 1901 1945 1902
f 1902 1945 1903
f 1903 1945 1946
f 1903 1946 1904
f 1904 1946 1985
f 1904 1985 1947
f 1905 1947 1948
f 1905 1948 1906
f 1906 1948 1949
f 1906 1949 1907
f 1907 1949 1915
f 1908 1950 1909
f 1908 1921 1950
f 1909 1951 1910
f 1909 1950 1951
f 1910 1951 1911
f 1911 1951 1912
f 1912 1951 1950
f 1912 1950 1952
f 1912 1952 1953
f 1912 1953 1913
f 1913 1953 1920
f 1913 1920 1954
f 1913 1954 1922
f 1915 1955 1916
f 1915 1949 1955
f 1916 1955 1918
f 1916 1918 1917
f 1918 1955 1956
f 1918 1956 1957
f 1918 1957 1920
f 1918 1920 1919
f 1920 1958 1921
f 1920 1957 1959
f 1920 1959 1960
f 1920 1960 1961
f 1920 1961 1962
f 1920 1962 1963
f 1920 1963 1954
f 1920 1953 1958
f 1921 1958 1952
f 1921 1952 1950
f 1922 1962 1961
f 1922 1961 1964
f 1922 1964 1924
f 1922 1924 1923
f 1922 1954 1963
f 1922 1963 1962
f 1924 1964 1925
f 1925 1965 1927
f 1925 1927 1926
f 1925 1964 1966
f 1925 1966 1967
f 1925 1967 1965
f 1927 1965 1968
f 1927 1968 1969
f 1927 1969 1928
f 1928 1969 1970
f 1928 1970 1971
f 1928 1971 1972
f 1928 1972 1929
f 1929 1973 1930
f 1929 1972 1974
f 1929 1974 1973
f 1933 1975 1934
f 1934 1975 1976
f 1934 1976 1977
f 1934 1977 1978
f 1934 1978 1984
f 1934 1984 1981
f 1934 1981 1979
f 1934 1979 1935
f 1935 1979 1980
f 1935 1980 1936
f 1936 1980 1937
f 1937 1980 1981
f 1937 1981 1939
f 1938 1939 1940
f 1939 1981 1940
f 1940 1982 1983
f 1940 1983 1941
f 1940 1981 1984
f 1940 1984 1978
f 1940 1978 1991
f 1940 1991 1967
f 1940 1967 1994
f 1940 1994 1982
f 1944 1983 1945
f 1945 1983 1946
f 1946 1983 1982
f 1946 1982 1994
f 1946 1994 1985
f 1947 1985 1948
f 1948 1985 1986
f 1948 1986 1949
f 1949 1986 1955
f 1952 1958 1953
f 1955 1986 1987
f 1955 1987 1956
f 1956 1987 1990
f 1956 1990 1966
f 1956 1966 1964
f 1956 1964 1961
f 1956 1961 1988
f 1956 1988 1989
f 1956 1989 1960
f 1956 1960 1959
f 1956 1959 1957
f 1960 1989 1961
f 1961 1989 1988
f 1965 1967 1968
f 1966 1990 1967
f 1967 1991 1992
f 1967 1992 1993
f 1967 1993 1968
f 1967 1990 1994
f 1968 1993 1969
f 1969 1993 1995
f 1969 1995 1970
f 1970 1995 1971
f 1971 1995 1996
f 1971 1996 1972
f 1972 1996 1993
f 1972 1993 1992
f 1972 1992 1991
f 1972 1991 1997
f 1972 1997 1998
f 1972 1998 1999
f 1972 1999 2000
f 1972 2000 1974
f 1976 2001 1977
f 1977 2001 1998
f 1977 1998 1997
f 1977 1997 1991
f 1977 1991 1978
f 1979 1981 1980
f 1985 1994 1990
f 1985 1990 1986
f 1986 1990 1987
f 1993 1996 1995

o part_1
v 0.00037495 0.01332705 0.02874179
v -0.00037513 0.01332705 0.02874179
v 0.00008443 0.01284176 0.03699528
v 0.00316663 0.01285742 0.03098766
v 0.00111711 0.01323051 0.02874179
v -0.00008724 0.01284176 0.03699528
v -0.00111728 0.01323051 0.02874179
v -0.00320377 0.01286524 0.03099866
v -0.00263857 0.01293047 0.03110871
v -0.00113049 0.01309484 0.03130221
v 0.00304778 0.01207470 0.03696868
v 0.00374503 0.01206165 0.03617451
v 0.00392463 0.01211384 0.03567197
v 0.00339376 0.01235126 0.03507221
v -0.00037513 0.01196251 0.03766564
v 0.00037495 0.01194686 0.03765739
v 0.00035118 0.01249215 0.03723829
v 0.00113032 0.01232778 0.03721445
v 0.00188304 0.01223124 0.03713559
v 0.00490185 0.01145375 0.03712641
v 0.00551195 0.01137286 0.03704204
v 0.00384804 0.01276088 0.02874179
v 0.00371598 0.01280784 0.02874179
v 0.00354167 0.01285220 0.02874179
v 0.00339376 0.01288872 0.02874179
v 0.00289195 0.01298526 0.02874179
v 0.00263840 0.01302961 0.02874179
v 0.00226336 0.01307919 0.02874179
v 0.00403820 0.01216080 0.03507221
v 0.00601641 0.01130764 0.03689165
v 0.00529538 0.01207470 0.03093905
v -0.00035136 0.01249215 0.03724471
v -0.00339394 0.01235126 0.03507221
v -0.00392480 0.01211384 0.03567288
v -0.00374521 0.01206165 0.03617543
v -0.00304795 0.01207470 0.03696868
v -0.00551476 0.01137547 0.03704113
v -0.00188321 0.01223124 0.03714292
v -0.00113049 0.01232778 0.03722729
v -0.00159533 0.01316789 0.02874179
v -0.00238502 0.01306353 0.02874179
v -0.00263857 0.01302961 0.02874179
v -0.00339394 0.01288872 0.02874179
v -0.00354184 0.01285220 0.02874179
v -0.00603506 0.01206687 0.03092622
v 0.00490185 0.01167291 0.03658077
v -0.00113049 0.01184771 0.03760420
v -0.00565474 0.01047013 0.03767940
v -0.00037513 0.01158420 0.03783255
v 0.00037495 0.01156854 0.03782796
v 0.00525312 0.01055101 0.03770966
v 0.00565457 0.01048318 0.03768765
v 0.00495995 0.01088758 0.03754367
v 0.00572060 0.01100760 0.03729057
v 0.00640993 0.01081192 0.03719519
v 0.00407518 0.01266696 0.02874179
v 0.00688005 0.01065016 0.03705305
v 0.00634919 0.01112500 0.03661653
v 0.00605602 0.01132590 0.03638819
v 0.00642314 0.01167030 0.02874179
v 0.00593453 0.01189207 0.02874179
v 0.00578399 0.01195990 0.02874179
v -0.00403837 0.01216080 0.03507221
v -0.00601658 0.01130764 0.03689623
v -0.00490202 0.01167291 0.03658077
v -0.00641010 0.01081192 0.03719703
v -0.00572077 0.01100760 0.03728323
v -0.00490202 0.01145375 0.03712091
v -0.00384821 0.01276088 0.02874179
v -0.00603506 0.01206687 0.03092438
v -0.00702813 0.01144070 0.03112430
v -0.00643387 0.01020401 0.03758403
v -0.00619617 0.00996658 0.03776744
v -0.00565474 0.01009182 0.03783163
v -0.00113049 0.01093454 0.03796277
v -0.00037513 0.01093454 0.03802146
v 0.00037495 0.01093454 0.03801229
v 0.00495995 0.01025358 0.03786097
v 0.00565457 0.01010486 0.03782980
v 0.00616695 0.00996137 0.03776285
v 0.00641522 0.01019879 0.03757394
v 0.00693288 0.01070234 0.03658077
v 0.00714417 0.01016226 0.03719153
v 0.01016298 0.00714881 0.03720436
v 0.01065423 0.00688529 0.03705855
v 0.00999923 0.00773845 0.03658077
v 0.00924386 0.00848725 0.03658077
v 0.00902993 0.00903254 0.03538860
v 0.00909860 0.00909777 0.03488605
v 0.00692495 0.01139895 0.02874179
v -0.00634936 0.01112500 0.03661928
v -0.00688023 0.01065016 0.03705580
v -0.00544609 0.01210079 0.02874179
v -0.00578416 0.01195729 0.02874179
v -0.00611430 0.01181119 0.02874179
v -0.00642331 0.01167030 0.02874179
v -0.00681684 0.01146157 0.02874179
v -0.00692512 0.01139895 0.02874179
v -0.00702813 0.01144070 0.03081709
v -0.00830379 0.01056667 0.03093814
v -0.00669799 0.00971090 0.03768215
v -0.00714434 0.01016226 0.03720253
v -0.01016315 0.00714881 0.03719336
v -0.01020012 0.00641566 0.03757577
v -0.00643387 0.00944738 0.03784722
v -0.00565474 0.00942651 0.03801595
v -0.00996242 0.00616519 0.03776285
v -0.00113049 0.01018053 0.03808657
v -0.00037513 0.01018053 0.03809574
v -0.00490202 0.00942651 0.03806273
v 0.00037495 0.01018053 0.03808290
v 0.00490185 0.00942651 0.03807281
v 0.00414649 0.01018053 0.03794259
v 0.00565457 0.00942651 0.03801412
v 0.00641522 0.00942129 0.03783713
v 0.00944723 0.00643132 0.03784630
v 0.00996489 0.00619650 0.03776652
v 0.00971134 0.00670005 0.03768215
v 0.01020259 0.00643132 0.03758494
v 0.00727094 0.01113805 0.02874179
v 0.00902993 0.00978917 0.02874179
v 0.00743469 0.01101281 0.02874179
v 0.01081005 0.00641044 0.03719886
v 0.01136997 0.00548945 0.03703838
v 0.01130130 0.00599560 0.03658077
v 0.01108473 0.00641044 0.03658077
v 0.01072026 0.00697400 0.03658077
v 0.01037691 0.00735231 0.03658077
v 0.00972719 0.00821852 0.03582695
v 0.00934951 0.00859422 0.03582695
v 0.00979058 0.00827853 0.03507221
v 0.00978794 0.00902993 0.02874179
v 0.00941818 0.00941868 0.02874179
v -0.00693305 0.01070495 0.03658077
v -0.00909877 0.00909777 0.03488697
v -0.00903010 0.00903254 0.03539043
v -0.00924404 0.00848725 0.03658077
v -0.00962172 0.00811416 0.03658077
v -0.00999940 0.00773845 0.03658077
v -0.01065440 0.00688529 0.03705672
v -0.00727111 0.01113805 0.02874179
v -0.00830379 0.01056667 0.03091429
v -0.01056988 0.00830723 0.03093905
v -0.01081022 0.00641044 0.03719795
v -0.01048273 0.00565643 0.03768765
v -0.00641010 0.00867249 0.03801687
v -0.00942099 0.00641566 0.03783713
v -0.00942627 0.00565643 0.03801412
v -0.00565474 0.00867249 0.03809024
v -0.01010504 0.00565643 0.03782980
v -0.00113049 0.00942651 0.03810858
v 0.00414649 0.00867249 0.03810675
v 0.00414649 0.00942651 0.03808290
v 0.00490185 0.00867249 0.03809482
v 0.00867338 0.00565643 0.03809024
v 0.00867338 0.00641044 0.03801687
v 0.00942610 0.00565643 0.03801595
v 0.01009167 0.00565643 0.03783163
v 0.01046935 0.00565643 0.03767940
v 0.01100286 0.00570861 0.03728140
v 0.01144921 0.00490241 0.03711908
v 0.01223362 0.00188373 0.03714292
v 0.01213062 0.00263775 0.03703471
v 0.01284108 0.00009131 0.03699436
v 0.01207516 0.00304737 0.03696868
v 0.01227324 0.00263775 0.03658077
v 0.01242907 0.00263775 0.03582695
v 0.01234191 0.00339177 0.03507221
v 0.01201705 0.00564599 0.02874179
v 0.01195895 0.00578427 0.02874179
v 0.01189292 0.00593299 0.02874179
v 0.01167106 0.00642349 0.02874179
v 0.01284108 0.00311521 0.03095923
v 0.01276185 0.00384835 0.02874179
v 0.01233927 0.00486849 0.02874179
v 0.01139903 0.00692443 0.02874179
v 0.01074667 0.00702618 0.03582695
v 0.01044294 0.00740188 0.03582695
v 0.01007846 0.00865162 0.02874179
v -0.01131996 0.00755060 0.03093539
v -0.00972736 0.00821852 0.03582695
v -0.00934968 0.00859422 0.03582695
v -0.01037708 0.00735231 0.03658077
v -0.01072043 0.00697661 0.03658077
v -0.01108754 0.00641044 0.03658077
v -0.01130148 0.00600082 0.03658077
v -0.01137014 0.00549206 0.03704021
v -0.00895351 0.00984657 0.02874179
v -0.00914631 0.00967698 0.02874179
v -0.00941835 0.00941868 0.02874179
v -0.01056988 0.00830723 0.03090788
v -0.01100303 0.00570861 0.03728965
v -0.01055139 0.00525463 0.03770966
v -0.01025295 0.00496242 0.03786097
v -0.01088946 0.00496242 0.03754276
v -0.01194591 0.00037570 0.03765739
v -0.01018164 0.00414839 0.03794259
v -0.00942627 0.00490241 0.03807281
v -0.00565474 0.00791848 0.03810583
v -0.00867355 0.00490241 0.03809482
v -0.00867355 0.00414839 0.03810675
v -0.00942627 -0.00112972 0.03810950
v 0.00942610 0.00112972 0.03810858
v 0.00791802 0.00565643 0.03810583
v 0.01018147 0.00037570 0.03809574
v 0.01018147 0.00112972 0.03808657
v 0.00942610 0.00490241 0.03806273
v 0.01093419 0.00037570 0.03802146
v 0.01093419 0.00112972 0.03796277
v 0.01158390 0.00037570 0.03783255
v 0.01196159 0.00037570 0.03766473
v 0.01184802 0.00112972 0.03760420
v 0.01233399 0.00112972 0.03722729
v 0.01249509 0.00035483 0.03724380
v 0.01284108 -0.00008088 0.03699436
v 0.01332705 0.00037570 0.02874179
v 0.01285693 0.00021916 0.03658077
v 0.01278562 0.00059747 0.03658077
v 0.01260866 0.00188373 0.03582695
v 0.01266413 0.00112972 0.03658077
v 0.01247925 0.00188373 0.03658077
v 0.01254263 0.00263775 0.03507221
v 0.01329272 0.00063921 0.02874179
v 0.01318971 0.00142715 0.02874179
v 0.01302860 0.00263775 0.02874179
v 0.01298370 0.00289083 0.02874179
v 0.01288862 0.00339177 0.02874179
v 0.01285165 0.00354048 0.02874179
v 0.01280675 0.00371790 0.02874179
v 0.01113755 0.00727143 0.02874179
v -0.01131996 0.00755060 0.03091613
v -0.01212815 0.00624085 0.03106011
v -0.01234472 0.00339177 0.03507221
v -0.01242924 0.00263775 0.03582695
v -0.01227341 0.00263775 0.03658077
v -0.01207533 0.00304737 0.03696868
v -0.01284125 0.00009392 0.03699619
v -0.01144938 0.00490241 0.03712458
v -0.00967718 0.00914473 0.02874179
v -0.01156823 0.00037570 0.03782796
v -0.01093436 0.00037570 0.03801229
v -0.01233416 0.00112972 0.03721445
v -0.01249527 0.00035744 0.03723921
v -0.01196176 -0.00037571 0.03766564
v -0.01018164 0.00037570 0.03808290
v -0.01018164 -0.00037571 0.03809574
v -0.00942627 0.00414839 0.03808290
v -0.00867355 -0.00565643 0.03809024
v -0.00791819 -0.00565643 0.03810583
v -0.00414666 -0.00867250 0.03810675
v 0.00113032 -0.00942652 0.03810858
v 0.00867338 -0.00414840 0.03810675
v 0.00942610 -0.00414840 0.03808290
v 0.00942610 -0.00490242 0.03807189
v 0.01093419 -0.00037571 0.03801137
v 0.01156806 -0.00037571 0.03782796
v 0.01194574 -0.00037571 0.03765739
v 0.01249245 -0.00034962 0.03723738
v 0.01232606 -0.00112972 0.03721445
v 0.01223098 -0.00188374 0.03713559
v 0.01145449 -0.00490242 0.03712550
v 0.01137526 -0.00551294 0.03704204
v 0.01207516 -0.00304738 0.03696868
v 0.01206195 -0.00374400 0.03617451
v 0.01211213 -0.00392402 0.03567105
v 0.01234983 -0.00339177 0.03507221
v 0.01284108 -0.00311000 0.03096015
v 0.01332705 -0.00037571 0.02874179
v -0.00984621 0.00895427 0.02874179
v -0.01056988 0.00801240 0.02874179
v -0.01113772 0.00727143 0.02874179
v -0.01134637 0.00699226 0.02874179
v -0.01139656 0.00692443 0.02874179
v -0.01212815 0.00624085 0.03085377
v -0.01360718 0.00087142 0.03098032
v -0.01254281 0.00263775 0.03507221
v -0.01247942 0.00188373 0.03658077
v -0.01261148 0.00188373 0.03582695
v -0.01266694 0.00112972 0.03658077
v -0.01365472 0.00037570 0.03106744
v -0.01284125 -0.00008349 0.03699619
v -0.01223379 0.00188373 0.03713559
v -0.01158672 -0.00037571 0.03783255
v -0.01093436 -0.00037571 0.03802146
v -0.01249262 -0.00035223 0.03724471
v -0.01232887 -0.00112972 0.03722729
v -0.01184819 -0.00112972 0.03760420
v -0.01046952 -0.00565643 0.03767940
v -0.01018164 -0.00112972 0.03808657
v -0.00942627 -0.00490242 0.03806273
v -0.00942627 -0.00565643 0.03801595
v -0.00867355 -0.00641045 0.03801687
v -0.00565474 -0.00942652 0.03801412
v -0.00490202 -0.00942652 0.03807281
v -0.00490202 -0.00867250 0.03809482
v -0.00414666 -0.00942652 0.03808290
v 0.00037495 -0.01018053 0.03809574
v 0.00565457 -0.00867250 0.03809024
v 0.00565457 -0.00791848 0.03810583
v 0.00867338 -0.00490242 0.03809482
v 0.00942610 -0.00565643 0.03801321
v 0.01018147 -0.00414840 0.03794259
v 0.01025278 -0.00495982 0.03786097
v 0.01055122 -0.00525203 0.03770966
v 0.01048255 -0.00565643 0.03768765
v 0.01088929 -0.00495982 0.03754276
v 0.01100814 -0.00572166 0.03729057
v 0.01081005 -0.00641045 0.03719519
v 0.01130659 -0.00601648 0.03688706
v 0.01167106 -0.00490242 0.03658077
v 0.01216231 -0.00403621 0.03507221
v 0.01276185 -0.00384836 0.02874179
v 0.01285165 -0.00354049 0.02874179
v 0.01288862 -0.00339177 0.02874179
v 0.01290183 -0.00332133 0.02874179
v 0.01302860 -0.00263776 0.02874179
v 0.01306294 -0.00238729 0.02874179
v 0.01203026 -0.00441191 0.03507221
v -0.01145994 0.00681746 0.02874179
v -0.01167123 0.00642349 0.02874179
v -0.01181121 0.00611562 0.02874179
v -0.01195912 0.00578427 0.02874179
v -0.01213607 0.00535899 0.02874179
v -0.01233944 0.00486849 0.02874179
v -0.01263260 0.00415883 0.02874179
v -0.01275938 0.00384835 0.02874179
v -0.01285182 0.00354048 0.02874179
v -0.01360718 0.00087142 0.03088495
v -0.01365472 0.00037570 0.03083818
v -0.01364416 -0.00037571 0.03106102
v -0.01223115 -0.00188374 0.03714292
v -0.01359662 -0.00083229 0.03097298
v -0.01235264 -0.00339177 0.03507221
v -0.01211230 -0.00392663 0.03567288
v -0.01206212 -0.00374400 0.03617543
v -0.01207533 -0.00304738 0.03696868
v -0.01137543 -0.00551554 0.03704113
v -0.01009184 -0.00565643 0.03783163
v -0.01093436 -0.00112972 0.03796277
v -0.01145466 -0.00490242 0.03712091
v -0.01100831 -0.00572166 0.03728323
v -0.01081287 -0.00641045 0.03719703
v -0.01020277 -0.00643393 0.03758403
v -0.00996770 -0.00619651 0.03776744
v -0.00944740 -0.00643393 0.03784722
v -0.00641539 -0.00942130 0.03783713
v -0.00616448 -0.00996137 0.03776285
v -0.00565474 -0.01010487 0.03782980
v -0.00496013 -0.01025359 0.03786097
v -0.00414666 -0.01018053 0.03794259
v -0.00037513 -0.01093455 0.03801137
v -0.00037513 -0.01018053 0.03808290
v 0.00037495 -0.01093455 0.03802146
v 0.00113032 -0.01018053 0.03808657
v 0.00490185 -0.00942652 0.03806273
v 0.00565457 -0.00942652 0.03801595
v 0.00640993 -0.00867250 0.03801687
v 0.00942082 -0.00641306 0.03783713
v 0.00995961 -0.00616520 0.03776285
v 0.01010487 -0.00565643 0.03782980
v 0.00643106 -0.00944739 0.03784630
v 0.01019995 -0.00641306 0.03757302
v 0.01064894 -0.00687747 0.03705305
v 0.01112171 -0.00634783 0.03661378
v 0.01132507 -0.00605562 0.03638452
v 0.01245019 -0.00460238 0.02874179
v -0.01288879 0.00339177 0.02874179
v -0.01303141 0.00263775 0.02874179
v -0.01316875 0.00159674 0.02874179
v -0.01332458 0.00037570 0.02874179
v -0.01332458 -0.00037571 0.02874179
v -0.01364416 -0.00037571 0.03084735
v -0.01359662 -0.00083229 0.03089687
v -0.01280692 -0.00371791 0.02874179
v -0.01211230 -0.00615215 0.03100233
v -0.01130676 -0.00601648 0.03689715
v -0.01167387 -0.00490242 0.03658077
v -0.01064912 -0.00688008 0.03705580
v -0.00971152 -0.00670006 0.03768215
v -0.01016315 -0.00714359 0.03720253
v -0.00714698 -0.01016488 0.03719336
v -0.00641539 -0.01019880 0.03757577
v -0.00565474 -0.01048318 0.03768765
v -0.00525329 -0.01055102 0.03770966
v -0.00037513 -0.01156855 0.03782796
v 0.00037495 -0.01158420 0.03783255
v 0.00113032 -0.01093455 0.03796277
v 0.00565457 -0.01009183 0.03783163
v 0.00619600 -0.00996659 0.03776652
v 0.00669782 -0.00971090 0.03768215
v 0.01016034 -0.00714359 0.03719061
v 0.00643106 -0.01020402 0.03758494
v 0.00773842 -0.01000051 0.03658077
v 0.00848586 -0.00924388 0.03658077
v 0.00886354 -0.00885513 0.03658077
v 0.00903257 -0.00902994 0.03538860
v 0.00909860 -0.00909778 0.03488514
v 0.01070177 -0.00693226 0.03658077
v 0.00714681 -0.01016488 0.03720436
v 0.00688534 -0.01065277 0.03705855
v 0.01139903 -0.00692443 0.02874179
v 0.01145977 -0.00681746 0.02874179
v 0.01167106 -0.00642350 0.02874179
v 0.01181104 -0.00611563 0.02874179
v 0.01195895 -0.00578428 0.02874179
v 0.01213590 -0.00535900 0.02874179
v -0.01329289 -0.00063922 0.02874179
v -0.01318988 -0.00142716 0.02874179
v -0.01303141 -0.00263776 0.02874179
v -0.01298387 -0.00289344 0.02874179
v -0.01288879 -0.00339177 0.02874179
v -0.01285182 -0.00354049 0.02874179
v -0.01275938 -0.00384836 0.02874179
v -0.01211230 -0.00615215 0.03087211
v -0.01148635 -0.00698966 0.03116098
v -0.01112452 -0.00635044 0.03662020
v -0.01070458 -0.00693487 0.03658077
v -0.00909877 -0.00909778 0.03488697
v -0.00903275 -0.00902994 0.03538951
v -0.00848603 -0.00924388 0.03658077
v -0.00773859 -0.01000051 0.03658077
v -0.00688551 -0.01065538 0.03705672
v -0.00641010 -0.01080932 0.03719795
v -0.00570756 -0.01100239 0.03728965
v -0.00496013 -0.01088759 0.03754184
v -0.00037513 -0.01194686 0.03765739
v 0.00037495 -0.01196252 0.03766473
v 0.00565457 -0.01047014 0.03767940
v 0.00640993 -0.01080932 0.03719886
v 0.00821911 -0.00972656 0.03582695
v 0.00859415 -0.00935085 0.03582695
v 0.00735282 -0.01037621 0.03658077
v 0.00827985 -0.00978918 0.03507221
v 0.00895334 -0.00984657 0.02874179
v 0.00914614 -0.00967699 0.02874179
v 0.00941818 -0.00941869 0.02874179
v 0.00967701 -0.00914474 0.02874179
v 0.00984604 -0.00895428 0.02874179
v 0.00697514 -0.01072061 0.03658077
v 0.01092891 -0.00754539 0.02874179
v 0.01113755 -0.00727144 0.02874179
v 0.00549082 -0.01137026 0.03703838
v 0.00599792 -0.01130243 0.03658077
v 0.00640993 -0.01108588 0.03658077
v -0.01266694 -0.00407535 0.02874179
v -0.01195912 -0.00578428 0.02874179
v -0.01167123 -0.00642350 0.02874179
v -0.01139656 -0.00692443 0.02874179
v -0.01148635 -0.00698966 0.03080425
v -0.01263260 -0.00415884 0.02874179
v -0.01257450 -0.00429972 0.02874179
v -0.01233944 -0.00486850 0.02874179
v -0.00978811 -0.00902994 0.02874179
v -0.00941835 -0.00941869 0.02874179
v -0.00821928 -0.00972656 0.03582695
v -0.00853621 -0.01002399 0.03109404
v -0.00775972 -0.01074148 0.03109495
v -0.00828002 -0.00978918 0.03507221
v -0.00697531 -0.01072061 0.03658077
v -0.00859432 -0.00935085 0.03582695
v -0.00735299 -0.01037621 0.03658077
v -0.00641010 -0.01108848 0.03658077
v -0.00599809 -0.01130243 0.03658077
v -0.00549099 -0.01137026 0.03704021
v -0.00490202 -0.01145114 0.03712458
v -0.00113049 -0.01233300 0.03721445
v -0.00035664 -0.01249477 0.03723829
v -0.00009517 -0.01284177 0.03699528
v 0.00009235 -0.01284177 0.03699528
v 0.00035647 -0.01249477 0.03724471
v 0.00113032 -0.01233300 0.03722729
v 0.00113032 -0.01184772 0.03760420
v 0.00570739 -0.01100239 0.03728140
v 0.00740300 -0.01044144 0.03582695
v 0.00702532 -0.01074670 0.03582695
v 0.00727094 -0.01113806 0.02874179
v 0.00692495 -0.01139896 0.02874179
v 0.00490185 -0.01145114 0.03711908
v 0.00188304 -0.01223386 0.03714292
v 0.00263840 -0.01213211 0.03703471
v 0.00304778 -0.01207471 0.03696868
v 0.00263840 -0.01227300 0.03658077
v 0.00263840 -0.01242954 0.03582695
v 0.00339376 -0.01234344 0.03507221
v 0.00415705 -0.01263304 0.02874179
v 0.00578399 -0.01195991 0.02874179
v 0.00611413 -0.01181119 0.02874179
v 0.00642314 -0.01167030 0.02874179
v 0.00314550 -0.01285220 0.03097482
v 0.00384804 -0.01276089 0.02874179
v 0.00681667 -0.01146158 0.02874179
v -0.01113772 -0.00727144 0.02874179
v -0.01007863 -0.00865163 0.02874179
v -0.00903010 -0.00978918 0.02874179
v -0.00694889 -0.01140679 0.03109037
v -0.00541440 -0.01211906 0.03101976
v -0.00339394 -0.01234344 0.03507221
v -0.00263857 -0.01242954 0.03582695
v -0.00263857 -0.01227300 0.03658077
v -0.00304795 -0.01207471 0.03696868
v -0.00188321 -0.01223386 0.03713559
v -0.00188321 -0.01247911 0.03658077
v -0.00113049 -0.01266435 0.03658077
v -0.00188321 -0.01260956 0.03582695
v -0.00263857 -0.01254173 0.03507221
v -0.00318000 -0.01285742 0.03098124
v -0.00022194 -0.01285742 0.03658077
v -0.00037513 -0.01332705 0.02874179
v 0.00022177 -0.01285742 0.03658077
v 0.00059945 -0.01278698 0.03658077
v 0.00188304 -0.01260956 0.03582695
v 0.00113032 -0.01266696 0.03658077
v 0.00188304 -0.01247911 0.03658077
v 0.00037495 -0.01332705 0.02874179
v 0.00263840 -0.01254173 0.03507221
v 0.00111711 -0.01323052 0.02874179
v 0.00159516 -0.01316790 0.02874179
v 0.00238485 -0.01306354 0.02874179
v 0.00263840 -0.01302962 0.02874179
v 0.00339376 -0.01288873 0.02874179
v 0.00354167 -0.01285220 0.02874179
v -0.00743486 -0.01101282 0.02874179
v -0.00694889 -0.01140679 0.03082167
v -0.00642331 -0.01167030 0.02874179
v -0.00384821 -0.01276089 0.02874179
v -0.00371615 -0.01280785 0.02874179
v -0.00593470 -0.01189207 0.02874179
v -0.00541440 -0.01211906 0.03085010
v -0.00354184 -0.01285220 0.02874179
v -0.00339394 -0.01288873 0.02874179
v -0.00289212 -0.01298527 0.02874179
v -0.00263857 -0.01302962 0.02874179
v -0.00111728 -0.01323052 0.02874179
v -0.00727111 -0.01113806 0.02874179
v -0.00692512 -0.01139896 0.02874179
v -0.00407535 -0.01266696 0.02874179
v -0.00578416 -0.01195730 0.02874179
v -0.00517670 -0.01221038 0.02874179
v -0.00415722 -0.01263304 0.02874179
f 2002 2003 2007
f 2002 2007 2004
f 2002 2004 2005
f 2002 2005 2006
f 2002 2006 2029
f 2002 2029 2028
f 2002 2028 2027
f 2002 2027 2026
f 2002 2026 2025
f 2002 2025 2024
f 2002 2024 2023
f 2002 2023 2057
f 2002 2057 2063
f 2002 2063 2062
f 2002 2062 2061
f 2002 2061 2091
f 2002 2091 2121
f 2002 2121 2123
f 2002 2123 2122
f 2002 2122 2134
f 2002 2134 2133
f 2002 2133 2180
f 2002 2180 2231
f 2002 2231 2177
f 2002 2177 2173
f 2002 2173 2172
f 2002 2172 2171
f 2002 2171 2170
f 2002 2170 2176
f 2002 2176 2175
f 2002 2175 2230
f 2002 2230 2229
f 2002 2229 2228
f 2002 2228 2227
f 2002 2227 2226
f 2002 2226 2225
f 2002 2225 2224
f 2002 2224 2217
f 2002 2217 2269
f 2002 2269 2318
f 2002 2318 2317
f 2002 2317 2316
f 2002 2316 2315
f 2002 2315 2314
f 2002 2314 2313
f 2002 2313 2367
f 2002 2367 2407
f 2002 2407 2406
f 2002 2406 2405
f 2002 2405 2404
f 2002 2404 2403
f 2002 2403 2402
f 2002 2402 2442
f 2002 2442 2441
f 2002 2441 2439
f 2002 2439 2438
f 2002 2438 2437
f 2002 2437 2436
f 2002 2436 2435
f 2002 2435 2477
f 2002 2477 2478
f 2002 2478 2492
f 2002 2492 2489
f 2002 2489 2488
f 2002 2488 2487
f 2002 2487 2486
f 2002 2486 2491
f 2002 2491 2522
f 2002 2522 2521
f 2002 2521 2520
f 2002 2520 2519
f 2002 2519 2518
f 2002 2518 2517
f 2002 2517 2515
f 2002 2515 2509
f 2002 2509 2534
f 2002 2534 2533
f 2002 2533 2532
f 2002 2532 2531
f 2002 2531 2530
f 2002 2530 2527
f 2002 2527 2526
f 2002 2526 2537
f 2002 2537 2540
f 2002 2540 2539
f 2002 2539 2538
f 2002 2538 2528
f 2002 2528 2525
f 2002 2525 2536
f 2002 2536 2535
f 2002 2535 2523
f 2002 2523 2495
f 2002 2495 2455
f 2002 2455 2454
f 2002 2454 2494
f 2002 2494 2493
f 2002 2493 2449
f 2002 2449 2448
f 2002 2448 2447
f 2002 2447 2453
f 2002 2453 2452
f 2002 2452 2451
f 2002 2451 2446
f 2002 2446 2414
f 2002 2414 2375
f 2002 2375 2413
f 2002 2413 2412
f 2002 2412 2411
f 2002 2411 2410
f 2002 2410 2409
f 2002 2409 2408
f 2002 2408 2372
f 2002 2372 2371
f 2002 2371 2370
f 2002 2370 2369
f 2002 2369 2368
f 2002 2368 2328
f 2002 2328 2327
f 2002 2327 2326
f 2002 2326 2325
f 2002 2325 2324
f 2002 2324 2323
f 2002 2323 2322
f 2002 2322 2321
f 2002 2321 2320
f 2002 2320 2274
f 2002 2274 2273
f 2002 2273 2272
f 2002 2272 2271
f 2002 2271 2270
f 2002 2270 2240
f 2002 2240 2191
f 2002 2191 2190
f 2002 2190 2189
f 2002 2189 2142
f 2002 2142 2099
f 2002 2099 2098
f 2002 2098 2097
f 2002 2097 2096
f 2002 2096 2095
f 2002 2095 2094
f 2002 2094 2070
f 2002 2070 2045
f 2002 2045 2044
f 2002 2044 2043
f 2002 2043 2042
f 2002 2042 2041
f 2002 2041 2008
f 2002 2008 2003
f 2003 2008 2009
f 2003 2009 2010
f 2003 2010 2011
f 2003 2011 2007
f 2004 2012 2013
f 2004 2013 2014
f 2004 2014 2015
f 2004 2015 2005
f 2004 2007 2016
f 2004 2016 2017
f 2004 2017 2018
f 2004 2018 2019
f 2004 2019 2020
f 2004 2020 2021
f 2004 2021 2022
f 2004 2022 2012
f 2005 2023 2024
f 2005 2024 2025
f 2005 2025 2026
f 2005 2026 2027
f 2005 2027 2028
f 2005 2028 2029
f 2005 2029 2006
f 2005 2015 2030
f 2005 2030 2031
f 2005 2031 2032
f 2005 2032 2023
f 2007 2033 2016
f 2007 2011 2010
f 2007 2010 2009
f 2007 2009 2034
f 2007 2034 2035
f 2007 2035 2036
f 2007 2036 2037
f 2007 2037 2038
f 2007 2038 2039
f 2007 2039 2040
f 2007 2040 2033
f 2008 2041 2009
f 2009 2041 2042
f 2009 2042 2043
f 2009 2043 2044
f 2009 2044 2045
f 2009 2045 2046
f 2009 2046 2034
f 2012 2022 2031
f 2012 2031 2047
f 2012 2047 2013
f 2013 2047 2014
f 2014 2047 2031
f 2014 2031 2030
f 2014 2030 2015
f 2016 2040 2048
f 2016 2048 2049
f 2016 2049 2050
f 2016 2050 2051
f 2016 2051 2017
f 2016 2033 2040
f 2017 2051 2052
f 2017 2052 2053
f 2017 2053 2054
f 2017 2054 2021
f 2017 2021 2019
f 2017 2019 2018
f 2019 2021 2020
f 2021 2054 2055
f 2021 2055 2022
f 2022 2055 2056
f 2022 2056 2031
f 2023 2032 2057
f 2031 2056 2058
f 2031 2058 2059
f 2031 2059 2060
f 2031 2060 2032
f 2032 2060 2061
f 2032 2061 2062
f 2032 2062 2063
f 2032 2063 2057
f 2034 2046 2064
f 2034 2064 2035
f 2035 2064 2065
f 2035 2065 2066
f 2035 2066 2036
f 2036 2066 2037
f 2037 2066 2065
f 2037 2065 2038
f 2038 2065 2067
f 2038 2067 2068
f 2038 2068 2069
f 2038 2069 2039
f 2039 2069 2040
f 2040 2069 2048
f 2045 2070 2046
f 2046 2071 2100
f 2046 2100 2072
f 2046 2072 2065
f 2046 2065 2064
f 2046 2070 2071
f 2048 2069 2068
f 2048 2068 2049
f 2049 2068 2067
f 2049 2067 2073
f 2049 2073 2074
f 2049 2074 2075
f 2049 2075 2050
f 2050 2076 2077
f 2050 2077 2051
f 2050 2075 2076
f 2051 2078 2079
f 2051 2079 2052
f 2051 2077 2078
f 2052 2079 2053
f 2053 2079 2080
f 2053 2080 2081
f 2053 2081 2082
f 2053 2082 2056
f 2053 2056 2055
f 2053 2055 2054
f 2056 2082 2058
f 2058 2083 2059
f 2058 2082 2084
f 2058 2084 2085
f 2058 2085 2086
f 2058 2086 2087
f 2058 2087 2088
f 2058 2088 2089
f 2058 2089 2090
f 2058 2090 2083
f 2059 2083 2091
f 2059 2091 2060
f 2060 2091 2061
f 2065 2072 2092
f 2065 2092 2093
f 2065 2093 2067
f 2067 2093 2073
f 2070 2094 2071
f 2071 2094 2095
f 2071 2095 2096
f 2071 2096 2097
f 2071 2097 2098
f 2071 2098 2099
f 2071 2099 2100
f 2072 2100 2143
f 2072 2143 2101
f 2072 2101 2092
f 2073 2102 2074
f 2073 2093 2103
f 2073 2103 2104
f 2073 2104 2105
f 2073 2105 2102
f 2074 2106 2107
f 2074 2107 2075
f 2074 2102 2108
f 2074 2108 2106
f 2075 2107 2076
f 2076 2107 2077
f 2077 2109 2110
f 2077 2110 2078
f 2077 2107 2111
f 2077 2111 2109
f 2078 2112 2113
f 2078 2113 2114
f 2078 2114 2079
f 2078 2110 2112
f 2079 2114 2113
f 2079 2113 2115
f 2079 2115 2080
f 2080 2115 2081
f 2081 2115 2116
f 2081 2116 2117
f 2081 2117 2118
f 2081 2118 2119
f 2081 2119 2082
f 2082 2119 2120
f 2082 2120 2084
f 2083 2121 2091
f 2083 2090 2122
f 2083 2122 2123
f 2083 2123 2121
f 2084 2120 2085
f 2085 2120 2086
f 2086 2120 2124
f 2086 2124 2125
f 2086 2125 2126
f 2086 2126 2127
f 2086 2127 2128
f 2086 2128 2129
f 2086 2129 2087
f 2087 2129 2130
f 2087 2130 2131
f 2087 2131 2088
f 2088 2131 2089
f 2089 2131 2130
f 2089 2130 2090
f 2090 2130 2128
f 2090 2128 2132
f 2090 2132 2133
f 2090 2133 2134
f 2090 2134 2122
f 2092 2101 2135
f 2092 2135 2093
f 2093 2135 2136
f 2093 2136 2137
f 2093 2137 2138
f 2093 2138 2139
f 2093 2139 2140
f 2093 2140 2141
f 2093 2141 2103
f 2099 2142 2143
f 2099 2143 2100
f 2101 2143 2192
f 2101 2192 2144
f 2101 2144 2136
f 2101 2136 2135
f 2102 2105 2108
f 2103 2141 2104
f 2104 2141 2105
f 2105 2141 2145
f 2105 2145 2146
f 2105 2146 2108
f 2106 2147 2107
f 2106 2108 2148
f 2106 2148 2149
f 2106 2149 2147
f 2107 2147 2150
f 2107 2150 2111
f 2108 2146 2151
f 2108 2151 2149
f 2108 2149 2148
f 2109 2111 2150
f 2109 2150 2110
f 2110 2150 2152
f 2110 2152 2153
f 2110 2153 2154
f 2110 2154 2113
f 2110 2113 2112
f 2113 2154 2153
f 2113 2153 2155
f 2113 2155 2156
f 2113 2156 2115
f 2115 2156 2157
f 2115 2157 2117
f 2115 2117 2116
f 2117 2157 2158
f 2117 2158 2118
f 2118 2158 2159
f 2118 2159 2160
f 2118 2160 2120
f 2118 2120 2119
f 2120 2160 2124
f 2124 2160 2161
f 2124 2161 2125
f 2125 2161 2162
f 2125 2162 2163
f 2125 2163 2164
f 2125 2164 2165
f 2125 2165 2166
f 2125 2166 2167
f 2125 2167 2168
f 2125 2168 2169
f 2125 2169 2126
f 2126 2170 2171
f 2126 2171 2172
f 2126 2172 2173
f 2126 2173 2127
f 2126 2169 2174
f 2126 2174 2175
f 2126 2175 2176
f 2126 2176 2170
f 2127 2173 2177
f 2127 2177 2128
f 2128 2178 2133
f 2128 2133 2179
f 2128 2179 2132
f 2128 2130 2129
f 2128 2177 2178
f 2132 2179 2133
f 2133 2178 2180
f 2136 2144 2181
f 2136 2181 2182
f 2136 2182 2137
f 2137 2182 2183
f 2137 2183 2139
f 2137 2139 2138
f 2139 2183 2182
f 2139 2182 2140
f 2140 2182 2184
f 2140 2184 2141
f 2141 2184 2185
f 2141 2185 2186
f 2141 2186 2187
f 2141 2187 2188
f 2141 2188 2145
f 2142 2189 2143
f 2143 2189 2190
f 2143 2190 2191
f 2143 2191 2192
f 2144 2192 2232
f 2144 2232 2181
f 2145 2193 2146
f 2145 2188 2193
f 2146 2194 2195
f 2146 2195 2151
f 2146 2193 2196
f 2146 2196 2197
f 2146 2197 2194
f 2147 2149 2150
f 2149 2151 2195
f 2149 2195 2198
f 2149 2198 2199
f 2149 2199 2150
f 2150 2200 2152
f 2150 2199 2201
f 2150 2201 2200
f 2152 2200 2202
f 2152 2202 2203
f 2152 2203 2204
f 2152 2204 2153
f 2153 2204 2205
f 2153 2205 2155
f 2155 2205 2156
f 2156 2205 2204
f 2156 2204 2206
f 2156 2206 2207
f 2156 2207 2208
f 2156 2208 2158
f 2156 2158 2157
f 2158 2208 2209
f 2158 2209 2210
f 2158 2210 2159
f 2159 2210 2211
f 2159 2211 2160
f 2160 2211 2212
f 2160 2212 2213
f 2160 2213 2161
f 2161 2213 2162
f 2162 2213 2214
f 2162 2214 2163
f 2163 2214 2165
f 2163 2165 2164
f 2165 2214 2215
f 2165 2215 2212
f 2165 2212 2216
f 2165 2216 2269
f 2165 2269 2217
f 2165 2217 2218
f 2165 2218 2219
f 2165 2219 2220
f 2165 2220 2221
f 2165 2221 2222
f 2165 2222 2166
f 2166 2222 2167
f 2167 2222 2168
f 2168 2222 2221
f 2168 2221 2220
f 2168 2220 2223
f 2168 2223 2169
f 2169 2223 2174
f 2174 2223 2219
f 2174 2219 2218
f 2174 2218 2217
f 2174 2217 2224
f 2174 2224 2225
f 2174 2225 2226
f 2174 2226 2227
f 2174 2227 2228
f 2174 2228 2229
f 2174 2229 2230
f 2174 2230 2175
f 2177 2231 2178
f 2178 2231 2180
f 2181 2232 2275
f 2181 2275 2233
f 2181 2233 2186
f 2181 2186 2185
f 2181 2185 2184
f 2181 2184 2182
f 2186 2233 2187
f 2187 2233 2234
f 2187 2234 2188
f 2188 2234 2235
f 2188 2235 2236
f 2188 2236 2237
f 2188 2237 2238
f 2188 2238 2239
f 2188 2239 2193
f 2191 2240 2232
f 2191 2232 2192
f 2193 2239 2196
f 2194 2197 2241
f 2194 2241 2195
f 2195 2242 2198
f 2195 2241 2242
f 2196 2239 2243
f 2196 2243 2197
f 2197 2243 2244
f 2197 2244 2238
f 2197 2238 2245
f 2197 2245 2241
f 2198 2242 2199
f 2199 2242 2246
f 2199 2246 2247
f 2199 2247 2248
f 2199 2248 2202
f 2199 2202 2201
f 2200 2201 2202
f 2202 2248 2247
f 2202 2247 2203
f 2203 2247 2249
f 2203 2249 2250
f 2203 2250 2251
f 2203 2251 2252
f 2203 2252 2204
f 2204 2252 2253
f 2204 2253 2206
f 2206 2253 2254
f 2206 2254 2255
f 2206 2255 2256
f 2206 2256 2209
f 2206 2209 2207
f 2207 2209 2208
f 2209 2256 2257
f 2209 2257 2211
f 2209 2211 2210
f 2211 2257 2212
f 2212 2257 2258
f 2212 2258 2216
f 2212 2215 2214
f 2212 2214 2213
f 2216 2259 2260
f 2216 2260 2261
f 2216 2261 2262
f 2216 2262 2263
f 2216 2263 2264
f 2216 2264 2265
f 2216 2265 2266
f 2216 2266 2267
f 2216 2267 2268
f 2216 2268 2269
f 2216 2258 2259
f 2219 2223 2220
f 2232 2240 2270
f 2232 2270 2271
f 2232 2271 2272
f 2232 2272 2273
f 2232 2273 2274
f 2232 2274 2275
f 2233 2275 2329
f 2233 2329 2276
f 2233 2276 2234
f 2234 2276 2277
f 2234 2277 2235
f 2235 2278 2236
f 2235 2277 2276
f 2235 2276 2279
f 2235 2279 2280
f 2235 2280 2278
f 2236 2278 2237
f 2237 2278 2238
f 2238 2278 2280
f 2238 2280 2279
f 2238 2279 2276
f 2238 2276 2281
f 2238 2281 2282
f 2238 2282 2245
f 2238 2244 2243
f 2238 2243 2283
f 2238 2283 2239
f 2239 2283 2243
f 2241 2245 2284
f 2241 2284 2242
f 2242 2285 2247
f 2242 2247 2246
f 2242 2284 2285
f 2245 2282 2286
f 2245 2286 2287
f 2245 2287 2288
f 2245 2288 2289
f 2245 2289 2284
f 2247 2285 2290
f 2247 2290 2249
f 2249 2290 2291
f 2249 2291 2292
f 2249 2292 2293
f 2249 2293 2294
f 2249 2294 2295
f 2249 2295 2296
f 2249 2296 2250
f 2250 2296 2251
f 2251 2296 2295
f 2251 2295 2297
f 2251 2297 2298
f 2251 2298 2252
f 2252 2298 2299
f 2252 2299 2300
f 2252 2300 2253
f 2253 2301 2255
f 2253 2255 2254
f 2253 2300 2301
f 2255 2302 2303
f 2255 2303 2256
f 2255 2301 2299
f 2255 2299 2302
f 2256 2303 2304
f 2256 2304 2257
f 2257 2304 2305
f 2257 2305 2258
f 2258 2305 2306
f 2258 2306 2307
f 2258 2307 2262
f 2258 2262 2260
f 2258 2260 2259
f 2260 2262 2261
f 2262 2307 2308
f 2262 2308 2263
f 2263 2308 2309
f 2263 2309 2310
f 2263 2310 2264
f 2264 2310 2311
f 2264 2311 2265
f 2265 2311 2266
f 2266 2311 2310
f 2266 2310 2312
f 2266 2312 2267
f 2267 2312 2268
f 2268 2313 2314
f 2268 2314 2315
f 2268 2315 2316
f 2268 2316 2317
f 2268 2317 2318
f 2268 2318 2269
f 2268 2312 2319
f 2268 2319 2310
f 2268 2310 2313
f 2274 2320 2275
f 2275 2320 2321
f 2275 2321 2322
f 2275 2322 2323
f 2275 2323 2324
f 2275 2324 2325
f 2275 2325 2326
f 2275 2326 2327
f 2275 2327 2328
f 2275 2328 2329
f 2276 2329 2330
f 2276 2330 2281
f 2281 2330 2373
f 2281 2373 2331
f 2281 2331 2282
f 2282 2332 2287
f 2282 2287 2286
f 2282 2331 2333
f 2282 2333 2334
f 2282 2334 2335
f 2282 2335 2336
f 2282 2336 2337
f 2282 2337 2338
f 2282 2338 2332
f 2284 2289 2339
f 2284 2339 2340
f 2284 2340 2285
f 2285 2340 2292
f 2285 2292 2291
f 2285 2291 2290
f 2287 2332 2341
f 2287 2341 2288
f 2288 2341 2342
f 2288 2342 2289
f 2289 2342 2343
f 2289 2343 2344
f 2289 2344 2345
f 2289 2345 2339
f 2292 2340 2339
f 2292 2339 2345
f 2292 2345 2346
f 2292 2346 2293
f 2293 2346 2294
f 2294 2347 2348
f 2294 2348 2349
f 2294 2349 2350
f 2294 2350 2295
f 2294 2346 2347
f 2295 2350 2351
f 2295 2351 2352
f 2295 2352 2353
f 2295 2353 2298
f 2295 2298 2297
f 2298 2354 2355
f 2298 2355 2299
f 2298 2353 2352
f 2298 2352 2354
f 2299 2355 2356
f 2299 2356 2357
f 2299 2357 2358
f 2299 2358 2302
f 2299 2301 2300
f 2302 2359 2360
f 2302 2360 2361
f 2302 2361 2304
f 2302 2304 2303
f 2302 2358 2362
f 2302 2362 2359
f 2304 2361 2306
f 2304 2306 2305
f 2306 2309 2308
f 2306 2308 2307
f 2306 2361 2360
f 2306 2360 2363
f 2306 2363 2309
f 2309 2363 2364
f 2309 2364 2310
f 2310 2365 2366
f 2310 2366 2313
f 2310 2319 2312
f 2310 2364 2365
f 2313 2366 2367
f 2328 2368 2329
f 2329 2369 2370
f 2329 2370 2371
f 2329 2371 2330
f 2329 2368 2369
f 2330 2371 2372
f 2330 2372 2373
f 2331 2373 2374
f 2331 2374 2333
f 2332 2338 2341
f 2333 2374 2375
f 2333 2375 2376
f 2333 2376 2334
f 2334 2376 2335
f 2335 2376 2377
f 2335 2377 2378
f 2335 2378 2336
f 2336 2378 2337
f 2337 2378 2377
f 2337 2377 2338
f 2338 2377 2343
f 2338 2343 2342
f 2338 2342 2341
f 2343 2379 2344
f 2343 2377 2379
f 2344 2380 2345
f 2344 2379 2381
f 2344 2381 2382
f 2344 2382 2383
f 2344 2383 2380
f 2345 2380 2348
f 2345 2348 2346
f 2346 2348 2347
f 2348 2383 2384
f 2348 2384 2349
f 2348 2380 2383
f 2349 2384 2350
f 2350 2384 2385
f 2350 2385 2386
f 2350 2386 2352
f 2350 2352 2351
f 2352 2386 2354
f 2354 2387 2388
f 2354 2388 2357
f 2354 2357 2356
f 2354 2356 2355
f 2354 2386 2387
f 2357 2389 2390
f 2357 2390 2362
f 2357 2362 2358
f 2357 2388 2389
f 2359 2362 2360
f 2360 2362 2390
f 2360 2390 2391
f 2360 2391 2363
f 2363 2392 2364
f 2363 2391 2393
f 2363 2393 2392
f 2364 2394 2395
f 2364 2395 2396
f 2364 2396 2397
f 2364 2397 2398
f 2364 2398 2399
f 2364 2399 2365
f 2364 2392 2400
f 2364 2400 2401
f 2364 2401 2394
f 2365 2402 2366
f 2365 2399 2402
f 2366 2402 2403
f 2366 2403 2404
f 2366 2404 2405
f 2366 2405 2406
f 2366 2406 2407
f 2366 2407 2367
f 2372 2408 2373
f 2373 2408 2374
f 2374 2408 2409
f 2374 2409 2410
f 2374 2410 2411
f 2374 2411 2412
f 2374 2412 2413
f 2374 2413 2375
f 2375 2414 2415
f 2375 2415 2376
f 2376 2415 2450
f 2376 2450 2416
f 2376 2416 2417
f 2376 2417 2377
f 2377 2417 2379
f 2379 2417 2418
f 2379 2418 2419
f 2379 2419 2420
f 2379 2420 2421
f 2379 2421 2422
f 2379 2422 2423
f 2379 2423 2381
f 2381 2423 2382
f 2382 2423 2383
f 2383 2423 2424
f 2383 2424 2384
f 2384 2424 2425
f 2384 2425 2426
f 2384 2426 2427
f 2384 2427 2385
f 2385 2427 2386
f 2386 2427 2428
f 2386 2428 2387
f 2387 2428 2429
f 2387 2429 2389
f 2387 2389 2388
f 2389 2429 2390
f 2390 2429 2393
f 2390 2393 2391
f 2392 2393 2400
f 2393 2429 2430
f 2393 2430 2401
f 2393 2401 2400
f 2394 2431 2432
f 2394 2432 2395
f 2394 2401 2433
f 2394 2433 2431
f 2395 2432 2397
f 2395 2397 2396
f 2397 2432 2431
f 2397 2431 2398
f 2398 2434 2435
f 2398 2435 2436
f 2398 2436 2437
f 2398 2437 2438
f 2398 2438 2439
f 2398 2439 2399
f 2398 2431 2440
f 2398 2440 2434
f 2399 2439 2441
f 2399 2441 2442
f 2399 2442 2402
f 2401 2440 2433
f 2401 2430 2443
f 2401 2443 2444
f 2401 2444 2445
f 2401 2445 2440
f 2414 2446 2415
f 2415 2447 2448
f 2415 2448 2449
f 2415 2449 2450
f 2415 2446 2451
f 2415 2451 2452
f 2415 2452 2453
f 2415 2453 2447
f 2416 2454 2455
f 2416 2455 2419
f 2416 2419 2418
f 2416 2418 2417
f 2416 2450 2454
f 2419 2456 2420
f 2419 2455 2457
f 2419 2457 2458
f 2419 2458 2459
f 2419 2459 2460
f 2419 2460 2456
f 2420 2456 2461
f 2420 2461 2421
f 2421 2461 2422
f 2422 2461 2456
f 2422 2456 2462
f 2422 2462 2423
f 2423 2462 2460
f 2423 2460 2463
f 2423 2463 2464
f 2423 2464 2465
f 2423 2465 2424
f 2424 2465 2425
f 2425 2465 2466
f 2425 2466 2426
f 2426 2466 2467
f 2426 2467 2427
f 2427 2467 2468
f 2427 2468 2469
f 2427 2469 2428
f 2428 2469 2470
f 2428 2470 2471
f 2428 2471 2472
f 2428 2472 2473
f 2428 2473 2429
f 2429 2474 2430
f 2429 2473 2474
f 2430 2474 2443
f 2431 2433 2440
f 2434 2440 2475
f 2434 2475 2435
f 2435 2475 2440
f 2435 2440 2476
f 2435 2476 2477
f 2440 2478 2476
f 2440 2445 2478
f 2443 2474 2479
f 2443 2479 2480
f 2443 2480 2481
f 2443 2481 2470
f 2443 2470 2482
f 2443 2482 2483
f 2443 2483 2484
f 2443 2484 2485
f 2443 2485 2444
f 2444 2486 2487
f 2444 2487 2488
f 2444 2488 2489
f 2444 2489 2445
f 2444 2485 2490
f 2444 2490 2491
f 2444 2491 2486
f 2445 2489 2492
f 2445 2492 2478
f 2449 2493 2450
f 2450 2493 2494
f 2450 2494 2454
f 2455 2495 2457
f 2456 2460 2462
f 2457 2495 2458
f 2458 2495 2496
f 2458 2496 2460
f 2458 2460 2459
f 2460 2496 2463
f 2463 2496 2464
f 2464 2496 2497
f 2464 2497 2498
f 2464 2498 2465
f 2465 2498 2499
f 2465 2499 2500
f 2465 2500 2501
f 2465 2501 2469
f 2465 2469 2466
f 2466 2502 2467
f 2466 2469 2502
f 2467 2502 2469
f 2467 2469 2468
f 2469 2501 2503
f 2469 2503 2504
f 2469 2504 2505
f 2469 2505 2506
f 2469 2506 2507
f 2469 2507 2508
f 2469 2508 2509
f 2469 2509 2515
f 2469 2515 2470
f 2470 2510 2490
f 2470 2490 2511
f 2470 2511 2512
f 2470 2512 2513
f 2470 2513 2514
f 2470 2514 2482
f 2470 2481 2480
f 2470 2480 2472
f 2470 2472 2471
f 2470 2515 2510
f 2472 2480 2479
f 2472 2479 2473
f 2473 2479 2474
f 2476 2478 2477
f 2482 2514 2483
f 2483 2514 2484
f 2484 2514 2513
f 2484 2513 2512
f 2484 2512 2516
f 2484 2516 2485
f 2485 2516 2490
f 2490 2516 2511
f 2490 2510 2515
f 2490 2515 2517
f 2490 2517 2518
f 2490 2518 2519
f 2490 2519 2520
f 2490 2520 2521
f 2490 2521 2522
f 2490 2522 2491
f 2495 2523 2524
f 2495 2524 2496
f 2496 2524 2525
f 2496 2525 2497
f 2497 2526 2527
f 2497 2527 2507
f 2497 2507 2498
f 2497 2525 2528
f 2497 2528 2529
f 2497 2529 2526
f 2498 2507 2506
f 2498 2506 2499
f 2499 2506 2505
f 2499 2505 2504
f 2499 2504 2503
f 2499 2503 2500
f 2500 2503 2501
f 2507 2527 2530
f 2507 2530 2531
f 2507 2531 2532
f 2507 2532 2533
f 2507 2533 2534
f 2507 2534 2509
f 2507 2509 2508
f 2511 2516 2512
f 2523 2535 2524
f 2524 2536 2525
f 2524 2535 2536
f 2526 2529 2537
f 2528 2538 2529
f 2529 2539 2540
f 2529 2540 2537
f 2529 2538 2539

o part_2
v 0.00037569 0.01566831 -0.00173357
v 0.00037569 0.01557025 0.00119393
v 0.00112966 0.01547527 0.00119393
v 0.00182209 0.01538641 0.00119393
v 0.00263762 0.01537415 -0.00173357
v -0.00037521 0.01566831 -0.00173357
v -0.00037521 0.01557025 0.00119393
v 0.00257607 0.01528836 0.00119393
v 0.00339160 0.01527304 -0.00173357
v -0.00263715 0.01537415 -0.00173357
v -0.00194780 0.01537109 0.00119393
v -0.00043676 0.01556413 0.00119393
v 0.00333005 0.01518724 0.00119393
v 0.00339160 0.01517805 0.00119393
v 0.00384706 0.01510758 0.00119393
v 0.00405941 0.01514128 -0.00173357
v -0.00339113 0.01527304 -0.00173357
v -0.00343729 0.01517192 0.00119393
v -0.00263715 0.01527917 0.00119393
v 0.00422559 0.01498808 0.00119393
v 0.00415481 0.01511064 -0.00173357
v -0.00348961 0.01525772 -0.00173357
v -0.00384659 0.01510758 0.00119393
v 0.00490263 0.01473682 0.00119393
v 0.00485339 0.01486551 -0.00173357
v 0.00468413 0.01492680 -0.00173357
v -0.00405894 0.01514128 -0.00173357
v -0.00422512 0.01498808 0.00119393
v 0.00558890 0.01445492 0.00119393
v 0.00640443 0.01411787 0.00119393
v 0.00716456 0.01380227 0.00119393
v 0.00701069 0.01396774 -0.00173357
v -0.00485292 0.01486551 -0.00173357
v -0.00490216 0.01473682 0.00119393
v 0.00756463 0.01362762 0.00119393
v 0.00716456 0.01390339 -0.00173357
v -0.00558843 0.01445492 0.00119393
v -0.00716409 0.01390339 -0.00173357
v -0.00716409 0.01380227 0.00119393
v -0.00640396 0.01411787 0.00119393
v 0.00760464 0.01360923 0.00119393
v 0.00769697 0.01366132 -0.00173357
v -0.00725642 0.01386356 -0.00173357
v -0.00760417 0.01360923 0.00119393
v 0.00763542 0.01359085 0.00119393
v 0.00807242 0.01343152 -0.00173357
v -0.00769649 0.01366132 -0.00173357
v -0.00799809 0.01348054 -0.00173357
v -0.00797962 0.01337024 0.00119393
v 0.00798009 0.01337024 0.00119393
v 0.00847556 0.01302399 0.00119393
v 0.00865713 0.01301787 -0.00173357
v -0.00807194 0.01343152 -0.00173357
v -0.00802578 0.01333960 0.00119393
v 0.00851865 0.01299335 0.00119393
v 0.00855250 0.01296884 0.00119393
v 0.00943573 0.01229168 0.00119393
v 0.01017432 0.01172482 0.00119393
v 0.01062055 0.01150727 -0.00173357
v -0.00818273 0.01335492 -0.00173357
v -0.00852125 0.01299335 0.00119393
v 0.01058670 0.01140615 0.00119393
v 0.01071288 0.01143373 -0.00173357
v -0.00865666 0.01301787 -0.00173357
v -0.01017693 0.01172482 0.00119393
v 0.01063286 0.01136938 0.00119393
v 0.01109140 0.01109668 -0.00173357
v -0.01071548 0.01143373 -0.00173357
v -0.01063239 0.01136938 0.00119393
v 0.01066364 0.01134181 0.00119393
v 0.01101139 0.01101395 0.00119393
v 0.01134376 0.01066771 0.00119393
v 0.01143916 0.01071673 -0.00173357
v -0.01101400 0.01116716 -0.00173357
v -0.01109093 0.01109668 -0.00173357
v -0.01101092 0.01101395 0.00119393
v 0.01137145 0.01063400 0.00119393
v 0.01140838 0.01058804 0.00119393
v 0.01182692 0.01021729 -0.00173357
v -0.01116479 0.01102008 -0.00173357
v -0.01137406 0.01063400 0.00119393
v 0.01172844 0.01017439 0.00119393
v 0.01295019 0.00875878 -0.00173357
v -0.01143869 0.01071673 -0.00173357
v -0.01174028 0.01033066 -0.00173357
v -0.01172797 0.01017439 0.00119393
v 0.01299635 0.00852284 0.00119393
v 0.01302405 0.00866073 -0.00173357
v -0.01202033 0.00979444 0.00119393
v -0.01302358 0.00866073 -0.00173357
v 0.01337180 0.00798969 0.00119393
v 0.01343643 0.00809081 -0.00173357
v -0.01206033 0.00974235 0.00119393
v -0.01336210 0.00819805 -0.00173357
v -0.01299588 0.00852284 0.00119393
v 0.01359646 0.00764345 0.00119393
v 0.01367647 0.00771392 -0.00173357
v -0.01343904 0.00809081 -0.00173357
v -0.01337133 0.00798969 0.00119393
v 0.01361492 0.00761281 0.00119393
v 0.01393190 0.00716239 -0.00173357
v -0.01348827 0.00801421 -0.00173357
v -0.01361445 0.00761281 0.00119393
v 0.01381188 0.00716239 0.00119393
v 0.01383958 0.00709804 0.00119393
v 0.01400576 0.00698774 -0.00173357
v -0.01367600 0.00771392 -0.00173357
v -0.01388835 0.00726044 -0.00173357
v -0.01393143 0.00716239 -0.00173357
v -0.01379294 0.00720529 0.00119393
v 0.01444276 0.00564260 0.00119393
v 0.01488899 0.00486126 -0.00173357
v -0.01381141 0.00716239 0.00119393
v -0.01421456 0.00648216 -0.00173357
v 0.01474743 0.00490109 0.00119393
v 0.01499362 0.00424844 0.00119393
v 0.01494131 0.00472031 -0.00173357
v -0.01431611 0.00594901 0.00119393
v -0.01488852 0.00486126 -0.00173357
v 0.01510442 0.00390220 0.00119393
v 0.01513519 0.00418716 -0.00173357
v -0.01471926 0.00496850 0.00119393
v -0.01499315 0.00424844 0.00119393
v -0.01497469 0.00429746 0.00119393
v -0.01474696 0.00490109 0.00119393
v -0.01516549 0.00409830 -0.00173357
v 0.01511365 0.00387155 0.00119393
v 0.01516289 0.00409830 -0.00173357
v -0.01511317 0.00387155 0.00119393
v -0.01529475 0.00350080 -0.00173357
v 0.01512288 0.00382559 0.00119393
v 0.01531368 0.00339356 -0.00173357
v -0.01531321 0.00339356 -0.00173357
v -0.01518704 0.00343645 0.00119393
v 0.01519366 0.00339356 0.00119393
v 0.01533522 0.00324035 -0.00173357
v 0.01520289 0.00332921 0.00119393
v -0.01529475 0.00263979 0.00119393
v -0.01519319 0.00339356 0.00119393
v -0.01571944 0.00034172 -0.00173357
v 0.01539369 0.00188296 0.00119393
v 0.01571683 0.00034172 -0.00173357
v -0.01539323 0.00188296 0.00119393
v -0.01571636 -0.00033851 -0.00173357
v -0.01558710 -0.00037528 0.00119393
v -0.01558710 -0.00031399 0.00119393
v -0.01558403 0.00037543 0.00119393
v -0.01557787 0.00043671 0.00119393
v 0.01558450 0.00037543 0.00119393
v 0.01571991 -0.00034463 -0.00173357
v -0.01560249 -0.00112904 -0.00173357
v -0.01528551 -0.00263964 0.00119393
v -0.01529475 -0.00257529 0.00119393
v -0.01539323 -0.00188281 0.00119393
v 0.01558450 -0.00037528 0.00119393
v 0.01560604 -0.00112904 -0.00173357
v 0.01527060 -0.00263964 0.00119393
v 0.01516596 -0.00339341 0.00119393
v 0.01515981 -0.00343630 0.00119393
v -0.01527320 -0.00324020 -0.00173357
v -0.01517472 -0.00339341 0.00119393
v 0.01548910 -0.00188281 -0.00173357
v 0.01510134 -0.00382544 0.00119393
v -0.01524858 -0.00339341 -0.00173357
v -0.01511010 -0.00378561 0.00119393
v 0.01534753 -0.00278978 -0.00173357
v 0.01498132 -0.00420233 0.00119393
v 0.01504594 -0.00425135 -0.00173357
v 0.01513827 -0.00395107 -0.00173357
v 0.01523674 -0.00347920 -0.00173357
v 0.01525213 -0.00339341 -0.00173357
v -0.01513780 -0.00395107 -0.00173357
v -0.01510087 -0.00383157 0.00119393
v 0.01496285 -0.00425441 0.00119393
v 0.01502132 -0.00432795 -0.00173357
v -0.01502085 -0.00432795 -0.00173357
v -0.01509163 -0.00386221 0.00119393
v 0.01496901 -0.00446890 -0.00173357
v 0.01472281 -0.00490094 0.00119393
v -0.01480235 -0.00490094 -0.00173357
v -0.01472234 -0.00490094 0.00119393
v -0.01474080 -0.00485191 0.00119393
v -0.01498085 -0.00420845 0.00119393
v 0.01469819 -0.00496528 0.00119393
v 0.01480282 -0.00490094 -0.00173357
v -0.01386373 -0.00716530 -0.00173357
v -0.01410377 -0.00640541 0.00119393
v -0.01444844 -0.00557197 0.00119393
v 0.01430427 -0.00591822 0.00119393
v 0.01428273 -0.00597031 0.00119393
v 0.01386420 -0.00716530 -0.00173357
v -0.01364215 -0.00765862 -0.00173357
v -0.01362061 -0.00755138 0.00119393
v -0.01378679 -0.00716530 0.00119393
v 0.01378726 -0.00716530 0.00119393
v 0.01360261 -0.00759121 0.00119393
v 0.01382727 -0.00724803 -0.00173357
v -0.01340518 -0.00803550 -0.00173357
v -0.01358368 -0.00762185 0.00119393
v -0.01360214 -0.00759121 0.00119393
v 0.01363954 -0.00765862 -0.00173357
v 0.01338104 -0.00793745 0.00119393
v 0.01345489 -0.00795890 -0.00173357
v -0.01302666 -0.00856559 -0.00173357
v -0.01301435 -0.00846448 0.00119393
v -0.01336210 -0.00796809 0.00119393
v 0.01298404 -0.00850737 0.00119393
v 0.01340565 -0.00803550 -0.00173357
v -0.01296818 -0.00864219 -0.00173357
v -0.01298357 -0.00850737 0.00119393
v 0.01302713 -0.00856559 -0.00173357
v 0.01271938 -0.00885362 0.00119393
v -0.01147254 -0.01059096 -0.00173357
v -0.01173720 -0.01013441 0.00119393
v 0.01266399 -0.00904052 -0.00173357
v 0.01136222 -0.01062160 0.00119393
v -0.01140484 -0.01067675 -0.00173357
v -0.01136175 -0.01062160 0.00119393
v 0.01175306 -0.01022633 -0.00173357
v 0.01112833 -0.01098009 -0.00173357
v 0.01140531 -0.01067675 -0.00173357
v 0.01099908 -0.01099848 0.00119393
v -0.01105400 -0.01105363 -0.00173357
v -0.01099861 -0.01099848 0.00119393
v 0.01097754 -0.01113023 -0.00173357
v 0.01062055 -0.01136004 0.00119393
v -0.01067855 -0.01140600 -0.00173357
v -0.01065086 -0.01133247 0.00119393
v 0.01067902 -0.01140600 -0.00173357
v 0.01022048 -0.01166951 0.00119393
v -0.00894287 -0.01273888 -0.00173357
v -0.01057700 -0.01139681 0.00119393
v -0.01062008 -0.01136004 0.00119393
v 0.00894334 -0.01273888 -0.00173357
v 0.00893103 -0.01265922 0.00119393
v -0.00864128 -0.01296869 -0.00173357
v -0.00853972 -0.01295950 0.00119393
v -0.01013384 -0.01173693 0.00119393
v 0.00850634 -0.01298401 0.00119393
v 0.00856481 -0.01302691 -0.00173357
v -0.00856434 -0.01302691 -0.00173357
v -0.00850587 -0.01298401 0.00119393
v 0.00796778 -0.01336089 0.00119393
v 0.00814320 -0.01333025 -0.00173357
v -0.00803502 -0.01340379 -0.00173357
v -0.00846278 -0.01301465 0.00119393
v 0.00803549 -0.01340379 -0.00173357
v 0.00758925 -0.01360296 0.00119393
v -0.00765649 -0.01363972 -0.00173357
v -0.00762264 -0.01358457 0.00119393
v -0.00796731 -0.01336089 0.00119393
v 0.00795855 -0.01345281 -0.00173357
v 0.00716456 -0.01378680 0.00119393
v 0.00716456 -0.01386340 -0.00173357
v 0.00724766 -0.01382663 -0.00173357
v 0.00765696 -0.01363972 -0.00173357
v -0.00716409 -0.01386340 -0.00173357
v -0.00755185 -0.01362134 0.00119393
v -0.00759186 -0.01360296 0.00119393
v 0.00557352 -0.01444865 0.00119393
v 0.00503188 -0.01474893 -0.00173357
v -0.00701330 -0.01392775 -0.00173357
v -0.00709947 -0.01381438 0.00119393
v 0.00490263 -0.01472441 0.00119393
v 0.00490263 -0.01480102 -0.00173357
v -0.00490216 -0.01480102 -0.00173357
v -0.00557305 -0.01444865 0.00119393
v 0.00420405 -0.01498180 0.00119393
v 0.00432407 -0.01502163 -0.00173357
v -0.00432360 -0.01502163 -0.00173357
v -0.00490216 -0.01472441 0.00119393
v 0.00382552 -0.01510130 0.00119393
v 0.00394554 -0.01513500 -0.00173357
v -0.00394815 -0.01513500 -0.00173357
v -0.00385890 -0.01509210 0.00119393
v -0.00420358 -0.01498180 0.00119393
v 0.00343468 -0.01515951 0.00119393
v 0.00347777 -0.01522692 -0.00173357
v -0.00339113 -0.01523918 -0.00173357
v -0.00382505 -0.01510130 0.00119393
v 0.00339160 -0.01516564 0.00119393
v 0.00339160 -0.01523918 -0.00173357
v -0.00263715 -0.01534030 -0.00173357
v -0.00332958 -0.01517483 0.00119393
v 0.00263762 -0.01526676 0.00119393
v 0.00263762 -0.01534030 -0.00173357
v -0.00097840 -0.01555478 -0.00173357
v -0.00106764 -0.01547205 0.00119393
v -0.00257560 -0.01527595 0.00119393
v 0.00194519 -0.01535868 0.00119393
v 0.00037569 -0.01563445 -0.00173357
v -0.00037521 -0.01563138 -0.00173357
v -0.00037521 -0.01556091 0.00119393
v 0.00037569 -0.01556091 0.00119393
f 2541 2542 2543
f 2541 2543 2544
f 2541 2544 2548
f 2541 2548 2545
f 2541 2545 2549
f 2541 2549 2556
f 2541 2556 2561
f 2541 2561 2566
f 2541 2566 2565
f 2541 2565 2572
f 2541 2572 2576
f 2541 2576 2582
f 2541 2582 2586
f 2541 2586 2592
f 2541 2592 2599
f 2541 2599 2603
f 2541 2603 2607
f 2541 2607 2613
f 2541 2613 2619
f 2541 2619 2623
f 2541 2623 2628
f 2541 2628 2632
f 2541 2632 2637
f 2541 2637 2641
f 2541 2641 2646
f 2541 2646 2652
f 2541 2652 2657
f 2541 2657 2661
f 2541 2661 2668
f 2541 2668 2672
f 2541 2672 2676
f 2541 2676 2682
f 2541 2682 2690
f 2541 2690 2696
f 2541 2696 2702
f 2541 2702 2706
f 2541 2706 2711
f 2541 2711 2710
f 2541 2710 2709
f 2541 2709 2708
f 2541 2708 2715
f 2541 2715 2718
f 2541 2718 2725
f 2541 2725 2731
f 2541 2731 2737
f 2541 2737 2741
f 2541 2741 2743
f 2541 2743 2748
f 2541 2748 2751
f 2541 2751 2755
f 2541 2755 2759
f 2541 2759 2761
f 2541 2761 2760
f 2541 2760 2765
f 2541 2765 2769
f 2541 2769 2774
f 2541 2774 2780
f 2541 2780 2784
f 2541 2784 2787
f 2541 2787 2792
f 2541 2792 2796
f 2541 2796 2795
f 2541 2795 2794
f 2541 2794 2801
f 2541 2801 2805
f 2541 2805 2809
f 2541 2809 2813
f 2541 2813 2818
f 2541 2818 2822
f 2541 2822 2826
f 2541 2826 2831
f 2541 2831 2832
f 2541 2832 2827
f 2541 2827 2823
f 2541 2823 2819
f 2541 2819 2814
f 2541 2814 2810
f 2541 2810 2806
f 2541 2806 2802
f 2541 2802 2797
f 2541 2797 2789
f 2541 2789 2785
f 2541 2785 2781
f 2541 2781 2776
f 2541 2776 2771
f 2541 2771 2767
f 2541 2767 2763
f 2541 2763 2757
f 2541 2757 2753
f 2541 2753 2749
f 2541 2749 2744
f 2541 2744 2738
f 2541 2738 2732
f 2541 2732 2726
f 2541 2726 2720
f 2541 2720 2716
f 2541 2716 2712
f 2541 2712 2704
f 2541 2704 2700
f 2541 2700 2691
f 2541 2691 2684
f 2541 2684 2680
f 2541 2680 2673
f 2541 2673 2670
f 2541 2670 2666
f 2541 2666 2659
f 2541 2659 2654
f 2541 2654 2649
f 2541 2649 2648
f 2541 2648 2647
f 2541 2647 2642
f 2541 2642 2638
f 2541 2638 2634
f 2541 2634 2630
f 2541 2630 2625
f 2541 2625 2624
f 2541 2624 2620
f 2541 2620 2615
f 2541 2615 2614
f 2541 2614 2608
f 2541 2608 2604
f 2541 2604 2600
f 2541 2600 2593
f 2541 2593 2588
f 2541 2588 2587
f 2541 2587 2583
f 2541 2583 2578
f 2541 2578 2573
f 2541 2573 2567
f 2541 2567 2562
f 2541 2562 2557
f 2541 2557 2550
f 2541 2550 2546
f 2541 2546 2547
f 2541 2547 2542
f 2542 2547 2552
f 2542 2552 2551
f 2542 2551 2559
f 2542 2559 2558
f 2542 2558 2563
f 2542 2563 2568
f 2542 2568 2574
f 2542 2574 2577
f 2542 2577 2580
f 2542 2580 2579
f 2542 2579 2584
f 2542 2584 2589
f 2542 2589 2594
f 2542 2594 2601
f 2542 2601 2605
f 2542 2605 2609
f 2542 2609 2616
f 2542 2616 2621
f 2542 2621 2626
f 2542 2626 2629
f 2542 2629 2633
f 2542 2633 2635
f 2542 2635 2639
f 2542 2639 2643
f 2542 2643 2650
f 2542 2650 2653
f 2542 2653 2658
f 2542 2658 2662
f 2542 2662 2665
f 2542 2665 2664
f 2542 2664 2663
f 2542 2663 2669
f 2542 2669 2674
f 2542 2674 2679
f 2542 2679 2678
f 2542 2678 2683
f 2542 2683 2688
f 2542 2688 2687
f 2542 2687 2686
f 2542 2686 2685
f 2542 2685 2694
f 2542 2694 2693
f 2542 2693 2692
f 2542 2692 2701
f 2542 2701 2705
f 2542 2705 2713
f 2542 2713 2717
f 2542 2717 2723
f 2542 2723 2722
f 2542 2722 2721
f 2542 2721 2728
f 2542 2728 2727
f 2542 2727 2734
f 2542 2734 2733
f 2542 2733 2740
f 2542 2740 2739
f 2542 2739 2746
f 2542 2746 2745
f 2542 2745 2750
f 2542 2750 2754
f 2542 2754 2758
f 2542 2758 2764
f 2542 2764 2768
f 2542 2768 2773
f 2542 2773 2772
f 2542 2772 2778
f 2542 2778 2777
f 2542 2777 2782
f 2542 2782 2786
f 2542 2786 2791
f 2542 2791 2790
f 2542 2790 2799
f 2542 2799 2798
f 2542 2798 2803
f 2542 2803 2807
f 2542 2807 2811
f 2542 2811 2816
f 2542 2816 2815
f 2542 2815 2820
f 2542 2820 2824
f 2542 2824 2829
f 2542 2829 2828
f 2542 2828 2833
f 2542 2833 2834
f 2542 2834 2830
f 2542 2830 2825
f 2542 2825 2821
f 2542 2821 2817
f 2542 2817 2812
f 2542 2812 2808
f 2542 2808 2804
f 2542 2804 2800
f 2542 2800 2793
f 2542 2793 2788
f 2542 2788 2783
f 2542 2783 2779
f 2542 2779 2775
f 2542 2775 2770
f 2542 2770 2766
f 2542 2766 2762
f 2542 2762 2756
f 2542 2756 2752
f 2542 2752 2747
f 2542 2747 2742
f 2542 2742 2736
f 2542 2736 2735
f 2542 2735 2730
f 2542 2730 2729
f 2542 2729 2724
f 2542 2724 2719
f 2542 2719 2714
f 2542 2714 2707
f 2542 2707 2703
f 2542 2703 2699
f 2542 2699 2698
f 2542 2698 2697
f 2542 2697 2695
f 2542 2695 2689
f 2542 2689 2681
f 2542 2681 2677
f 2542 2677 2675
f 2542 2675 2671
f 2542 2671 2667
f 2542 2667 2660
f 2542 2660 2656
f 2542 2656 2655
f 2542 2655 2651
f 2542 2651 2645
f 2542 2645 2644
f 2542 2644 2640
f 2542 2640 2636
f 2542 2636 2631
f 2542 2631 2627
f 2542 2627 2622
f 2542 2622 2618
f 2542 2618 2617
f 2542 2617 2612
f 2542 2612 2611
f 2542 2611 2610
f 2542 2610 2606
f 2542 2606 2602
f 2542 2602 2598
f 2542 2598 2597
f 2542 2597 2596
f 2542 2596 2595
f 2542 2595 2591
f 2542 2591 2590
f 2542 2590 2585
f 2542 2585 2581
f 2542 2581 2575
f 2542 2575 2571
f 2542 2571 2570
f 2542 2570 2569
f 2542 2569 2564
f 2542 2564 2560
f 2542 2560 2555
f 2542 2555 2554
f 2542 2554 2553
f 2542 2553 2548
f 2542 2548 2544
f 2542 2544 2543
f 2545 2548 2553
f 2545 2553 2549
f 2546 2550 2551
f 2546 2551 2552
f 2546 2552 2547
f 2549 2553 2554
f 2549 2554 2555
f 2549 2555 2556
f 2550 2557 2558
f 2550 2558 2559
f 2550 2559 2551
f 2555 2560 2556
f 2556 2560 2561
f 2557 2562 2558
f 2558 2562 2563
f 2560 2564 2565
f 2560 2565 2566
f 2560 2566 2561
f 2562 2567 2563
f 2563 2567 2568
f 2564 2569 2565
f 2565 2569 2570
f 2565 2570 2571
f 2565 2571 2572
f 2567 2573 2568
f 2568 2573 2574
f 2571 2575 2576
f 2571 2576 2572
f 2573 2577 2574
f 2573 2578 2579
f 2573 2579 2580
f 2573 2580 2577
f 2575 2581 2582
f 2575 2582 2576
f 2578 2583 2579
f 2579 2583 2584
f 2581 2585 2582
f 2582 2585 2586
f 2583 2587 2584
f 2584 2587 2588
f 2584 2588 2589
f 2585 2590 2586
f 2586 2590 2591
f 2586 2591 2592
f 2588 2593 2594
f 2588 2594 2589
f 2591 2595 2592
f 2592 2595 2596
f 2592 2596 2597
f 2592 2597 2598
f 2592 2598 2599
f 2593 2600 2594
f 2594 2600 2601
f 2598 2602 2599
f 2599 2602 2606
f 2599 2606 2603
f 2600 2604 2601
f 2601 2604 2605
f 2603 2606 2607
f 2604 2608 2605
f 2605 2608 2609
f 2606 2610 2607
f 2607 2611 2612
f 2607 2612 2613
f 2607 2610 2611
f 2608 2614 2609
f 2609 2614 2615
f 2609 2615 2616
f 2612 2617 2613
f 2613 2617 2618
f 2613 2618 2619
f 2615 2620 2616
f 2616 2620 2621
f 2618 2622 2619
f 2619 2622 2623
f 2620 2624 2621
f 2621 2624 2625
f 2621 2625 2626
f 2622 2627 2623
f 2623 2627 2628
f 2625 2629 2626
f 2625 2630 2629
f 2627 2631 2632
f 2627 2632 2628
f 2629 2630 2633
f 2630 2634 2635
f 2630 2635 2633
f 2631 2636 2632
f 2632 2636 2637
f 2634 2638 2635
f 2635 2638 2639
f 2636 2640 2637
f 2637 2640 2641
f 2638 2642 2643
f 2638 2643 2639
f 2640 2644 2641
f 2641 2644 2645
f 2641 2645 2646
f 2642 2647 2643
f 2643 2647 2648
f 2643 2648 2649
f 2643 2649 2650
f 2645 2651 2652
f 2645 2652 2646
f 2649 2653 2650
f 2649 2654 2653
f 2651 2655 2652
f 2652 2655 2656
f 2652 2656 2657
f 2653 2654 2658
f 2654 2659 2658
f 2656 2660 2661
f 2656 2661 2657
f 2658 2659 2662
f 2659 2663 2664
f 2659 2664 2665
f 2659 2665 2662
f 2659 2666 2663
f 2660 2667 2668
f 2660 2668 2661
f 2663 2666 2669
f 2666 2670 2669
f 2667 2671 2672
f 2667 2672 2668
f 2669 2670 2673
f 2669 2673 2674
f 2671 2675 2672
f 2672 2675 2677
f 2672 2677 2676
f 2673 2678 2679
f 2673 2679 2674
f 2673 2680 2678
f 2676 2677 2681
f 2676 2681 2682
f 2678 2680 2683
f 2680 2684 2685
f 2680 2685 2686
f 2680 2686 2687
f 2680 2687 2688
f 2680 2688 2683
f 2681 2689 2682
f 2682 2689 2690
f 2684 2691 2692
f 2684 2692 2693
f 2684 2693 2694
f 2684 2694 2685
f 2689 2695 2690
f 2690 2695 2697
f 2690 2697 2698
f 2690 2698 2699
f 2690 2699 2696
f 2691 2700 2701
f 2691 2701 2692
f 2696 2699 2703
f 2696 2703 2702
f 2700 2704 2701
f 2701 2704 2705
f 2702 2703 2706
f 2703 2707 2708
f 2703 2708 2709
f 2703 2709 2710
f 2703 2710 2711
f 2703 2711 2706
f 2704 2712 2705
f 2705 2712 2713
f 2707 2714 2715
f 2707 2715 2708
f 2712 2716 2717
f 2712 2717 2713
f 2714 2718 2715
f 2714 2719 2718
f 2716 2720 2721
f 2716 2721 2722
f 2716 2722 2723
f 2716 2723 2717
f 2718 2719 2724
f 2718 2724 2725
f 2720 2726 2727
f 2720 2727 2728
f 2720 2728 2721
f 2724 2729 2725
f 2725 2729 2730
f 2725 2730 2731
f 2726 2732 2733
f 2726 2733 2734
f 2726 2734 2727
f 2730 2735 2731
f 2731 2735 2736
f 2731 2736 2737
f 2732 2738 2739
f 2732 2739 2740
f 2732 2740 2733
f 2736 2741 2737
f 2736 2742 2743
f 2736 2743 2741
f 2738 2744 2745
f 2738 2745 2746
f 2738 2746 2739
f 2742 2747 2748
f 2742 2748 2743
f 2744 2749 2750
f 2744 2750 2745
f 2747 2751 2748
f 2747 2752 2751
f 2749 2753 2754
f 2749 2754 2750
f 2751 2752 2755
f 2752 2756 2755
f 2753 2757 2758
f 2753 2758 2754
f 2755 2756 2759
f 2756 2760 2761
f 2756 2761 2759
f 2756 2762 2760
f 2757 2763 2758
f 2758 2763 2764
f 2760 2762 2765
f 2762 2766 2765
f 2763 2767 2768
f 2763 2768 2764
f 2765 2766 2769
f 2766 2770 2769
f 2767 2771 2772
f 2767 2772 2773
f 2767 2773 2768
f 2769 2770 2774
f 2770 2775 2774
f 2771 2776 2777
f 2771 2777 2778
f 2771 2778 2772
f 2774 2775 2779
f 2774 2779 2780
f 2776 2781 2777
f 2777 2781 2782
f 2779 2783 2784
f 2779 2784 2780
f 2781 2785 2782
f 2782 2785 2786
f 2783 2787 2784
f 2783 2788 2787
f 2785 2789 2790
f 2785 2790 2791
f 2785 2791 2786
f 2787 2788 2792
f 2788 2793 2794
f 2788 2794 2795
f 2788 2795 2796
f 2788 2796 2792
f 2789 2797 2798
f 2789 2798 2799
f 2789 2799 2790
f 2793 2800 2794
f 2794 2800 2801
f 2797 2802 2803
f 2797 2803 2798
f 2800 2804 2801
f 2801 2804 2805
f 2802 2806 2807
f 2802 2807 2803
f 2804 2808 2809
f 2804 2809 2805
f 2806 2810 2811
f 2806 2811 2807
f 2808 2812 2809
f 2809 2812 2813
f 2810 2814 2815
f 2810 2815 2816
f 2810 2816 2811
f 2812 2817 2818
f 2812 2818 2813
f 2814 2819 2820
f 2814 2820 2815
f 2817 2821 2822
f 2817 2822 2818
f 2819 2823 2829
f 2819 2829 2824
f 2819 2824 2820
f 2821 2825 2826
f 2821 2826 2822
f 2823 2827 2828
f 2823 2828 2829
f 2825 2830 2826
f 2826 2830 2831
f 2827 2832 2833
f 2827 2833 2828
f 2830 2834 2831
f 2831 2834 2833
f 2831 2833 2832

o part_3
v 0.00020701 0.01888269 0.01621586
v 0.00188531 0.01865350 0.01546085
v 0.00113119 0.01874222 0.01470854
v 0.00037706 0.01878658 0.01093890
v 0.00001109 0.01885682 0.01271317
v 0.00003697 0.01886051 0.01320123
v -0.00020701 0.01888269 0.01621586
v 0.00015156 0.01887530 0.01662572
v 0.00339356 0.01846497 0.01621586
v 0.00188531 0.01856847 0.00942889
v 0.00414769 0.01830231 0.01169121
v 0.00113119 0.01865719 0.00867658
v 0.00037706 0.01876440 0.00942889
v 0.00037706 0.01873113 0.00716657
v -0.00001109 0.01885682 0.01271317
v -0.00003697 0.01886051 0.01320123
v -0.00015156 0.01887530 0.01662572
v -0.00037706 0.01878658 0.01093890
v -0.00113119 0.01874222 0.01470854
v -0.00188531 0.01865350 0.01546085
v -0.00339356 0.01846497 0.01621586
v 0.00037706 0.01332657 0.02874088
v 0.00111640 0.01323045 0.02874088
v 0.00142692 0.01318979 0.02874088
v 0.00263944 0.01303083 0.02874088
v 0.00414769 0.01823577 0.01678481
v 0.00490181 0.01815814 0.01667965
v 0.00414769 0.01836516 0.01621586
v 0.00113119 0.01863501 0.00716657
v 0.00470219 0.01815075 0.00792157
v 0.00414769 0.01823577 0.00716657
v 0.00037706 0.01852781 0.00641156
v -0.00037706 0.01873113 0.00716657
v 0.00462086 0.01812857 0.00672165
v 0.00414769 0.01816554 0.00663537
v -0.00037706 0.01876440 0.00942889
v -0.00414769 0.01836516 0.01621586
v -0.00490181 0.01815814 0.01667965
v -0.00414769 0.01823577 0.01678481
v -0.00263944 0.01303083 0.02874088
v -0.00111640 0.01323045 0.02874088
v -0.00037706 0.01332657 0.02874088
v -0.00113119 0.01865719 0.00867658
v -0.00188531 0.01856847 0.00942889
v -0.00414769 0.01830231 0.01169121
v 0.00339356 0.01288666 0.02874088
v 0.00528627 0.01810269 0.01659876
v 0.00490181 0.01820990 0.01621586
v 0.00487224 0.01819880 0.01470854
v 0.00523082 0.01808790 0.01395623
v 0.00519385 0.01807681 0.01244622
v 0.00505707 0.01803615 0.00716657
v 0.00468001 0.01814335 0.00716657
v 0.00339356 0.01821729 0.00654099
v 0.00339356 0.01801767 0.00616349
v 0.00263944 0.01806572 0.00608529
v 0.00037706 0.01557046 0.00119662
v -0.00037706 0.01852781 0.00641156
v -0.00113119 0.01863501 0.00716657
v -0.00414769 0.01816554 0.00663537
v -0.00462086 0.01812857 0.00672165
v 0.00565594 0.01781435 0.00716657
v 0.00677973 0.01734487 0.00693467
v 0.00627698 0.01744838 0.00659222
v 0.00567072 0.01757037 0.00637111
v 0.00488333 0.01789568 0.00644661
v 0.00387783 0.01509728 0.00119662
v 0.00380389 0.01511577 0.00119662
v 0.00414769 0.01796591 0.00625786
v -0.00470219 0.01815075 0.00792157
v -0.00487224 0.01819880 0.01470854
v -0.00490181 0.01820990 0.01621586
v -0.00528627 0.01810269 0.01659876
v -0.00339356 0.01288666 0.02874088
v -0.00331963 0.01290145 0.02874088
v -0.00414769 0.01823577 0.00716657
v 0.00354143 0.01284969 0.02874088
v 0.00566333 0.01794743 0.01621586
v 0.00528627 0.01810269 0.01621586
v 0.00371517 0.01280533 0.02874088
v 0.00377432 0.01282382 0.02866538
v 0.00384825 0.01276097 0.02874088
v 0.00407375 0.01266856 0.02874088
v 0.00486854 0.01233955 0.02874088
v 0.00540087 0.01211775 0.02874088
v 0.00578162 0.01195879 0.02874088
v 0.00690172 0.01739293 0.01666347
v 0.00899405 0.01656856 0.01621586
v 0.00694978 0.01741511 0.01621586
v 0.00509774 0.01804724 0.00867658
v 0.00339356 0.01517861 0.00119662
v 0.00188531 0.01537823 0.00119662
v -0.00037706 0.01557046 0.00119662
v -0.00263944 0.01806572 0.00608529
v -0.00339356 0.01801767 0.00616349
v -0.00339356 0.01821729 0.00654099
v -0.00414769 0.01796591 0.00625786
v -0.00488333 0.01789568 0.00644661
v -0.00567072 0.01757037 0.00637111
v -0.00627698 0.01744838 0.00659222
v -0.00677973 0.01734487 0.00693467
v -0.00565594 0.01781435 0.00716657
v -0.00505707 0.01803615 0.00716657
v -0.00468001 0.01814335 0.00716657
v -0.00384825 0.01510467 0.00119662
v 0.00565594 0.01790677 0.01320123
v 0.00641006 0.01752601 0.00867658
v 0.00845063 0.01665728 0.00716657
v 0.00882770 0.01649833 0.00716657
v 0.00839518 0.01663141 0.00669738
v 0.00593319 0.01730421 0.00609068
v 0.00804770 0.01649093 0.00619315
v 0.00490181 0.01473870 0.00119662
v 0.00422532 0.01498638 0.00119662
v -0.00519385 0.01807681 0.01244622
v -0.00523082 0.01808790 0.01395623
v -0.00528627 0.01810269 0.01621586
v -0.00578162 0.01195879 0.02874088
v -0.00544522 0.01209927 0.02874088
v -0.00486854 0.01233955 0.02874088
v -0.00384825 0.01276097 0.02874088
v -0.00377432 0.01282382 0.02866538
v -0.00354143 0.01284969 0.02874088
v -0.00566333 0.01794743 0.01621586
v -0.00694978 0.01741511 0.01621586
v -0.00899405 0.01656856 0.01621586
v -0.00690172 0.01739293 0.01666347
v 0.00565594 0.01792895 0.01470854
v 0.00593319 0.01189225 0.02874088
v 0.00851348 0.01668316 0.01671470
v 0.00942656 0.01618041 0.00716657
v 0.00888315 0.01652420 0.01018390
v 0.00860220 0.01672013 0.01546085
v 0.00992561 0.01592904 0.01670392
v 0.00942656 0.01632458 0.01621586
v 0.00942656 0.01631349 0.01546085
v 0.00942656 0.01629131 0.01395623
v 0.00942656 0.01625435 0.01169121
v -0.00043621 0.01556306 0.00119662
v -0.00194816 0.01537084 0.00119662
v -0.00270228 0.01527103 0.00119662
v -0.00339356 0.01517861 0.00119662
v -0.00419205 0.01499747 0.00119662
v -0.00422532 0.01498638 0.00119662
v -0.00593319 0.01730421 0.00609068
v -0.00490181 0.01473870 0.00119662
v -0.00804770 0.01649093 0.00619315
v -0.00839518 0.01663141 0.00669738
v -0.00882770 0.01649833 0.00716657
v -0.00845063 0.01665728 0.00716657
v -0.00641006 0.01752601 0.00867658
v -0.00565594 0.01790677 0.01320123
v -0.00509774 0.01804724 0.00867658
v 0.00692390 0.01740402 0.01470854
v 0.00884248 0.01650572 0.00792157
v 0.00984798 0.01587359 0.00671896
v 0.00939329 0.01599927 0.00644661
v 0.00865765 0.01636894 0.00643313
v 0.00562636 0.01443927 0.00119662
v 0.00756343 0.01362970 0.00119662
v 0.00709765 0.01382932 0.00119662
v 0.00640267 0.01411766 0.00119662
v -0.00565594 0.01792895 0.01470854
v -0.00851348 0.01668316 0.01671470
v -0.00611433 0.01181092 0.02874088
v -0.00860220 0.01672013 0.01546085
v -0.00888315 0.01652420 0.01018390
v -0.00942656 0.01618041 0.00716657
v -0.00942656 0.01625435 0.01169121
v -0.00942656 0.01629131 0.01395623
v -0.00942656 0.01631349 0.01546085
v -0.00942656 0.01632458 0.01621586
v -0.00992561 0.01592904 0.01670392
v 0.00642485 0.01167045 0.02874088
v 0.00990343 0.01591425 0.00942889
v 0.00987756 0.01589207 0.00716657
v 0.00998106 0.01597340 0.01621586
v 0.00692390 0.01139689 0.02874088
v 0.00727139 0.01113813 0.02874088
v 0.01208818 0.01434685 0.01661493
v 0.00995519 0.01595491 0.01395623
v -0.00640267 0.01411766 0.00119662
v -0.00720485 0.01378496 0.00119662
v -0.00760409 0.01361121 0.00119662
v -0.00865765 0.01636894 0.00643313
v -0.00939329 0.01599927 0.00644661
v -0.00984798 0.01587359 0.00671896
v -0.00884248 0.01650572 0.00792157
v -0.00692390 0.01740402 0.01470854
v 0.01067974 0.01517861 0.00662458
v 0.01046163 0.01501226 0.00612304
v 0.00962248 0.01570724 0.00621742
v 0.01284230 0.01359273 0.00675131
v 0.00911974 0.01588468 0.00599631
v 0.00760409 0.01361121 0.00119662
v -0.00681670 0.01145974 0.02874088
v -0.00642485 0.01167045 0.02874088
v -0.00987756 0.01589207 0.00716657
v -0.00990343 0.01591425 0.00942889
v -0.00995519 0.01595491 0.01395623
v -0.00998106 0.01597340 0.01621586
v -0.00727139 0.01113813 0.02874088
v -0.00692390 0.01139689 0.02874088
v -0.01208818 0.01434685 0.01661493
v 0.01028050 0.01562591 0.00942889
v 0.01025462 0.01560373 0.00716657
v 0.01035813 0.01568506 0.01621586
v 0.00776305 0.01076106 0.02874088
v 0.01291624 0.01365188 0.01668504
v 0.01296060 0.01368515 0.01621586
v 0.01247263 0.01406221 0.01621586
v 0.01084979 0.01530799 0.01621586
v 0.00902732 0.00978883 0.02874088
v 0.01077216 0.01524885 0.00942889
v -0.00798115 0.01337093 0.00119662
v -0.00911974 0.01588468 0.00599631
v -0.00962248 0.01570724 0.00621742
v -0.01046163 0.01501226 0.00612304
v -0.01067974 0.01517861 0.00662458
v -0.01284230 0.01359273 0.00675131
v 0.01262789 0.01342638 0.00624977
v 0.01063168 0.01137102 0.00119662
v 0.01017699 0.01172220 0.00119662
v 0.00852087 0.01299387 0.00119662
v 0.00798115 0.01337093 0.00119662
v 0.01199206 0.01427292 0.00716657
v 0.01286079 0.01360382 0.00716657
v 0.01323785 0.01323785 0.00716657
v 0.01359273 0.01284230 0.00675131
v 0.01313434 0.01313434 0.00650054
v -0.01025462 0.01560373 0.00716657
v -0.01028050 0.01562591 0.00942889
v -0.01077216 0.01524885 0.00942889
v -0.01084979 0.01530799 0.01621586
v -0.01035813 0.01568506 0.01621586
v -0.00776305 0.01076106 0.02874088
v -0.01247263 0.01406221 0.01621586
v -0.01296060 0.01368515 0.01621586
v -0.01291624 0.01365188 0.01668504
v -0.00895338 0.00984428 0.02874088
v -0.00842106 0.01025462 0.02874088
v 0.01365188 0.01291623 0.01668504
v 0.01333766 0.01333766 0.01621586
v 0.00914561 0.00967793 0.02874088
v 0.00941917 0.00941916 0.02874088
v 0.01292733 0.01365927 0.01320123
v 0.01291993 0.01365188 0.01244622
v 0.01166676 0.01460193 0.01169121
v -0.00852087 0.01299387 0.00119662
v -0.00974078 0.01205860 0.00119662
v -0.01022135 0.01168893 0.00119662
v -0.01262789 0.01342638 0.00624977
v -0.01313434 0.01313434 0.00650054
v -0.01359273 0.01284230 0.00675131
v -0.01323785 0.01323785 0.00716657
v -0.01286079 0.01360382 0.00716657
v -0.01199206 0.01427292 0.00716657
v 0.01292363 0.01292363 0.00595856
v 0.01066495 0.01134144 0.00119662
v 0.01332287 0.01332287 0.01470854
v 0.01360382 0.01286078 0.00716657
v 0.01342638 0.01262789 0.00624977
v 0.01427292 0.01199206 0.00716657
v 0.01560373 0.01025462 0.00716657
v 0.01589207 0.00987755 0.00716657
v 0.01587359 0.00984798 0.00671896
v 0.01517861 0.01067974 0.00662458
v -0.01166676 0.01460193 0.01169121
v -0.01291993 0.01365188 0.01244622
v -0.01292733 0.01365927 0.01320123
v -0.01333766 0.01333766 0.01621586
v -0.01365188 0.01291623 0.01668504
v -0.00941917 0.00941916 0.02874088
v -0.00914561 0.00967793 0.02874088
v -0.00905320 0.00980732 0.02866538
v 0.01434686 0.01208818 0.01661493
v 0.01368515 0.01296059 0.01621586
v 0.00967794 0.00914561 0.02874088
v 0.00978884 0.00902732 0.02874088
v 0.01333027 0.01333026 0.01546085
v 0.01365927 0.01292732 0.01320123
v -0.01063168 0.01137102 0.00119662
v -0.01292363 0.01292363 0.00595856
v -0.01342638 0.01262789 0.00624977
v -0.01427292 0.01199206 0.00716657
v -0.01360382 0.01286078 0.00716657
v -0.01517861 0.01067974 0.00662458
v -0.01587359 0.00984798 0.00671896
v -0.01589207 0.00987755 0.00716657
v -0.01560373 0.01025462 0.00716657
v -0.01332287 0.01332287 0.01470854
v 0.01137102 0.01063538 0.00119662
v 0.01100874 0.01101244 0.00119662
v 0.01365188 0.01291993 0.01244622
v 0.01501226 0.01046163 0.00612304
v 0.01406221 0.01247263 0.01621586
v 0.01460193 0.01166675 0.01169121
v 0.01524885 0.01077215 0.00942889
v 0.01562591 0.01028049 0.00942889
v 0.01591425 0.00990343 0.00942889
v 0.01618041 0.00942656 0.00716657
v 0.01649833 0.00882769 0.00716657
v 0.01663141 0.00839518 0.00669738
v 0.01599928 0.00939329 0.00644661
v 0.01570724 0.00962248 0.00621742
v -0.01333027 0.01333026 0.01546085
v -0.01365927 0.01292732 0.01320123
v -0.01368515 0.01296059 0.01621586
v -0.01434686 0.01208818 0.01661493
v -0.00984429 0.00895338 0.02874088
v -0.00980732 0.00905319 0.02866538
v -0.00967794 0.00914561 0.02874088
v 0.01592904 0.00992561 0.01670392
v 0.01597340 0.00998106 0.01621586
v 0.01568506 0.01035812 0.01621586
v 0.01530800 0.01084978 0.01621586
v 0.01076107 0.00776305 0.02874088
v 0.01101244 0.00743404 0.02874088
v -0.01097917 0.01104201 0.00119662
v -0.01103832 0.01098287 0.00119662
v -0.01137102 0.01063538 0.00119662
v -0.01501226 0.01046163 0.00612304
v -0.01169263 0.01022135 0.00119662
v -0.01460193 0.01166675 0.01169121
v -0.01406221 0.01247263 0.01621586
v -0.01365188 0.01291993 0.01244622
v -0.01562591 0.01028049 0.00942889
v -0.01524885 0.01077215 0.00942889
v -0.01570724 0.00962248 0.00621742
v -0.01599928 0.00939329 0.00644661
v -0.01663141 0.00839518 0.00669738
v -0.01649833 0.00882769 0.00716657
v -0.01618041 0.00942656 0.00716657
v -0.01591425 0.00990343 0.00942889
v 0.01175917 0.01013263 0.00119662
v 0.01297169 0.00855414 0.00119662
v 0.01232477 0.00939699 0.00119662
v 0.01595492 0.00995519 0.01395623
v 0.01629132 0.00942656 0.01395623
v 0.01625435 0.00942656 0.01169121
v 0.01656857 0.00899405 0.01621586
v 0.01652421 0.00888314 0.01018390
v 0.01650572 0.00884248 0.00792157
v 0.01665729 0.00845063 0.00716657
v 0.01734487 0.00677973 0.00693467
v 0.01649094 0.00804769 0.00619315
v 0.01636895 0.00865765 0.00643313
v 0.01744838 0.00627698 0.00659222
v 0.01588468 0.00911973 0.00599631
v 0.01337093 0.00798855 0.00119662
v 0.01302714 0.00847651 0.00119662
v -0.01530800 0.01084978 0.01621586
v -0.01568506 0.01035812 0.01621586
v -0.01597340 0.00998106 0.01621586
v -0.01592904 0.00992561 0.01670392
v -0.01113813 0.00727139 0.02874088
v -0.01076107 0.00776305 0.02874088
v -0.01025462 0.00842106 0.02874088
v 0.01668316 0.00851348 0.01671470
v 0.01632458 0.00942656 0.01621586
v 0.01139690 0.00692390 0.02874088
v 0.01167045 0.00642485 0.02874088
v 0.01631350 0.00942656 0.01546085
v -0.01202164 0.00979253 0.00119662
v -0.01232477 0.00939699 0.00119662
v -0.01299387 0.00852087 0.00119662
v -0.01595492 0.00995519 0.01395623
v -0.01588468 0.00911973 0.00599631
v -0.01334136 0.00803291 0.00119662
v -0.01339311 0.00795897 0.00119662
v -0.01636895 0.00865765 0.00643313
v -0.01649094 0.00804769 0.00619315
v -0.01744838 0.00627698 0.00659222
v -0.01734487 0.00677973 0.00693467
v -0.01665729 0.00845063 0.00716657
v -0.01650572 0.00884248 0.00792157
v -0.01652421 0.00888314 0.01018390
v -0.01656857 0.00899405 0.01621586
v -0.01625435 0.00942656 0.01169121
v -0.01629132 0.00942656 0.01395623
v 0.01739293 0.00690172 0.01666347
v 0.01810269 0.00528626 0.01659876
v 0.01741511 0.00694978 0.01621586
v 0.01672013 0.00860220 0.01546085
v 0.01790677 0.00565593 0.01320123
v 0.01752601 0.00641006 0.00867658
v 0.01781435 0.00565593 0.00716657
v 0.01812857 0.00462086 0.00672165
v 0.01730421 0.00593319 0.00609068
v 0.01430619 0.00597385 0.00119662
v 0.01384041 0.00709764 0.00119662
v 0.01363339 0.00757082 0.00119662
v 0.01361491 0.00761148 0.00119662
v 0.01757037 0.00567072 0.00637111
v 0.01359643 0.00764106 0.00119662
v -0.01631350 0.00942656 0.01546085
v -0.01632458 0.00942656 0.01621586
v -0.01668316 0.00851348 0.01671470
v -0.01145974 0.00681670 0.02874088
v -0.01139690 0.00692390 0.02874088
v 0.01189225 0.00593319 0.02874088
v 0.01195879 0.00578162 0.02874088
v -0.01361491 0.00761148 0.00119662
v -0.01730421 0.00593319 0.00609068
v -0.01381084 0.00716418 0.00119662
v -0.01409918 0.00647290 0.00119662
v -0.01430619 0.00597385 0.00119662
v -0.01757037 0.00567072 0.00637111
v -0.01812857 0.00462086 0.00672165
v -0.01781435 0.00565593 0.00716657
v -0.01752601 0.00641006 0.00867658
v -0.01790677 0.00565593 0.01320123
v -0.01672013 0.00860220 0.01546085
v -0.01741511 0.00694978 0.01621586
v -0.01810269 0.00528626 0.01659876
v -0.01739293 0.00690172 0.01666347
v 0.01815814 0.00490181 0.01667965
v 0.01836516 0.00414768 0.01621586
v 0.01820990 0.00490181 0.01621586
v 0.01810269 0.00528626 0.01621586
v 0.01794743 0.00566333 0.01621586
v 0.01211775 0.00540086 0.02874088
v 0.01233955 0.00486854 0.02874088
v 0.01266856 0.00407375 0.02874088
v 0.01276098 0.00384825 0.02874088
v 0.01282382 0.00377432 0.02866538
v 0.01280534 0.00371517 0.02874088
v 0.01284970 0.00354143 0.02874088
v 0.01288666 0.00339356 0.02874088
v 0.01792895 0.00565593 0.01470854
v 0.01740402 0.00692390 0.01470854
v 0.01808791 0.00523081 0.01395623
v 0.01807682 0.00519385 0.01244622
v 0.01804724 0.00509773 0.00867658
v 0.01803615 0.00505707 0.00716657
v 0.01789568 0.00488333 0.00644661
v 0.01814336 0.00468001 0.00716657
v 0.01823577 0.00414768 0.00716657
v 0.01863502 0.00113119 0.00716657
v 0.01873113 0.00037706 0.00716657
v 0.01816554 0.00414768 0.00663537
v 0.01796592 0.00414768 0.00625786
v 0.01512316 0.00382607 0.00119662
v 0.01510468 0.00390001 0.00119662
v 0.01499378 0.00424750 0.00119662
v 0.01476458 0.00485375 0.00119662
v 0.01474610 0.00490181 0.00119662
v 0.01448733 0.00553394 0.00119662
v -0.01195879 0.00578162 0.02874088
v -0.01181093 0.00611432 0.02874088
v -0.01167045 0.00642485 0.02874088
v -0.01472022 0.00496835 0.00119662
v -0.01474610 0.00490181 0.00119662
v -0.01499378 0.00424750 0.00119662
v -0.01789568 0.00488333 0.00644661
v -0.01796592 0.00414768 0.00625786
v -0.01816554 0.00414768 0.00663537
v -0.01873113 0.00037706 0.00716657
v -0.01863502 0.00113119 0.00716657
v -0.01823577 0.00414768 0.00716657
v -0.01814336 0.00468001 0.00716657
v -0.01803615 0.00505707 0.00716657
v -0.01511207 0.00387043 0.00119662
v -0.01804724 0.00509773 0.00867658
v -0.01807682 0.00519385 0.01244622
v -0.01808791 0.00523081 0.01395623
v -0.01810269 0.00528626 0.01621586
v -0.01792895 0.00565593 0.01470854
v -0.01740402 0.00692390 0.01470854
v -0.01794743 0.00566333 0.01621586
v -0.01820990 0.00490181 0.01621586
v -0.01836516 0.00414768 0.01621586
v -0.01815814 0.00490181 0.01667965
v -0.01288666 0.00339356 0.02874088
v -0.01284970 0.00354143 0.02874088
v -0.01282382 0.00377432 0.02866538
v -0.01276098 0.00384825 0.02874088
v -0.01233955 0.00486854 0.02874088
v -0.01209927 0.00544522 0.02874088
v 0.01823577 0.00414768 0.01678481
v 0.01887530 0.00015156 0.01662572
v 0.01303083 0.00263943 0.02874088
v 0.01830231 0.00414768 0.01169121
v 0.01815075 0.00470219 0.00792157
v 0.01819881 0.00487224 0.01470854
v 0.01846497 0.00339356 0.01621586
v 0.01856848 0.00188531 0.00942889
v 0.01865720 0.00113119 0.00867658
v 0.01876440 0.00037706 0.00942889
v 0.01885682 0.00001109 0.01271317
v 0.01873113 -0.00037706 0.00716657
v 0.01852781 0.00037706 0.00641156
v 0.01821729 0.00339356 0.00654099
v 0.01801767 0.00339356 0.00616349
v 0.01519340 0.00339356 0.00119662
v -0.01801767 0.00339356 0.00616349
v -0.01518600 0.00343792 0.00119662
v -0.01519340 0.00339356 0.00119662
v -0.01821729 0.00339356 0.00654099
v -0.01852781 0.00037706 0.00641156
v -0.01873113 -0.00037706 0.00716657
v -0.01885682 0.00001109 0.01271317
v -0.01876440 0.00037706 0.00942889
v -0.01865720 0.00113119 0.00867658
v -0.01856848 0.00188531 0.00942889
v -0.01830231 0.00414768 0.01169121
v -0.01815075 0.00470219 0.00792157
v -0.01819881 0.00487224 0.01470854
v -0.01846497 0.00339356 0.01621586
v -0.01887530 0.00015156 0.01662572
v -0.01823577 0.00414768 0.01678481
v -0.01303083 0.00263943 0.02874088
v -0.01290145 0.00331963 0.02874088
v 0.01887530 -0.00015157 0.01662572
v 0.01888269 0.00020701 0.01621586
v 0.01318979 0.00142692 0.02874088
v 0.01323046 0.00111640 0.02874088
v 0.01332657 0.00037706 0.02874088
v 0.01865350 0.00188531 0.01546085
v 0.01874222 0.00113119 0.01470854
v 0.01878658 0.00037706 0.01093890
v 0.01886052 0.00003696 0.01320123
v 0.01885682 -0.00001109 0.01271317
v 0.01876440 -0.00037706 0.00942889
v 0.01863502 -0.00113119 0.00716657
v 0.01812857 -0.00462087 0.00672165
v 0.01816554 -0.00414769 0.00663537
v 0.01852781 -0.00037706 0.00641156
v 0.01558525 0.00037706 0.00119662
v 0.01539302 0.00188531 0.00119662
v -0.01528582 0.00270228 0.00119662
v -0.01538563 0.00194815 0.00119662
v -0.01557785 0.00043621 0.00119662
v -0.01558525 0.00037706 0.00119662
v -0.01852781 -0.00037706 0.00641156
v -0.01876440 -0.00037706 0.00942889
v -0.01885682 -0.00001109 0.01271317
v -0.01816554 -0.00414769 0.00663537
v -0.01812857 -0.00462087 0.00672165
v -0.01863502 -0.00113119 0.00716657
v -0.01886052 0.00003696 0.01320123
v -0.01888269 0.00020701 0.01621586
v -0.01878658 0.00037706 0.01093890
v -0.01874222 0.00113119 0.01470854
v -0.01865350 0.00188531 0.01546085
v -0.01887530 -0.00015157 0.01662572
v -0.01332657 0.00037706 0.02874088
v -0.01323046 0.00111640 0.02874088
v -0.01316761 0.00159697 0.02874088
v 0.01823577 -0.00414769 0.01678481
v 0.01815814 -0.00490181 0.01667965
v 0.01836516 -0.00414769 0.01621586
v 0.01846497 -0.00339356 0.01621586
v 0.01888269 -0.00020702 0.01621586
v 0.01332657 -0.00037706 0.02874088
v 0.01323046 -0.00111640 0.02874088
v 0.01303083 -0.00263944 0.02874088
v 0.01886052 -0.00003697 0.01320123
v 0.01878658 -0.00037706 0.01093890
v 0.01865720 -0.00113119 0.00867658
v 0.01856848 -0.00188531 0.00942889
v 0.01823577 -0.00414769 0.00716657
v 0.01796592 -0.00414769 0.00625786
v 0.01814336 -0.00468001 0.00716657
v 0.01803615 -0.00505707 0.00716657
v 0.01781435 -0.00565594 0.00716657
v 0.01734487 -0.00677973 0.00693467
v 0.01744838 -0.00627698 0.00659222
v 0.01757037 -0.00567073 0.00637111
v 0.01789568 -0.00488333 0.00644661
v 0.01510098 -0.00382608 0.00119662
v 0.01821729 -0.00339356 0.00654099
v 0.01801767 -0.00339356 0.00616349
v 0.01558155 -0.00037706 0.00119662
v 0.01558525 0.00031422 0.00119662
v -0.01558525 -0.00037706 0.00119662
v -0.01801767 -0.00339356 0.00616349
v -0.01821729 -0.00339356 0.00654099
v -0.01878658 -0.00037706 0.01093890
v -0.01888269 -0.00020702 0.01621586
v -0.01886052 -0.00003697 0.01320123
v -0.01796592 -0.00414769 0.00625786
v -0.01789568 -0.00488333 0.00644661
v -0.01757037 -0.00567073 0.00637111
v -0.01744838 -0.00627698 0.00659222
v -0.01734487 -0.00677973 0.00693467
v -0.01781435 -0.00565594 0.00716657
v -0.01803615 -0.00505707 0.00716657
v -0.01814336 -0.00468001 0.00716657
v -0.01823577 -0.00414769 0.00716657
v -0.01509359 -0.00386304 0.00119662
v -0.01856848 -0.00188531 0.00942889
v -0.01865720 -0.00113119 0.00867658
v -0.01846497 -0.00339356 0.01621586
v -0.01836516 -0.00414769 0.01621586
v -0.01815814 -0.00490181 0.01667965
v -0.01823577 -0.00414769 0.01678481
v -0.01303083 -0.00263944 0.02874088
v -0.01318979 -0.00142692 0.02874088
v -0.01323046 -0.00111640 0.02874088
v -0.01332657 -0.00037706 0.02874088
v 0.01810269 -0.00528627 0.01659876
v 0.01290145 -0.00332333 0.02874088
v 0.01288666 -0.00339356 0.02874088
v 0.01820990 -0.00490181 0.01621586
v 0.01819881 -0.00487224 0.01470854
v 0.01815075 -0.00470219 0.00792157
v 0.01830231 -0.00414769 0.01169121
v 0.01865350 -0.00188531 0.01546085
v 0.01874222 -0.00113119 0.01470854
v 0.01516752 -0.00339356 0.00119662
v 0.01807682 -0.00519385 0.01244622
v 0.01804724 -0.00509774 0.00867658
v 0.01808791 -0.00523082 0.01395623
v 0.01810269 -0.00528627 0.01621586
v 0.01790677 -0.00565594 0.01320123
v 0.01752601 -0.00641006 0.00867658
v 0.01665729 -0.00845064 0.00716657
v 0.01649833 -0.00882770 0.00716657
v 0.01663141 -0.00839519 0.00669738
v 0.01730421 -0.00593319 0.00609068
v 0.01649094 -0.00804770 0.00619315
v 0.01472392 -0.00490181 0.00119662
v 0.01496051 -0.00425489 0.00119662
v 0.01499008 -0.00417357 0.00119662
v 0.01536714 -0.00194816 0.00119662
v 0.01557416 -0.00043621 0.00119662
v -0.01539302 -0.00188531 0.00119662
v -0.01874222 -0.00113119 0.01470854
v -0.01865350 -0.00188531 0.01546085
v -0.01528582 -0.00263944 0.00119662
v -0.01517491 -0.00339356 0.00119662
v -0.01510098 -0.00382977 0.00119662
v -0.01497899 -0.00420684 0.00119662
v -0.01472392 -0.00490181 0.00119662
v -0.01730421 -0.00593319 0.00609068
v -0.01649094 -0.00804770 0.00619315
v -0.01663141 -0.00839519 0.00669738
v -0.01649833 -0.00882770 0.00716657
v -0.01665729 -0.00845064 0.00716657
v -0.01752601 -0.00641006 0.00867658
v -0.01790677 -0.00565594 0.01320123
v -0.01810269 -0.00528627 0.01621586
v -0.01808791 -0.00523082 0.01395623
v -0.01807682 -0.00519385 0.01244622
v -0.01804724 -0.00509774 0.00867658
v -0.01815075 -0.00470219 0.00792157
v -0.01830231 -0.00414769 0.01169121
v -0.01819881 -0.00487224 0.01470854
v -0.01820990 -0.00490181 0.01621586
v -0.01810269 -0.00528627 0.01659876
v -0.01288666 -0.00339356 0.02874088
v 0.01739293 -0.00690172 0.01666347
v 0.01656857 -0.00899405 0.01621586
v 0.01741511 -0.00694978 0.01621586
v 0.01794743 -0.00566333 0.01621586
v 0.01284970 -0.00354143 0.02874088
v 0.01282382 -0.00377432 0.02866538
v 0.01276098 -0.00384826 0.02874088
v 0.01233955 -0.00486854 0.02874088
v 0.01209927 -0.00544523 0.02874088
v 0.01195879 -0.00578163 0.02874088
v 0.01792895 -0.00565594 0.01470854
v 0.01740402 -0.00692390 0.01470854
v 0.01672013 -0.00860220 0.01546085
v 0.01652421 -0.00888315 0.01018390
v 0.01650572 -0.00884249 0.00792157
v 0.01618041 -0.00942656 0.00716657
v 0.01587359 -0.00984799 0.00671896
v 0.01599928 -0.00939329 0.00644661
v 0.01636895 -0.00865765 0.00643313
v 0.01378866 -0.00716419 0.00119662
v 0.01469804 -0.00496466 0.00119662
v 0.01360382 -0.00758931 0.00119662
v -0.01378866 -0.00716419 0.00119662
v -0.01636895 -0.00865765 0.00643313
v -0.01362230 -0.00755234 0.00119662
v -0.01599928 -0.00939329 0.00644661
v -0.01587359 -0.00984799 0.00671896
v -0.01650572 -0.00884249 0.00792157
v -0.01618041 -0.00942656 0.00716657
v -0.01652421 -0.00888315 0.01018390
v -0.01672013 -0.00860220 0.01546085
v -0.01740402 -0.00692390 0.01470854
v -0.01792895 -0.00565594 0.01470854
v -0.01794743 -0.00566333 0.01621586
v -0.01741511 -0.00694978 0.01621586
v -0.01656857 -0.00899405 0.01621586
v -0.01739293 -0.00690172 0.01666347
v -0.01195879 -0.00578163 0.02874088
v -0.01211775 -0.00540087 0.02874088
v -0.01233955 -0.00486854 0.02874088
v -0.01266856 -0.00407376 0.02874088
v -0.01276098 -0.00384826 0.02874088
v -0.01282382 -0.00377432 0.02866538
v -0.01280534 -0.00371518 0.02874088
v -0.01284970 -0.00354143 0.02874088
v 0.01668316 -0.00851348 0.01671470
v 0.01592904 -0.00992562 0.01670392
v 0.01632458 -0.00942656 0.01621586
v 0.01631350 -0.00942656 0.01546085
v 0.01629132 -0.00942656 0.01395623
v 0.01625435 -0.00942656 0.01169121
v 0.01181093 -0.00611433 0.02874088
v 0.01591425 -0.00990344 0.00942889
v 0.01589207 -0.00987756 0.00716657
v 0.01517861 -0.01067974 0.00662458
v 0.01501226 -0.01046164 0.00612304
v 0.01570724 -0.00962249 0.00621742
v 0.01359273 -0.01284231 0.00675131
v 0.01588468 -0.00911974 0.00599631
v 0.01335984 -0.00796637 0.00119662
v -0.01588468 -0.00911974 0.00599631
v -0.01360382 -0.00758931 0.00119662
v -0.01570724 -0.00962249 0.00621742
v -0.01589207 -0.00987756 0.00716657
v -0.01501226 -0.01046164 0.00612304
v -0.01517861 -0.01067974 0.00662458
v -0.01359273 -0.01284231 0.00675131
v -0.01591425 -0.00990344 0.00942889
v -0.01625435 -0.00942656 0.01169121
v -0.01629132 -0.00942656 0.01395623
v -0.01631350 -0.00942656 0.01546085
v -0.01632458 -0.00942656 0.01621586
v -0.01592904 -0.00992562 0.01670392
v -0.01668316 -0.00851348 0.01671470
v -0.01189225 -0.00593319 0.02874088
v 0.01167045 -0.00642485 0.02874088
v 0.01145974 -0.00681670 0.02874088
v 0.01434686 -0.01208818 0.01661493
v 0.01597340 -0.00998107 0.01621586
v 0.01139690 -0.00692390 0.02874088
v 0.01595492 -0.00995519 0.01395623
v 0.01562591 -0.01028050 0.00942889
v 0.01560373 -0.01025462 0.00716657
v 0.01342638 -0.01262790 0.00624977
v 0.01231368 -0.00938220 0.00119662
v 0.01298278 -0.00850609 0.00119662
v 0.01167045 -0.01022135 0.00119662
v 0.01333027 -0.00801073 0.00119662
v 0.01427292 -0.01199207 0.00716657
v 0.01360382 -0.01286079 0.00716657
v 0.01323785 -0.01323785 0.00716657
v 0.01284230 -0.01359273 0.00675131
v 0.01313434 -0.01313434 0.00650054
v -0.01335984 -0.00796637 0.00119662
v -0.01301605 -0.00846173 0.00119662
v -0.01296060 -0.00853936 0.00119662
v -0.01560373 -0.01025462 0.00716657
v -0.01342638 -0.01262790 0.00624977
v -0.01170372 -0.01017699 0.00119662
v -0.01139690 -0.01057623 0.00119662
v -0.01313434 -0.01313434 0.00650054
v -0.01284230 -0.01359273 0.00675131
v -0.01323785 -0.01323785 0.00716657
v -0.01360382 -0.01286079 0.00716657
v -0.01427292 -0.01199207 0.00716657
v -0.01595492 -0.00995519 0.01395623
v -0.01562591 -0.01028050 0.00942889
v -0.01597340 -0.00998107 0.01621586
v -0.01434686 -0.01208818 0.01661493
v -0.01113813 -0.00727139 0.02874088
v -0.01139690 -0.00692390 0.02874088
v -0.01167045 -0.00642485 0.02874088
v 0.01365188 -0.01291624 0.01668504
v 0.01368515 -0.01296060 0.01621586
v 0.01406221 -0.01247264 0.01621586
v 0.01530800 -0.01084979 0.01621586
v 0.01568506 -0.01035813 0.01621586
v 0.01113443 -0.00727139 0.02874088
v 0.01092742 -0.00754495 0.02874088
v 0.01076107 -0.00776305 0.02874088
v 0.01025462 -0.00842106 0.02874088
v 0.00984429 -0.00895339 0.02874088
v 0.01524885 -0.01077216 0.00942889
v 0.01292363 -0.01292363 0.00595856
v 0.01135993 -0.01062059 0.00119662
v 0.01460193 -0.01166676 0.01169121
v 0.01365188 -0.01291994 0.01244622
v 0.01332287 -0.01332287 0.01470854
v 0.01286079 -0.01360382 0.00716657
v 0.01262789 -0.01342638 0.00624977
v 0.01199206 -0.01427292 0.00716657
v 0.01025462 -0.01560373 0.00716657
v 0.00987756 -0.01589207 0.00716657
v 0.00984798 -0.01587359 0.00671896
v 0.01067974 -0.01517861 0.00662458
v -0.01292363 -0.01292363 0.00595856
v -0.01135993 -0.01062059 0.00119662
v -0.01262789 -0.01342638 0.00624977
v -0.01199206 -0.01427292 0.00716657
v -0.01286079 -0.01360382 0.00716657
v -0.01067974 -0.01517861 0.00662458
v -0.00984798 -0.01587359 0.00671896
v -0.00987756 -0.01589207 0.00716657
v -0.01025462 -0.01560373 0.00716657
v -0.01332287 -0.01332287 0.01470854
v -0.01365188 -0.01291994 0.01244622
v -0.01406221 -0.01247264 0.01621586
v -0.01460193 -0.01166676 0.01169121
v -0.01524885 -0.01077216 0.00942889
v -0.01530800 -0.01084979 0.01621586
v -0.01568506 -0.01035813 0.01621586
v -0.01368515 -0.01296060 0.01621586
v -0.01365188 -0.01291624 0.01668504
v -0.00978884 -0.00902732 0.02874088
v -0.01076107 -0.00776305 0.02874088
v 0.01291624 -0.01365188 0.01668504
v 0.01333766 -0.01333766 0.01621586
v 0.00980732 -0.00905320 0.02866538
v 0.00967794 -0.00914561 0.02874088
v 0.00941917 -0.00941917 0.02874088
v 0.01365927 -0.01292733 0.01320123
v 0.01062059 -0.01135993 0.00119662
v 0.01096808 -0.01102723 0.00119662
v 0.01102723 -0.01096808 0.00119662
v 0.01333027 -0.01333027 0.01546085
v 0.01291993 -0.01365188 0.01244622
v 0.01046163 -0.01501226 0.00612304
v 0.01022135 -0.01167045 0.00119662
v 0.01247263 -0.01406221 0.01621586
v 0.01166676 -0.01460193 0.01169121
v 0.01077216 -0.01524885 0.00942889
v 0.01028050 -0.01562591 0.00942889
v 0.00990343 -0.01591425 0.00942889
v 0.00942656 -0.01618042 0.00716657
v 0.00882770 -0.01649833 0.00716657
v 0.00839518 -0.01663141 0.00669738
v 0.00939329 -0.01599928 0.00644661
v 0.00962248 -0.01570724 0.00621742
v -0.01099765 -0.01099766 0.00119662
v -0.01062059 -0.01135993 0.00119662
v -0.01057623 -0.01139690 0.00119662
v -0.01046163 -0.01501226 0.00612304
v -0.01247263 -0.01406221 0.01621586
v -0.01291993 -0.01365188 0.01244622
v -0.01028050 -0.01562591 0.00942889
v -0.01077216 -0.01524885 0.00942889
v -0.01166676 -0.01460193 0.01169121
v -0.00962248 -0.01570724 0.00621742
v -0.00939329 -0.01599928 0.00644661
v -0.00839518 -0.01663141 0.00669738
v -0.00882770 -0.01649833 0.00716657
v -0.00942656 -0.01618042 0.00716657
v -0.00990343 -0.01591425 0.00942889
v -0.01333027 -0.01333027 0.01546085
v -0.01365927 -0.01292733 0.01320123
v -0.01333766 -0.01333766 0.01621586
v -0.01291624 -0.01365188 0.01668504
v -0.00941917 -0.00941917 0.02874088
v -0.00967794 -0.00914561 0.02874088
v 0.01208818 -0.01434686 0.01661493
v 0.01296060 -0.01368515 0.01621586
v 0.00914561 -0.00967794 0.02874088
v 0.00905320 -0.00980732 0.02866538
v 0.00895338 -0.00984429 0.02874088
v 0.01292733 -0.01365927 0.01320123
v 0.00850608 -0.01298278 0.00119662
v 0.00938220 -0.01231368 0.00119662
v 0.01084979 -0.01530800 0.01621586
v 0.00995519 -0.01595492 0.01395623
v 0.00942656 -0.01629132 0.01395623
v 0.00942656 -0.01625435 0.01169121
v 0.00899405 -0.01656857 0.01621586
v 0.00888315 -0.01652421 0.01018390
v 0.00884248 -0.01650573 0.00792157
v 0.00845063 -0.01665729 0.00716657
v 0.00677973 -0.01734487 0.00693467
v 0.00804770 -0.01649094 0.00619315
v 0.00865765 -0.01636895 0.00643313
v 0.00627698 -0.01744838 0.00659222
v 0.00911974 -0.01588468 0.00599631
v 0.00796637 -0.01335984 0.00119662
v 0.00801073 -0.01333027 0.00119662
v -0.01017699 -0.01170372 0.00119662
v -0.00853935 -0.01296060 0.00119662
v -0.01084979 -0.01530800 0.01621586
v -0.01208818 -0.01434686 0.01661493
v -0.01296060 -0.01368515 0.01621586
v -0.01292733 -0.01365927 0.01320123
v -0.00995519 -0.01595492 0.01395623
v -0.00846172 -0.01301605 0.00119662
v -0.00796637 -0.01335984 0.00119662
v -0.00911974 -0.01588468 0.00599631
v -0.00865765 -0.01636895 0.00643313
v -0.00804770 -0.01649094 0.00619315
v -0.00627698 -0.01744838 0.00659222
v -0.00677973 -0.01734487 0.00693467
v -0.00845063 -0.01665729 0.00716657
v -0.00884248 -0.01650573 0.00792157
v -0.00888315 -0.01652421 0.01018390
v -0.00899405 -0.01656857 0.01621586
v -0.00942656 -0.01625435 0.01169121
v -0.00942656 -0.01629132 0.01395623
v -0.00902732 -0.00978884 0.02874088
v -0.00914561 -0.00967794 0.02874088
v 0.00842106 -0.01025462 0.02874088
v 0.00776305 -0.01076107 0.02874088
v 0.00754495 -0.01092742 0.02874088
v 0.00727139 -0.01113443 0.02874088
v 0.00692390 -0.01139690 0.02874088
v 0.00992561 -0.01592904 0.01670392
v 0.00998106 -0.01597340 0.01621586
v 0.01035813 -0.01568506 0.01621586
v 0.00942656 -0.01631350 0.01546085
v 0.00860220 -0.01672013 0.01546085
v 0.00942656 -0.01632459 0.01621586
v 0.00851348 -0.01668317 0.01671470
v 0.00690172 -0.01739293 0.01666347
v 0.00528627 -0.01810270 0.01659876
v 0.00694978 -0.01741511 0.01621586
v 0.00565594 -0.01790677 0.01320123
v 0.00641006 -0.01752601 0.00867658
v 0.00565594 -0.01781435 0.00716657
v 0.00462086 -0.01812857 0.00672165
v 0.00716419 -0.01378866 0.00119662
v 0.00758931 -0.01360382 0.00119662
v 0.00593319 -0.01730421 0.00609068
v 0.00567072 -0.01757037 0.00637111
v -0.01035813 -0.01568506 0.01621586
v -0.00998106 -0.01597340 0.01621586
v -0.00992561 -0.01592904 0.01670392
v -0.00727139 -0.01113813 0.02874088
v -0.00776305 -0.01076107 0.02874088
v -0.00758931 -0.01360382 0.00119662
v -0.00755234 -0.01362231 0.00119662
v -0.00716419 -0.01378866 0.00119662
v -0.00593319 -0.01730421 0.00609068
v -0.00567072 -0.01757037 0.00637111
v -0.00462086 -0.01812857 0.00672165
v -0.00565594 -0.01781435 0.00716657
v -0.00641006 -0.01752601 0.00867658
v -0.00860220 -0.01672013 0.01546085
v -0.00565594 -0.01790677 0.01320123
v -0.00694978 -0.01741511 0.01621586
v -0.00528627 -0.01810270 0.01659876
v -0.00690172 -0.01739293 0.01666347
v -0.00851348 -0.01668317 0.01671470
v -0.00942656 -0.01632459 0.01621586
v -0.00942656 -0.01631350 0.01546085
v 0.00681670 -0.01145974 0.02874088
v 0.00565594 -0.01792895 0.01470854
v 0.00692390 -0.01740402 0.01470854
v 0.00642485 -0.01167045 0.02874088
v 0.00611433 -0.01181093 0.02874088
v 0.00578162 -0.01195880 0.02874088
v 0.00544522 -0.01209927 0.02874088
v 0.00486854 -0.01233955 0.02874088
v 0.00384825 -0.01276098 0.02874088
v 0.00377432 -0.01282382 0.02866538
v 0.00354143 -0.01284970 0.02874088
v 0.00339356 -0.01288667 0.02874088
v 0.00490181 -0.01815815 0.01667965
v 0.00414769 -0.01836516 0.01621586
v 0.00490181 -0.01820990 0.01621586
v 0.00528627 -0.01810270 0.01621586
v 0.00566333 -0.01794743 0.01621586
v 0.00523082 -0.01808791 0.01395623
v 0.00519385 -0.01807682 0.01244622
v 0.00509774 -0.01804724 0.00867658
v 0.00505707 -0.01803615 0.00716657
v 0.00488333 -0.01789568 0.00644661
v 0.00468001 -0.01814336 0.00716657
v 0.00414769 -0.01823578 0.00716657
v 0.00113119 -0.01863502 0.00716657
v 0.00037706 -0.01873113 0.00716657
v 0.00414769 -0.01816554 0.00663537
v 0.00414769 -0.01796592 0.00625786
v 0.00382607 -0.01510098 0.00119662
v 0.00496466 -0.01469804 0.00119662
v 0.00490181 -0.01472392 0.00119662
v 0.00417356 -0.01499008 0.00119662
v 0.00425489 -0.01496051 0.00119662
v -0.00642485 -0.01167045 0.02874088
v -0.00692390 -0.01139690 0.02874088
v -0.00490181 -0.01472392 0.00119662
v -0.00420314 -0.01497899 0.00119662
v -0.00488333 -0.01789568 0.00644661
v -0.00468001 -0.01814336 0.00716657
v -0.00505707 -0.01803615 0.00716657
v -0.00382607 -0.01510098 0.00119662
v -0.00414769 -0.01796592 0.00625786
v -0.00414769 -0.01816554 0.00663537
v -0.00037706 -0.01873113 0.00716657
v -0.00113119 -0.01863502 0.00716657
v -0.00414769 -0.01823578 0.00716657
v -0.00509774 -0.01804724 0.00867658
v -0.00519385 -0.01807682 0.01244622
v -0.00523082 -0.01808791 0.01395623
v -0.00528627 -0.01810270 0.01621586
v -0.00692390 -0.01740402 0.01470854
v -0.00565594 -0.01792895 0.01470854
v -0.00566333 -0.01794743 0.01621586
v -0.00490181 -0.01820990 0.01621586
v -0.00414769 -0.01836516 0.01621586
v -0.00490181 -0.01815815 0.01667965
v -0.00339356 -0.01288667 0.02874088
v -0.00354143 -0.01284970 0.02874088
v -0.00371517 -0.01280534 0.02874088
v -0.00377432 -0.01282382 0.02866538
v -0.00384825 -0.01276098 0.02874088
v -0.00407375 -0.01266856 0.02874088
v -0.00486854 -0.01233955 0.02874088
v -0.00540087 -0.01211775 0.02874088
v -0.00578162 -0.01195880 0.02874088
v -0.00593319 -0.01189226 0.02874088
v 0.00331963 -0.01290145 0.02874088
v 0.00414769 -0.01823578 0.01678481
v 0.00015156 -0.01887530 0.01662572
v 0.00263944 -0.01303084 0.02874088
v 0.00414769 -0.01830232 0.01169121
v 0.00470219 -0.01815075 0.00792157
v 0.00487224 -0.01819881 0.01470854
v 0.00339356 -0.01846497 0.01621586
v 0.00188531 -0.01856848 0.00942889
v 0.00113119 -0.01865720 0.00867658
v 0.00037706 -0.01876440 0.00942889
v 0.00001109 -0.01885682 0.01271317
v 0.00037706 -0.01852782 0.00641156
v 0.00339356 -0.01821729 0.00654099
v 0.00339356 -0.01801767 0.00616349
v 0.00339356 -0.01516752 0.00119662
v -0.00470219 -0.01815075 0.00792157
v -0.00378171 -0.01510838 0.00119662
v -0.00339356 -0.01516752 0.00119662
v -0.00339356 -0.01801767 0.00616349
v -0.00339356 -0.01821729 0.00654099
v -0.00037706 -0.01852782 0.00641156
v -0.00001109 -0.01885682 0.01271317
v -0.00037706 -0.01876440 0.00942889
v -0.00113119 -0.01865720 0.00867658
v -0.00188531 -0.01856848 0.00942889
v -0.00414769 -0.01830232 0.01169121
v -0.00487224 -0.01819881 0.01470854
v -0.00339356 -0.01846497 0.01621586
v -0.00015156 -0.01887530 0.01662572
v -0.00414769 -0.01823578 0.01678481
v -0.00263944 -0.01303084 0.02874088
v 0.00020701 -0.01888270 0.01621586
v 0.00159697 -0.01316761 0.02874088
v 0.00111640 -0.01323046 0.02874088
v 0.00037706 -0.01332657 0.02874088
v 0.00188531 -0.01865350 0.01546085
v 0.00113119 -0.01874222 0.01470854
v 0.00037706 -0.01878658 0.01093890
v 0.00003697 -0.01886052 0.01320123
v 0.00037706 -0.01555937 0.00119662
v 0.00221062 -0.01809530 0.00604484
v 0.00263944 -0.01806573 0.00608529
v 0.00043621 -0.01555198 0.00119662
v 0.00119033 -0.01545587 0.00119662
v 0.00188531 -0.01536714 0.00119662
v -0.00188531 -0.01536714 0.00119662
v -0.00037706 -0.01555937 0.00119662
v -0.00263944 -0.01806573 0.00608529
v -0.00221062 -0.01809530 0.00604484
v -0.00003697 -0.01886052 0.01320123
v -0.00020701 -0.01888270 0.01621586
v -0.00037706 -0.01878658 0.01093890
v -0.00113119 -0.01874222 0.01470854
v -0.00188531 -0.01865350 0.01546085
v -0.00037706 -0.01332657 0.02874088
v -0.00111640 -0.01323046 0.02874088
v -0.00142692 -0.01318979 0.02874088
f 2835 2836 2837
f 2835 2837 2838
f 2835 2838 2839
f 2835 2839 2840
f 2835 2840 2850
f 2835 2850 2841
f 2835 2841 2851
f 2835 2851 2842
f 2835 2842 2843
f 2835 2843 2836
f 2836 2844 2846
f 2836 2846 2837
f 2836 2843 2845
f 2836 2845 2844
f 2837 2846 2838
f 2838 2847 2839
f 2838 2846 2863
f 2838 2863 2847
f 2839 2847 2848
f 2839 2848 2867
f 2839 2867 2849
f 2839 2849 2850
f 2839 2850 2840
f 2841 2850 2849
f 2841 2849 2852
f 2841 2852 2853
f 2841 2853 2854
f 2841 2854 2855
f 2841 2855 2851
f 2842 2856 2857
f 2842 2857 2858
f 2842 2858 2859
f 2842 2859 2860
f 2842 2860 2861
f 2842 2861 2862
f 2842 2862 2843
f 2842 2851 2876
f 2842 2876 2856
f 2843 2862 2845
f 2844 2863 2846
f 2844 2845 2865
f 2844 2865 2863
f 2845 2862 2864
f 2845 2864 2865
f 2847 2863 2848
f 2848 2866 2892
f 2848 2892 2867
f 2848 2863 2868
f 2848 2868 2869
f 2848 2869 2866
f 2849 2867 2870
f 2849 2870 2852
f 2851 2855 2871
f 2851 2871 2872
f 2851 2872 2873
f 2851 2873 2874
f 2851 2874 2875
f 2851 2875 2876
f 2852 2870 2893
f 2852 2893 2877
f 2852 2877 2853
f 2853 2877 2878
f 2853 2878 2854
f 2854 2878 2879
f 2854 2879 2855
f 2855 2879 2871
f 2856 2876 2875
f 2856 2875 2874
f 2856 2874 2909
f 2856 2909 2908
f 2856 2908 2957
f 2856 2957 2955
f 2856 2955 2954
f 2856 2954 2953
f 2856 2953 2952
f 2856 2952 2999
f 2856 2999 3031
f 2856 3031 3030
f 2856 3030 3037
f 2856 3037 3036
f 2856 3036 3070
f 2856 3070 3075
f 2856 3075 3074
f 2856 3074 3108
f 2856 3108 3107
f 2856 3107 3146
f 2856 3146 3144
f 2856 3144 3192
f 2856 3192 3191
f 2856 3191 3190
f 2856 3190 3234
f 2856 3234 3233
f 2856 3233 3285
f 2856 3285 3284
f 2856 3284 3283
f 2856 3283 3313
f 2856 3313 3312
f 2856 3312 3311
f 2856 3311 3309
f 2856 3309 3308
f 2856 3308 3347
f 2856 3347 3346
f 2856 3346 3383
f 2856 3383 3382
f 2856 3382 3381
f 2856 3381 3435
f 2856 3435 3434
f 2856 3434 3433
f 2856 3433 3432
f 2856 3432 3486
f 2856 3486 3531
f 2856 3531 3530
f 2856 3530 3528
f 2856 3528 3527
f 2856 3527 3526
f 2856 3526 3525
f 2856 3525 3524
f 2856 3524 3561
f 2856 3561 3598
f 2856 3598 3597
f 2856 3597 3596
f 2856 3596 3641
f 2856 3641 3640
f 2856 3640 3685
f 2856 3685 3684
f 2856 3684 3730
f 2856 3730 3729
f 2856 3729 3758
f 2856 3758 3757
f 2856 3757 3809
f 2856 3809 3808
f 2856 3808 3840
f 2856 3840 3839
f 2856 3839 3838
f 2856 3838 3837
f 2856 3837 3836
f 2856 3836 3835
f 2856 3835 3833
f 2856 3833 3832
f 2856 3832 3831
f 2856 3831 3872
f 2856 3872 3898
f 2856 3898 3897
f 2856 3897 3896
f 2856 3896 3876
f 2856 3876 3875
f 2856 3875 3874
f 2856 3874 3844
f 2856 3844 3841
f 2856 3841 3786
f 2856 3786 3785
f 2856 3785 3783
f 2856 3783 3782
f 2856 3782 3781
f 2856 3781 3780
f 2856 3780 3779
f 2856 3779 3778
f 2856 3778 3775
f 2856 3775 3735
f 2856 3735 3734
f 2856 3734 3733
f 2856 3733 3732
f 2856 3732 3731
f 2856 3731 3690
f 2856 3690 3688
f 2856 3688 3646
f 2856 3646 3645
f 2856 3645 3608
f 2856 3608 3607
f 2856 3607 3606
f 2856 3606 3605
f 2856 3605 3604
f 2856 3604 3566
f 2856 3566 3563
f 2856 3563 3562
f 2856 3562 3538
f 2856 3538 3496
f 2856 3496 3495
f 2856 3495 3494
f 2856 3494 3493
f 2856 3493 3491
f 2856 3491 3438
f 2856 3438 3437
f 2856 3437 3391
f 2856 3391 3390
f 2856 3390 3389
f 2856 3389 3352
f 2856 3352 3351
f 2856 3351 3350
f 2856 3350 3316
f 2856 3316 3263
f 2856 3263 3262
f 2856 3262 3261
f 2856 3261 3259
f 2856 3259 3258
f 2856 3258 3257
f 2856 3257 3256
f 2856 3256 3236
f 2856 3236 3235
f 2856 3235 3196
f 2856 3196 3195
f 2856 3195 3152
f 2856 3152 3151
f 2856 3151 3113
f 2856 3113 3112
f 2856 3112 3079
f 2856 3079 3078
f 2856 3078 3047
f 2856 3047 3042
f 2856 3042 3013
f 2856 3013 3012
f 2856 3012 3008
f 2856 3008 2963
f 2856 2963 2920
f 2856 2920 2919
f 2856 2919 2918
f 2856 2918 2917
f 2856 2917 2916
f 2856 2916 2914
f 2856 2914 2911
f 2856 2911 2880
f 2856 2880 2859
f 2856 2859 2858
f 2856 2858 2857
f 2859 2880 2861
f 2859 2861 2860
f 2861 2881 2862
f 2861 2880 2881
f 2862 2881 2882
f 2862 2882 2883
f 2862 2883 2864
f 2863 2865 2868
f 2864 2883 2884
f 2864 2884 2885
f 2864 2885 2886
f 2864 2886 2887
f 2864 2887 2865
f 2865 2887 2868
f 2866 2869 2888
f 2866 2888 2889
f 2866 2889 2890
f 2866 2890 2891
f 2866 2891 2927
f 2866 2927 2892
f 2867 2893 2870
f 2867 2892 2894
f 2867 2894 2895
f 2867 2895 2893
f 2868 2887 2886
f 2868 2886 2896
f 2868 2896 2897
f 2868 2897 2898
f 2868 2898 2899
f 2868 2899 2900
f 2868 2900 2901
f 2868 2901 2902
f 2868 2902 2903
f 2868 2903 2869
f 2869 2903 2889
f 2869 2889 2888
f 2871 2879 2904
f 2871 2904 2905
f 2871 2905 2906
f 2871 2906 2907
f 2871 2907 2872
f 2872 2907 2908
f 2872 2908 2909
f 2872 2909 2874
f 2872 2874 2873
f 2877 2893 2878
f 2878 2893 2910
f 2878 2910 2879
f 2879 2910 2904
f 2880 2911 2881
f 2881 2912 2913
f 2881 2913 2882
f 2881 2911 2914
f 2881 2914 2915
f 2881 2915 2916
f 2881 2916 2917
f 2881 2917 2918
f 2881 2918 2919
f 2881 2919 2920
f 2881 2920 2921
f 2881 2921 2922
f 2881 2922 2923
f 2881 2923 2912
f 2882 2913 2883
f 2883 2913 2884
f 2884 2913 2896
f 2884 2896 2885
f 2885 2924 2886
f 2885 2896 2924
f 2886 2924 2896
f 2889 2903 2925
f 2889 2925 2926
f 2889 2926 2891
f 2889 2891 2890
f 2891 2926 2925
f 2891 2925 2902
f 2891 2902 2901
f 2891 2901 2948
f 2891 2948 2947
f 2891 2947 2993
f 2891 2993 2996
f 2891 2996 2995
f 2891 2995 2994
f 2891 2994 3029
f 2891 3029 3059
f 2891 3059 3058
f 2891 3058 3057
f 2891 3057 3056
f 2891 3056 3093
f 2891 3093 3127
f 2891 3127 3126
f 2891 3126 3169
f 2891 3169 3171
f 2891 3171 3170
f 2891 3170 3185
f 2891 3185 3184
f 2891 3184 3229
f 2891 3229 3227
f 2891 3227 3226
f 2891 3226 3225
f 2891 3225 3224
f 2891 3224 3282
f 2891 3282 3281
f 2891 3281 3280
f 2891 3280 3279
f 2891 3279 3278
f 2891 3278 3277
f 2891 3277 3329
f 2891 3329 3364
f 2891 3364 3363
f 2891 3363 3409
f 2891 3409 3408
f 2891 3408 3461
f 2891 3461 3460
f 2891 3460 3445
f 2891 3445 3405
f 2891 3405 3459
f 2891 3459 3458
f 2891 3458 3457
f 2891 3457 3507
f 2891 3507 3506
f 2891 3506 3508
f 2891 3508 3546
f 2891 3546 3574
f 2891 3574 3572
f 2891 3572 3571
f 2891 3571 3573
f 2891 3573 3611
f 2891 3611 3650
f 2891 3650 3649
f 2891 3649 3648
f 2891 3648 3654
f 2891 3654 3693
f 2891 3693 3692
f 2891 3692 3708
f 2891 3708 3707
f 2891 3707 3751
f 2891 3751 3750
f 2891 3750 3804
f 2891 3804 3805
f 2891 3805 3807
f 2891 3807 3806
f 2891 3806 3803
f 2891 3803 3856
f 2891 3856 3886
f 2891 3886 3885
f 2891 3885 3884
f 2891 3884 3881
f 2891 3881 3888
f 2891 3888 3887
f 2891 3887 3859
f 2891 3859 3858
f 2891 3858 3815
f 2891 3815 3811
f 2891 3811 3810
f 2891 3810 3761
f 2891 3761 3760
f 2891 3760 3759
f 2891 3759 3717
f 2891 3717 3716
f 2891 3716 3710
f 2891 3710 3709
f 2891 3709 3667
f 2891 3667 3666
f 2891 3666 3665
f 2891 3665 3623
f 2891 3623 3586
f 2891 3586 3585
f 2891 3585 3582
f 2891 3582 3581
f 2891 3581 3580
f 2891 3580 3548
f 2891 3548 3511
f 2891 3511 3509
f 2891 3509 3469
f 2891 3469 3468
f 2891 3468 3425
f 2891 3425 3467
f 2891 3467 3466
f 2891 3466 3465
f 2891 3465 3462
f 2891 3462 3410
f 2891 3410 3368
f 2891 3368 3367
f 2891 3367 3366
f 2891 3366 3365
f 2891 3365 3332
f 2891 3332 3331
f 2891 3331 3297
f 2891 3297 3288
f 2891 3288 3287
f 2891 3287 3286
f 2891 3286 3241
f 2891 3241 3240
f 2891 3240 3239
f 2891 3239 3237
f 2891 3237 3204
f 2891 3204 3203
f 2891 3203 3200
f 2891 3200 3199
f 2891 3199 3198
f 2891 3198 3157
f 2891 3157 3155
f 2891 3155 3154
f 2891 3154 3153
f 2891 3153 3116
f 2891 3116 3085
f 2891 3085 3084
f 2891 3084 3083
f 2891 3083 3049
f 2891 3049 3018
f 2891 3018 3017
f 2891 3017 3016
f 2891 3016 2980
f 2891 2980 2978
f 2891 2978 2977
f 2891 2977 2939
f 2891 2939 2976
f 2891 2976 2975
f 2891 2975 2974
f 2891 2974 2973
f 2891 2973 2927
f 2892 2927 2928
f 2892 2928 2929
f 2892 2929 2930
f 2892 2930 2894
f 2893 2895 2910
f 2894 2931 2895
f 2894 2930 2929
f 2894 2929 2931
f 2895 2932 2933
f 2895 2933 2934
f 2895 2934 2935
f 2895 2935 2936
f 2895 2936 2937
f 2895 2937 2938
f 2895 2938 2910
f 2895 2931 2939
f 2895 2939 2932
f 2896 2913 2940
f 2896 2940 2941
f 2896 2941 2942
f 2896 2942 2897
f 2897 2942 2943
f 2897 2943 2944
f 2897 2944 2898
f 2898 2945 2899
f 2898 2944 2946
f 2898 2946 2945
f 2899 2945 2947
f 2899 2947 2948
f 2899 2948 2900
f 2900 2948 2901
f 2902 2925 2903
f 2904 2938 2937
f 2904 2937 2949
f 2904 2949 2950
f 2904 2950 2905
f 2904 2910 2938
f 2905 2950 2951
f 2905 2951 2906
f 2906 2951 2907
f 2907 2952 2953
f 2907 2953 2954
f 2907 2954 2955
f 2907 2955 2956
f 2907 2956 2957
f 2907 2957 2908
f 2907 2951 2958
f 2907 2958 2959
f 2907 2959 2960
f 2907 2960 2961
f 2907 2961 2952
f 2912 2962 2913
f 2912 2923 2962
f 2913 2962 2940
f 2914 2916 2915
f 2920 2963 2964
f 2920 2964 2921
f 2921 2964 2922
f 2922 2965 2966
f 2922 2966 2967
f 2922 2967 2923
f 2922 2964 2968
f 2922 2968 2969
f 2922 2969 2970
f 2922 2970 2971
f 2922 2971 2972
f 2922 2972 2965
f 2923 2967 2962
f 2927 2973 2929
f 2927 2929 2928
f 2929 2973 2974
f 2929 2974 2975
f 2929 2975 2976
f 2929 2976 2931
f 2931 2976 2939
f 2932 2939 2977
f 2932 2977 2978
f 2932 2978 2933
f 2933 2979 2934
f 2933 2978 2980
f 2933 2980 2979
f 2934 2979 2981
f 2934 2981 2982
f 2934 2982 2935
f 2935 2982 2983
f 2935 2983 2984
f 2935 2984 2936
f 2936 2985 2986
f 2936 2986 2951
f 2936 2951 2950
f 2936 2950 2949
f 2936 2949 2987
f 2936 2987 2937
f 2936 2984 2985
f 2937 2987 2949
f 2940 2962 2988
f 2940 2988 2967
f 2940 2967 2966
f 2940 2966 2941
f 2941 2966 2942
f 2942 2966 2989
f 2942 2989 2943
f 2943 2989 2965
f 2943 2965 2990
f 2943 2990 2944
f 2944 2990 2991
f 2944 2991 2992
f 2944 2992 2946
f 2945 2993 2947
f 2945 2946 2993
f 2946 2992 2994
f 2946 2994 2995
f 2946 2995 2996
f 2946 2996 2993
f 2951 2986 2997
f 2951 2997 2958
f 2952 2961 2998
f 2952 2998 2999
f 2955 2957 2956
f 2958 2997 2959
f 2959 3000 2960
f 2959 2997 3000
f 2960 3000 3001
f 2960 3001 3002
f 2960 3002 3003
f 2960 3003 3004
f 2960 3004 3005
f 2960 3005 3006
f 2960 3006 3007
f 2960 3007 2998
f 2960 2998 2961
f 2962 2967 2988
f 2963 3008 2964
f 2964 3008 2968
f 2965 2989 2966
f 2965 2972 3009
f 2965 3009 3010
f 2965 3010 2990
f 2968 3011 2969
f 2968 3008 3012
f 2968 3012 3013
f 2968 3013 3014
f 2968 3014 3011
f 2969 3011 2970
f 2970 3011 2971
f 2971 3011 3015
f 2971 3015 3009
f 2971 3009 2972
f 2979 2980 3016
f 2979 3016 2981
f 2981 3017 3018
f 2981 3018 3019
f 2981 3019 2982
f 2981 3016 3017
f 2982 3019 3020
f 2982 3020 3021
f 2982 3021 2983
f 2983 3022 2984
f 2983 3021 3002
f 2983 3002 3022
f 2984 3022 3001
f 2984 3001 2985
f 2985 3001 2986
f 2986 3001 3000
f 2986 3000 3023
f 2986 3023 2997
f 2990 3024 3025
f 2990 3025 3026
f 2990 3026 2991
f 2990 3010 3027
f 2990 3027 3024
f 2991 3028 2992
f 2991 3026 3028
f 2992 3028 3029
f 2992 3029 2994
f 2997 3023 3000
f 2998 3030 3031
f 2998 3031 2999
f 2998 3007 3030
f 3001 3022 3002
f 3002 3021 3032
f 3002 3032 3033
f 3002 3033 3003
f 3003 3033 3004
f 3004 3033 3034
f 3004 3034 3035
f 3004 3035 3005
f 3005 3035 3006
f 3006 3035 3007
f 3007 3036 3037
f 3007 3037 3030
f 3007 3035 3038
f 3007 3038 3036
f 3009 3015 3039
f 3009 3039 3040
f 3009 3040 3010
f 3010 3040 3027
f 3011 3014 3041
f 3011 3041 3015
f 3013 3042 3014
f 3014 3043 3044
f 3014 3044 3045
f 3014 3045 3046
f 3014 3046 3041
f 3014 3042 3047
f 3014 3047 3043
f 3015 3041 3046
f 3015 3046 3048
f 3015 3048 3039
f 3018 3049 3050
f 3018 3050 3019
f 3019 3050 3020
f 3020 3050 3051
f 3020 3051 3021
f 3021 3051 3052
f 3021 3052 3053
f 3021 3053 3054
f 3021 3054 3032
f 3024 3027 3055
f 3024 3055 3025
f 3025 3056 3057
f 3025 3057 3058
f 3025 3058 3026
f 3025 3055 3056
f 3026 3058 3059
f 3026 3059 3028
f 3027 3060 3061
f 3027 3061 3062
f 3027 3062 3063
f 3027 3063 3064
f 3027 3064 3055
f 3027 3040 3060
f 3028 3059 3029
f 3032 3054 3065
f 3032 3065 3066
f 3032 3066 3033
f 3033 3066 3034
f 3034 3066 3067
f 3034 3067 3068
f 3034 3068 3069
f 3034 3069 3035
f 3035 3069 3038
f 3036 3038 3070
f 3038 3071 3072
f 3038 3072 3073
f 3038 3073 3074
f 3038 3074 3075
f 3038 3075 3070
f 3038 3069 3068
f 3038 3068 3071
f 3039 3048 3060
f 3039 3060 3040
f 3043 3076 3077
f 3043 3077 3044
f 3043 3047 3078
f 3043 3078 3079
f 3043 3079 3076
f 3044 3077 3080
f 3044 3080 3045
f 3045 3080 3081
f 3045 3081 3060
f 3045 3060 3082
f 3045 3082 3046
f 3046 3082 3048
f 3048 3082 3060
f 3049 3083 3051
f 3049 3051 3050
f 3051 3083 3052
f 3052 3083 3084
f 3052 3084 3085
f 3052 3085 3086
f 3052 3086 3053
f 3053 3086 3054
f 3054 3086 3087
f 3054 3087 3088
f 3054 3088 3089
f 3054 3089 3090
f 3054 3090 3091
f 3054 3091 3065
f 3055 3064 3092
f 3055 3092 3093
f 3055 3093 3056
f 3060 3081 3061
f 3061 3081 3094
f 3061 3094 3062
f 3062 3094 3095
f 3062 3095 3063
f 3063 3096 3064
f 3063 3095 3097
f 3063 3097 3098
f 3063 3098 3099
f 3063 3099 3100
f 3063 3100 3101
f 3063 3101 3096
f 3064 3096 3092
f 3065 3091 3066
f 3066 3091 3067
f 3067 3102 3068
f 3067 3091 3102
f 3068 3102 3071
f 3071 3091 3103
f 3071 3103 3104
f 3071 3104 3072
f 3071 3102 3091
f 3072 3104 3105
f 3072 3105 3073
f 3073 3105 3106
f 3073 3106 3107
f 3073 3107 3108
f 3073 3108 3109
f 3073 3109 3074
f 3074 3109 3108
f 3076 3110 3111
f 3076 3111 3077
f 3076 3079 3112
f 3076 3112 3113
f 3076 3113 3110
f 3077 3114 3081
f 3077 3081 3080
f 3077 3111 3115
f 3077 3115 3128
f 3077 3128 3114
f 3081 3114 3094
f 3085 3116 3086
f 3086 3117 3087
f 3086 3116 3117
f 3087 3117 3118
f 3087 3118 3088
f 3088 3119 3120
f 3088 3120 3089
f 3088 3118 3121
f 3088 3121 3122
f 3088 3122 3123
f 3088 3123 3124
f 3088 3124 3119
f 3089 3125 3090
f 3089 3120 3125
f 3090 3125 3103
f 3090 3103 3091
f 3092 3096 3126
f 3092 3126 3127
f 3092 3127 3093
f 3094 3114 3128
f 3094 3128 3095
f 3095 3128 3097
f 3096 3101 3129
f 3096 3129 3126
f 3097 3128 3130
f 3097 3130 3131
f 3097 3131 3132
f 3097 3132 3133
f 3097 3133 3098
f 3098 3133 3134
f 3098 3134 3099
f 3099 3134 3135
f 3099 3135 3100
f 3100 3135 3136
f 3100 3136 3137
f 3100 3137 3138
f 3100 3138 3139
f 3100 3139 3129
f 3100 3129 3101
f 3103 3125 3140
f 3103 3140 3105
f 3103 3105 3104
f 3105 3140 3160
f 3105 3160 3141
f 3105 3141 3142
f 3105 3142 3106
f 3106 3142 3143
f 3106 3143 3144
f 3106 3144 3145
f 3106 3145 3146
f 3106 3146 3107
f 3110 3147 3148
f 3110 3148 3149
f 3110 3149 3150
f 3110 3150 3130
f 3110 3130 3111
f 3110 3113 3151
f 3110 3151 3152
f 3110 3152 3147
f 3111 3130 3115
f 3115 3130 3128
f 3116 3153 3117
f 3117 3153 3154
f 3117 3154 3155
f 3117 3155 3118
f 3118 3156 3121
f 3118 3155 3157
f 3118 3157 3156
f 3119 3158 3159
f 3119 3159 3160
f 3119 3160 3120
f 3119 3124 3161
f 3119 3161 3162
f 3119 3162 3158
f 3120 3160 3125
f 3121 3156 3122
f 3122 3163 3164
f 3122 3164 3165
f 3122 3165 3166
f 3122 3166 3167
f 3122 3167 3123
f 3122 3156 3163
f 3123 3167 3168
f 3123 3168 3161
f 3123 3161 3124
f 3125 3160 3140
f 3126 3129 3169
f 3129 3170 3171
f 3129 3171 3169
f 3129 3139 3170
f 3130 3150 3131
f 3131 3150 3132
f 3132 3150 3172
f 3132 3172 3133
f 3133 3172 3134
f 3134 3172 3173
f 3134 3173 3174
f 3134 3174 3135
f 3135 3174 3175
f 3135 3175 3176
f 3135 3176 3177
f 3135 3177 3136
f 3136 3177 3178
f 3136 3178 3179
f 3136 3179 3137
f 3137 3180 3181
f 3137 3181 3138
f 3137 3179 3182
f 3137 3182 3180
f 3138 3181 3183
f 3138 3183 3139
f 3139 3183 3184
f 3139 3184 3185
f 3139 3185 3170
f 3141 3160 3159
f 3141 3159 3142
f 3142 3159 3143
f 3143 3159 3186
f 3143 3186 3187
f 3143 3187 3188
f 3143 3188 3189
f 3143 3189 3190
f 3143 3190 3191
f 3143 3191 3192
f 3143 3192 3144
f 3144 3146 3145
f 3147 3193 3175
f 3147 3175 3194
f 3147 3194 3148
f 3147 3152 3195
f 3147 3195 3196
f 3147 3196 3193
f 3148 3194 3197
f 3148 3197 3173
f 3148 3173 3172
f 3148 3172 3149
f 3149 3172 3150
f 3156 3157 3198
f 3156 3198 3199
f 3156 3199 3200
f 3156 3200 3163
f 3158 3162 3186
f 3158 3186 3159
f 3161 3168 3201
f 3161 3201 3162
f 3162 3201 3186
f 3163 3202 3164
f 3163 3200 3203
f 3163 3203 3204
f 3163 3204 3202
f 3164 3205 3165
f 3164 3202 3205
f 3165 3205 3206
f 3165 3206 3207
f 3165 3207 3208
f 3165 3208 3166
f 3166 3208 3209
f 3166 3209 3210
f 3166 3210 3167
f 3167 3210 3211
f 3167 3211 3212
f 3167 3212 3213
f 3167 3213 3168
f 3168 3213 3214
f 3168 3214 3201
f 3173 3197 3175
f 3173 3175 3174
f 3175 3193 3215
f 3175 3215 3216
f 3175 3216 3217
f 3175 3217 3218
f 3175 3218 3176
f 3175 3197 3194
f 3176 3218 3219
f 3176 3219 3220
f 3176 3220 3178
f 3176 3178 3177
f 3178 3220 3221
f 3178 3221 3179
f 3179 3221 3222
f 3179 3222 3182
f 3180 3182 3223
f 3180 3223 3224
f 3180 3224 3225
f 3180 3225 3226
f 3180 3226 3181
f 3181 3226 3227
f 3181 3227 3183
f 3182 3222 3228
f 3182 3228 3223
f 3183 3227 3229
f 3183 3229 3184
f 3186 3201 3187
f 3187 3201 3188
f 3188 3201 3214
f 3188 3214 3230
f 3188 3230 3231
f 3188 3231 3189
f 3189 3231 3212
f 3189 3212 3232
f 3189 3232 3233
f 3189 3233 3234
f 3189 3234 3190
f 3193 3235 3236
f 3193 3236 3215
f 3193 3196 3235
f 3202 3204 3237
f 3202 3237 3205
f 3205 3237 3206
f 3206 3238 3207
f 3206 3237 3239
f 3206 3239 3240
f 3206 3240 3241
f 3206 3241 3238
f 3207 3238 3242
f 3207 3242 3243
f 3207 3243 3208
f 3208 3243 3244
f 3208 3244 3209
f 3209 3211 3210
f 3209 3244 3245
f 3209 3245 3211
f 3211 3245 3246
f 3211 3246 3247
f 3211 3247 3212
f 3212 3247 3248
f 3212 3248 3249
f 3212 3249 3250
f 3212 3250 3232
f 3212 3231 3230
f 3212 3230 3214
f 3212 3214 3213
f 3215 3236 3216
f 3216 3251 3252
f 3216 3252 3253
f 3216 3253 3254
f 3216 3254 3255
f 3216 3255 3217
f 3216 3236 3256
f 3216 3256 3257
f 3216 3257 3258
f 3216 3258 3259
f 3216 3259 3260
f 3216 3260 3261
f 3216 3261 3262
f 3216 3262 3263
f 3216 3263 3251
f 3217 3255 3264
f 3217 3264 3218
f 3218 3264 3265
f 3218 3265 3219
f 3219 3265 3264
f 3219 3264 3254
f 3219 3254 3221
f 3219 3221 3220
f 3221 3254 3266
f 3221 3266 3267
f 3221 3267 3268
f 3221 3268 3269
f 3221 3269 3222
f 3222 3270 3228
f 3222 3269 3271
f 3222 3271 3272
f 3222 3272 3273
f 3222 3273 3274
f 3222 3274 3275
f 3222 3275 3276
f 3222 3276 3277
f 3222 3277 3278
f 3222 3278 3270
f 3223 3228 3279
f 3223 3279 3280
f 3223 3280 3281
f 3223 3281 3282
f 3223 3282 3224
f 3228 3270 3279
f 3232 3250 3283
f 3232 3283 3284
f 3232 3284 3285
f 3232 3285 3233
f 3238 3241 3286
f 3238 3286 3287
f 3238 3287 3288
f 3238 3288 3242
f 3242 3289 3243
f 3242 3288 3289
f 3243 3290 3291
f 3243 3291 3292
f 3243 3292 3293
f 3243 3293 3294
f 3243 3294 3295
f 3243 3295 3296
f 3243 3296 3244
f 3243 3289 3297
f 3243 3297 3290
f 3244 3296 3298
f 3244 3298 3299
f 3244 3299 3300
f 3244 3300 3301
f 3244 3301 3246
f 3244 3246 3245
f 3246 3301 3302
f 3246 3302 3303
f 3246 3303 3247
f 3247 3303 3302
f 3247 3302 3248
f 3248 3302 3304
f 3248 3304 3249
f 3249 3304 3301
f 3249 3301 3305
f 3249 3305 3306
f 3249 3306 3307
f 3249 3307 3308
f 3249 3308 3309
f 3249 3309 3310
f 3249 3310 3311
f 3249 3311 3312
f 3249 3312 3313
f 3249 3313 3283
f 3249 3283 3250
f 3251 3314 3315
f 3251 3315 3252
f 3251 3263 3316
f 3251 3316 3314
f 3252 3317 3318
f 3252 3318 3319
f 3252 3319 3253
f 3252 3315 3320
f 3252 3320 3317
f 3253 3319 3254
f 3254 3319 3266
f 3254 3264 3255
f 3259 3261 3260
f 3266 3319 3318
f 3266 3318 3267
f 3267 3318 3269
f 3267 3269 3268
f 3269 3318 3271
f 3270 3278 3279
f 3271 3318 3272
f 3272 3318 3317
f 3272 3317 3321
f 3272 3321 3273
f 3273 3321 3322
f 3273 3322 3355
f 3273 3355 3323
f 3273 3323 3274
f 3274 3323 3324
f 3274 3324 3357
f 3274 3357 3325
f 3274 3325 3362
f 3274 3362 3326
f 3274 3326 3275
f 3275 3326 3327
f 3275 3327 3328
f 3275 3328 3276
f 3276 3328 3329
f 3276 3329 3277
f 3288 3297 3289
f 3290 3330 3333
f 3290 3333 3291
f 3290 3297 3331
f 3290 3331 3332
f 3290 3332 3330
f 3291 3333 3334
f 3291 3334 3292
f 3292 3335 3371
f 3292 3371 3336
f 3292 3336 3337
f 3292 3337 3293
f 3292 3334 3369
f 3292 3369 3335
f 3293 3337 3377
f 3293 3377 3338
f 3293 3338 3339
f 3293 3339 3340
f 3293 3340 3294
f 3294 3340 3341
f 3294 3341 3295
f 3295 3341 3296
f 3296 3341 3299
f 3296 3299 3298
f 3299 3341 3300
f 3300 3341 3342
f 3300 3342 3301
f 3301 3342 3305
f 3301 3304 3302
f 3305 3342 3306
f 3306 3342 3341
f 3306 3341 3340
f 3306 3340 3343
f 3306 3343 3344
f 3306 3344 3307
f 3307 3344 3345
f 3307 3345 3346
f 3307 3346 3347
f 3307 3347 3308
f 3309 3311 3310
f 3314 3316 3315
f 3315 3348 3388
f 3315 3388 3349
f 3315 3349 3320
f 3315 3316 3350
f 3315 3350 3351
f 3315 3351 3352
f 3315 3352 3389
f 3315 3389 3348
f 3317 3320 3353
f 3317 3353 3321
f 3320 3349 3353
f 3321 3353 3354
f 3321 3354 3322
f 3322 3354 3355
f 3323 3355 3324
f 3324 3349 3356
f 3324 3356 3392
f 3324 3392 3357
f 3324 3355 3349
f 3325 3357 3358
f 3325 3358 3359
f 3325 3359 3360
f 3325 3360 3361
f 3325 3361 3362
f 3326 3328 3327
f 3326 3362 3409
f 3326 3409 3363
f 3326 3363 3328
f 3328 3363 3364
f 3328 3364 3329
f 3330 3334 3333
f 3330 3332 3365
f 3330 3365 3366
f 3330 3366 3367
f 3330 3367 3368
f 3330 3368 3334
f 3334 3368 3410
f 3334 3410 3369
f 3335 3370 3371
f 3335 3369 3372
f 3335 3372 3373
f 3335 3373 3374
f 3335 3374 3370
f 3336 3371 3415
f 3336 3415 3375
f 3336 3375 3376
f 3336 3376 3377
f 3336 3377 3337
f 3338 3377 3378
f 3338 3378 3379
f 3338 3379 3339
f 3339 3379 3340
f 3340 3379 3343
f 3343 3379 3376
f 3343 3376 3344
f 3344 3376 3414
f 3344 3414 3380
f 3344 3380 3435
f 3344 3435 3381
f 3344 3381 3382
f 3344 3382 3383
f 3344 3383 3346
f 3344 3346 3345
f 3348 3384 3385
f 3348 3385 3386
f 3348 3386 3387
f 3348 3387 3388
f 3348 3389 3390
f 3348 3390 3391
f 3348 3391 3384
f 3349 3388 3392
f 3349 3392 3356
f 3349 3355 3354
f 3349 3354 3353
f 3357 3392 3388
f 3357 3388 3393
f 3357 3393 3358
f 3358 3393 3394
f 3358 3394 3359
f 3359 3394 3395
f 3359 3395 3442
f 3359 3442 3396
f 3359 3396 3360
f 3360 3397 3361
f 3360 3396 3398
f 3360 3398 3399
f 3360 3399 3400
f 3360 3400 3401
f 3360 3401 3402
f 3360 3402 3403
f 3360 3403 3404
f 3360 3404 3405
f 3360 3405 3397
f 3361 3406 3362
f 3361 3397 3407
f 3361 3407 3406
f 3362 3406 3407
f 3362 3407 3408
f 3362 3408 3409
f 3369 3411 3412
f 3369 3412 3372
f 3369 3410 3411
f 3370 3413 3371
f 3370 3374 3427
f 3370 3427 3413
f 3371 3414 3415
f 3371 3413 3414
f 3372 3412 3411
f 3372 3411 3416
f 3372 3416 3373
f 3373 3417 3418
f 3373 3418 3419
f 3373 3419 3420
f 3373 3420 3421
f 3373 3421 3422
f 3373 3422 3423
f 3373 3423 3424
f 3373 3424 3374
f 3373 3416 3425
f 3373 3425 3417
f 3374 3426 3427
f 3374 3424 3482
f 3374 3482 3426
f 3375 3415 3414
f 3375 3414 3376
f 3376 3379 3378
f 3376 3378 3377
f 3380 3414 3428
f 3380 3428 3429
f 3380 3429 3430
f 3380 3430 3431
f 3380 3431 3432
f 3380 3432 3433
f 3380 3433 3434
f 3380 3434 3435
f 3384 3391 3385
f 3385 3436 3386
f 3385 3391 3437
f 3385 3437 3438
f 3385 3438 3436
f 3386 3436 3439
f 3386 3439 3440
f 3386 3440 3441
f 3386 3441 3442
f 3386 3442 3387
f 3387 3443 3388
f 3387 3442 3443
f 3388 3443 3444
f 3388 3444 3393
f 3393 3444 3394
f 3394 3444 3443
f 3394 3443 3395
f 3395 3443 3442
f 3396 3442 3441
f 3396 3441 3398
f 3397 3445 3407
f 3397 3405 3445
f 3398 3441 3399
f 3399 3441 3446
f 3399 3446 3447
f 3399 3447 3400
f 3400 3447 3446
f 3400 3446 3448
f 3400 3448 3449
f 3400 3449 3450
f 3400 3450 3451
f 3400 3451 3452
f 3400 3452 3401
f 3401 3452 3453
f 3401 3453 3454
f 3401 3454 3402
f 3402 3455 3403
f 3402 3454 3456
f 3402 3456 3455
f 3403 3455 3457
f 3403 3457 3458
f 3403 3458 3459
f 3403 3459 3404
f 3404 3459 3405
f 3407 3445 3460
f 3407 3460 3461
f 3407 3461 3408
f 3410 3462 3411
f 3411 3462 3416
f 3413 3427 3463
f 3413 3463 3414
f 3414 3463 3464
f 3414 3464 3428
f 3416 3462 3465
f 3416 3465 3466
f 3416 3466 3467
f 3416 3467 3425
f 3417 3425 3468
f 3417 3468 3418
f 3418 3468 3469
f 3418 3469 3470
f 3418 3470 3419
f 3419 3470 3471
f 3419 3471 3472
f 3419 3472 3420
f 3420 3472 3473
f 3420 3473 3474
f 3420 3474 3421
f 3421 3475 3476
f 3421 3476 3477
f 3421 3477 3478
f 3421 3478 3479
f 3421 3479 3480
f 3421 3480 3422
f 3421 3474 3475
f 3422 3480 3479
f 3422 3479 3481
f 3422 3481 3423
f 3423 3481 3424
f 3424 3481 3482
f 3426 3464 3463
f 3426 3463 3427
f 3426 3482 3464
f 3428 3464 3482
f 3428 3482 3429
f 3429 3482 3481
f 3429 3481 3483
f 3429 3483 3484
f 3429 3484 3485
f 3429 3485 3430
f 3430 3485 3486
f 3430 3486 3432
f 3430 3432 3431
f 3436 3487 3488
f 3436 3488 3489
f 3436 3489 3490
f 3436 3490 3449
f 3436 3449 3439
f 3436 3438 3491
f 3436 3491 3492
f 3436 3492 3493
f 3436 3493 3494
f 3436 3494 3495
f 3436 3495 3496
f 3436 3496 3487
f 3439 3449 3440
f 3440 3449 3448
f 3440 3448 3441
f 3441 3448 3446
f 3449 3490 3497
f 3449 3497 3450
f 3450 3497 3498
f 3450 3498 3499
f 3450 3499 3500
f 3450 3500 3451
f 3451 3500 3452
f 3452 3500 3501
f 3452 3501 3453
f 3453 3501 3502
f 3453 3502 3503
f 3453 3503 3454
f 3454 3503 3504
f 3454 3504 3505
f 3454 3505 3456
f 3455 3456 3506
f 3455 3506 3507
f 3455 3507 3457
f 3456 3505 3508
f 3456 3508 3506
f 3469 3509 3470
f 3470 3509 3471
f 3471 3510 3472
f 3471 3509 3511
f 3471 3511 3510
f 3472 3510 3512
f 3472 3512 3513
f 3472 3513 3473
f 3473 3514 3474
f 3473 3513 3515
f 3473 3515 3514
f 3474 3514 3516
f 3474 3516 3475
f 3475 3516 3476
f 3476 3517 3518
f 3476 3518 3519
f 3476 3519 3477
f 3476 3516 3517
f 3477 3485 3484
f 3477 3484 3483
f 3477 3483 3478
f 3477 3519 3520
f 3477 3520 3485
f 3478 3483 3481
f 3478 3481 3479
f 3485 3520 3521
f 3485 3521 3522
f 3485 3522 3523
f 3485 3523 3524
f 3485 3524 3525
f 3485 3525 3526
f 3485 3526 3527
f 3485 3527 3528
f 3485 3528 3529
f 3485 3529 3530
f 3485 3530 3531
f 3485 3531 3486
f 3487 3532 3488
f 3487 3496 3532
f 3488 3500 3499
f 3488 3499 3489
f 3488 3532 3533
f 3488 3533 3534
f 3488 3534 3535
f 3488 3535 3536
f 3488 3536 3537
f 3488 3537 3502
f 3488 3502 3500
f 3489 3497 3490
f 3489 3499 3497
f 3491 3493 3492
f 3496 3538 3532
f 3497 3499 3498
f 3500 3502 3501
f 3502 3537 3539
f 3502 3539 3540
f 3502 3540 3503
f 3503 3541 3542
f 3503 3542 3543
f 3503 3543 3504
f 3503 3540 3544
f 3503 3544 3541
f 3504 3543 3545
f 3504 3545 3505
f 3505 3545 3508
f 3508 3545 3546
f 3510 3511 3547
f 3510 3547 3512
f 3511 3548 3547
f 3512 3547 3549
f 3512 3549 3513
f 3513 3550 3515
f 3513 3549 3551
f 3513 3551 3552
f 3513 3552 3553
f 3513 3553 3550
f 3514 3515 3516
f 3515 3550 3554
f 3515 3554 3555
f 3515 3555 3522
f 3515 3522 3516
f 3516 3522 3517
f 3517 3521 3519
f 3517 3519 3518
f 3517 3522 3521
f 3519 3521 3520
f 3522 3555 3556
f 3522 3556 3557
f 3522 3557 3558
f 3522 3558 3559
f 3522 3559 3560
f 3522 3560 3523
f 3523 3560 3524
f 3524 3560 3561
f 3528 3530 3529
f 3532 3538 3562
f 3532 3562 3563
f 3532 3563 3533
f 3533 3564 3565
f 3533 3565 3534
f 3533 3563 3566
f 3533 3566 3564
f 3534 3565 3535
f 3535 3565 3536
f 3536 3565 3567
f 3536 3567 3539
f 3536 3539 3537
f 3539 3567 3568
f 3539 3568 3569
f 3539 3569 3540
f 3540 3569 3544
f 3541 3544 3570
f 3541 3570 3542
f 3542 3571 3572
f 3542 3572 3543
f 3542 3570 3573
f 3542 3573 3571
f 3543 3572 3574
f 3543 3574 3546
f 3543 3546 3545
f 3544 3575 3576
f 3544 3576 3577
f 3544 3577 3578
f 3544 3578 3579
f 3544 3579 3570
f 3544 3569 3575
f 3547 3548 3580
f 3547 3580 3549
f 3549 3580 3581
f 3549 3581 3582
f 3549 3582 3551
f 3550 3553 3583
f 3550 3583 3593
f 3550 3593 3554
f 3551 3584 3552
f 3551 3582 3585
f 3551 3585 3586
f 3551 3586 3584
f 3552 3584 3553
f 3553 3584 3587
f 3553 3587 3588
f 3553 3588 3589
f 3553 3589 3590
f 3553 3590 3591
f 3553 3591 3583
f 3554 3592 3556
f 3554 3556 3555
f 3554 3593 3592
f 3556 3592 3594
f 3556 3594 3557
f 3557 3594 3558
f 3558 3594 3559
f 3559 3594 3595
f 3559 3595 3596
f 3559 3596 3597
f 3559 3597 3598
f 3559 3598 3560
f 3560 3598 3561
f 3564 3599 3600
f 3564 3600 3601
f 3564 3601 3602
f 3564 3602 3603
f 3564 3603 3565
f 3564 3566 3604
f 3564 3604 3605
f 3564 3605 3606
f 3564 3606 3607
f 3564 3607 3608
f 3564 3608 3599
f 3565 3603 3567
f 3567 3603 3602
f 3567 3602 3609
f 3567 3609 3568
f 3568 3609 3575
f 3568 3575 3569
f 3570 3579 3610
f 3570 3610 3611
f 3570 3611 3573
f 3575 3612 3601
f 3575 3601 3613
f 3575 3613 3576
f 3575 3609 3612
f 3576 3613 3614
f 3576 3614 3577
f 3577 3614 3615
f 3577 3615 3578
f 3578 3616 3579
f 3578 3615 3617
f 3578 3617 3618
f 3578 3618 3619
f 3578 3619 3620
f 3578 3620 3621
f 3578 3621 3616
f 3579 3616 3610
f 3583 3591 3593
f 3584 3622 3587
f 3584 3586 3623
f 3584 3623 3622
f 3587 3622 3624
f 3587 3624 3588
f 3588 3625 3626
f 3588 3626 3589
f 3588 3624 3627
f 3588 3627 3628
f 3588 3628 3629
f 3588 3629 3630
f 3588 3630 3625
f 3589 3626 3631
f 3589 3631 3590
f 3590 3632 3591
f 3590 3631 3632
f 3591 3632 3633
f 3591 3633 3634
f 3591 3634 3635
f 3591 3635 3593
f 3592 3593 3635
f 3592 3635 3636
f 3592 3636 3637
f 3592 3637 3594
f 3594 3637 3595
f 3595 3637 3636
f 3595 3636 3633
f 3595 3633 3638
f 3595 3638 3639
f 3595 3639 3640
f 3595 3640 3641
f 3595 3641 3596
f 3599 3642 3643
f 3599 3643 3600
f 3599 3608 3644
f 3599 3644 3645
f 3599 3645 3646
f 3599 3646 3642
f 3600 3647 3601
f 3600 3643 3647
f 3601 3647 3613
f 3601 3612 3602
f 3602 3612 3609
f 3608 3645 3644
f 3610 3616 3648
f 3610 3648 3649
f 3610 3649 3650
f 3610 3650 3611
f 3613 3647 3643
f 3613 3643 3651
f 3613 3651 3614
f 3614 3651 3652
f 3614 3652 3615
f 3615 3652 3617
f 3616 3621 3653
f 3616 3653 3654
f 3616 3654 3648
f 3617 3652 3655
f 3617 3655 3656
f 3617 3656 3657
f 3617 3657 3658
f 3617 3658 3618
f 3618 3658 3659
f 3618 3659 3619
f 3619 3659 3660
f 3619 3660 3620
f 3620 3660 3661
f 3620 3661 3662
f 3620 3662 3663
f 3620 3663 3664
f 3620 3664 3653
f 3620 3653 3621
f 3622 3623 3665
f 3622 3665 3666
f 3622 3666 3624
f 3624 3666 3667
f 3624 3667 3668
f 3624 3668 3627
f 3625 3669 3670
f 3625 3670 3626
f 3625 3630 3671
f 3625 3671 3672
f 3625 3672 3673
f 3625 3673 3669
f 3626 3670 3631
f 3627 3668 3628
f 3628 3668 3674
f 3628 3674 3675
f 3628 3675 3676
f 3628 3676 3677
f 3628 3677 3678
f 3628 3678 3629
f 3629 3679 3671
f 3629 3671 3630
f 3629 3678 3679
f 3631 3670 3680
f 3631 3680 3632
f 3632 3681 3633
f 3632 3680 3682
f 3632 3682 3681
f 3633 3681 3638
f 3633 3636 3634
f 3634 3636 3635
f 3638 3682 3639
f 3638 3681 3682
f 3639 3682 3683
f 3639 3683 3684
f 3639 3684 3685
f 3639 3685 3640
f 3642 3686 3687
f 3642 3687 3643
f 3642 3646 3688
f 3642 3688 3689
f 3642 3689 3690
f 3642 3690 3686
f 3643 3687 3691
f 3643 3691 3652
f 3643 3652 3651
f 3652 3691 3655
f 3653 3664 3692
f 3653 3692 3693
f 3653 3693 3654
f 3655 3691 3687
f 3655 3687 3686
f 3655 3686 3694
f 3655 3694 3656
f 3656 3694 3657
f 3657 3694 3695
f 3657 3695 3658
f 3658 3695 3659
f 3659 3695 3696
f 3659 3696 3697
f 3659 3697 3660
f 3660 3697 3698
f 3660 3698 3699
f 3660 3699 3700
f 3660 3700 3661
f 3661 3700 3701
f 3661 3701 3702
f 3661 3702 3662
f 3662 3703 3704
f 3662 3704 3663
f 3662 3702 3705
f 3662 3705 3703
f 3663 3704 3706
f 3663 3706 3664
f 3664 3706 3707
f 3664 3707 3708
f 3664 3708 3692
f 3667 3709 3668
f 3668 3709 3710
f 3668 3710 3674
f 3669 3711 3712
f 3669 3712 3713
f 3669 3713 3714
f 3669 3714 3670
f 3669 3673 3711
f 3670 3714 3682
f 3670 3682 3680
f 3671 3679 3715
f 3671 3715 3672
f 3672 3715 3711
f 3672 3711 3673
f 3674 3710 3716
f 3674 3716 3717
f 3674 3717 3718
f 3674 3718 3675
f 3675 3718 3719
f 3675 3719 3676
f 3676 3719 3720
f 3676 3720 3721
f 3676 3721 3722
f 3676 3722 3677
f 3677 3722 3723
f 3677 3723 3724
f 3677 3724 3678
f 3678 3724 3725
f 3678 3725 3726
f 3678 3726 3727
f 3678 3727 3679
f 3679 3727 3728
f 3679 3728 3715
f 3682 3714 3713
f 3682 3713 3683
f 3683 3713 3712
f 3683 3712 3729
f 3683 3729 3730
f 3683 3730 3684
f 3686 3690 3731
f 3686 3731 3732
f 3686 3732 3733
f 3686 3733 3734
f 3686 3734 3735
f 3686 3735 3736
f 3686 3736 3737
f 3686 3737 3738
f 3686 3738 3694
f 3688 3690 3689
f 3694 3738 3695
f 3695 3738 3737
f 3695 3737 3696
f 3696 3737 3739
f 3696 3739 3698
f 3696 3698 3697
f 3698 3740 3699
f 3698 3739 3741
f 3698 3741 3736
f 3698 3736 3742
f 3698 3742 3743
f 3698 3743 3744
f 3698 3744 3745
f 3698 3745 3740
f 3699 3701 3700
f 3699 3740 3746
f 3699 3746 3747
f 3699 3747 3701
f 3701 3747 3748
f 3701 3748 3702
f 3702 3748 3749
f 3702 3749 3705
f 3703 3750 3751
f 3703 3751 3704
f 3703 3705 3752
f 3703 3752 3750
f 3704 3751 3706
f 3705 3749 3753
f 3705 3753 3752
f 3706 3751 3707
f 3711 3715 3754
f 3711 3754 3712
f 3712 3754 3755
f 3712 3755 3756
f 3712 3756 3757
f 3712 3757 3758
f 3712 3758 3729
f 3715 3728 3755
f 3715 3755 3754
f 3717 3759 3718
f 3718 3759 3760
f 3718 3760 3719
f 3719 3760 3720
f 3720 3760 3761
f 3720 3761 3762
f 3720 3762 3721
f 3721 3762 3763
f 3721 3763 3764
f 3721 3764 3722
f 3722 3764 3765
f 3722 3765 3723
f 3723 3725 3724
f 3723 3765 3766
f 3723 3766 3725
f 3725 3767 3726
f 3725 3766 3768
f 3725 3768 3767
f 3726 3767 3769
f 3726 3769 3770
f 3726 3770 3771
f 3726 3771 3772
f 3726 3772 3756
f 3726 3756 3773
f 3726 3773 3774
f 3726 3774 3728
f 3726 3728 3727
f 3728 3774 3755
f 3735 3775 3736
f 3736 3775 3742
f 3736 3741 3737
f 3737 3741 3739
f 3740 3745 3776
f 3740 3776 3777
f 3740 3777 3746
f 3742 3775 3778
f 3742 3778 3779
f 3742 3779 3780
f 3742 3780 3743
f 3743 3780 3744
f 3744 3780 3781
f 3744 3781 3782
f 3744 3782 3783
f 3744 3783 3784
f 3744 3784 3785
f 3744 3785 3786
f 3744 3786 3787
f 3744 3787 3788
f 3744 3788 3789
f 3744 3789 3790
f 3744 3790 3791
f 3744 3791 3745
f 3745 3791 3776
f 3746 3776 3790
f 3746 3790 3748
f 3746 3748 3747
f 3746 3777 3776
f 3748 3790 3792
f 3748 3792 3793
f 3748 3793 3794
f 3748 3794 3795
f 3748 3795 3749
f 3749 3796 3753
f 3749 3795 3797
f 3749 3797 3798
f 3749 3798 3799
f 3749 3799 3800
f 3749 3800 3801
f 3749 3801 3802
f 3749 3802 3803
f 3749 3803 3796
f 3750 3752 3804
f 3752 3753 3805
f 3752 3805 3804
f 3753 3796 3806
f 3753 3806 3807
f 3753 3807 3805
f 3755 3773 3756
f 3755 3774 3773
f 3756 3772 3808
f 3756 3808 3809
f 3756 3809 3757
f 3761 3810 3762
f 3762 3810 3763
f 3763 3810 3811
f 3763 3811 3812
f 3763 3812 3764
f 3764 3813 3814
f 3764 3814 3765
f 3764 3812 3815
f 3764 3815 3816
f 3764 3816 3817
f 3764 3817 3818
f 3764 3818 3819
f 3764 3819 3820
f 3764 3820 3813
f 3765 3814 3821
f 3765 3821 3822
f 3765 3822 3823
f 3765 3823 3824
f 3765 3824 3768
f 3765 3768 3766
f 3767 3825 3826
f 3767 3826 3769
f 3767 3768 3825
f 3768 3824 3826
f 3768 3826 3825
f 3769 3827 3770
f 3769 3826 3827
f 3770 3827 3824
f 3770 3824 3828
f 3770 3828 3829
f 3770 3829 3830
f 3770 3830 3831
f 3770 3831 3832
f 3770 3832 3833
f 3770 3833 3834
f 3770 3834 3835
f 3770 3835 3836
f 3770 3836 3837
f 3770 3837 3838
f 3770 3838 3839
f 3770 3839 3771
f 3771 3839 3772
f 3772 3839 3840
f 3772 3840 3808
f 3776 3791 3790
f 3783 3785 3784
f 3786 3841 3787
f 3787 3842 3843
f 3787 3843 3788
f 3787 3841 3844
f 3787 3844 3842
f 3788 3845 3846
f 3788 3846 3847
f 3788 3847 3789
f 3788 3843 3848
f 3788 3848 3845
f 3789 3847 3790
f 3790 3847 3792
f 3792 3847 3846
f 3792 3846 3793
f 3793 3846 3795
f 3793 3795 3794
f 3795 3846 3797
f 3796 3803 3806
f 3797 3846 3798
f 3798 3846 3845
f 3798 3845 3849
f 3798 3849 3799
f 3799 3849 3850
f 3799 3850 3879
f 3799 3879 3851
f 3799 3851 3800
f 3800 3851 3852
f 3800 3852 3863
f 3800 3863 3818
f 3800 3818 3862
f 3800 3862 3853
f 3800 3853 3801
f 3801 3853 3854
f 3801 3854 3855
f 3801 3855 3802
f 3802 3855 3856
f 3802 3856 3803
f 3811 3815 3812
f 3813 3820 3857
f 3813 3857 3814
f 3814 3857 3822
f 3814 3822 3821
f 3815 3858 3816
f 3816 3858 3859
f 3816 3859 3860
f 3816 3860 3861
f 3816 3861 3817
f 3817 3861 3862
f 3817 3862 3818
f 3818 3863 3864
f 3818 3864 3819
f 3819 3864 3893
f 3819 3893 3865
f 3819 3865 3866
f 3819 3866 3867
f 3819 3867 3820
f 3820 3867 3857
f 3822 3857 3823
f 3823 3857 3868
f 3823 3868 3824
f 3824 3827 3826
f 3824 3868 3828
f 3828 3868 3829
f 3829 3868 3857
f 3829 3857 3867
f 3829 3867 3869
f 3829 3869 3870
f 3829 3870 3830
f 3830 3870 3871
f 3830 3871 3872
f 3830 3872 3831
f 3833 3835 3834
f 3842 3844 3843
f 3843 3873 3848
f 3843 3844 3874
f 3843 3874 3875
f 3843 3875 3876
f 3843 3876 3896
f 3843 3896 3870
f 3843 3870 3892
f 3843 3892 3873
f 3845 3848 3877
f 3845 3877 3849
f 3848 3873 3877
f 3849 3877 3878
f 3849 3878 3850
f 3850 3878 3879
f 3851 3879 3852
f 3852 3879 3873
f 3852 3873 3880
f 3852 3880 3891
f 3852 3891 3863
f 3853 3881 3882
f 3853 3882 3883
f 3853 3883 3855
f 3853 3855 3854
f 3853 3862 3888
f 3853 3888 3881
f 3855 3883 3881
f 3855 3881 3884
f 3855 3884 3885
f 3855 3885 3886
f 3855 3886 3856
f 3859 3887 3860
f 3860 3887 3888
f 3860 3888 3889
f 3860 3889 3862
f 3860 3862 3861
f 3862 3889 3890
f 3862 3890 3888
f 3863 3891 3892
f 3863 3892 3893
f 3863 3893 3864
f 3865 3893 3894
f 3865 3894 3895
f 3865 3895 3866
f 3866 3895 3867
f 3867 3895 3869
f 3869 3892 3870
f 3869 3895 3892
f 3870 3896 3897
f 3870 3897 3898
f 3870 3898 3872
f 3870 3872 3871
f 3873 3892 3891
f 3873 3891 3880
f 3873 3879 3878
f 3873 3878 3877
f 3881 3883 3882
f 3888 3890 3889
f 3892 3895 3894
f 3892 3894 3893

