mtllib material.mtl
usemtl material_0
v -0.00008252 -0.01181806 0.03186394
v -0.00041800 -0.01285947 0.03108374
v 0.00335445 -0.01252304 0.03070124
v 0.00307751 -0.01149454 0.03227237
v 0.00603733 -0.01109618 0.03108575
v 0.00582189 -0.01021104 0.03188703
v 0.00916653 -0.00916746 0.03070124
v 0.00841239 -0.00841446 0.03227237
v 0.01074315 -0.00635995 0.03108719
v 0.01012993 -0.00588002 0.03190338
v 0.01252214 -0.00335538 0.03070124
v 0.01149249 -0.00307958 0.03227237
v 0.01149249 -0.00307958 0.03227237
v 0.01252214 -0.00335538 0.03070124
v 0.01246686 0.00008302 0.03108737
v 0.01170789 0.00001662 0.03190542
v 0.01252214 0.00335583 0.03070124
v 0.01149249 0.00308061 0.03227237
v 0.01075629 0.00653395 0.03108620
v 0.01013999 0.00591888 0.03189207
v 0.00916652 0.00916790 0.03070124
v 0.00841238 0.00841548 0.03227238
v 0.00604919 0.01128438 0.03108427
v 0.00583138 0.01025988 0.03186982
v 0.00335444 0.01252348 0.03070124
v 0.00307750 0.01149555 0.03227238
v 0.00307750 0.01149555 0.03227238
v 0.00335444 0.01252348 0.03070124
v -0.00041874 0.01305318 0.03108219
v -0.00008214 0.01186997 0.03184710
v 0.00323562 0.01207876 0.03463155
v 0.00320316 0.01195866 0.03392641
v 0.00000022 0.01226508 0.03370061
v 0.00000019 0.01255164 0.03450866
v 0.00627516 0.01086817 0.03450156
v 0.00613135 0.01061895 0.03369146
v 0.00320316 0.01195866 0.03392641
v 0.00323562 0.01207876 0.03463155
v 0.00884133 0.00884231 0.03463155
v 0.00875310 0.00875441 0.03392641
v 0.01086712 0.00627372 0.03449466
v 0.01061706 0.00612925 0.03368258
v 0.00875310 0.00875441 0.03392641
v 0.00884133 0.00884231 0.03463155
v 0.01207778 0.00323661 0.03463155
v 0.01195736 0.00320447 0.03392641
v 0.01254719 -0.00000013 0.03449064
v 0.01225781 -0.00000016 0.03367739
v 0.01207778 -0.00323629 0.03463155
v 0.01195736 -0.00320405 0.03392641
v 0.01086640 -0.00627349 0.03449124
v 0.01061589 -0.00612880 0.03367816
v 0.01195736 -0.00320405 0.03392641
v 0.01207778 -0.00323629 0.03463155
v 0.00884133 -0.00884199 0.03463155
v 0.00875310 -0.00875399 0.03392641
v 0.00627454 -0.01086706 0.03449621
v 0.00613033 -0.01061712 0.03368457
v 0.00323563 -0.01207844 0.03463155
v 0.00320316 -0.01195824 0.03392641
v 0.00613033 -0.01061712 0.03368457
v 0.00627454 -0.01086706 0.03449621
v 0.00000032 -0.01255017 0.03450340
v 0.00000039 -0.01226273 0.03369383
v 0.00307750 0.01149555 0.03227238
v -0.00008214 0.01186997 0.03184710
v 0.00583138 0.01025988 0.03186982
v 0.00307750 0.01149555 0.03227238
v 0.00841238 0.00841548 0.03227238
v 0.01013999 0.00591888 0.03189207
v 0.00841238 0.00841548 0.03227238
v 0.01149249 0.00308061 0.03227237
v 0.01170789 0.00001662 0.03190542
v 0.01149249 -0.00307958 0.03227237
v 0.01012993 -0.00588002 0.03190338
v 0.01149249 -0.00307958 0.03227237
v 0.00841239 -0.00841446 0.03227237
v 0.00582189 -0.01021104 0.03188703
v 0.00307751 -0.01149454 0.03227237
v 0.00582189 -0.01021104 0.03188703
v -0.00008252 -0.01181806 0.03186394
v -0.00308267 -0.01149452 0.03227238
v -0.00335674 -0.01252302 0.03070124
v -0.00308267 -0.01149452 0.03227238
v -0.00601173 -0.01025420 0.03184211
v -0.00690795 -0.01115572 0.03108171
v -0.00335674 -0.01252302 0.03070124
v -0.00841752 -0.00841442 0.03227238
v -0.00916879 -0.00916742 0.03070124
v -0.01036853 -0.00592285 0.03182637
v -0.01168270 -0.00641899 0.03108012
v -0.01149759 -0.00307957 0.03227238
v -0.01252437 -0.00335536 0.03070124
v -0.01196909 0.00001624 0.03181873
v -0.01343937 0.00008377 0.03107931
v -0.01149759 0.00308059 0.03227238
v -0.01252436 0.00335581 0.03070124
v -0.01149759 0.00308059 0.03227238
v -0.01037531 0.00595938 0.03181982
v -0.01169333 0.00659239 0.03107943
v -0.01252436 0.00335581 0.03070124
v -0.00841752 0.00841544 0.03227238
v -0.00916879 0.00916786 0.03070125
v -0.00601892 0.01029981 0.03182957
v -0.00691940 0.01134170 0.03108045
v -0.00308266 0.01149553 0.03227238
v -0.00335674 0.01252346 0.03070124
v -0.00323727 0.01207875 0.03463155
v -0.00320535 0.01195866 0.03392641
v -0.00627667 0.01087159 0.03451394
v -0.00613389 0.01062426 0.03370742
v -0.00884296 0.00884230 0.03463155
v -0.00875528 0.00875440 0.03392641
v -0.01087254 0.00627725 0.03451670
v -0.01062572 0.00613473 0.03371098
v -0.01207941 0.00323660 0.03463155
v -0.01087254 0.00627725 0.03451670
v -0.01062572 0.00613473 0.03371098
v -0.01195953 0.00320447 0.03392641
v -0.01255466 0.00000000 0.03451699
v -0.01207941 0.00323660 0.03463155
v -0.01195953 0.00320447 0.03392641
v -0.01226970 0.00000001 0.03371135
v -0.01207941 -0.00323629 0.03463155
v -0.01195954 -0.00320404 0.03392641
v -0.01087187 -0.00627691 0.03451487
v -0.01062471 -0.00613419 0.03370862
v -0.00884296 -0.00884198 0.03463155
v -0.00875528 -0.00875397 0.03392641
v -0.00627593 -0.01087053 0.03451019
v -0.00613277 -0.01062261 0.03370259
v -0.00323727 -0.01207843 0.03463155
v -0.00627593 -0.01087053 0.03451019
v -0.00613277 -0.01062261 0.03370259
v -0.00320535 -0.01195823 0.03392641
v -0.00323727 -0.01207843 0.03463155
v -0.00320535 -0.01195823 0.03392641
v -0.00308266 0.01149553 0.03227238
v -0.00601892 0.01029981 0.03182957
v -0.00841752 0.00841544 0.03227238
v -0.01037531 0.00595938 0.03181982
v -0.01037531 0.00595938 0.03181982
v -0.01149759 0.00308059 0.03227238
v -0.01149759 0.00308059 0.03227238
v -0.01196909 0.00001624 0.03181873
v -0.01149759 -0.00307957 0.03227238
v -0.01036853 -0.00592285 0.03182637
v -0.00841752 -0.00841442 0.03227238
v -0.00601173 -0.01025420 0.03184211
v -0.00601173 -0.01025420 0.03184211
v -0.00308267 -0.01149452 0.03227238
v -0.00308267 -0.01149452 0.03227238
v 0.00279208 -0.01042019 0.03757933
v 0.00000000 -0.01102336 0.03767612
v 0.00000000 -0.01246481 0.03703931
v 0.00312220 -0.01165218 0.03683617
v 0.00551161 -0.00954639 0.03767609
v 0.00623217 -0.01079444 0.03703922
v 0.00762811 -0.00762812 0.03757933
v 0.00852999 -0.00852999 0.03683617
v 0.00954632 -0.00551157 0.03767607
v 0.01079416 -0.00623202 0.03703916
v 0.01042020 -0.00279209 0.03757934
v 0.01165218 -0.00312220 0.03683618
v 0.01102313 -0.00000001 0.03767607
v 0.01246399 -0.00000001 0.03703915
v 0.01042020 0.00279208 0.03757934
v 0.01165218 0.00312218 0.03683618
v 0.00954637 0.00551159 0.03767609
v 0.01079435 0.00623211 0.03703920
v 0.00762811 0.00762810 0.03757933
v 0.00852999 0.00852997 0.03683618
v 0.00551166 0.00954647 0.03767611
v 0.00623234 0.01079473 0.03703929
v 0.00279208 0.01042017 0.03757933
v 0.00312219 0.01165217 0.03683618
v 0.00000000 0.01102345 0.03767615
v 0.00000000 0.01246516 0.03703939
v -0.00279208 -0.01042018 0.03757933
v -0.00312219 -0.01165218 0.03683617
v -0.00551174 -0.00954663 0.03767615
v -0.00623264 -0.01079525 0.03703941
v -0.00762808 -0.00762809 0.03757933
v -0.00852998 -0.00853000 0.03683617
v -0.00954671 -0.00551180 0.03767617
v -0.01079554 -0.00623281 0.03703947
v -0.01042015 -0.00279208 0.03757932
v -0.01165218 -0.00312220 0.03683618
v -0.01102363 -0.00000001 0.03767618
v -0.01246577 -0.00000001 0.03703951
v -0.01042015 0.00279206 0.03757932
v -0.01165218 0.00312219 0.03683618
v -0.00954674 0.00551181 0.03767618
v -0.01079566 0.00623287 0.03703950
v -0.00762808 0.00762807 0.03757933
v -0.00852999 0.00852998 0.03683618
v -0.00551179 0.00954668 0.03767617
v -0.00623277 0.01079547 0.03703946
v -0.00279207 0.01042016 0.03757933
v -0.00312218 0.01165217 0.03683618
v 0.00236478 -0.00882550 0.03771290
v 0.00000000 -0.00913683 0.03768814
v 0.00456841 -0.00791273 0.03768814
v 0.00646071 -0.00646072 0.03771290
v 0.00791272 -0.00456842 0.03768814
v 0.00882550 -0.00236479 0.03771290
v 0.00913683 -0.00000001 0.03768814
v 0.00882549 0.00236478 0.03771290
v 0.00791272 0.00456841 0.03768814
v 0.00646071 0.00646071 0.03771290
v 0.00456841 0.00791272 0.03768814
v 0.00236478 0.00882549 0.03771290
v 0.00000000 0.00913682 0.03768814
v -0.00236478 -0.00882550 0.03771290
v -0.00456841 -0.00791273 0.03768814
v -0.00646071 -0.00646072 0.03771290
v -0.00791272 -0.00456842 0.03768814
v -0.00882550 -0.00236479 0.03771290
v -0.00913683 -0.00000001 0.03768814
v -0.00882549 0.00236478 0.03771290
v -0.00791272 0.00456841 0.03768814
v -0.00646071 0.00646071 0.03771290
v -0.00456841 0.00791272 0.03768814
v -0.00236478 0.00882549 0.03771290
v 0.00182161 -0.00679835 0.03665499
v 0.00000000 -0.00703817 0.03665499
v 0.00000000 -0.00913683 0.03768814
v 0.00236478 -0.00882550 0.03771290
v 0.00351908 -0.00609523 0.03665499
v 0.00456841 -0.00791273 0.03768814
v 0.00497673 -0.00497674 0.03665499
v 0.00646071 -0.00646072 0.03771290
v 0.00609523 -0.00351909 0.03665499
v 0.00497673 -0.00497674 0.03665499
v 0.00679834 -0.00182162 0.03665499
v 0.00703816 -0.00000001 0.03665499
v 0.00679834 0.00182161 0.03665499
v 0.00703816 -0.00000001 0.03665499
v 0.00913683 -0.00000001 0.03768814
v 0.00882549 0.00236478 0.03771290
v 0.00609523 0.00351908 0.03665499
v 0.00791272 0.00456841 0.03768814
v 0.00497673 0.00497673 0.03665499
v 0.00646071 0.00646071 0.03771290
v 0.00351908 0.00609522 0.03665499
v 0.00497673 0.00497673 0.03665499
v 0.00182161 0.00679834 0.03665499
v 0.00000000 0.00703816 0.03665499
v 0.00000000 -0.00703817 0.03665499
v -0.00182161 -0.00679835 0.03665499
v -0.00351908 -0.00609523 0.03665499
v -0.00497673 -0.00497674 0.03665499
v -0.00497673 -0.00497674 0.03665499
v -0.00609523 -0.00351909 0.03665499
v -0.00791272 -0.00456842 0.03768814
v -0.00646071 -0.00646072 0.03771290
v -0.00679834 -0.00182162 0.03665499
v -0.00882550 -0.00236479 0.03771290
v -0.00703816 -0.00000001 0.03665499
v -0.00913683 -0.00000001 0.03768814
v -0.00703816 -0.00000001 0.03665499
v -0.00679834 0.00182161 0.03665499
v -0.00609523 0.00351908 0.03665499
v -0.00497673 0.00497673 0.03665499
v -0.00497673 0.00497673 0.03665499
v -0.00351908 0.00609522 0.03665499
v -0.00456841 0.00791272 0.03768814
v -0.00646071 0.00646071 0.03771290
v -0.00182161 0.00679834 0.03665499
v -0.00236478 0.00882549 0.03771290
v 0.00000000 0.00703816 0.03665499
v 0.00000000 0.00913682 0.03768814
v 0.00127490 -0.00475800 0.03610269
v 0.00000000 -0.00492585 0.03610269
v 0.00246292 -0.00426591 0.03610269
v 0.00348310 -0.00348310 0.03610269
v 0.00426591 -0.00246293 0.03610269
v 0.00609523 -0.00351909 0.03665499
v 0.00475800 -0.00127491 0.03610269
v 0.00679834 -0.00182162 0.03665499
v 0.00492584 -0.00000001 0.03610269
v 0.00475800 -0.00127491 0.03610269
v 0.00679834 -0.00182162 0.03665499
v 0.00475800 0.00127490 0.03610269
v 0.00426591 0.00246292 0.03610269
v 0.00348310 0.00348309 0.03610269
v 0.00246292 0.00426590 0.03610269
v 0.00351908 0.00609522 0.03665499
v 0.00127490 0.00475799 0.03610269
v 0.00246292 0.00426590 0.03610269
v 0.00000000 0.00492584 0.03610269
v 0.00127490 0.00475799 0.03610269
v 0.00182161 0.00679834 0.03665499
v -0.00127490 -0.00475800 0.03610269
v -0.00182161 -0.00679835 0.03665499
v -0.00127490 -0.00475800 0.03610269
v -0.00246292 -0.00426591 0.03610269
v -0.00246292 -0.00426591 0.03610269
v -0.00348310 -0.00348310 0.03610269
v -0.00351908 -0.00609523 0.03665499
v -0.00426591 -0.00246293 0.03610269
v -0.00475800 -0.00127491 0.03610269
v -0.00492584 -0.00000001 0.03610269
v -0.00475800 0.00127490 0.03610269
v -0.00679834 0.00182161 0.03665499
v -0.00475800 0.00127490 0.03610269
v -0.00426591 0.00246292 0.03610269
v -0.00426591 0.00246292 0.03610269
v -0.00348310 0.00348309 0.03610269
v -0.00609523 0.00351908 0.03665499
v -0.00246292 0.00426590 0.03610269
v -0.00127490 0.00475799 0.03610269
v 0.00077174 -0.00288017 0.03586168
v 0.00000000 -0.00298178 0.03586168
v 0.00000000 -0.00492585 0.03610269
v 0.00127490 -0.00475800 0.03610269
v 0.00149089 -0.00258229 0.03586168
v 0.00246292 -0.00426591 0.03610269
v 0.00210843 -0.00210844 0.03586168
v 0.00348310 -0.00348310 0.03610269
v 0.00258229 -0.00149089 0.03586168
v 0.00426591 -0.00246293 0.03610269
v 0.00288017 -0.00077174 0.03586168
v 0.00475800 -0.00127491 0.03610269
v 0.00298177 -0.00000001 0.03586168
v 0.00492584 -0.00000001 0.03610269
v 0.00288017 0.00077173 0.03586168
v 0.00475800 0.00127490 0.03610269
v 0.00258229 0.00149088 0.03586168
v 0.00426591 0.00246292 0.03610269
v 0.00210843 0.00210843 0.03586168
v 0.00348310 0.00348309 0.03610269
v 0.00149089 0.00258228 0.03586168
v 0.00077174 0.00288016 0.03586168
v 0.00000000 0.00298177 0.03586168
v 0.00000000 0.00492584 0.03610269
v -0.00077174 -0.00288017 0.03586168
v -0.00149089 -0.00258229 0.03586168
v -0.00210843 -0.00210844 0.03586168
v -0.00348310 -0.00348310 0.03610269
v -0.00258229 -0.00149089 0.03586168
v -0.00426591 -0.00246293 0.03610269
v -0.00288017 -0.00077174 0.03586168
v -0.00475800 -0.00127491 0.03610269
v -0.00298177 -0.00000001 0.03586168
v -0.00492584 -0.00000001 0.03610269
v -0.00288017 0.00077173 0.03586168
v -0.00258229 0.00149088 0.03586168
v -0.00210843 0.00210843 0.03586168
v -0.00348310 0.00348309 0.03610269
v -0.00149089 0.00258228 0.03586168
v -0.00246292 0.00426590 0.03610269
v -0.00077174 0.00288016 0.03586168
v -0.00127490 0.00475799 0.03610269
v 0.00000000 -0.01246481 0.03703931
v -0.00312219 -0.01165218 0.03683617
v -0.00323727 -0.01207843 0.03463155
v 0.00000032 -0.01255017 0.03450340
v -0.00312219 -0.01165218 0.03683617
v -0.00623264 -0.01079525 0.03703941
v -0.00627593 -0.01087053 0.03451019
v -0.00323727 -0.01207843 0.03463155
v -0.00852998 -0.00853000 0.03683617
v -0.00884296 -0.00884198 0.03463155
v -0.00852998 -0.00853000 0.03683617
v -0.01079554 -0.00623281 0.03703947
v -0.01087187 -0.00627691 0.03451487
v -0.00884296 -0.00884198 0.03463155
v -0.01165218 -0.00312220 0.03683618
v -0.01207941 -0.00323629 0.03463155
v -0.01246577 -0.00000001 0.03703951
v -0.01255466 0.00000000 0.03451699
v -0.01165218 0.00312219 0.03683618
v -0.01207941 0.00323660 0.03463155
v -0.01165218 0.00312219 0.03683618
v -0.01079566 0.00623287 0.03703950
v -0.01087254 0.00627725 0.03451670
v -0.01207941 0.00323660 0.03463155
v -0.01079566 0.00623287 0.03703950
v -0.00852999 0.00852998 0.03683618
v -0.00884296 0.00884230 0.03463155
v -0.01087254 0.00627725 0.03451670
v -0.00623277 0.01079547 0.03703946
v -0.00627667 0.01087159 0.03451394
v -0.00312218 0.01165217 0.03683618
v -0.00323727 0.01207875 0.03463155
v 0.00000000 0.01246516 0.03703939
v 0.00000019 0.01255164 0.03450866
v 0.00323563 -0.01207844 0.03463155
v 0.00312220 -0.01165218 0.03683617
v 0.00627454 -0.01086706 0.03449621
v 0.00623217 -0.01079444 0.03703922
v 0.00884133 -0.00884199 0.03463155
v 0.00852999 -0.00852999 0.03683617
v 0.01086640 -0.00627349 0.03449124
v 0.01079416 -0.00623202 0.03703916
v 0.01079416 -0.00623202 0.03703916
v 0.01086640 -0.00627349 0.03449124
v 0.01207778 -0.00323629 0.03463155
v 0.01165218 -0.00312220 0.03683618
v 0.01165218 -0.00312220 0.03683618
v 0.01207778 -0.00323629 0.03463155
v 0.01254719 -0.00000013 0.03449064
v 0.01246399 -0.00000001 0.03703915
v 0.01207778 0.00323661 0.03463155
v 0.01165218 0.00312218 0.03683618
v 0.01086712 0.00627372 0.03449466
v 0.01079435 0.00623211 0.03703920
v 0.00884133 0.00884231 0.03463155
v 0.00852999 0.00852997 0.03683618
v 0.00852999 0.00852997 0.03683618
v 0.00884133 0.00884231 0.03463155
v 0.00627516 0.01086817 0.03450156
v 0.00623234 0.01079473 0.03703929
v 0.00323562 0.01207876 0.03463155
v 0.00312219 0.01165217 0.03683618
v 0.00312219 0.01165217 0.03683618
v 0.00323562 0.01207876 0.03463155
v -0.00000000 -0.01114603 0.03331532
v -0.00000000 -0.01114603 0.03549226
v 0.00288480 -0.01076624 0.03549226
v 0.00288480 -0.01076624 0.03331532
v 0.00557301 -0.00965275 0.03549226
v 0.00557301 -0.00965275 0.03331532
v 0.00788143 -0.00788144 0.03549226
v 0.00788143 -0.00788144 0.03331532
v 0.00965274 -0.00557302 0.03549226
v 0.00965274 -0.00557302 0.03331532
v 0.01076624 -0.00288481 0.03549226
v 0.01076624 -0.00288481 0.03331532
v 0.01114603 -0.00000000 0.03549226
v 0.01114603 -0.00000000 0.03331532
v 0.01076624 0.00288480 0.03549226
v 0.01076624 0.00288480 0.03331532
v 0.00965274 0.00557301 0.03549226
v 0.00965274 0.00557301 0.03331532
v 0.00788143 0.00788143 0.03549226
v 0.00788143 0.00788143 0.03331532
v 0.00557302 0.00965274 0.03549226
v 0.00557302 0.00965274 0.03331532
v 0.00288481 0.01076623 0.03549226
v 0.00288481 0.01076623 0.03331532
v -0.00000000 0.01114602 0.03549226
v -0.00000000 0.01114602 0.03331532
v -0.00288481 0.01076623 0.03549226
v -0.00288481 0.01076623 0.03331532
v -0.00557301 0.00965274 0.03549226
v -0.00557301 0.00965274 0.03331532
v -0.00788143 0.00788143 0.03549226
v -0.00788143 0.00788143 0.03331532
v -0.00965274 0.00557301 0.03549226
v -0.00965274 0.00557301 0.03331532
v -0.01076624 0.00288480 0.03549226
v -0.01076624 0.00288480 0.03331532
v -0.01114603 -0.00000001 0.03549226
v -0.01114603 -0.00000000 0.03331532
v -0.01076624 -0.00288481 0.03549226
v -0.01076624 -0.00288481 0.03331532
v -0.00965274 -0.00557302 0.03549226
v -0.00965274 -0.00557302 0.03331532
v -0.00788143 -0.00788144 0.03549226
v -0.00788143 -0.00788144 0.03331532
v -0.00557302 -0.00965275 0.03549226
v -0.00557302 -0.00965275 0.03331532
v -0.00288480 -0.01076624 0.03549226
v -0.00288480 -0.01076624 0.03331532
v -0.00477411 -0.01781722 -0.01479216
v -0.00478815 -0.01786963 -0.00920791
v 0.00000000 -0.01850000 -0.00920791
v 0.00000000 -0.01844574 -0.01479216
v -0.00413534 -0.01543330 0.00433979
v -0.00475150 -0.01773287 0.00658588
v -0.00000000 -0.01835842 0.00658588
v 0.00000000 -0.01597773 0.00433979
v -0.00798887 -0.01383712 0.00433979
v -0.00917921 -0.01589886 0.00658588
v -0.01129796 -0.01129796 0.00433979
v -0.01298137 -0.01298136 0.00658588
v -0.01383712 -0.00798887 0.00433979
v -0.01589886 -0.00917921 0.00658588
v -0.01543330 -0.00413534 0.00433979
v -0.01773287 -0.00475151 0.00658588
v -0.01597773 -0.00000000 0.00433979
v -0.01835842 -0.00000000 0.00658588
v -0.01543330 0.00413534 0.00433979
v -0.01773287 0.00475151 0.00658589
v -0.01383712 0.00798887 0.00433979
v -0.01589886 0.00917921 0.00658589
v -0.01129796 0.01129796 0.00433979
v -0.01298136 0.01298136 0.00658589
v -0.00798887 0.01383712 0.00433979
v -0.00917921 0.01589886 0.00658589
v -0.00413534 0.01543330 0.00433979
v -0.00475151 0.01773287 0.00658589
v -0.00000000 0.01597773 0.00433979
v -0.00000000 0.01835842 0.00658589
v 0.00413534 0.01543330 0.00433979
v 0.00475151 0.01773287 0.00658589
v 0.00798887 0.01383712 0.00433979
v 0.00917921 0.01589886 0.00658589
v 0.01129796 0.01129796 0.00433979
v 0.01298136 0.01298136 0.00658589
v 0.01383712 0.00798887 0.00433979
v 0.01589886 0.00917921 0.00658589
v 0.01543330 0.00413534 0.00433979
v 0.01773287 0.00475151 0.00658589
v 0.01597773 0.00000000 0.00433979
v 0.01835842 0.00000000 0.00658588
v 0.01543330 -0.00413534 0.00433979
v 0.01773287 -0.00475151 0.00658588
v 0.01383712 -0.00798887 0.00433979
v 0.01589886 -0.00917921 0.00658588
v 0.01129796 -0.01129796 0.00433979
v 0.01298136 -0.01298136 0.00658588
v 0.00798887 -0.01383712 0.00433979
v 0.00917921 -0.01589886 0.00658588
v 0.00413534 -0.01543330 0.00433979
v 0.00475151 -0.01773287 0.00658588
v 0.00922287 -0.01597448 -0.01479216
v 0.00925000 -0.01602147 -0.00920791
v 0.01308148 -0.01308147 -0.00920791
v 0.01304311 -0.01304311 -0.01479216
v 0.01602147 -0.00925000 -0.00920791
v 0.01597448 -0.00922287 -0.01479216
v 0.01786963 -0.00478815 -0.00920791
v 0.01781722 -0.00477411 -0.01479216
v 0.01850000 0.00000000 -0.00920791
v 0.01844574 0.00000000 -0.01479216
v 0.01786963 0.00478815 -0.00920791
v 0.01781722 0.00477411 -0.01479215
v 0.01602147 0.00925000 -0.00920791
v 0.01597448 0.00922288 -0.01479215
v 0.01308148 0.01308148 -0.00920791
v 0.01304311 0.01304311 -0.01479215
v 0.00925000 0.01602147 -0.00920791
v 0.00922287 0.01597449 -0.01479215
v 0.00478815 0.01786963 -0.00920791
v 0.00477411 0.01781722 -0.01479215
v -0.00000000 0.01850000 -0.00920791
v -0.00000000 0.01844575 -0.01479215
v -0.00478815 0.01786963 -0.00920791
v -0.00477411 0.01781722 -0.01479215
v -0.00925000 0.01602147 -0.00920791
v -0.00922287 0.01597449 -0.01479215
v -0.01308147 0.01308148 -0.00920791
v -0.01304311 0.01304311 -0.01479215
v -0.01602147 0.00925000 -0.00920791
v -0.01597448 0.00922287 -0.01479215
v -0.01786963 0.00478815 -0.00920791
v -0.01781722 0.00477411 -0.01479215
v -0.01850000 0.00000000 -0.00920791
v -0.01844574 0.00000000 -0.01479216
v -0.01850000 0.00000000 -0.00920791
v -0.01786963 -0.00478815 -0.00920791
v -0.01781722 -0.00477411 -0.01479216
v -0.01602147 -0.00925000 -0.00920791
v -0.01597448 -0.00922287 -0.01479216
v -0.01308148 -0.01308147 -0.00920791
v -0.01304311 -0.01304311 -0.01479216
v -0.00925000 -0.01602147 -0.00920791
v -0.00922288 -0.01597448 -0.01479216
v 0.00000000 -0.01850000 -0.00920791
v -0.00000000 -0.01773865 -0.00669995
v 0.00459110 -0.01713422 -0.00669995
v 0.00478815 -0.01786963 -0.00920791
v 0.00477411 -0.01781722 -0.01479216
v 0.00478815 -0.01786963 -0.00920791
v -0.00475150 -0.01773287 0.00658588
v -0.00478815 -0.01786963 0.01663870
v 0.00000000 -0.01850000 0.01663870
v -0.00000000 -0.01835842 0.00658588
v -0.00917921 -0.01589886 0.00658588
v -0.00925000 -0.01602147 0.01663870
v -0.01298137 -0.01298136 0.00658588
v -0.01308148 -0.01308148 0.01663870
v -0.01589886 -0.00917921 0.00658588
v -0.01602147 -0.00925000 0.01663870
v -0.01773287 -0.00475151 0.00658588
v -0.01786963 -0.00478815 0.01663870
v -0.01602147 -0.00925000 0.01663870
v -0.01589886 -0.00917921 0.00658588
v -0.01835842 -0.00000000 0.00658588
v -0.01850000 -0.00000000 0.01663870
v -0.01786963 -0.00478815 0.01663870
v -0.01773287 -0.00475151 0.00658588
v -0.01773287 0.00475151 0.00658589
v -0.01786963 0.00478815 0.01663870
v -0.01850000 -0.00000000 0.01663870
v -0.01835842 -0.00000000 0.00658588
v -0.01589886 0.00917921 0.00658589
v -0.01602147 0.00925000 0.01663870
v -0.01786963 0.00478815 0.01663870
v -0.01773287 0.00475151 0.00658589
v -0.01298136 0.01298136 0.00658589
v -0.01308147 0.01308148 0.01663871
v -0.01602147 0.00925000 0.01663870
v -0.01589886 0.00917921 0.00658589
v -0.00917921 0.01589886 0.00658589
v -0.00925000 0.01602147 0.01663871
v -0.00475151 0.01773287 0.00658589
v -0.00478815 0.01786963 0.01663871
v -0.00000000 0.01835842 0.00658589
v -0.00000000 0.01850000 0.01663871
v 0.00475151 0.01773287 0.00658589
v 0.00478815 0.01786963 0.01663871
v 0.00917921 0.01589886 0.00658589
v 0.00925000 0.01602147 0.01663871
v 0.01298136 0.01298136 0.00658589
v 0.01308148 0.01308147 0.01663871
v 0.01589886 0.00917921 0.00658589
v 0.01602147 0.00925000 0.01663870
v 0.01773287 0.00475151 0.00658589
v 0.01786963 0.00478815 0.01663870
v 0.01602147 0.00925000 0.01663870
v 0.01589886 0.00917921 0.00658589
v 0.01835842 0.00000000 0.00658588
v 0.01850000 -0.00000000 0.01663870
v 0.01773287 -0.00475151 0.00658588
v 0.01786963 -0.00478816 0.01663870
v 0.01589886 -0.00917921 0.00658588
v 0.01602147 -0.00925000 0.01663870
v 0.01786963 -0.00478816 0.01663870
v 0.01773287 -0.00475151 0.00658588
v 0.01298136 -0.01298136 0.00658588
v 0.01308148 -0.01308148 0.01663870
v 0.01602147 -0.00925000 0.01663870
v 0.01589886 -0.00917921 0.00658588
v 0.00917921 -0.01589886 0.00658588
v 0.00925000 -0.01602147 0.01663870
v 0.00475151 -0.01773287 0.00658588
v 0.00478815 -0.01786963 0.01663870
v -0.00448912 -0.01675365 0.01741928
v -0.00288480 -0.01076624 0.03331532
v -0.00000000 -0.01114603 0.03331532
v 0.00000000 -0.01734465 0.01741928
v -0.00867233 -0.01502091 0.01741928
v -0.00557302 -0.00965275 0.03331532
v -0.01226452 -0.01226452 0.01741928
v -0.00788143 -0.00788144 0.03331532
v -0.01502091 -0.00867233 0.01741928
v -0.00965274 -0.00557302 0.03331532
v -0.00788143 -0.00788144 0.03331532
v -0.01226452 -0.01226452 0.01741928
v -0.01675365 -0.00448913 0.01741928
v -0.01076624 -0.00288481 0.03331532
v -0.01734465 -0.00000000 0.01741928
v -0.01114603 -0.00000000 0.03331532
v -0.01675365 0.00448912 0.01741928
v -0.01076624 0.00288480 0.03331532
v -0.01502091 0.00867232 0.01741928
v -0.00965274 0.00557301 0.03331532
v -0.01226452 0.01226452 0.01741928
v -0.00788143 0.00788143 0.03331532
v -0.00867233 0.01502091 0.01741928
v -0.00557301 0.00965274 0.03331532
v -0.00448913 0.01675364 0.01741928
v -0.00288481 0.01076623 0.03331532
v -0.00000000 0.01734465 0.01741928
v -0.00000000 0.01114602 0.03331532
v 0.00448913 0.01675364 0.01741928
v 0.00288481 0.01076623 0.03331532
v 0.00867233 0.01502091 0.01741928
v 0.00557302 0.00965274 0.03331532
v 0.01226452 0.01226452 0.01741928
v 0.00788143 0.00788143 0.03331532
v 0.01502091 0.00867232 0.01741928
v 0.00965274 0.00557301 0.03331532
v 0.00788143 0.00788143 0.03331532
v 0.01226452 0.01226452 0.01741928
v 0.01675365 0.00448912 0.01741928
v 0.01076624 0.00288480 0.03331532
v 0.01734465 -0.00000000 0.01741928
v 0.01114603 -0.00000000 0.03331532
v 0.01076624 0.00288480 0.03331532
v 0.01675365 0.00448912 0.01741928
v 0.01675365 -0.00448913 0.01741928
v 0.01076624 -0.00288481 0.03331532
v 0.01502091 -0.00867233 0.01741928
v 0.00965274 -0.00557302 0.03331532
v 0.01226452 -0.01226452 0.01741928
v 0.00788143 -0.00788144 0.03331532
v 0.00867233 -0.01502091 0.01741928
v 0.00557301 -0.00965275 0.03331532
v 0.00448913 -0.01675365 0.01741928
v 0.00288480 -0.01076624 0.03331532
v 0.00000000 -0.01824737 -0.03520877
v 0.00472277 -0.01762560 -0.03520877
v 0.00438760 -0.01637473 -0.03747301
v -0.00000000 -0.01695237 -0.03747301
v -0.00000000 -0.01695237 -0.03747301
v 0.00438760 -0.01637473 -0.03747301
v 0.00373762 -0.01394898 -0.03771290
v -0.00000000 -0.01444105 -0.03771290
v 0.00912369 -0.01580268 -0.03520877
v 0.00847619 -0.01468118 -0.03747301
v 0.00847619 -0.01468118 -0.03747301
v 0.00722053 -0.01250632 -0.03771290
v 0.01290284 -0.01290283 -0.03520877
v 0.01198714 -0.01198713 -0.03747301
v 0.01198714 -0.01198713 -0.03747301
v 0.01021137 -0.01021136 -0.03771290
v 0.01580269 -0.00912368 -0.03520877
v 0.01468119 -0.00847618 -0.03747301
v 0.01468119 -0.00847618 -0.03747301
v 0.01250632 -0.00722052 -0.03771290
v 0.01762561 -0.00472276 -0.03520877
v 0.01637474 -0.00438759 -0.03747301
v 0.01637474 -0.00438759 -0.03747301
v 0.01394899 -0.00373762 -0.03771290
v 0.01824737 0.00000001 -0.03520876
v 0.01695238 0.00000001 -0.03747301
v 0.01695238 0.00000001 -0.03747301
v 0.01444106 0.00000001 -0.03771290
v 0.01762561 0.00472277 -0.03520876
v 0.01637474 0.00438760 -0.03747301
v 0.01637474 0.00438760 -0.03747301
v 0.01394899 0.00373763 -0.03771290
v 0.01580269 0.00912369 -0.03520876
v 0.01468119 0.00847620 -0.03747301
v 0.01468119 0.00847620 -0.03747301
v 0.01250632 0.00722054 -0.03771290
v 0.01290284 0.01290285 -0.03520876
v 0.01198714 0.01198715 -0.03747301
v 0.01198714 0.01198715 -0.03747301
v 0.01021137 0.01021138 -0.03771290
v 0.00912369 0.01580270 -0.03520876
v 0.00847619 0.01468120 -0.03747301
v 0.00847619 0.01468120 -0.03747301
v 0.00722053 0.01250633 -0.03771290
v 0.00472277 0.01762562 -0.03520876
v 0.00438760 0.01637474 -0.03747301
v 0.00438760 0.01637474 -0.03747301
v 0.00373762 0.01394900 -0.03771290
v -0.00000000 0.01824738 -0.03520876
v -0.00000000 0.01695238 -0.03747301
v -0.00000000 0.01695238 -0.03747301
v -0.00000000 0.01444107 -0.03771290
v -0.00472277 0.01762562 -0.03520876
v -0.00438760 0.01637474 -0.03747301
v -0.00438760 0.01637474 -0.03747301
v -0.00373762 0.01394900 -0.03771290
v -0.00912369 0.01580270 -0.03520876
v -0.00847619 0.01468120 -0.03747301
v -0.00847619 0.01468120 -0.03747301
v -0.00722053 0.01250633 -0.03771290
v -0.01290284 0.01290285 -0.03520876
v -0.01198714 0.01198715 -0.03747301
v -0.01198714 0.01198715 -0.03747301
v -0.01021137 0.01021138 -0.03771290
v -0.01580269 0.00912369 -0.03520876
v -0.01468119 0.00847619 -0.03747301
v -0.01468119 0.00847619 -0.03747301
v -0.01250632 0.00722053 -0.03771290
v -0.01762561 0.00472277 -0.03520876
v -0.01637474 0.00438760 -0.03747301
v -0.01637474 0.00438760 -0.03747301
v -0.01394899 0.00373763 -0.03771290
v -0.01824737 0.00000001 -0.03520876
v -0.01695238 0.00000001 -0.03747301
v -0.01695238 0.00000001 -0.03747301
v -0.01444106 0.00000001 -0.03771290
v -0.01762561 -0.00472276 -0.03520877
v -0.01637474 -0.00438759 -0.03747301
v -0.01637474 -0.00438759 -0.03747301
v -0.01394899 -0.00373762 -0.03771290
v -0.01580269 -0.00912368 -0.03520877
v -0.01468119 -0.00847618 -0.03747301
v -0.01468119 -0.00847618 -0.03747301
v -0.01250632 -0.00722052 -0.03771290
v -0.01290284 -0.01290283 -0.03520877
v -0.01198714 -0.01198713 -0.03747301
v -0.01198714 -0.01198713 -0.03747301
v -0.01021137 -0.01021136 -0.03771290
v -0.00912369 -0.01580268 -0.03520877
v -0.00847619 -0.01468118 -0.03747301
v -0.00847619 -0.01468118 -0.03747301
v -0.00722053 -0.01250631 -0.03771290
v -0.00472276 -0.01762561 -0.03520877
v -0.00438760 -0.01637473 -0.03747301
v -0.00438760 -0.01637473 -0.03747301
v -0.00373762 -0.01394898 -0.03771290
v -0.00000000 -0.01593752 -0.00418039
v -0.00000000 -0.01521541 -0.00181784
v 0.00393804 -0.01469696 -0.00181784
v 0.00412493 -0.01539446 -0.00418039
v -0.00000000 -0.01512774 0.00026963
v -0.00000000 -0.01527864 0.00234111
v 0.00395440 -0.01475804 0.00234111
v 0.00391535 -0.01461228 0.00026963
v 0.00886933 -0.01536212 -0.00669995
v 0.00925000 -0.01602147 -0.00920791
v 0.00760771 -0.01317693 -0.00181784
v 0.00796876 -0.01380229 -0.00418039
v 0.00763932 -0.01323169 0.00234111
v 0.00756387 -0.01310101 0.00026963
v 0.01254312 -0.01254312 -0.00669995
v 0.01308148 -0.01308147 -0.00920791
v 0.01075892 -0.01075892 -0.00181784
v 0.01126953 -0.01126953 -0.00418039
v 0.01080363 -0.01080363 0.00234111
v 0.01069693 -0.01069693 0.00026963
v 0.01536213 -0.00886933 -0.00669995
v 0.01602147 -0.00925000 -0.00920791
v 0.01317693 -0.00760770 -0.00181784
v 0.01380229 -0.00796876 -0.00418039
v 0.01323169 -0.00763932 0.00234111
v 0.01310101 -0.00756387 0.00026963
v 0.01713423 -0.00459110 -0.00669995
v 0.01786963 -0.00478815 -0.00920791
v 0.01469696 -0.00393804 -0.00181784
v 0.01539446 -0.00412493 -0.00418039
v 0.01475804 -0.00395440 0.00234111
v 0.01461228 -0.00391535 0.00026963
v 0.01773866 0.00000000 -0.00669995
v 0.01850000 0.00000000 -0.00920791
v 0.01531193 -0.00005651 -0.00181800
v 0.01593752 0.00000000 -0.00418039
v 0.01527864 0.00000000 0.00234111
v 0.01518168 -0.00003158 0.00026954
v 0.01713423 0.00459110 -0.00669995
v 0.01786963 0.00478815 -0.00920791
v 0.01479021 0.00390652 -0.00181796
v 0.01539446 0.00412493 -0.00418039
v 0.01475804 0.00395440 0.00234111
v 0.01466438 0.00389773 0.00026956
v 0.01536213 0.00886933 -0.00669995
v 0.01602147 0.00925000 -0.00920791
v 0.01326056 0.00759948 -0.00181792
v 0.01380229 0.00796876 -0.00418039
v 0.01323169 0.00763932 0.00234111
v 0.01314774 0.00755927 0.00026958
v 0.01254312 0.01254312 -0.00669995
v 0.01308148 0.01308148 -0.00920791
v 0.01082721 0.01077070 -0.00181789
v 0.01126953 0.01126953 -0.00418039
v 0.01080363 0.01080363 0.00234111
v 0.01073509 0.01070351 0.00026960
v 0.00886933 0.01536213 -0.00669995
v 0.00925000 0.01602147 -0.00920791
v 0.00765600 0.01320408 -0.00181786
v 0.00796876 0.01380230 -0.00418039
v 0.00763932 0.01323169 0.00234111
v 0.00759086 0.01311618 0.00026962
v 0.00459110 0.01713423 -0.00669995
v 0.00478815 0.01786963 -0.00920791
v 0.00396304 0.01473376 -0.00181784
v 0.00412493 0.01539446 -0.00418039
v 0.00395441 0.01475804 0.00234111
v 0.00392932 0.01463284 0.00026963
v -0.00000000 0.01773866 -0.00669995
v -0.00000000 0.01850000 -0.00920791
v -0.00000000 0.01525550 -0.00181784
v -0.00000000 0.01593752 -0.00418039
v -0.00000000 0.01527864 0.00234111
v -0.00000000 0.01515014 0.00026963
v -0.00459110 0.01713423 -0.00669995
v -0.00478815 0.01786963 -0.00920791
v -0.00396304 0.01473376 -0.00181784
v -0.00412493 0.01539446 -0.00418039
v -0.00395440 0.01475804 0.00234111
v -0.00392932 0.01463284 0.00026963
v -0.00886933 0.01536213 -0.00669995
v -0.00925000 0.01602147 -0.00920791
v -0.00765600 0.01320408 -0.00181786
v -0.00796876 0.01380230 -0.00418039
v -0.00763932 0.01323169 0.00234111
v -0.00759086 0.01311618 0.00026962
v -0.01254312 0.01254313 -0.00669995
v -0.01308147 0.01308148 -0.00920791
v -0.01082721 0.01077070 -0.00181789
v -0.01126953 0.01126953 -0.00418039
v -0.01080363 0.01080363 0.00234111
v -0.01073509 0.01070351 0.00026960
v -0.01536213 0.00886933 -0.00669995
v -0.01602147 0.00925000 -0.00920791
v -0.01326056 0.00759948 -0.00181792
v -0.01380230 0.00796876 -0.00418039
v -0.01323169 0.00763932 0.00234111
v -0.01314774 0.00755927 0.00026958
v -0.01713423 0.00459110 -0.00669995
v -0.01786963 0.00478815 -0.00920791
v -0.01479021 0.00390652 -0.00181796
v -0.01539446 0.00412493 -0.00418039
v -0.01475804 0.00395440 0.00234111
v -0.01466439 0.00389773 0.00026956
v -0.01773866 0.00000000 -0.00669995
v -0.01850000 0.00000000 -0.00920791
v -0.01531193 -0.00005651 -0.00181800
v -0.01593752 0.00000000 -0.00418039
v -0.01527864 0.00000000 0.00234111
v -0.01518168 -0.00003158 0.00026954
v -0.01713423 -0.00459110 -0.00669995
v -0.01786963 -0.00478815 -0.00920791
v -0.01469696 -0.00393804 -0.00181784
v -0.01539446 -0.00412493 -0.00418039
v -0.01475804 -0.00395440 0.00234111
v -0.01461228 -0.00391535 0.00026963
v -0.01536213 -0.00886932 -0.00669995
v -0.01602147 -0.00925000 -0.00920791
v -0.01317693 -0.00760770 -0.00181784
v -0.01380230 -0.00796876 -0.00418039
v -0.01323169 -0.00763932 0.00234111
v -0.01310101 -0.00756387 0.00026963
v -0.01254313 -0.01254312 -0.00669995
v -0.01308148 -0.01308147 -0.00920791
v -0.01075892 -0.01075892 -0.00181784
v -0.01126953 -0.01126953 -0.00418039
v -0.01080363 -0.01080363 0.00234111
v -0.01069693 -0.01069693 0.00026963
v -0.00886933 -0.01536212 -0.00669995
v -0.00925000 -0.01602147 -0.00920791
v -0.00760771 -0.01317693 -0.00181784
v -0.00796876 -0.01380229 -0.00418039
v -0.00763932 -0.01323169 0.00234111
v -0.00756387 -0.01310101 0.00026963
v -0.00459110 -0.01713423 -0.00669995
v -0.00478815 -0.01786963 -0.00920791
v -0.00393804 -0.01469696 -0.00181784
v -0.00412493 -0.01539446 -0.00418039
v -0.00395440 -0.01475804 0.00234111
v -0.00391534 -0.01461228 0.00026963
v 0.00000000 -0.01850000 0.01663870
v 0.00000000 -0.01734465 0.01741928
v 0.00448913 -0.01675365 0.01741928
v 0.00478815 -0.01786963 0.01663870
v 0.00867233 -0.01502091 0.01741928
v 0.00925000 -0.01602147 0.01663870
v 0.01226452 -0.01226452 0.01741928
v 0.01308148 -0.01308148 0.01663870
v 0.01502091 -0.00867233 0.01741928
v 0.01602147 -0.00925000 0.01663870
v 0.01675365 -0.00448913 0.01741928
v 0.01786963 -0.00478816 0.01663870
v 0.01734465 -0.00000000 0.01741928
v 0.01850000 -0.00000000 0.01663870
v 0.01675365 0.00448912 0.01741928
v 0.01786963 0.00478815 0.01663870
v 0.01502091 0.00867232 0.01741928
v 0.01602147 0.00925000 0.01663870
v 0.01226452 0.01226452 0.01741928
v 0.01308148 0.01308147 0.01663871
v 0.00867233 0.01502091 0.01741928
v 0.00925000 0.01602147 0.01663871
v 0.00448913 0.01675364 0.01741928
v 0.00478815 0.01786963 0.01663871
v -0.00000000 0.01734465 0.01741928
v -0.00000000 0.01850000 0.01663871
v -0.00448913 0.01675364 0.01741928
v -0.00478815 0.01786963 0.01663871
v -0.00867233 0.01502091 0.01741928
v -0.00925000 0.01602147 0.01663871
v -0.01226452 0.01226452 0.01741928
v -0.01308147 0.01308148 0.01663871
v -0.01502091 0.00867232 0.01741928
v -0.01602147 0.00925000 0.01663870
v -0.01675365 0.00448912 0.01741928
v -0.01786963 0.00478815 0.01663870
v -0.01734465 -0.00000000 0.01741928
v -0.01850000 -0.00000000 0.01663870
v -0.01675365 -0.00448913 0.01741928
v -0.01786963 -0.00478815 0.01663870
v -0.01502091 -0.00867233 0.01741928
v -0.01602147 -0.00925000 0.01663870
v -0.01226452 -0.01226452 0.01741928
v -0.01308148 -0.01308148 0.01663870
v -0.00867233 -0.01502091 0.01741928
v -0.00925000 -0.01602147 0.01663870
v -0.00448912 -0.01675365 0.01741928
v -0.00478815 -0.01786963 0.01663870
v 0.00000000 -0.01830086 -0.02970319
v 0.00000000 -0.01844574 -0.01479216
v 0.00477411 -0.01781722 -0.01479216
v 0.00473661 -0.01767728 -0.02970319
v 0.00922287 -0.01597448 -0.01479216
v 0.00915043 -0.01584901 -0.02970319
v -0.00915044 -0.01584901 -0.02970319
v -0.00922288 -0.01597448 -0.01479216
v -0.00477411 -0.01781722 -0.01479216
v -0.00473661 -0.01767728 -0.02970319
v -0.01294067 -0.01294066 -0.02970319
v -0.01304311 -0.01304311 -0.01479216
v -0.01584902 -0.00915043 -0.02970319
v -0.01597448 -0.00922287 -0.01479216
v -0.01767728 -0.00473661 -0.02970319
v -0.01781722 -0.00477411 -0.01479216
v -0.01597448 -0.00922287 -0.01479216
v -0.01584902 -0.00915043 -0.02970319
v -0.01830087 0.00000001 -0.02970319
v -0.01844574 0.00000000 -0.01479216
v -0.01767728 0.00473662 -0.02970319
v -0.01781722 0.00477411 -0.01479215
v -0.01584902 0.00915044 -0.02970319
v -0.01597448 0.00922287 -0.01479215
v -0.01294067 0.01294067 -0.02970318
v -0.01304311 0.01304311 -0.01479215
v -0.01597448 0.00922287 -0.01479215
v -0.01584902 0.00915044 -0.02970319
v -0.00915043 0.01584902 -0.02970318
v -0.00922287 0.01597449 -0.01479215
v -0.00473661 0.01767729 -0.02970318
v -0.00477411 0.01781722 -0.01479215
v -0.00000000 0.01830087 -0.02970318
v -0.00000000 0.01844575 -0.01479215
v 0.00473661 0.01767729 -0.02970318
v 0.00477411 0.01781722 -0.01479215
v 0.00915043 0.01584902 -0.02970318
v 0.00922287 0.01597449 -0.01479215
v 0.01294067 0.01294067 -0.02970318
v 0.01304311 0.01304311 -0.01479215
v 0.01584902 0.00915044 -0.02970319
v 0.01597448 0.00922288 -0.01479215
v 0.01767728 0.00473662 -0.02970319
v 0.01781722 0.00477411 -0.01479215
v 0.01597448 0.00922288 -0.01479215
v 0.01584902 0.00915044 -0.02970319
v 0.01830087 0.00000001 -0.02970319
v 0.01844574 0.00000000 -0.01479216
v 0.01767728 -0.00473661 -0.02970319
v 0.01781722 -0.00477411 -0.01479216
v 0.01584902 -0.00915043 -0.02970319
v 0.01597448 -0.00922287 -0.01479216
v 0.01294067 -0.01294066 -0.02970319
v 0.01304311 -0.01304311 -0.01479216
v 0.01597448 -0.00922287 -0.01479216
v 0.01584902 -0.00915043 -0.02970319
v -0.00472276 -0.01762561 -0.03520877
v -0.00473661 -0.01767728 -0.02970319
v 0.00000000 -0.01830086 -0.02970319
v 0.00000000 -0.01824737 -0.03520877
v 0.00912369 -0.01580268 -0.03520877
v 0.00915043 -0.01584901 -0.02970319
v 0.01294067 -0.01294066 -0.02970319
v 0.01290284 -0.01290283 -0.03520877
v 0.01584902 -0.00915043 -0.02970319
v 0.01580269 -0.00912368 -0.03520877
v 0.01767728 -0.00473661 -0.02970319
v 0.01762561 -0.00472276 -0.03520877
v 0.01830087 0.00000001 -0.02970319
v 0.01824737 0.00000001 -0.03520876
v 0.01767728 0.00473662 -0.02970319
v 0.01762561 0.00472277 -0.03520876
v 0.01584902 0.00915044 -0.02970319
v 0.01580269 0.00912369 -0.03520876
v 0.01294067 0.01294067 -0.02970318
v 0.01290284 0.01290285 -0.03520876
v 0.00915043 0.01584902 -0.02970318
v 0.00912369 0.01580270 -0.03520876
v 0.00473661 0.01767729 -0.02970318
v 0.00472277 0.01762562 -0.03520876
v -0.00000000 0.01830087 -0.02970318
v -0.00000000 0.01824738 -0.03520876
v -0.00473661 0.01767729 -0.02970318
v -0.00472277 0.01762562 -0.03520876
v -0.00915043 0.01584902 -0.02970318
v -0.00912369 0.01580270 -0.03520876
v -0.01294067 0.01294067 -0.02970318
v -0.01290284 0.01290285 -0.03520876
v -0.01584902 0.00915044 -0.02970319
v -0.01580269 0.00912369 -0.03520876
v -0.01767728 0.00473662 -0.02970319
v -0.01762561 0.00472277 -0.03520876
v -0.01830087 0.00000001 -0.02970319
v -0.01824737 0.00000001 -0.03520876
v -0.01824737 0.00000001 -0.03520876
v -0.01830087 0.00000001 -0.02970319
v -0.01767728 -0.00473661 -0.02970319
v -0.01762561 -0.00472276 -0.03520877
v -0.01584902 -0.00915043 -0.02970319
v -0.01580269 -0.00912368 -0.03520877
v -0.01294067 -0.01294066 -0.02970319
v -0.01290284 -0.01290283 -0.03520877
v -0.00915044 -0.01584901 -0.02970319
v -0.00912369 -0.01580268 -0.03520877
v 0.00472277 -0.01762560 -0.03520877
v 0.00473661 -0.01767728 -0.02970319
v 0.00343506 -0.01281981 -0.03700493
v -0.00000000 -0.01327205 -0.03700493
v 0.00663603 -0.01149393 -0.03700493
v 0.00938476 -0.00938475 -0.03700493
v 0.01149394 -0.00663602 -0.03700493
v 0.01281982 -0.00343506 -0.03700493
v 0.01327205 0.00000001 -0.03700493
v 0.01281982 0.00343507 -0.03700493
v 0.01149394 0.00663604 -0.03700493
v 0.00938476 0.00938477 -0.03700493
v 0.00663603 0.01149394 -0.03700493
v 0.00343506 0.01281983 -0.03700493
v -0.00000000 0.01327206 -0.03700493
v -0.00343506 0.01281983 -0.03700493
v -0.00663602 0.01149394 -0.03700493
v -0.00938476 0.00938477 -0.03700493
v -0.01149394 0.00663603 -0.03700493
v -0.01281982 0.00343507 -0.03700493
v -0.01327205 0.00000001 -0.03700493
v -0.01281982 -0.00343505 -0.03700493
v -0.01149394 -0.00663602 -0.03700493
v -0.00938476 -0.00938475 -0.03700493
v -0.00663603 -0.01149393 -0.03700493
v -0.00343506 -0.01281981 -0.03700493
v 0.00288480 -0.01076624 0.03549226
v -0.00000000 -0.01114603 0.03549226
v -0.00288480 -0.01076624 0.03549226
v -0.00557302 -0.00965275 0.03549226
v -0.00788143 -0.00788144 0.03549226
v -0.00965274 -0.00557302 0.03549226
v -0.01076624 -0.00288481 0.03549226
v -0.01114603 -0.00000001 0.03549226
v -0.01076624 0.00288480 0.03549226
v -0.00965274 0.00557301 0.03549226
v -0.00788143 0.00788143 0.03549226
v -0.00557301 0.00965274 0.03549226
v -0.00288481 0.01076623 0.03549226
v -0.00000000 0.01114602 0.03549226
v 0.00288481 0.01076623 0.03549226
v 0.00557302 0.00965274 0.03549226
v 0.00788143 0.00788143 0.03549226
v 0.00965274 0.00557301 0.03549226
v 0.01076624 0.00288480 0.03549226
v 0.01114603 -0.00000000 0.03549226
v 0.01076624 -0.00288481 0.03549226
v 0.00965274 -0.00557302 0.03549226
v 0.00788143 -0.00788144 0.03549226
v 0.00557301 -0.00965275 0.03549226
vt 0.46893623 0.26656636
vt 0.46375900 0.28631600
vt 0.00796553 0.28236203
vt 0.00962223 0.26444490
vt 0.05448928 0.28648041
vt 0.05369695 0.26676450
vt 0.10075353 0.28236203
vt 0.09798670 0.26440366
vt 0.13934748 0.28631603
vt 0.13292569 0.26664189
vt 0.17578644 0.28203694
vt 0.16951180 0.26407645
vt 0.33136949 0.26899660
vt 0.32567943 0.28696155
vt 0.36764149 0.29124064
vt 0.37268592 0.27157022
vt 0.41135986 0.28728661
vt 0.41305338 0.26932083
vt 0.45788355 0.29140502
vt 0.45694166 0.27169890
vt 0.00463605 0.28728661
vt 0.00190738 0.26935816
vt 0.04323006 0.29124064
vt 0.03667613 0.27150237
vt 0.07966894 0.28696155
vt 0.07340998 0.26907901
vt 0.17025565 0.33193271
vt 0.16444523 0.34978441
vt 0.20556231 0.35405344
vt 0.21084605 0.33427387
vt 0.17076897 0.30657558
vt 0.16973170 0.31280416
vt 0.21166704 0.31308516
vt 0.21105287 0.30725872
vt 0.03798003 0.24448475
vt 0.03700245 0.25031345
vt 0.07490346 0.25004049
vt 0.07390183 0.24379431
vt 0.00249862 0.24413810
vt 0.00289097 0.25040128
vt 0.45782330 0.24467935
vt 0.45755483 0.25051407
vt 0.00289097 0.25040128
vt 0.00249862 0.24413810
vt 0.41363115 0.24417871
vt 0.41327380 0.25045890
vt 0.37304978 0.24455079
vt 0.37351537 0.25039152
vt 0.33210974 0.24388387
vt 0.33105958 0.25016730
vt 0.13394364 0.23962216
vt 0.13291003 0.24546221
vt 0.17096342 0.24523780
vt 0.16996876 0.23895580
vt 0.09857097 0.23924627
vt 0.09895933 0.24552321
vt 0.05422227 0.23974536
vt 0.05387702 0.24557844
vt 0.01019268 0.23920051
vt 0.00983189 0.24545828
vt 0.05387702 0.24557844
vt 0.05422227 0.23974536
vt 0.46900712 0.23954984
vt 0.46941391 0.24537702
vt 0.17025565 0.33193271
vt 0.21084605 0.33427387
vt 0.03667613 0.27150237
vt 0.07340998 0.26907901
vt 0.00190738 0.26935816
vt 0.45694166 0.27169890
vt 0.00190738 0.26935816
vt 0.41305338 0.26932083
vt 0.37268592 0.27157022
vt 0.33136949 0.26899660
vt 0.13292569 0.26664189
vt 0.16951180 0.26407645
vt 0.09798670 0.26440366
vt 0.05369695 0.26676450
vt 0.00962223 0.26444490
vt 0.05369695 0.26676450
vt 0.46893623 0.26656636
vt 0.42748417 0.26416666
vt 0.42179680 0.28203694
vt 0.41167930 0.26419275
vt 0.37506857 0.26652467
vt 0.38150747 0.28631603
vt 0.41794632 0.28203694
vt 0.34017784 0.26452296
vt 0.34291352 0.28236200
vt 0.29582164 0.26665053
vt 0.29664934 0.28648041
vt 0.25178949 0.26454154
vt 0.25012561 0.28236200
vt 0.21154342 0.26648424
vt 0.20640722 0.28631603
vt 0.17014748 0.26423693
vt 0.16444514 0.28203694
vt 0.41273636 0.33198485
vt 0.37501554 0.33422608
vt 0.38134706 0.35405344
vt 0.41893723 0.34978438
vt 0.33910145 0.33226826
vt 0.34165918 0.35009006
vt 0.29453160 0.33438686
vt 0.29517020 0.35420793
vt 0.25036903 0.33224614
vt 0.24850845 0.35009009
vt 0.25075139 0.30683362
vt 0.25039554 0.31305104
vt 0.29514263 0.30737966
vt 0.29499502 0.31320253
vt 0.33945870 0.30679557
vt 0.33985403 0.31299668
vt 0.37596185 0.30722338
vt 0.37506229 0.31304771
vt 0.41298878 0.30649022
vt 0.37596185 0.30722338
vt 0.37506229 0.31304771
vt 0.41401084 0.31268257
vt 0.21176191 0.23948482
vt 0.17084812 0.23874188
vt 0.16979420 0.24493322
vt 0.21220777 0.24530828
vt 0.25236763 0.23906138
vt 0.25200862 0.24525999
vt 0.29639739 0.23964759
vt 0.29605774 0.24546929
vt 0.34072844 0.23909443
vt 0.34111710 0.24530715
vt 0.37603260 0.23951384
vt 0.37497243 0.24533865
vt 0.41212351 0.23881581
vt 0.37603260 0.23951384
vt 0.37497243 0.24533865
vt 0.41311972 0.24503874
vt 0.42817726 0.23885511
vt 0.42712112 0.24509513
vt 0.25036903 0.33224614
vt 0.29453160 0.33438686
vt 0.33910145 0.33226826
vt 0.37501554 0.33422608
vt 0.37501554 0.33422608
vt 0.41273636 0.33198485
vt 0.17014748 0.26423693
vt 0.21154342 0.26648424
vt 0.25178949 0.26454154
vt 0.29582164 0.26665053
vt 0.34017784 0.26452296
vt 0.37506857 0.26652467
vt 0.37506857 0.26652467
vt 0.41167930 0.26419275
vt 0.42748417 0.26416666
vt 0.18805758 0.41302948
vt 0.18205835 0.43541885
vt 0.19127414 0.43923617
vt 0.19794730 0.41433149
vt 0.18805756 0.38985032
vt 0.19794727 0.38854830
vt 0.18205835 0.36746095
vt 0.19127414 0.36364363
vt 0.17046877 0.34738716
vt 0.17838255 0.34131473
vt 0.15407864 0.33099697
vt 0.16015104 0.32308325
vt 0.13400485 0.31940742
vt 0.13782217 0.31019162
vt 0.11161550 0.31340820
vt 0.11291749 0.30351846
vt 0.08843632 0.31340823
vt 0.08713430 0.30351846
vt 0.06604694 0.31940742
vt 0.06222966 0.31019165
vt 0.04597319 0.33099700
vt 0.03990072 0.32308328
vt 0.02958303 0.34738722
vt 0.02166925 0.34131473
vt 0.01799345 0.36746092
vt 0.00877765 0.36364363
vt 0.17046877 0.45549261
vt 0.17838255 0.46156507
vt 0.15407861 0.47188277
vt 0.16015104 0.47979652
vt 0.13400488 0.48347235
vt 0.13782217 0.49268815
vt 0.11161548 0.48947157
vt 0.11291749 0.49936134
vt 0.08843629 0.48947157
vt 0.08713430 0.49936134
vt 0.06604694 0.48347235
vt 0.06222964 0.49268815
vt 0.04597318 0.47188277
vt 0.03990073 0.47979652
vt 0.02958303 0.45549261
vt 0.02166925 0.46156507
vt 0.01799345 0.43541885
vt 0.00877765 0.43923617
vt 0.01199423 0.41302951
vt 0.00210446 0.41433155
vt 0.01199423 0.38985029
vt 0.00210446 0.38854827
vt 0.17466816 0.41126673
vt 0.16958141 0.43025073
vt 0.17466816 0.39161310
vt 0.16958138 0.37262910
vt 0.15975461 0.35560844
vt 0.14585736 0.34171119
vt 0.12883673 0.33188439
vt 0.10985276 0.32679767
vt 0.09019907 0.32679761
vt 0.07121507 0.33188436
vt 0.05419449 0.34171119
vt 0.04029723 0.35560850
vt 0.03047039 0.37262907
vt 0.15975461 0.44727130
vt 0.14585733 0.46116855
vt 0.12883676 0.47099541
vt 0.10985274 0.47608216
vt 0.09019904 0.47608216
vt 0.07121507 0.47099541
vt 0.05419446 0.46116855
vt 0.04029723 0.44727133
vt 0.03047039 0.43025073
vt 0.02538364 0.41126676
vt 0.02538364 0.39161304
vt 0.17168756 0.24648474
vt 0.17189184 0.23211383
vt 0.15316707 0.22453169
vt 0.15290191 0.24318762
vt 0.17161789 0.26159837
vt 0.15281146 0.26280793
vt 0.17168756 0.27642495
vt 0.15290191 0.28205558
vt 0.14603532 0.36613559
vt 0.15360501 0.37924670
vt 0.13533018 0.35543045
vt 0.12221909 0.34786079
vt 0.37487826 0.39896580
vt 0.37473234 0.41352279
vt 0.39352290 0.42039142
vt 0.39371241 0.40149376
vt 0.37487826 0.38382848
vt 0.39371247 0.38184272
vt 0.37473234 0.36914242
vt 0.39352296 0.36277756
vt 0.06472162 0.35543045
vt 0.07783270 0.34786079
vt 0.05401645 0.36613562
vt 0.04644678 0.37924673
vt 0.15360501 0.42363309
vt 0.14603532 0.43674418
vt 0.13533018 0.44744932
vt 0.12221909 0.45501901
vt 0.17605440 0.15984527
vt 0.17620038 0.17453126
vt 0.19503456 0.17254554
vt 0.19484501 0.15348041
vt 0.17620038 0.18966859
vt 0.19503452 0.19219661
vt 0.17605439 0.20422564
vt 0.19484501 0.21109426
vt 0.07783270 0.45501901
vt 0.06472162 0.44744932
vt 0.05401649 0.43674418
vt 0.04644679 0.42363309
vt 0.37473234 0.44199629
vt 0.37487829 0.45668229
vt 0.39371253 0.45469657
vt 0.39352296 0.43563140
vt 0.37487832 0.47181968
vt 0.39371247 0.47434763
vt 0.37473234 0.48637667
vt 0.39352296 0.49324526
vt 0.19472843 0.24981380
vt 0.19487140 0.23975596
vt 0.19467966 0.26039148
vt 0.19472849 0.27076822
vt 0.19487140 0.28023697
vt 0.17189181 0.28995408
vt 0.19509878 0.28815230
vt 0.17221678 0.30126359
vt 0.35168680 0.40661204
vt 0.35148940 0.41569969
vt 0.37445033 0.42650749
vt 0.35178901 0.39642392
vt 0.35178898 0.38582968
vt 0.35168674 0.37555128
vt 0.35148943 0.36628916
vt 0.37445033 0.35590852
vt 0.06782497 0.37673128
vt 0.07531728 0.36923897
vt 0.35168680 0.47946589
vt 0.35148934 0.48855357
vt 0.37445027 0.49936134
vt 0.19509881 0.23090349
vt 0.17221678 0.21946518
vt 0.13222680 0.42614852
vt 0.12473451 0.43364080
vt 0.15281148 0.15699201
vt 0.15300887 0.16625401
vt 0.17577238 0.14661137
vt 0.15311098 0.17653253
vt 0.15311098 0.18712676
vt 0.15300884 0.19731486
vt 0.15281145 0.20640254
vt 0.17577238 0.21721034
vt 0.07531728 0.43364080
vt 0.06782500 0.42614852
vt 0.35148943 0.43914301
vt 0.35168674 0.44840513
vt 0.37445033 0.42876234
vt 0.35178892 0.45868353
vt 0.35178892 0.46927779
vt 0.12438510 0.40464686
vt 0.12272506 0.41084225
vt 0.13752464 0.41697238
vt 0.14026699 0.40673775
vt 0.12438513 0.39823294
vt 0.14026699 0.39614205
vt 0.12272507 0.39203761
vt 0.13752464 0.38590739
vt 0.11951814 0.38648297
vt 0.13222680 0.37673125
vt 0.11498280 0.38194764
vt 0.12473453 0.36923897
vt 0.10942822 0.37874071
vt 0.11555838 0.36394113
vt 0.10323286 0.37708064
vt 0.10532374 0.36119877
vt 0.09681894 0.37708067
vt 0.09472804 0.36119880
vt 0.09062358 0.37874071
vt 0.08449342 0.36394113
vt 0.08506899 0.38194764
vt 0.08053365 0.38648294
vt 0.07732669 0.39203761
vt 0.06252715 0.38590742
vt 0.11951814 0.41639683
vt 0.11498280 0.42093213
vt 0.10942822 0.42413909
vt 0.11555838 0.43893864
vt 0.10323283 0.42579913
vt 0.10532372 0.44168102
vt 0.09681892 0.42579913
vt 0.09472804 0.44168102
vt 0.09062361 0.42413909
vt 0.08449342 0.43893867
vt 0.08506899 0.42093213
vt 0.08053364 0.41639680
vt 0.07732671 0.41084222
vt 0.06252715 0.41697238
vt 0.07566666 0.40464686
vt 0.05978477 0.40673778
vt 0.07566667 0.39823294
vt 0.05978477 0.39614208
vt 0.46831796 0.21963602
vt 0.43056055 0.21944949
vt 0.42817726 0.23885511
vt 0.46900712 0.23954984
vt 0.41016789 0.21944946
vt 0.37852158 0.21963602
vt 0.37603260 0.23951384
vt 0.41212351 0.23881581
vt 0.34003127 0.21975327
vt 0.34072844 0.23909443
vt 0.34003127 0.21975327
vt 0.29731989 0.21979334
vt 0.29639739 0.23964759
vt 0.34072844 0.23909443
vt 0.25329822 0.21975327
vt 0.25236763 0.23906138
vt 0.21096633 0.21963602
vt 0.21176191 0.23948482
vt 0.17320886 0.21944952
vt 0.17084812 0.23874188
vt 0.41089275 0.28719527
vt 0.37800248 0.28737072
vt 0.37596185 0.30722338
vt 0.41298878 0.30649022
vt 0.37800248 0.28737072
vt 0.33865744 0.28748103
vt 0.33945870 0.30679557
vt 0.37596185 0.30722338
vt 0.29553891 0.28751860
vt 0.29514263 0.30737966
vt 0.25158537 0.28748103
vt 0.25075139 0.30683362
vt 0.20979231 0.28737072
vt 0.21105287 0.30725872
vt 0.01019268 0.23920051
vt 0.01113816 0.21975333
vt 0.05422227 0.23974536
vt 0.05515995 0.21979331
vt 0.09857097 0.23924627
vt 0.09787124 0.21975327
vt 0.13394364 0.23962216
vt 0.13636152 0.21963602
vt 0.13636152 0.21963602
vt 0.13394364 0.23962216
vt 0.16996876 0.23895580
vt 0.16800783 0.21944949
vt 0.33444319 0.22437404
vt 0.33210974 0.24388387
vt 0.37304978 0.24455079
vt 0.37220054 0.22456060
vt 0.41363115 0.24417871
vt 0.41453255 0.22467791
vt 0.45782330 0.24467935
vt 0.45855416 0.22471789
vt 0.00249862 0.24413810
vt 0.00175376 0.22467794
vt 0.00175376 0.22467794
vt 0.00249862 0.24413810
vt 0.03798003 0.24448475
vt 0.04024413 0.22456057
vt 0.07390183 0.24379431
vt 0.07189044 0.22437404
vt 0.17300772 0.28719530
vt 0.17076897 0.30657558
vt 0.63573541 0.05783671
vt 0.63573541 0.05783671
vt 0.63573541 0.05783671
vt 0.63573541 0.05783671
vt 0.63573541 0.05783671
vt 0.63573541 0.05783671
vt 0.63573541 0.05783671
vt 0.63573541 0.05783671
vt 0.63573541 0.05783671
vt 0.63573541 0.05783671
vt 0.63573541 0.05783671
vt 0.63573541 0.05783671
vt 0.63573541 0.05783671
vt 0.63573541 0.05783671
vt 0.63573541 0.05783671
vt 0.63573541 0.05783671
vt 0.63573541 0.05783671
vt 0.63573541 0.05783671
vt 0.63573541 0.05783671
vt 0.63573541 0.05783671
vt 0.63573541 0.05783671
vt 0.63573541 0.05783671
vt 0.63573541 0.05783671
vt 0.63573541 0.05783671
vt 0.63573541 0.05783671
vt 0.63573541 0.05783671
vt 0.63573541 0.05783671
vt 0.63573541 0.05783671
vt 0.63573541 0.05783671
vt 0.63573541 0.05783671
vt 0.63573541 0.05783671
vt 0.63573541 0.05783671
vt 0.63573541 0.05783671
vt 0.63573541 0.05783671
vt 0.63573541 0.05783671
vt 0.63573541 0.05783671
vt 0.63573541 0.05783671
vt 0.63573541 0.05783671
vt 0.63573541 0.05783671
vt 0.63573541 0.05783671
vt 0.63573541 0.05783671
vt 0.63573541 0.05783671
vt 0.63573541 0.05783671
vt 0.63573541 0.05783671
vt 0.63573541 0.05783671
vt 0.63573541 0.05783671
vt 0.63573541 0.05783671
vt 0.63573541 0.05783671
vt 0.63573541 0.05783671
vt 0.63573541 0.05783671
vt 0.63573541 0.05783671
vt 0.63573541 0.05783671
vt 0.63573541 0.05783671
vt 0.63573541 0.05783671
vt 0.63573541 0.05783671
vt 0.63573541 0.05783671
vt 0.63573541 0.05783671
vt 0.63573541 0.05783671
vt 0.63573541 0.05783671
vt 0.63573541 0.05783671
vt 0.63573541 0.05783671
vt 0.63573541 0.05783671
vt 0.63573541 0.05783671
vt 0.63573541 0.05783671
vt 0.63573541 0.05783671
vt 0.63573541 0.05783671
vt 0.63573541 0.05783671
vt 0.63573541 0.05783671
vt 0.63573541 0.05783671
vt 0.63573541 0.05783671
vt 0.63573541 0.05783671
vt 0.63573541 0.05783671
vt 0.63573541 0.05783671
vt 0.63573541 0.05783671
vt 0.63573541 0.05783671
vt 0.63573541 0.05783671
vt 0.63573541 0.05783671
vt 0.63573541 0.05783671
vt 0.63573541 0.05783671
vt 0.63573541 0.05783671
vt 0.63573541 0.05783671
vt 0.63573541 0.05783671
vt 0.63573541 0.05783671
vt 0.63573541 0.05783671
vt 0.63573541 0.05783671
vt 0.63573541 0.05783671
vt 0.63573541 0.05783671
vt 0.63573541 0.05783671
vt 0.63573541 0.05783671
vt 0.63573541 0.05783671
vt 0.63573541 0.05783671
vt 0.63573541 0.05783671
vt 0.63573541 0.05783671
vt 0.63573541 0.05783671
vt 0.63573541 0.05783671
vt 0.63573541 0.05783671
vt 0.63573541 0.05783671
vt 0.63573541 0.05783671
vt 0.63573541 0.05783671
vt 0.63573541 0.05783671
vt 0.63573541 0.05783671
vt 0.63573541 0.05783671
vt 0.63573541 0.05783671
vt 0.63573541 0.05783671
vt 0.63573541 0.05783671
vt 0.63573541 0.05783671
vt 0.63573541 0.05783671
vt 0.63573541 0.05783671
vt 0.63573541 0.05783671
vt 0.63573541 0.05783671
vt 0.63573541 0.05783671
vt 0.63573541 0.05783671
vt 0.63573541 0.05783671
vt 0.63573541 0.05783671
vt 0.63573541 0.05783671
vt 0.63573541 0.05783671
vt 0.63573541 0.05783671
vt 0.63573541 0.05783671
vt 0.63573541 0.05783671
vt 0.63573541 0.05783671
vt 0.63573541 0.05783671
vt 0.63573541 0.05783671
vt 0.63573541 0.05783671
vt 0.63573541 0.05783671
vt 0.63573541 0.05783671
vt 0.63573541 0.05783671
vt 0.63573541 0.05783671
vt 0.63573541 0.05783671
vt 0.63573541 0.05783671
vt 0.63573541 0.05783671
vt 0.63573541 0.05783671
vt 0.63573541 0.05783671
vt 0.63573539 0.05783671
vt 0.63573541 0.05783671
vt 0.63573541 0.05783671
vt 0.63573541 0.05783671
vt 0.63573541 0.05783671
vt 0.63573541 0.05783671
vt 0.63573541 0.05783671
vt 0.63573541 0.05783671
vt 0.63573541 0.05783671
vt 0.63573541 0.05783671
vt 0.63573541 0.05783671
vt 0.63573541 0.05783671
vt 0.63573541 0.05783671
vt 0.63573541 0.05783671
vt 0.63573541 0.05783671
vt 0.63573541 0.05783671
vt 0.63573541 0.05783671
vt 0.67038405 0.01481525
vt 0.67038418 0.23665049
vt 0.62999227 0.23665046
vt 0.62999227 0.01481525
vt 0.71077629 0.01481525
vt 0.71077629 0.23665052
vt 0.75116832 0.01481528
vt 0.75116832 0.23665052
vt 0.50360774 0.01481531
vt 0.50360774 0.23665055
vt 0.65158780 0.04356624
vt 0.65158780 0.04581379
vt 0.65271359 0.04581379
vt 0.65271359 0.04342269
vt 0.66014105 0.03639299
vt 0.66013907 0.03878410
vt 0.66126486 0.03878410
vt 0.66126486 0.03639299
vt 0.66082945 0.03713956
vt 0.66082940 0.04403446
vt 0.66165013 0.04403446
vt 0.66165013 0.03713956
vt 0.65193294 0.05835771
vt 0.65193294 0.06360125
vt 0.65261299 0.06360125
vt 0.65261301 0.05835771
vt 0.50774569 0.01082793
vt 0.50774567 0.23722169
vt 0.50481401 0.23722178
vt 0.50542794 0.01082796
vt 0.54890388 0.01082796
vt 0.54890388 0.23722178
vt 0.58944806 0.01082796
vt 0.58944806 0.23722178
vt 0.62999224 0.01082796
vt 0.62999224 0.23722190
vt 0.67053647 0.01082787
vt 0.67053647 0.23722190
vt 0.71108061 0.01082778
vt 0.71108061 0.23722187
vt 0.75162483 0.01082770
vt 0.75162483 0.23722178
vt 0.50421630 0.01082767
vt 0.50421630 0.23722178
vt 0.65022774 0.06548352
vt 0.65022774 0.05647542
vt 0.64770315 0.05647542
vt 0.64770315 0.06548352
vt 0.65275234 0.06548352
vt 0.65275234 0.05647542
vt 0.65527692 0.06548352
vt 0.65527692 0.05647542
vt 0.64845167 0.06142676
vt 0.64845167 0.06313602
vt 0.64972599 0.06313602
vt 0.64972599 0.06142678
vt 0.50656688 0.01481543
vt 0.50656688 0.23665040
vt 0.50603665 0.23665046
vt 0.50603656 0.01481540
vt 0.54920807 0.01481549
vt 0.54920807 0.23665046
vt 0.58960028 0.01481519
vt 0.58960028 0.23665046
vt 0.63573541 0.05783671
vt 0.63573541 0.05783671
vt 0.63573541 0.05783671
vt 0.63573541 0.05783671
vt 0.63573541 0.05783671
vt 0.63573541 0.05783671
vt 0.63573541 0.05783671
vt 0.63573541 0.05783671
vt 0.63573541 0.05783671
vt 0.63573541 0.05783671
vt 0.63573541 0.05783671
vt 0.63573541 0.05783671
vt 0.63573541 0.05783671
vt 0.63573541 0.05783671
vt 0.63573541 0.05783671
vt 0.63573541 0.05783671
vt 0.63573541 0.05783671
vt 0.63573541 0.05783671
vt 0.63573541 0.05783671
vt 0.63573541 0.05783671
vt 0.63573541 0.05783671
vt 0.63573541 0.05783671
vt 0.63573541 0.05783671
vt 0.63573541 0.05783671
vt 0.63573541 0.05783671
vt 0.63573541 0.05783671
vt 0.63573541 0.05783671
vt 0.63573541 0.05783671
vt 0.63573541 0.05783671
vt 0.63573541 0.05783671
vt 0.63573541 0.05783671
vt 0.63573541 0.05783671
vt 0.63573541 0.05783671
vt 0.63573541 0.05783671
vt 0.63573541 0.05783671
vt 0.63573541 0.05783671
vt 0.63573541 0.05783671
vt 0.63573541 0.05783671
vt 0.63573541 0.05783671
vt 0.63573541 0.05783671
vt 0.63573541 0.05783671
vt 0.63573541 0.05783671
vt 0.63573541 0.05783671
vt 0.63573541 0.05783671
vt 0.63573541 0.05783671
vt 0.63573541 0.05783671
vt 0.63573541 0.05783671
vt 0.63573541 0.05783671
vt 0.63573541 0.05783671
vt 0.63573541 0.05783671
vt 0.63573541 0.05783671
vt 0.63573541 0.05783671
vt 0.63573541 0.05783671
vt 0.63573541 0.05783671
vt 0.63573541 0.05783671
vt 0.63573541 0.05783671
vt 0.63573541 0.05783671
vt 0.63573541 0.05783671
vt 0.63573541 0.05783671
vt 0.63573541 0.05783671
vt 0.63573541 0.05783671
vt 0.63573541 0.05783671
vt 0.63573541 0.05783671
vt 0.63573541 0.05783671
vt 0.63573541 0.05783671
vt 0.63573541 0.05783671
vt 0.63573541 0.05783671
vt 0.63573541 0.05783671
vt 0.63573541 0.05783671
vt 0.63573541 0.05783671
vt 0.63573541 0.05783671
vt 0.63573541 0.05783671
vt 0.63573541 0.05783671
vt 0.63573541 0.05783671
vt 0.63573541 0.05783671
vt 0.63573541 0.05783671
vt 0.63573541 0.05783671
vt 0.63573541 0.05783671
vt 0.63573541 0.05783671
vt 0.63573541 0.05783671
vt 0.63573541 0.05783671
vt 0.63573541 0.05783671
vt 0.63573541 0.05783671
vt 0.63573541 0.05783671
vt 0.63573541 0.05783671
vt 0.63573541 0.05783671
vt 0.63573541 0.05783671
vt 0.63573541 0.05783671
vt 0.63573541 0.05783671
vt 0.63573541 0.05783671
vt 0.63573541 0.05783671
vt 0.63573541 0.05783671
vt 0.63573541 0.05783671
vt 0.63573541 0.05783671
vt 0.63573541 0.05783671
vt 0.63573541 0.05783671
vt 0.63573541 0.05783671
vt 0.63573541 0.05783671
vt 0.63573541 0.05783671
vt 0.63573541 0.05783671
vt 0.63573541 0.05783671
vt 0.63573541 0.05783671
vt 0.63573541 0.05783671
vt 0.63573541 0.05783671
vt 0.63573541 0.05783671
vt 0.63573541 0.05783671
vt 0.63573541 0.05783671
vt 0.63573541 0.05783671
vt 0.63573541 0.05783671
vt 0.63573541 0.05783671
vt 0.63573541 0.05783671
vt 0.63573541 0.05783671
vt 0.63573541 0.05783671
vt 0.63573541 0.05783671
vt 0.63573541 0.05783671
vt 0.63573541 0.05783671
vt 0.63573541 0.05783671
vt 0.63573541 0.05783671
vt 0.63573541 0.05783671
vt 0.63573541 0.05783671
vt 0.63573541 0.05783671
vt 0.63573541 0.05783671
vt 0.63573541 0.05783671
vt 0.63573541 0.05783671
vt 0.63573541 0.05783671
vt 0.63573541 0.05783671
vt 0.63573541 0.05783671
vt 0.63573541 0.05783671
vt 0.63573541 0.05783671
vt 0.63573541 0.05783671
vt 0.63573541 0.05783671
vt 0.63573541 0.05783671
vt 0.63573541 0.05783671
vt 0.63573541 0.05783671
vt 0.63573541 0.05783671
vt 0.63573541 0.05783671
vt 0.63573541 0.05783671
vt 0.63573541 0.05783671
vt 0.63573541 0.05783671
vt 0.63573541 0.05783671
vt 0.63573541 0.05783671
vt 0.63573541 0.05783671
vt 0.63573541 0.05783671
vt 0.63573541 0.05783671
vt 0.63573541 0.05783671
vt 0.63573541 0.05783671
vt 0.63573541 0.05783671
vt 0.63573541 0.05783671
vt 0.63573541 0.05783671
vt 0.63573541 0.05783671
vt 0.63573541 0.05783671
vt 0.63573541 0.05783669
vt 0.63573541 0.05783671
vt 0.63573541 0.05783671
vt 0.63573541 0.05783672
vt 0.63573541 0.05783669
vt 0.63573539 0.05783672
vt 0.63573541 0.05783671
vt 0.63573541 0.05783671
vt 0.63573541 0.05783671
vt 0.63573541 0.05783671
vt 0.63573541 0.05783671
vt 0.63573541 0.05783671
vt 0.63573541 0.05783671
vt 0.63573541 0.05783671
vt 0.63573541 0.05783671
vt 0.63573541 0.05783671
vt 0.63573541 0.05783671
vt 0.63573541 0.05783672
vt 0.63573542 0.05783671
vt 0.63573541 0.05783671
vt 0.63573541 0.05783671
vt 0.63573541 0.05783672
vt 0.63573541 0.05783671
vt 0.63573541 0.05783669
vt 0.63573541 0.05783671
vt 0.63573541 0.05783671
vt 0.63573541 0.05783671
vt 0.63573541 0.05783671
vt 0.63573541 0.05783671
vt 0.63573539 0.05783672
vt 0.63573541 0.05783671
vt 0.63573541 0.05783671
vt 0.63573541 0.05783671
vt 0.63573542 0.05783668
vt 0.63573541 0.05783671
vt 0.63573541 0.05783669
vt 0.63573539 0.05783672
vt 0.63573541 0.05783671
vt 0.63573541 0.05783671
vt 0.63573541 0.05783671
vt 0.63573541 0.05783671
vt 0.63573541 0.05783671
vt 0.63573541 0.05783672
vt 0.63573541 0.05783671
vt 0.63573541 0.05783671
vt 0.63573542 0.05783671
vt 0.63573541 0.05783671
vt 0.63573541 0.05783672
vt 0.63573541 0.05783671
vt 0.63573541 0.05783671
vt 0.63573541 0.05783671
vt 0.63573541 0.05783669
vt 0.63573541 0.05783671
vt 0.63573541 0.05783672
vt 0.63573541 0.05783671
vt 0.63573541 0.05783671
vt 0.63573541 0.05783671
vt 0.63573541 0.05783671
vt 0.63573541 0.05783671
vt 0.63573541 0.05783671
vt 0.63573541 0.05783669
vt 0.63573541 0.05783671
vt 0.63573541 0.05783671
vt 0.63573541 0.05783669
vt 0.63573541 0.05783671
vt 0.63573539 0.05783672
vt 0.63573541 0.05783669
vt 0.63573541 0.05783671
vt 0.63573541 0.05783671
vt 0.63573541 0.05783668
vt 0.63573541 0.05783671
vt 0.63573541 0.05783669
vt 0.63573541 0.05783671
vt 0.63573541 0.05783671
vt 0.63573541 0.05783671
vt 0.63573541 0.05783671
vt 0.63573541 0.05783671
vt 0.63573541 0.05783672
vt 0.63573541 0.05783669
vt 0.63573541 0.05783671
vt 0.63573541 0.05783671
vt 0.63573541 0.05783671
vt 0.63573541 0.05783671
vt 0.63573541 0.05783669
vt 0.63573541 0.05783672
vt 0.63573541 0.05783671
vt 0.63573541 0.05783671
vt 0.63573541 0.05783671
vt 0.63573541 0.05783671
vt 0.63573541 0.05783672
vt 0.63573541 0.05783671
vt 0.63573541 0.05783671
vt 0.63573541 0.05783671
vt 0.63573541 0.05783669
vt 0.63573541 0.05783671
vt 0.63573541 0.05783671
vt 0.63573541 0.05783671
vt 0.63573541 0.05783671
vt 0.63573541 0.05783671
vt 0.63573539 0.05783672
vt 0.63573541 0.05783671
vt 0.63573541 0.05783671
vt 0.63573541 0.05783672
vt 0.63573541 0.05783671
vt 0.63573541 0.05783671
vt 0.63573541 0.05783669
vt 0.63573541 0.05783671
vt 0.63573541 0.05783669
vt 0.63573542 0.05783669
vt 0.63573541 0.05783671
vt 0.63573541 0.05783671
vt 0.63573541 0.05783671
vt 0.63573541 0.05783671
vt 0.63573541 0.05783671
vt 0.63573541 0.05783671
vt 0.63573541 0.05783671
vt 0.63573541 0.05783671
vt 0.63573541 0.05783672
vt 0.63573541 0.05783671
vt 0.63573541 0.05783668
vt 0.63573542 0.05783671
vt 0.63573541 0.05783671
vt 0.63573541 0.05783671
vt 0.63573541 0.05783669
vt 0.63573541 0.05783671
vt 0.63573541 0.05783671
vt 0.63573541 0.05783671
vt 0.63573541 0.05783671
vt 0.63573541 0.05783671
vt 0.63573541 0.05783669
vt 0.63573541 0.05783671
vt 0.63573541 0.05783669
vt 0.63573542 0.05783669
vt 0.63573541 0.05783671
vt 0.63573541 0.05783671
vt 0.63573541 0.05783671
vt 0.63573541 0.05783671
vt 0.63573541 0.05783671
vt 0.63573541 0.05783671
vt 0.63573541 0.05783671
vt 0.63573541 0.05783671
vt 0.63573541 0.05783671
vt 0.63573541 0.05783671
vt 0.63573541 0.05783671
vt 0.63573541 0.05783671
vt 0.63573541 0.05783671
vt 0.63573541 0.05783671
vt 0.63573541 0.05783671
vt 0.63573541 0.05783671
vt 0.63573541 0.05783671
vt 0.63573541 0.05783671
vt 0.63573541 0.05783671
vt 0.63573541 0.05783671
vt 0.63573541 0.05783671
vt 0.63573541 0.05783671
vt 0.63573541 0.05783671
vt 0.63573541 0.05783671
vt 0.63573541 0.05783671
vt 0.63573541 0.05783671
vt 0.63573541 0.05783671
vt 0.63573541 0.05783671
vt 0.63573541 0.05783671
vt 0.63573541 0.05783671
vt 0.63573541 0.05783671
vt 0.63573541 0.05783671
vt 0.63573541 0.05783671
vt 0.63573541 0.05783671
vt 0.63573541 0.05783671
vt 0.63573541 0.05783671
vt 0.63573541 0.05783671
vt 0.63573541 0.05783671
vt 0.63573541 0.05783671
vt 0.63573541 0.05783671
vt 0.63573541 0.05783671
vt 0.63573541 0.05783671
vt 0.63573541 0.05783671
vt 0.63573541 0.05783671
vt 0.63573541 0.05783671
vt 0.63573541 0.05783671
vt 0.63573541 0.05783671
vt 0.63573541 0.05783671
vt 0.63573541 0.05783671
vt 0.63573541 0.05783671
vt 0.63573541 0.05783671
vt 0.63573541 0.05783671
vt 0.63573541 0.05783671
vt 0.63573541 0.05783671
vt 0.62801485 0.00586697
vt 0.62801485 0.24283613
vt 0.59716459 0.24283613
vt 0.59740693 0.00586697
vt 0.56631515 0.24283613
vt 0.56679981 0.00586697
vt 0.68922992 0.00586697
vt 0.68971452 0.24283613
vt 0.65886504 0.24283613
vt 0.65862278 0.00586697
vt 0.71983542 0.00586697
vt 0.72056234 0.24283613
vt 0.75043853 0.00586697
vt 0.75140767 0.24636277
vt 0.63526728 0.05221168
vt 0.63526728 0.05221168
vt 0.63526728 0.05221168
vt 0.63526728 0.05221168
vt 0.63526728 0.05221168
vt 0.63526728 0.05221168
vt 0.63526728 0.05221168
vt 0.63526728 0.05221168
vt 0.63526728 0.05221168
vt 0.63526728 0.05221168
vt 0.53538246 0.01492114
vt 0.53465788 0.23492860
vt 0.50391153 0.23492848
vt 0.50487241 0.01492114
vt 0.56589166 0.01492114
vt 0.56540858 0.23492848
vt 0.59640245 0.01492114
vt 0.59616089 0.23492848
vt 0.62691409 0.01492114
vt 0.62691412 0.23492848
vt 0.65742571 0.01492114
vt 0.65766731 0.23492848
vt 0.68793649 0.01492114
vt 0.68841961 0.23492848
vt 0.71844567 0.01492114
vt 0.71917028 0.23492848
vt 0.74895574 0.01492114
vt 0.74991658 0.23492848
vt 0.63526728 0.05221168
vt 0.63526728 0.05221168
vt 0.63526728 0.05221168
vt 0.63526728 0.05221168
vt 0.63526728 0.05221168
vt 0.63526728 0.05221168
vt 0.63526728 0.05221168
vt 0.63526728 0.05221168
vt 0.63526728 0.05221168
vt 0.63526728 0.05221168
vt 0.53619432 0.00586697
vt 0.53546740 0.24283613
vt 0.50462204 0.24283613
vt 0.50559123 0.00586697
vt 0.63573541 0.05783671
vt 0.63573541 0.05783671
vt 0.63573541 0.05783671
vt 0.63573541 0.05783671
vt 0.63573541 0.05783671
vt 0.63573541 0.05783671
vt 0.63573541 0.05783671
vt 0.63573541 0.05783671
vt 0.63573541 0.05783671
vt 0.63573541 0.05783671
vt 0.63573541 0.05783671
vt 0.63573541 0.05783671
vt 0.63573541 0.05783671
vt 0.63573541 0.05783671
vt 0.63573541 0.05783671
vt 0.63573541 0.05783671
vt 0.63573541 0.05783671
vt 0.63573541 0.05783671
vt 0.63573541 0.05783671
vt 0.63573541 0.05783671
vt 0.63573541 0.05783671
vt 0.63573541 0.05783671
vt 0.63573541 0.05783671
vt 0.63573541 0.05783671
vt 0.63573541 0.05783671
vt 0.63573541 0.05783671
vt 0.63573541 0.05783671
vt 0.63573541 0.05783671
vt 0.63573541 0.05783671
vt 0.63573541 0.05783671
vt 0.63573541 0.05783671
vt 0.63573541 0.05783671
vt 0.63573541 0.05783671
vt 0.63573541 0.05783671
vt 0.63573541 0.05783671
vt 0.63573541 0.05783671
vt 0.63573539 0.05783671
vt 0.63573539 0.05783671
vt 0.63573541 0.05783671
vt 0.63573541 0.05783671
vt 0.63573541 0.05783671
vt 0.63573541 0.05783671
vt 0.63573541 0.05783671
vt 0.63573541 0.05783671
vt 0.63573541 0.05783671
vt 0.63573541 0.05783671
vt 0.63573541 0.05783671
vt 0.63573541 0.05783671
vt 0.63573541 0.05783671
vt 0.63573541 0.05783671
vt 0.63573542 0.05783669
vt 0.63573544 0.05783668
vt 0.63573545 0.05783668
vt 0.63573544 0.05783669
vt 0.63573542 0.05783671
vt 0.63573542 0.05783669
vt 0.63573542 0.05783669
vt 0.63573544 0.05783668
vt 0.63573542 0.05783669
vt 0.63573542 0.05783669
vt 0.63573542 0.05783669
vt 0.63573541 0.05783671
vt 0.63573542 0.05783671
vt 0.63573542 0.05783671
vt 0.63573542 0.05783671
vt 0.63573542 0.05783671
vt 0.63573542 0.05783672
vt 0.63573541 0.05783671
vt 0.63573541 0.05783671
vt 0.63573542 0.05783672
vt 0.63573542 0.05783672
vt 0.63573541 0.05783671
vt 0.63573541 0.05783671
vt 0.63573541 0.05783671
vt 0.63573541 0.05783671
vt 0.63573541 0.05783671
vt 0.63573541 0.05783671
vt 0.63573541 0.05783671
vt 0.63573541 0.05783671
vt 0.63573541 0.05783671
vt 0.63573541 0.05783671
vt 0.63573541 0.05783671
vt 0.63573541 0.05783671
vt 0.63573541 0.05783671
vt 0.63573541 0.05783671
vt 0.63573541 0.05783671
vt 0.63573541 0.05783671
vt 0.63573541 0.05783671
vt 0.63573541 0.05783671
vt 0.63573541 0.05783671
vt 0.63573541 0.05783671
vt 0.63573541 0.05783671
vt 0.63573541 0.05783671
vt 0.63573541 0.05783671
vt 0.63573541 0.05783671
vt 0.63573541 0.05783671
vt 0.63573541 0.05783671
vt 0.63573541 0.05783671
f 3/3 2/2 1/1
f 4/4 3/3 1/1
f 5/5 3/3 4/4
f 6/6 5/5 4/4
f 7/7 5/5 6/6
f 8/8 7/7 6/6
f 9/9 7/7 8/8
f 10/10 9/9 8/8
f 11/11 9/9 10/10
f 12/12 11/11 10/10
f 15/15 14/14 13/13
f 16/16 15/15 13/13
f 17/17 15/15 16/16
f 18/18 17/17 16/16
f 19/19 17/17 18/18
f 20/20 19/19 18/18
f 21/21 19/19 20/20
f 22/22 21/21 20/20
f 23/23 21/21 22/22
f 24/24 23/23 22/22
f 25/25 23/23 24/24
f 26/26 25/25 24/24
f 29/29 28/28 27/27
f 30/30 29/29 27/27
f 33/33 32/32 31/31
f 34/34 33/33 31/31
f 37/37 36/36 35/35
f 38/38 37/37 35/35
f 36/36 40/40 39/39
f 35/35 36/36 39/39
f 43/43 42/42 41/41
f 44/44 43/43 41/41
f 42/42 46/46 45/45
f 41/41 42/42 45/45
f 46/46 48/48 47/47
f 45/45 46/46 47/47
f 48/48 50/50 49/49
f 47/47 48/48 49/49
f 53/53 52/52 51/51
f 54/54 53/53 51/51
f 52/52 56/56 55/55
f 51/51 52/52 55/55
f 56/56 58/58 57/57
f 55/55 56/56 57/57
f 61/61 60/60 59/59
f 62/62 61/61 59/59
f 60/60 64/64 63/63
f 59/59 60/60 63/63
f 66/66 65/65 32/32
f 33/33 66/66 32/32
f 68/68 67/67 36/36
f 37/37 68/68 36/36
f 67/67 69/69 40/40
f 36/36 67/67 40/40
f 71/71 70/70 42/42
f 43/43 71/71 42/42
f 70/70 72/72 46/46
f 42/42 70/70 46/46
f 72/72 73/73 48/48
f 46/46 72/72 48/48
f 73/73 74/74 50/50
f 48/48 73/73 50/50
f 76/76 75/75 52/52
f 53/53 76/76 52/52
f 75/75 77/77 56/56
f 52/52 75/75 56/56
f 77/77 78/78 58/58
f 56/56 77/77 58/58
f 80/80 79/79 60/60
f 61/61 80/80 60/60
f 79/79 81/81 64/64
f 60/60 79/79 64/64
f 83/83 82/82 1/1
f 2/2 83/83 1/1
f 86/86 85/85 84/84
f 87/87 86/86 84/84
f 89/89 88/88 85/85
f 86/86 89/89 85/85
f 91/91 90/90 88/88
f 89/89 91/91 88/88
f 93/93 92/92 90/90
f 91/91 93/93 90/90
f 95/95 94/94 92/92
f 93/93 95/95 92/92
f 97/97 96/96 94/94
f 95/95 97/97 94/94
f 100/100 99/99 98/98
f 101/101 100/100 98/98
f 103/103 102/102 99/99
f 100/100 103/103 99/99
f 105/105 104/104 102/102
f 103/103 105/105 102/102
f 107/107 106/106 104/104
f 105/105 107/107 104/104
f 29/29 30/30 106/106
f 107/107 29/29 106/106
f 33/33 34/34 108/108
f 109/109 33/33 108/108
f 109/109 108/108 110/110
f 111/111 109/109 110/110
f 111/111 110/110 112/112
f 113/113 111/111 112/112
f 113/113 112/112 114/114
f 115/115 113/113 114/114
f 118/118 117/117 116/116
f 119/119 118/118 116/116
f 122/122 121/121 120/120
f 123/123 122/122 120/120
f 123/123 120/120 124/124
f 125/125 123/123 124/124
f 125/125 124/124 126/126
f 127/127 125/125 126/126
f 127/127 126/126 128/128
f 129/129 127/127 128/128
f 129/129 128/128 130/130
f 131/131 129/129 130/130
f 134/134 133/133 132/132
f 135/135 134/134 132/132
f 137/137 136/136 63/63
f 64/64 137/137 63/63
f 66/66 33/33 109/109
f 138/138 66/66 109/109
f 138/138 109/109 111/111
f 139/139 138/138 111/111
f 139/139 111/111 113/113
f 140/140 139/139 113/113
f 140/140 113/113 115/115
f 141/141 140/140 115/115
f 142/142 118/118 119/119
f 143/143 142/142 119/119
f 144/144 122/122 123/123
f 145/145 144/144 123/123
f 145/145 123/123 125/125
f 146/146 145/145 125/125
f 146/146 125/125 127/127
f 147/147 146/146 127/127
f 147/147 127/127 129/129
f 148/148 147/147 129/129
f 148/148 129/129 131/131
f 149/149 148/148 131/131
f 150/150 134/134 135/135
f 151/151 150/150 135/135
f 152/152 137/137 64/64
f 81/81 152/152 64/64
f 155/155 154/154 153/153
f 156/156 155/155 153/153
f 156/156 153/153 157/157
f 158/158 156/156 157/157
f 158/158 157/157 159/159
f 160/160 158/158 159/159
f 160/160 159/159 161/161
f 162/162 160/160 161/161
f 162/162 161/161 163/163
f 164/164 162/162 163/163
f 164/164 163/163 165/165
f 166/166 164/164 165/165
f 166/166 165/165 167/167
f 168/168 166/166 167/167
f 168/168 167/167 169/169
f 170/170 168/168 169/169
f 170/170 169/169 171/171
f 172/172 170/170 171/171
f 172/172 171/171 173/173
f 174/174 172/172 173/173
f 174/174 173/173 175/175
f 176/176 174/174 175/175
f 176/176 175/175 177/177
f 178/178 176/176 177/177
f 180/180 179/179 154/154
f 155/155 180/180 154/154
f 182/182 181/181 179/179
f 180/180 182/182 179/179
f 184/184 183/183 181/181
f 182/182 184/184 181/181
f 186/186 185/185 183/183
f 184/184 186/186 183/183
f 188/188 187/187 185/185
f 186/186 188/188 185/185
f 190/190 189/189 187/187
f 188/188 190/190 187/187
f 192/192 191/191 189/189
f 190/190 192/192 189/189
f 194/194 193/193 191/191
f 192/192 194/194 191/191
f 196/196 195/195 193/193
f 194/194 196/196 193/193
f 198/198 197/197 195/195
f 196/196 198/198 195/195
f 200/200 199/199 197/197
f 198/198 200/200 197/197
f 178/178 177/177 199/199
f 200/200 178/178 199/199
f 154/154 202/202 201/201
f 153/153 154/154 201/201
f 153/153 201/201 203/203
f 157/157 153/153 203/203
f 157/157 203/203 204/204
f 159/159 157/157 204/204
f 159/159 204/204 205/205
f 161/161 159/159 205/205
f 161/161 205/205 206/206
f 163/163 161/161 206/206
f 163/163 206/206 207/207
f 165/165 163/163 207/207
f 165/165 207/207 208/208
f 167/167 165/165 208/208
f 167/167 208/208 209/209
f 169/169 167/167 209/209
f 169/169 209/209 210/210
f 171/171 169/169 210/210
f 171/171 210/210 211/211
f 173/173 171/171 211/211
f 173/173 211/211 212/212
f 175/175 173/173 212/212
f 175/175 212/212 213/213
f 177/177 175/175 213/213
f 179/179 214/214 202/202
f 154/154 179/179 202/202
f 181/181 215/215 214/214
f 179/179 181/181 214/214
f 183/183 216/216 215/215
f 181/181 183/183 215/215
f 185/185 217/217 216/216
f 183/183 185/185 216/216
f 187/187 218/218 217/217
f 185/185 187/187 217/217
f 189/189 219/219 218/218
f 187/187 189/189 218/218
f 191/191 220/220 219/219
f 189/189 191/191 219/219
f 193/193 221/221 220/220
f 191/191 193/193 220/220
f 195/195 222/222 221/221
f 193/193 195/195 221/221
f 197/197 223/223 222/222
f 195/195 197/197 222/222
f 199/199 224/224 223/223
f 197/197 199/199 223/223
f 177/177 213/213 224/224
f 199/199 177/177 224/224
f 227/227 226/226 225/225
f 228/228 227/227 225/225
f 228/228 225/225 229/229
f 230/230 228/228 229/229
f 230/230 229/229 231/231
f 232/232 230/230 231/231
f 204/204 234/234 233/233
f 205/205 204/204 233/233
f 205/205 233/233 235/235
f 206/206 205/205 235/235
f 206/206 235/235 236/236
f 207/207 206/206 236/236
f 239/239 238/238 237/237
f 240/240 239/239 237/237
f 240/240 237/237 241/241
f 242/242 240/240 241/241
f 242/242 241/241 243/243
f 244/244 242/242 243/243
f 210/210 246/246 245/245
f 211/211 210/210 245/245
f 211/211 245/245 247/247
f 212/212 211/211 247/247
f 212/212 247/247 248/248
f 213/213 212/212 248/248
f 214/214 250/250 249/249
f 202/202 214/214 249/249
f 215/215 251/251 250/250
f 214/214 215/215 250/250
f 216/216 252/252 251/251
f 215/215 216/216 251/251
f 255/255 254/254 253/253
f 256/256 255/255 253/253
f 258/258 257/257 254/254
f 255/255 258/258 254/254
f 260/260 259/259 257/257
f 258/258 260/260 257/257
f 220/220 262/262 261/261
f 219/219 220/220 261/261
f 221/221 263/263 262/262
f 220/220 221/221 262/262
f 222/222 264/264 263/263
f 221/221 222/222 263/263
f 267/267 266/266 265/265
f 268/268 267/267 265/265
f 270/270 269/269 266/266
f 267/267 270/270 266/266
f 272/272 271/271 269/269
f 270/270 272/272 269/269
f 226/226 274/274 273/273
f 225/225 226/226 273/273
f 225/225 273/273 275/275
f 229/229 225/225 275/275
f 229/229 275/275 276/276
f 231/231 229/229 276/276
f 231/231 276/276 277/277
f 278/278 231/231 277/277
f 278/278 277/277 279/279
f 280/280 278/278 279/279
f 283/283 282/282 281/281
f 238/238 283/283 281/281
f 238/238 281/281 284/284
f 237/237 238/238 284/284
f 237/237 284/284 285/285
f 241/241 237/237 285/285
f 241/241 285/285 286/286
f 243/243 241/241 286/286
f 243/243 286/286 287/287
f 288/288 243/243 287/287
f 245/245 290/290 289/289
f 247/247 245/245 289/289
f 293/293 292/292 291/291
f 271/271 293/293 291/291
f 295/295 294/294 274/274
f 226/226 295/295 274/274
f 251/251 297/297 296/296
f 250/250 251/251 296/296
f 253/253 299/299 298/298
f 300/300 253/253 298/298
f 254/254 301/301 299/299
f 253/253 254/254 299/299
f 257/257 302/302 301/301
f 254/254 257/257 301/301
f 259/259 303/303 302/302
f 257/257 259/259 302/302
f 305/305 304/304 303/303
f 259/259 305/305 303/303
f 263/263 307/307 306/306
f 262/262 263/263 306/306
f 265/265 309/309 308/308
f 310/310 265/265 308/308
f 266/266 311/311 309/309
f 265/265 266/266 309/309
f 269/269 312/312 311/311
f 266/266 269/269 311/311
f 271/271 291/291 312/312
f 269/269 271/271 312/312
f 315/315 314/314 313/313
f 316/316 315/315 313/313
f 316/316 313/313 317/317
f 318/318 316/316 317/317
f 318/318 317/317 319/319
f 320/320 318/318 319/319
f 320/320 319/319 321/321
f 322/322 320/320 321/321
f 322/322 321/321 323/323
f 324/324 322/322 323/323
f 324/324 323/323 325/325
f 326/326 324/324 325/325
f 326/326 325/325 327/327
f 328/328 326/326 327/327
f 328/328 327/327 329/329
f 330/330 328/328 329/329
f 330/330 329/329 331/331
f 332/332 330/330 331/331
f 332/332 331/331 333/333
f 290/290 332/332 333/333
f 290/290 333/333 334/334
f 289/289 290/290 334/334
f 289/289 334/334 335/335
f 336/336 289/289 335/335
f 296/296 337/337 314/314
f 315/315 296/296 314/314
f 297/297 338/338 337/337
f 296/296 297/297 337/337
f 340/340 339/339 338/338
f 297/297 340/340 338/338
f 342/342 341/341 339/339
f 340/340 342/342 339/339
f 344/344 343/343 341/341
f 342/342 344/344 341/341
f 346/346 345/345 343/343
f 344/344 346/346 343/343
f 306/306 347/347 345/345
f 346/346 306/306 345/345
f 307/307 348/348 347/347
f 306/306 307/307 347/347
f 350/350 349/349 348/348
f 307/307 350/350 348/348
f 352/352 351/351 349/349
f 350/350 352/352 349/349
f 354/354 353/353 351/351
f 352/352 354/354 351/351
f 336/336 335/335 353/353
f 354/354 336/336 353/353
f 357/357 356/356 355/355
f 358/358 357/357 355/355
f 361/361 360/360 359/359
f 362/362 361/361 359/359
f 364/364 363/363 360/360
f 361/361 364/364 360/360
f 367/367 366/366 365/365
f 368/368 367/367 365/365
f 370/370 369/369 366/366
f 367/367 370/370 366/366
f 372/372 371/371 369/369
f 370/370 372/372 369/369
f 374/374 373/373 371/371
f 372/372 374/374 371/371
f 377/377 376/376 375/375
f 378/378 377/377 375/375
f 381/381 380/380 379/379
f 382/382 381/381 379/379
f 384/384 383/383 380/380
f 381/381 384/384 380/380
f 386/386 385/385 383/383
f 384/384 386/386 383/383
f 388/388 387/387 385/385
f 386/386 388/388 385/385
f 389/389 358/358 355/355
f 390/390 389/389 355/355
f 391/391 389/389 390/390
f 392/392 391/391 390/390
f 393/393 391/391 392/392
f 394/394 393/393 392/392
f 395/395 393/393 394/394
f 396/396 395/395 394/394
f 399/399 398/398 397/397
f 400/400 399/399 397/397
f 403/403 402/402 401/401
f 404/404 403/403 401/401
f 405/405 403/403 404/404
f 406/406 405/405 404/404
f 407/407 405/405 406/406
f 408/408 407/407 406/406
f 409/409 407/407 408/408
f 410/410 409/409 408/408
f 413/413 412/412 411/411
f 414/414 413/413 411/411
f 415/415 413/413 414/414
f 416/416 415/415 414/414
f 388/388 418/418 417/417
f 387/387 388/388 417/417
f 345/345 347/347 343/343
f 341/341 343/343 347/347
f 348/348 341/341 347/347
f 339/339 341/341 348/348
f 349/349 339/339 348/348
f 351/351 339/339 349/349
f 338/338 339/339 351/351
f 353/353 338/338 351/351
f 337/337 338/338 353/353
f 314/314 337/337 353/353
f 335/335 314/314 353/353
f 313/313 314/314 335/335
f 334/334 313/313 335/335
f 333/333 313/313 334/334
f 317/317 313/313 333/333
f 319/319 317/317 333/333
f 331/331 319/319 333/333
f 321/321 319/319 331/331
f 329/329 321/321 331/331
f 327/327 321/321 329/329
f 323/323 321/321 327/327
f 325/325 323/323 327/327
f 421/421 420/420 419/419
f 422/422 421/421 419/419
f 423/423 421/421 422/422
f 424/424 423/423 422/422
f 425/425 423/423 424/424
f 426/426 425/425 424/424
f 427/427 425/425 426/426
f 428/428 427/427 426/426
f 429/429 427/427 428/428
f 430/430 429/429 428/428
f 431/431 429/429 430/430
f 432/432 431/431 430/430
f 433/433 431/431 432/432
f 434/434 433/433 432/432
f 435/435 433/433 434/434
f 436/436 435/435 434/434
f 437/437 435/435 436/436
f 438/438 437/437 436/436
f 439/439 437/437 438/438
f 440/440 439/439 438/438
f 441/441 439/439 440/440
f 442/442 441/441 440/440
f 443/443 441/441 442/442
f 444/444 443/443 442/442
f 445/445 443/443 444/444
f 446/446 445/445 444/444
f 447/447 445/445 446/446
f 448/448 447/447 446/446
f 449/449 447/447 448/448
f 450/450 449/449 448/448
f 451/451 449/449 450/450
f 452/452 451/451 450/450
f 453/453 451/451 452/452
f 454/454 453/453 452/452
f 455/455 453/453 454/454
f 456/456 455/455 454/454
f 457/457 455/455 456/456
f 458/458 457/457 456/456
f 459/459 457/457 458/458
f 460/460 459/459 458/458
f 461/461 459/459 460/460
f 462/462 461/461 460/460
f 463/463 461/461 462/462
f 464/464 463/463 462/462
f 465/465 463/463 464/464
f 466/466 465/465 464/464
f 420/420 465/465 466/466
f 419/419 420/420 466/466
f 469/469 468/468 467/467
f 470/470 469/469 467/467
f 473/473 472/472 471/471
f 474/474 473/473 471/471
f 472/472 476/476 475/475
f 471/471 472/472 475/475
f 476/476 478/478 477/477
f 475/475 476/476 477/477
f 478/478 480/480 479/479
f 477/477 478/478 479/479
f 480/480 482/482 481/481
f 479/479 480/480 481/481
f 482/482 484/484 483/483
f 481/481 482/482 483/483
f 484/484 486/486 485/485
f 483/483 484/484 485/485
f 486/486 488/488 487/487
f 485/485 486/486 487/487
f 488/488 490/490 489/489
f 487/487 488/488 489/489
f 490/490 492/492 491/491
f 489/489 490/490 491/491
f 492/492 494/494 493/493
f 491/491 492/492 493/493
f 494/494 496/496 495/495
f 493/493 494/494 495/495
f 496/496 498/498 497/497
f 495/495 496/496 497/497
f 498/498 500/500 499/499
f 497/497 498/498 499/499
f 500/500 502/502 501/501
f 499/499 500/500 501/501
f 502/502 504/504 503/503
f 501/501 502/502 503/503
f 504/504 506/506 505/505
f 503/503 504/504 505/505
f 506/506 508/508 507/507
f 505/505 506/506 507/507
f 508/508 510/510 509/509
f 507/507 508/508 509/509
f 510/510 512/512 511/511
f 509/509 510/510 511/511
f 512/512 514/514 513/513
f 511/511 512/512 513/513
f 514/514 516/516 515/515
f 513/513 514/514 515/515
f 516/516 518/518 517/517
f 515/515 516/516 517/517
f 518/518 473/473 474/474
f 517/517 518/518 474/474
f 521/521 520/520 519/519
f 522/522 521/521 519/519
f 523/523 521/521 522/522
f 524/524 523/523 522/522
f 525/525 523/523 524/524
f 526/526 525/525 524/524
f 527/527 525/525 526/526
f 528/528 527/527 526/526
f 529/529 527/527 528/528
f 530/530 529/529 528/528
f 531/531 529/529 530/530
f 532/532 531/531 530/530
f 533/533 531/531 532/532
f 534/534 533/533 532/532
f 535/535 533/533 534/534
f 536/536 535/535 534/534
f 537/537 535/535 536/536
f 538/538 537/537 536/536
f 539/539 537/537 538/538
f 540/540 539/539 538/538
f 541/541 539/539 540/540
f 542/542 541/541 540/540
f 543/543 541/541 542/542
f 544/544 543/543 542/542
f 545/545 543/543 544/544
f 546/546 545/545 544/544
f 547/547 545/545 546/546
f 548/548 547/547 546/546
f 549/549 547/547 548/548
f 550/550 549/549 548/548
f 551/551 549/549 550/550
f 552/552 551/551 550/550
f 554/554 553/553 552/552
f 555/555 554/554 552/552
f 556/556 554/554 555/555
f 557/557 556/556 555/555
f 558/558 556/556 557/557
f 559/559 558/558 557/557
f 560/560 558/558 559/559
f 561/561 560/560 559/559
f 468/468 560/560 561/561
f 467/467 468/468 561/561
f 564/564 563/563 562/562
f 565/565 564/564 562/562
f 520/520 567/567 566/566
f 519/519 520/520 566/566
f 570/570 569/569 568/568
f 571/571 570/570 568/568
f 569/569 573/573 572/572
f 568/568 569/569 572/572
f 573/573 575/575 574/574
f 572/572 573/573 574/574
f 575/575 577/577 576/576
f 574/574 575/575 576/576
f 580/580 579/579 578/578
f 581/581 580/580 578/578
f 584/584 583/583 582/582
f 585/585 584/584 582/582
f 588/588 587/587 586/586
f 589/589 588/588 586/586
f 592/592 591/591 590/590
f 593/593 592/592 590/590
f 596/596 595/595 594/594
f 597/597 596/596 594/594
f 595/595 599/599 598/598
f 594/594 595/595 598/598
f 599/599 601/601 600/600
f 598/598 599/599 600/600
f 601/601 603/603 602/602
f 600/600 601/601 602/602
f 603/603 605/605 604/604
f 602/602 603/603 604/604
f 605/605 607/607 606/606
f 604/604 605/605 606/606
f 607/607 609/609 608/608
f 606/606 607/607 608/608
f 609/609 611/611 610/610
f 608/608 609/609 610/610
f 614/614 613/613 612/612
f 615/615 614/614 612/612
f 613/613 617/617 616/616
f 612/612 613/613 616/616
f 617/617 619/619 618/618
f 616/616 617/617 618/618
f 622/622 621/621 620/620
f 623/623 622/622 620/620
f 626/626 625/625 624/624
f 627/627 626/626 624/624
f 625/625 629/629 628/628
f 624/624 625/625 628/628
f 629/629 631/631 630/630
f 628/628 629/629 630/630
f 631/631 570/570 571/571
f 630/630 631/631 571/571
f 634/634 633/633 632/632
f 635/635 634/634 632/632
f 633/633 637/637 636/636
f 632/632 633/633 636/636
f 637/637 639/639 638/638
f 636/636 637/637 638/638
f 642/642 641/641 640/640
f 643/643 642/642 640/640
f 641/641 645/645 644/644
f 640/640 641/641 644/644
f 645/645 647/647 646/646
f 644/644 645/645 646/646
f 647/647 649/649 648/648
f 646/646 647/647 648/648
f 649/649 651/651 650/650
f 648/648 649/649 650/650
f 651/651 653/653 652/652
f 650/650 651/651 652/652
f 653/653 655/655 654/654
f 652/652 653/653 654/654
f 655/655 657/657 656/656
f 654/654 655/655 656/656
f 657/657 659/659 658/658
f 656/656 657/657 658/658
f 659/659 661/661 660/660
f 658/658 659/659 660/660
f 661/661 663/663 662/662
f 660/660 661/661 662/662
f 663/663 665/665 664/664
f 662/662 663/663 664/664
f 668/668 667/667 666/666
f 669/669 668/668 666/666
f 667/667 671/671 670/670
f 666/666 667/667 670/670
f 674/674 673/673 672/672
f 675/675 674/674 672/672
f 673/673 677/677 676/676
f 672/672 673/673 676/676
f 677/677 679/679 678/678
f 676/676 677/677 678/678
f 679/679 681/681 680/680
f 678/678 679/679 680/680
f 681/681 683/683 682/682
f 680/680 681/681 682/682
f 683/683 685/685 684/684
f 682/682 683/683 684/684
f 685/685 634/634 635/635
f 684/684 685/685 635/635
f 688/688 687/687 686/686
f 689/689 688/688 686/686
f 692/692 691/691 690/690
f 693/693 692/692 690/690
f 695/695 694/694 687/687
f 688/688 695/695 687/687
f 697/697 696/696 691/691
f 692/692 697/697 691/691
f 699/699 698/698 694/694
f 695/695 699/699 694/694
f 701/701 700/700 696/696
f 697/697 701/701 696/696
f 703/703 702/702 698/698
f 699/699 703/703 698/698
f 705/705 704/704 700/700
f 701/701 705/705 700/700
f 707/707 706/706 702/702
f 703/703 707/707 702/702
f 709/709 708/708 704/704
f 705/705 709/709 704/704
f 711/711 710/710 706/706
f 707/707 711/711 706/706
f 713/713 712/712 708/708
f 709/709 713/713 708/708
f 715/715 714/714 710/710
f 711/711 715/715 710/710
f 717/717 716/716 712/712
f 713/713 717/717 712/712
f 719/719 718/718 714/714
f 715/715 719/719 714/714
f 721/721 720/720 716/716
f 717/717 721/721 716/716
f 723/723 722/722 718/718
f 719/719 723/723 718/718
f 725/725 724/724 720/720
f 721/721 725/725 720/720
f 727/727 726/726 722/722
f 723/723 727/727 722/722
f 729/729 728/728 724/724
f 725/725 729/729 724/724
f 731/731 730/730 726/726
f 727/727 731/731 726/726
f 733/733 732/732 728/728
f 729/729 733/733 728/728
f 735/735 734/734 730/730
f 731/731 735/735 730/730
f 737/737 736/736 732/732
f 733/733 737/737 732/732
f 739/739 738/738 734/734
f 735/735 739/739 734/734
f 741/741 740/740 736/736
f 737/737 741/741 736/736
f 743/743 742/742 738/738
f 739/739 743/743 738/738
f 745/745 744/744 740/740
f 741/741 745/745 740/740
f 747/747 746/746 742/742
f 743/743 747/747 742/742
f 749/749 748/748 744/744
f 745/745 749/749 744/744
f 751/751 750/750 746/746
f 747/747 751/751 746/746
f 753/753 752/752 748/748
f 749/749 753/753 748/748
f 755/755 754/754 750/750
f 751/751 755/755 750/750
f 757/757 756/756 752/752
f 753/753 757/757 752/752
f 759/759 758/758 754/754
f 755/755 759/759 754/754
f 761/761 760/760 756/756
f 757/757 761/761 756/756
f 763/763 762/762 758/758
f 759/759 763/763 758/758
f 765/765 764/764 760/760
f 761/761 765/765 760/760
f 767/767 766/766 762/762
f 763/763 767/767 762/762
f 769/769 768/768 764/764
f 765/765 769/769 764/764
f 771/771 770/770 766/766
f 767/767 771/771 766/766
f 773/773 772/772 768/768
f 769/769 773/773 768/768
f 775/775 774/774 770/770
f 771/771 775/775 770/770
f 777/777 776/776 772/772
f 773/773 777/777 772/772
f 779/779 778/778 774/774
f 775/775 779/779 774/774
f 781/781 780/780 776/776
f 777/777 781/781 776/776
f 689/689 686/686 778/778
f 779/779 689/689 778/778
f 693/693 690/690 780/780
f 781/781 693/693 780/780
f 567/567 469/469 470/470
f 566/566 567/567 470/470
f 784/784 783/783 782/782
f 785/785 784/784 782/782
f 788/788 787/787 786/786
f 789/789 788/788 786/786
f 790/790 564/564 565/565
f 791/791 790/790 565/565
f 792/792 784/784 785/785
f 793/793 792/792 785/785
f 794/794 788/788 789/789
f 795/795 794/794 789/789
f 796/796 790/790 791/791
f 797/797 796/796 791/791
f 798/798 792/792 793/793
f 799/799 798/798 793/793
f 800/800 794/794 795/795
f 801/801 800/800 795/795
f 802/802 796/796 797/797
f 803/803 802/802 797/797
f 804/804 798/798 799/799
f 805/805 804/804 799/799
f 806/806 800/800 801/801
f 807/807 806/806 801/801
f 808/808 802/802 803/803
f 809/809 808/808 803/803
f 810/810 804/804 805/805
f 811/811 810/810 805/805
f 812/812 806/806 807/807
f 813/813 812/812 807/807
f 814/814 808/808 809/809
f 815/815 814/814 809/809
f 816/816 810/810 811/811
f 817/817 816/816 811/811
f 818/818 812/812 813/813
f 819/819 818/818 813/813
f 820/820 814/814 815/815
f 821/821 820/820 815/815
f 822/822 816/816 817/817
f 823/823 822/822 817/817
f 824/824 818/818 819/819
f 825/825 824/824 819/819
f 826/826 820/820 821/821
f 827/827 826/826 821/821
f 828/828 822/822 823/823
f 829/829 828/828 823/823
f 830/830 824/824 825/825
f 831/831 830/830 825/825
f 832/832 826/826 827/827
f 833/833 832/832 827/827
f 834/834 828/828 829/829
f 835/835 834/834 829/829
f 836/836 830/830 831/831
f 837/837 836/836 831/831
f 838/838 832/832 833/833
f 839/839 838/838 833/833
f 840/840 834/834 835/835
f 841/841 840/840 835/835
f 842/842 836/836 837/837
f 843/843 842/842 837/837
f 844/844 838/838 839/839
f 845/845 844/844 839/839
f 846/846 840/840 841/841
f 847/847 846/846 841/841
f 848/848 842/842 843/843
f 849/849 848/848 843/843
f 850/850 844/844 845/845
f 851/851 850/850 845/845
f 852/852 846/846 847/847
f 853/853 852/852 847/847
f 854/854 848/848 849/849
f 855/855 854/854 849/849
f 856/856 850/850 851/851
f 857/857 856/856 851/851
f 858/858 852/852 853/853
f 859/859 858/858 853/853
f 860/860 854/854 855/855
f 861/861 860/860 855/855
f 862/862 856/856 857/857
f 863/863 862/862 857/857
f 864/864 858/858 859/859
f 865/865 864/864 859/859
f 866/866 860/860 861/861
f 867/867 866/866 861/861
f 868/868 862/862 863/863
f 869/869 868/868 863/863
f 870/870 864/864 865/865
f 871/871 870/870 865/865
f 872/872 866/866 867/867
f 873/873 872/872 867/867
f 874/874 868/868 869/869
f 875/875 874/874 869/869
f 876/876 870/870 871/871
f 877/877 876/876 871/871
f 878/878 872/872 873/873
f 879/879 878/878 873/873
f 880/880 874/874 875/875
f 881/881 880/880 875/875
f 882/882 876/876 877/877
f 883/883 882/882 877/877
f 884/884 878/878 879/879
f 885/885 884/884 879/879
f 886/886 880/880 881/881
f 887/887 886/886 881/881
f 888/888 882/882 883/883
f 889/889 888/888 883/883
f 890/890 884/884 885/885
f 891/891 890/890 885/885
f 892/892 886/886 887/887
f 893/893 892/892 887/887
f 894/894 888/888 889/889
f 895/895 894/894 889/889
f 896/896 890/890 891/891
f 897/897 896/896 891/891
f 898/898 892/892 893/893
f 899/899 898/898 893/893
f 900/900 894/894 895/895
f 901/901 900/900 895/895
f 902/902 896/896 897/897
f 903/903 902/902 897/897
f 904/904 898/898 899/899
f 905/905 904/904 899/899
f 906/906 900/900 901/901
f 907/907 906/906 901/901
f 908/908 902/902 903/903
f 909/909 908/908 903/903
f 910/910 904/904 905/905
f 911/911 910/910 905/905
f 912/912 906/906 907/907
f 913/913 912/912 907/907
f 914/914 908/908 909/909
f 915/915 914/914 909/909
f 916/916 910/910 911/911
f 917/917 916/916 911/911
f 918/918 912/912 913/913
f 919/919 918/918 913/913
f 920/920 914/914 915/915
f 921/921 920/920 915/915
f 563/563 916/916 917/917
f 562/562 563/563 917/917
f 783/783 918/918 919/919
f 782/782 783/783 919/919
f 787/787 920/920 921/921
f 786/786 787/787 921/921
f 517/517 474/474 787/787
f 788/788 517/517 787/787
f 515/515 517/517 788/788
f 794/794 515/515 788/788
f 513/513 515/515 794/794
f 800/800 513/513 794/794
f 511/511 513/513 800/800
f 806/806 511/511 800/800
f 509/509 511/511 806/806
f 812/812 509/509 806/806
f 507/507 509/509 812/812
f 818/818 507/507 812/812
f 505/505 507/507 818/818
f 824/824 505/505 818/818
f 503/503 505/505 824/824
f 830/830 503/503 824/824
f 501/501 503/503 830/830
f 836/836 501/501 830/830
f 499/499 501/501 836/836
f 842/842 499/499 836/836
f 497/497 499/499 842/842
f 848/848 497/497 842/842
f 495/495 497/497 848/848
f 854/854 495/495 848/848
f 493/493 495/495 854/854
f 860/860 493/493 854/854
f 491/491 493/493 860/860
f 866/866 491/491 860/860
f 489/489 491/491 866/866
f 872/872 489/489 866/866
f 487/487 489/489 872/872
f 878/878 487/487 872/872
f 485/485 487/487 878/878
f 884/884 485/485 878/878
f 483/483 485/485 884/884
f 890/890 483/483 884/884
f 481/481 483/483 890/890
f 896/896 481/481 890/890
f 479/479 481/481 896/896
f 902/902 479/479 896/896
f 477/477 479/479 902/902
f 908/908 477/477 902/902
f 475/475 477/477 908/908
f 914/914 475/475 908/908
f 471/471 475/475 914/914
f 920/920 471/471 914/914
f 474/474 471/471 920/920
f 787/787 474/474 920/920
f 782/782 919/919 916/916
f 563/563 782/782 916/916
f 919/919 913/913 910/910
f 916/916 919/919 910/910
f 913/913 907/907 904/904
f 910/910 913/913 904/904
f 907/907 901/901 898/898
f 904/904 907/907 898/898
f 901/901 895/895 892/892
f 898/898 901/901 892/892
f 895/895 889/889 886/886
f 892/892 895/895 886/886
f 889/889 883/883 880/880
f 886/886 889/889 880/880
f 883/883 877/877 874/874
f 880/880 883/883 874/874
f 877/877 871/871 868/868
f 874/874 877/877 868/868
f 871/871 865/865 862/862
f 868/868 871/871 862/862
f 865/865 859/859 856/856
f 862/862 865/865 856/856
f 859/859 853/853 850/850
f 856/856 859/859 850/850
f 853/853 847/847 844/844
f 850/850 853/853 844/844
f 847/847 841/841 838/838
f 844/844 847/847 838/838
f 841/841 835/835 832/832
f 838/838 841/841 832/832
f 835/835 829/829 826/826
f 832/832 835/835 826/826
f 829/829 823/823 820/820
f 826/826 829/829 820/820
f 823/823 817/817 814/814
f 820/820 823/823 814/814
f 817/817 811/811 808/808
f 814/814 817/817 808/808
f 811/811 805/805 802/802
f 808/808 811/811 802/802
f 805/805 799/799 796/796
f 802/802 805/805 796/796
f 799/799 793/793 790/790
f 796/796 799/799 790/790
f 793/793 785/785 564/564
f 790/790 793/793 564/564
f 785/785 782/782 563/563
f 564/564 785/785 563/563
f 924/924 923/923 922/922
f 925/925 924/924 922/922
f 926/926 924/924 925/925
f 927/927 926/926 925/925
f 928/928 926/926 927/927
f 929/929 928/928 927/927
f 930/930 928/928 929/929
f 931/931 930/930 929/929
f 932/932 930/930 931/931
f 933/933 932/932 931/931
f 934/934 932/932 933/933
f 935/935 934/934 933/933
f 936/936 934/934 935/935
f 937/937 936/936 935/935
f 938/938 936/936 937/937
f 939/939 938/938 937/937
f 940/940 938/938 939/939
f 941/941 940/940 939/939
f 942/942 940/940 941/941
f 943/943 942/942 941/941
f 944/944 942/942 943/943
f 945/945 944/944 943/943
f 946/946 944/944 945/945
f 947/947 946/946 945/945
f 948/948 946/946 947/947
f 949/949 948/948 947/947
f 950/950 948/948 949/949
f 951/951 950/950 949/949
f 952/952 950/950 951/951
f 953/953 952/952 951/951
f 954/954 952/952 953/953
f 955/955 954/954 953/953
f 956/956 954/954 955/955
f 957/957 956/956 955/955
f 958/958 956/956 957/957
f 959/959 958/958 957/957
f 960/960 958/958 959/959
f 961/961 960/960 959/959
f 962/962 960/960 961/961
f 963/963 962/962 961/961
f 964/964 962/962 963/963
f 965/965 964/964 963/963
f 966/966 964/964 965/965
f 967/967 966/966 965/965
f 968/968 966/966 967/967
f 969/969 968/968 967/967
f 923/923 968/968 969/969
f 922/922 923/923 969/969
f 972/972 971/971 970/970
f 973/973 972/972 970/970
f 974/974 972/972 973/973
f 975/975 974/974 973/973
f 978/978 977/977 976/976
f 979/979 978/978 976/976
f 977/977 981/981 980/980
f 976/976 977/977 980/980
f 981/981 983/983 982/982
f 980/980 981/981 982/982
f 986/986 985/985 984/984
f 987/987 986/986 984/984
f 985/985 989/989 988/988
f 984/984 985/985 988/988
f 989/989 991/991 990/990
f 988/988 989/989 990/990
f 991/991 993/993 992/992
f 990/990 991/991 992/992
f 996/996 995/995 994/994
f 997/997 996/996 994/994
f 995/995 999/999 998/998
f 994/994 995/995 998/998
f 999/999 1001/1001 1000/1000
f 998/998 999/999 1000/1000
f 1001/1001 1003/1003 1002/1002
f 1000/1000 1001/1001 1002/1002
f 1003/1003 1005/1005 1004/1004
f 1002/1002 1003/1003 1004/1004
f 1005/1005 1007/1007 1006/1006
f 1004/1004 1005/1005 1006/1006
f 1007/1007 1009/1009 1008/1008
f 1006/1006 1007/1007 1008/1008
f 1009/1009 1011/1011 1010/1010
f 1008/1008 1009/1009 1010/1010
f 1014/1014 1013/1013 1012/1012
f 1015/1015 1014/1014 1012/1012
f 1013/1013 1017/1017 1016/1016
f 1012/1012 1013/1013 1016/1016
f 1017/1017 1019/1019 1018/1018
f 1016/1016 1017/1017 1018/1018
f 1019/1019 1021/1021 1020/1020
f 1018/1018 1019/1019 1020/1020
f 1024/1024 1023/1023 1022/1022
f 1025/1025 1024/1024 1022/1022
f 1023/1023 974/974 975/975
f 1022/1022 1023/1023 975/975
f 971/971 978/978 979/979
f 970/970 971/971 979/979
f 1028/1028 1027/1027 1026/1026
f 1029/1029 1028/1028 1026/1026
f 1032/1032 1031/1031 1030/1030
f 1033/1033 1032/1032 1030/1030
f 1034/1034 1032/1032 1033/1033
f 1035/1035 1034/1034 1033/1033
f 1036/1036 1034/1034 1035/1035
f 1037/1037 1036/1036 1035/1035
f 1038/1038 1036/1036 1037/1037
f 1039/1039 1038/1038 1037/1037
f 1040/1040 1038/1038 1039/1039
f 1041/1041 1040/1040 1039/1039
f 1042/1042 1040/1040 1041/1041
f 1043/1043 1042/1042 1041/1041
f 1044/1044 1042/1042 1043/1043
f 1045/1045 1044/1044 1043/1043
f 1046/1046 1044/1044 1045/1045
f 1047/1047 1046/1046 1045/1045
f 1048/1048 1046/1046 1047/1047
f 1049/1049 1048/1048 1047/1047
f 1050/1050 1048/1048 1049/1049
f 1051/1051 1050/1050 1049/1049
f 1052/1052 1050/1050 1051/1051
f 1053/1053 1052/1052 1051/1051
f 1054/1054 1052/1052 1053/1053
f 1055/1055 1054/1054 1053/1053
f 1056/1056 1054/1054 1055/1055
f 1057/1057 1056/1056 1055/1055
f 1058/1058 1056/1056 1057/1057
f 1059/1059 1058/1058 1057/1057
f 1060/1060 1058/1058 1059/1059
f 1061/1061 1060/1060 1059/1059
f 1062/1062 1060/1060 1061/1061
f 1063/1063 1062/1062 1061/1061
f 1066/1066 1065/1065 1064/1064
f 1067/1067 1066/1066 1064/1064
f 1068/1068 1066/1066 1067/1067
f 1069/1069 1068/1068 1067/1067
f 1070/1070 1068/1068 1069/1069
f 1071/1071 1070/1070 1069/1069
f 1072/1072 1070/1070 1071/1071
f 1073/1073 1072/1072 1071/1071
f 1027/1027 1072/1072 1073/1073
f 1026/1026 1027/1027 1073/1073
f 1031/1031 1075/1075 1074/1074
f 1030/1030 1031/1031 1074/1074
f 1075/1075 1028/1028 1029/1029
f 1074/1074 1075/1075 1029/1029
f 693/693 1077/1077 1076/1076
f 692/692 693/693 1076/1076
f 692/692 1076/1076 1078/1078
f 697/697 692/692 1078/1078
f 697/697 1078/1078 1079/1079
f 701/701 697/697 1079/1079
f 701/701 1079/1079 1080/1080
f 705/705 701/701 1080/1080
f 705/705 1080/1080 1081/1081
f 709/709 705/705 1081/1081
f 709/709 1081/1081 1082/1082
f 713/713 709/709 1082/1082
f 713/713 1082/1082 1083/1083
f 717/717 713/713 1083/1083
f 717/717 1083/1083 1084/1084
f 721/721 717/717 1084/1084
f 721/721 1084/1084 1085/1085
f 725/725 721/721 1085/1085
f 725/725 1085/1085 1086/1086
f 729/729 725/725 1086/1086
f 729/729 1086/1086 1087/1087
f 733/733 729/729 1087/1087
f 733/733 1087/1087 1088/1088
f 737/737 733/733 1088/1088
f 737/737 1088/1088 1089/1089
f 741/741 737/737 1089/1089
f 741/741 1089/1089 1090/1090
f 745/745 741/741 1090/1090
f 745/745 1090/1090 1091/1091
f 749/749 745/745 1091/1091
f 749/749 1091/1091 1092/1092
f 753/753 749/749 1092/1092
f 753/753 1092/1092 1093/1093
f 757/757 753/753 1093/1093
f 757/757 1093/1093 1094/1094
f 761/761 757/757 1094/1094
f 761/761 1094/1094 1095/1095
f 765/765 761/761 1095/1095
f 765/765 1095/1095 1096/1096
f 769/769 765/765 1096/1096
f 769/769 1096/1096 1097/1097
f 773/773 769/769 1097/1097
f 773/773 1097/1097 1098/1098
f 777/777 773/773 1098/1098
f 777/777 1098/1098 1099/1099
f 781/781 777/777 1099/1099
f 781/781 1099/1099 1077/1077
f 693/693 781/781 1077/1077
f 786/786 921/921 918/918
f 783/783 786/786 918/918
f 921/921 915/915 912/912
f 918/918 921/921 912/912
f 915/915 909/909 906/906
f 912/912 915/915 906/906
f 909/909 903/903 900/900
f 906/906 909/909 900/900
f 903/903 897/897 894/894
f 900/900 903/903 894/894
f 897/897 891/891 888/888
f 894/894 897/897 888/888
f 891/891 885/885 882/882
f 888/888 891/891 882/882
f 885/885 879/879 876/876
f 882/882 885/885 876/876
f 879/879 873/873 870/870
f 876/876 879/879 870/870
f 873/873 867/867 864/864
f 870/870 873/873 864/864
f 867/867 861/861 858/858
f 864/864 867/867 858/858
f 861/861 855/855 852/852
f 858/858 861/861 852/852
f 855/855 849/849 846/846
f 852/852 855/855 846/846
f 849/849 843/843 840/840
f 846/846 849/849 840/840
f 843/843 837/837 834/834
f 840/840 843/843 834/834
f 837/837 831/831 828/828
f 834/834 837/837 828/828
f 831/831 825/825 822/822
f 828/828 831/831 822/822
f 825/825 819/819 816/816
f 822/822 825/825 816/816
f 819/819 813/813 810/810
f 816/816 819/819 810/810
f 813/813 807/807 804/804
f 810/810 813/813 804/804
f 807/807 801/801 798/798
f 804/804 807/807 798/798
f 801/801 795/795 792/792
f 798/798 801/801 792/792
f 795/795 789/789 784/784
f 792/792 795/795 784/784
f 789/789 786/786 783/783
f 784/784 789/789 783/783
f 1107/1107 1106/1106 1108/1108
f 1109/1109 1108/1108 1106/1106
f 1105/1105 1109/1109 1106/1106
f 1110/1110 1109/1109 1105/1105
f 1104/1104 1110/1110 1105/1105
f 1103/1103 1110/1110 1104/1104
f 1111/1111 1110/1110 1103/1103
f 1102/1102 1111/1111 1103/1103
f 1112/1112 1111/1111 1102/1102
f 1113/1113 1112/1112 1102/1102
f 1101/1101 1113/1113 1102/1102
f 1114/1114 1113/1113 1101/1101
f 1100/1100 1114/1114 1101/1101
f 1123/1123 1114/1114 1100/1100
f 1115/1115 1114/1114 1123/1123
f 1122/1122 1115/1115 1123/1123
f 1116/1116 1115/1115 1122/1122
f 1117/1117 1116/1116 1122/1122
f 1121/1121 1117/1117 1122/1122
f 1118/1118 1117/1117 1121/1121
f 1120/1120 1118/1118 1121/1121
f 1119/1119 1118/1118 1120/1120
f 1094/1094 1093/1093 1095/1095
f 1092/1092 1095/1095 1093/1093
f 1096/1096 1095/1095 1092/1092
f 1097/1097 1096/1096 1092/1092
f 1091/1091 1097/1097 1092/1092
f 1098/1098 1097/1097 1091/1091
f 1090/1090 1098/1098 1091/1091
f 1099/1099 1098/1098 1090/1090
f 1089/1089 1099/1099 1090/1090
f 1088/1088 1099/1099 1089/1089
f 1077/1077 1099/1099 1088/1088
f 1087/1087 1077/1077 1088/1088
f 1076/1076 1077/1077 1087/1087
f 1078/1078 1076/1076 1087/1087
f 1086/1086 1078/1078 1087/1087
f 1085/1085 1078/1078 1086/1086
f 1079/1079 1078/1078 1085/1085
f 1084/1084 1079/1079 1085/1085
f 1080/1080 1079/1079 1084/1084
f 1083/1083 1080/1080 1084/1084
f 1081/1081 1080/1080 1083/1083
f 1082/1082 1081/1081 1083/1083

