v 0.00000000 0.00000000 -0.03750458
v 0.00359228 0.00000000 -0.03750722
v 0.00718456 0.00000000 -0.03750986
v 0.01077685 0.00000000 -0.03751251
v 0.01436913 0.00000000 -0.03751515
v 0.01619817 0.00000000 -0.03631855
v 0.01802721 0.00000000 -0.03512195
v 0.01799739 0.00000000 -0.03272353
v 0.01805088 0.00000000 -0.03020934
v 0.01805087 0.00000000 -0.02769780
v 0.01805087 0.00000000 -0.02518361
v 0.01805098 0.00000000 -0.02266222
v 0.01819585 0.00000000 -0.02014803
v 0.01819574 0.00000000 -0.01764103
v 0.01819574 0.00000000 -0.01512684
v 0.01819576 0.00000000 -0.01260995
v 0.01825232 0.00000000 -0.01013240
v 0.01751441 0.00000000 -0.00769476
v 0.01571057 0.00000000 -0.00517490
v 0.01506476 0.00000000 -0.00259269
v 0.01493172 0.00000000 -0.00004333
v 0.01503164 0.00000000 0.00251108
v 0.01576012 0.00000000 0.00510977
v 0.01812617 0.00000000 0.00759342
v 0.01810852 0.00000000 0.01002213
v 0.01825010 0.00000000 0.01253632
v 0.01825578 0.00000000 0.01499005
v 0.01710043 0.00000000 0.01750425
v 0.01709465 0.00000000 0.02007187
v 0.01712518 0.00000000 0.02246634
v 0.01517267 0.00000000 0.02372344
v 0.01322017 0.00000000 0.02498054
v 0.01318963 0.00000000 0.02761445
v 0.01319898 0.00000000 0.03006093
v 0.01167491 0.00000000 0.03254078
v 0.01092467 0.00000000 0.03504084
v 0.00894153 0.00000000 0.03751515
v 0.00356155 0.00046889 -0.03750722
v 0.00712310 0.00093777 -0.03750986
v 0.01068465 0.00140666 -0.03751251
v 0.01424620 0.00187555 -0.03751515
v 0.01605959 0.00211429 -0.03631855
v 0.01787299 0.00235302 -0.03512195
v 0.01784342 0.00234913 -0.03272353
v 0.01789645 0.00235611 -0.03020934
v 0.01789645 0.00235611 -0.02769780
v 0.01789645 0.00235611 -0.02518361
v 0.01789655 0.00235613 -0.02266222
v 0.01804018 0.00237503 -0.02014803
v 0.01804008 0.00237502 -0.01764103
v 0.01804008 0.00237502 -0.01512684
v 0.01804009 0.00237502 -0.01260995
v 0.01809617 0.00238241 -0.01013240
v 0.01736457 0.00228609 -0.00769476
v 0.01557616 0.00205064 -0.00517490
v 0.01493588 0.00196635 -0.00259269
v 0.01480397 0.00194898 -0.00004333
v 0.01490304 0.00196202 0.00251108
v 0.01562529 0.00205711 0.00510977
v 0.01797110 0.00236594 0.00759342
v 0.01795360 0.00236364 0.01002213
v 0.01809397 0.00238212 0.01253632
v 0.01809960 0.00238286 0.01499005
v 0.01695413 0.00223205 0.01750425
v 0.01694840 0.00223130 0.02007187
v 0.01697867 0.00223528 0.02246634
v 0.01504287 0.00198043 0.02372344
v 0.01310707 0.00172558 0.02498054
v 0.01307680 0.00172159 0.02761445
v 0.01308606 0.00172281 0.03006093
v 0.01157503 0.00152388 0.03254078
v 0.01083121 0.00142596 0.03504084
v 0.00886504 0.00116710 0.03751515
v 0.00346988 0.00092975 -0.03750722
v 0.00693976 0.00185950 -0.03750986
v 0.01040964 0.00278925 -0.03751251
v 0.01387951 0.00371900 -0.03751515
v 0.01564623 0.00419240 -0.03631855
v 0.01741295 0.00466579 -0.03512195
v 0.01738415 0.00465807 -0.03272353
v 0.01743581 0.00467191 -0.03020934
v 0.01743580 0.00467191 -0.02769780
v 0.01743580 0.00467191 -0.02518361
v 0.01743590 0.00467194 -0.02266222
v 0.01757584 0.00470943 -0.02014803
v 0.01757574 0.00470940 -0.01764103
v 0.01757574 0.00470940 -0.01512684
v 0.01757576 0.00470941 -0.01260995
v 0.01763038 0.00472405 -0.01013240
v 0.01691762 0.00453306 -0.00769476
v 0.01517524 0.00406619 -0.00517490
v 0.01455144 0.00389905 -0.00259269
v 0.01442293 0.00386461 -0.00004333
v 0.01451945 0.00389047 0.00251108
v 0.01522311 0.00407902 0.00510977
v 0.01750853 0.00469140 0.00759342
v 0.01749149 0.00468683 0.01002213
v 0.01762825 0.00472347 0.01253632
v 0.01763373 0.00472494 0.01499005
v 0.01651774 0.00442592 0.01750425
v 0.01651217 0.00442442 0.02007187
v 0.01654166 0.00443232 0.02246634
v 0.01465568 0.00392698 0.02372344
v 0.01276970 0.00342163 0.02498054
v 0.01274021 0.00341373 0.02761445
v 0.01274924 0.00341615 0.03006093
v 0.01127710 0.00302169 0.03254078
v 0.01055243 0.00282751 0.03504084
v 0.00863686 0.00231424 0.03751515
v 0.00331884 0.00137471 -0.03750722
v 0.00663767 0.00274941 -0.03750986
v 0.00995651 0.00412412 -0.03751251
v 0.01327534 0.00549883 -0.03751515
v 0.01496516 0.00619877 -0.03631855
v 0.01665497 0.00689872 -0.03512195
v 0.01662742 0.00688730 -0.03272353
v 0.01667684 0.00690777 -0.03020934
v 0.01667683 0.00690777 -0.02769780
v 0.01667683 0.00690777 -0.02518361
v 0.01667693 0.00690781 -0.02266222
v 0.01681077 0.00696325 -0.02014803
v 0.01681067 0.00696321 -0.01764103
v 0.01681067 0.00696321 -0.01512684
v 0.01681069 0.00696322 -0.01260995
v 0.01686294 0.00698486 -0.01013240
v 0.01618120 0.00670247 -0.00769476
v 0.01451467 0.00601217 -0.00517490
v 0.01391802 0.00576503 -0.00259269
v 0.01379511 0.00571412 -0.00004333
v 0.01388742 0.00575236 0.00251108
v 0.01456045 0.00603114 0.00510977
v 0.01674640 0.00693658 0.00759342
v 0.01673009 0.00692983 0.01002213
v 0.01686090 0.00698401 0.01253632
v 0.01686614 0.00698618 0.01499005
v 0.01579873 0.00654405 0.01750425
v 0.01579340 0.00654184 0.02007187
v 0.01582160 0.00655352 0.02246634
v 0.01401772 0.00580633 0.02372344
v 0.01221384 0.00505914 0.02498054
v 0.01218563 0.00504745 0.02761445
v 0.01219427 0.00505103 0.03006093
v 0.01078621 0.00446779 0.03254078
v 0.01009308 0.00418069 0.03504084
v 0.00826090 0.00342178 0.03751515
v 0.00311101 0.00179614 -0.03750722
v 0.00622202 0.00359228 -0.03750986
v 0.00933302 0.00538842 -0.03751251
v 0.01244403 0.00718456 -0.03751515
v 0.01402803 0.00809909 -0.03631855
v 0.01561202 0.00901361 -0.03512195
v 0.01558620 0.00899870 -0.03272353
v 0.01563252 0.00902544 -0.03020934
v 0.01563251 0.00902544 -0.02769780
v 0.01563251 0.00902544 -0.02518361
v 0.01563260 0.00902549 -0.02266222
v 0.01575807 0.00909792 -0.02014803
v 0.01575798 0.00909787 -0.01764103
v 0.01575798 0.00909787 -0.01512684
v 0.01575799 0.00909788 -0.01260995
v 0.01580697 0.00912616 -0.01013240
v 0.01516792 0.00875720 -0.00769476
v 0.01360575 0.00785528 -0.00517490
v 0.01304647 0.00753238 -0.00259269
v 0.01293125 0.00746586 -0.00004333
v 0.01301778 0.00751582 0.00251108
v 0.01364866 0.00788006 0.00510977
v 0.01569772 0.00906308 0.00759342
v 0.01568244 0.00905426 0.01002213
v 0.01580505 0.00912505 0.01253632
v 0.01580997 0.00912789 0.01499005
v 0.01480940 0.00855021 0.01750425
v 0.01480440 0.00854733 0.02007187
v 0.01483084 0.00856259 0.02246634
v 0.01313992 0.00758634 0.02372344
v 0.01144900 0.00661008 0.02498054
v 0.01142256 0.00659482 0.02761445
v 0.01143065 0.00659949 0.03006093
v 0.01011077 0.00583746 0.03254078
v 0.00946105 0.00546234 0.03504084
v 0.00774359 0.00447077 0.03751515
v 0.00284995 0.00218684 -0.03750722
v 0.00569990 0.00437369 -0.03750986
v 0.00854985 0.00656053 -0.03751251
v 0.01139980 0.00874737 -0.03751515
v 0.01285087 0.00986082 -0.03631855
v 0.01430195 0.01097427 -0.03512195
v 0.01427829 0.01095612 -0.03272353
v 0.01432073 0.01098868 -0.03020934
v 0.01432072 0.01098868 -0.02769780
v 0.01432072 0.01098868 -0.02518361
v 0.01432080 0.01098874 -0.02266222
v 0.01443574 0.01107693 -0.02014803
v 0.01443565 0.01107687 -0.01764103
v 0.01443565 0.01107687 -0.01512684
v 0.01443567 0.01107688 -0.01260995
v 0.01448054 0.01111131 -0.01013240
v 0.01389511 0.01066209 -0.00769476
v 0.01246403 0.00956399 -0.00517490
v 0.01195168 0.00917085 -0.00259269
v 0.01184613 0.00908985 -0.00004333
v 0.01192540 0.00915068 0.00251108
v 0.01250334 0.00959415 0.00510977
v 0.01438046 0.01103451 0.00759342
v 0.01436645 0.01102377 0.01002213
v 0.01447878 0.01110996 0.01253632
v 0.01448328 0.01111341 0.01499005
v 0.01356668 0.01041008 0.01750425
v 0.01356210 0.01040656 0.02007187
v 0.01358632 0.01042515 0.02246634
v 0.01203729 0.00923654 0.02372344
v 0.01048826 0.00804793 0.02498054
v 0.01046404 0.00802934 0.02761445
v 0.01047145 0.00803503 0.03006093
v 0.00926233 0.00710724 0.03254078
v 0.00866713 0.00665052 0.03504084
v 0.00709379 0.00544326 0.03751515
v 0.00254013 0.00254013 -0.03750722
v 0.00508025 0.00508025 -0.03750986
v 0.00762038 0.00762038 -0.03751251
v 0.01016051 0.01016051 -0.03751515
v 0.01145384 0.01145384 -0.03631855
v 0.01274716 0.01274716 -0.03512195
v 0.01272608 0.01272608 -0.03272353
v 0.01276390 0.01276390 -0.03020934
v 0.01276390 0.01276390 -0.02769780
v 0.01276390 0.01276390 -0.02518361
v 0.01276397 0.01276397 -0.02266222
v 0.01286641 0.01286641 -0.02014803
v 0.01286633 0.01286633 -0.01764103
v 0.01286633 0.01286633 -0.01512684
v 0.01286635 0.01286635 -0.01260995
v 0.01290634 0.01290634 -0.01013240
v 0.01238456 0.01238456 -0.00769476
v 0.01110905 0.01110905 -0.00517490
v 0.01065239 0.01065239 -0.00259269
v 0.01055832 0.01055832 -0.00004333
v 0.01062897 0.01062897 0.00251108
v 0.01114409 0.01114409 0.00510977
v 0.01281714 0.01281714 0.00759342
v 0.01280466 0.01280466 0.01002213
v 0.01290477 0.01290477 0.01253632
v 0.01290879 0.01290879 0.01499005
v 0.01209183 0.01209183 0.01750425
v 0.01208774 0.01208774 0.02007187
v 0.01210933 0.01210933 0.02246634
v 0.01072870 0.01072870 0.02372344
v 0.00934807 0.00934807 0.02498054
v 0.00932648 0.00932648 0.02761445
v 0.00933309 0.00933309 0.03006093
v 0.00825541 0.00825541 0.03254078
v 0.00772491 0.00772491 0.03504084
v 0.00632262 0.00632262 0.03751515
v 0.00218684 0.00284995 -0.03750722
v 0.00437369 0.00569990 -0.03750986
v 0.00656053 0.00854985 -0.03751251
v 0.00874737 0.01139980 -0.03751515
v 0.00986082 0.01285087 -0.03631855
v 0.01097427 0.01430195 -0.03512195
v 0.01095612 0.01427829 -0.03272353
v 0.01098868 0.01432073 -0.03020934
v 0.01098868 0.01432072 -0.02769780
v 0.01098868 0.01432072 -0.02518361
v 0.01098874 0.01432080 -0.02266222
v 0.01107693 0.01443574 -0.02014803
v 0.01107687 0.01443565 -0.01764103
v 0.01107687 0.01443565 -0.01512684
v 0.01107688 0.01443567 -0.01260995
v 0.01111131 0.01448054 -0.01013240
v 0.01066209 0.01389511 -0.00769476
v 0.00956399 0.01246403 -0.00517490
v 0.00917085 0.01195168 -0.00259269
v 0.00908985 0.01184613 -0.00004333
v 0.00915068 0.01192540 0.00251108
v 0.00959415 0.01250334 0.00510977
v 0.01103451 0.01438046 0.00759342
v 0.01102377 0.01436645 0.01002213
v 0.01110996 0.01447878 0.01253632
v 0.01111341 0.01448328 0.01499005
v 0.01041008 0.01356668 0.01750425
v 0.01040656 0.01356210 0.02007187
v 0.01042515 0.01358632 0.02246634
v 0.00923654 0.01203729 0.02372344
v 0.00804793 0.01048826 0.02498054
v 0.00802934 0.01046404 0.02761445
v 0.00803503 0.01047145 0.03006093
v 0.00710724 0.00926233 0.03254078
v 0.00665052 0.00866713 0.03504084
v 0.00544326 0.00709379 0.03751515
v 0.00179614 0.00311101 -0.03750722
v 0.00359228 0.00622202 -0.03750986
v 0.00538842 0.00933302 -0.03751251
v 0.00718456 0.01244403 -0.03751515
v 0.00809909 0.01402803 -0.03631855
v 0.00901361 0.01561202 -0.03512195
v 0.00899870 0.01558620 -0.03272353
v 0.00902544 0.01563252 -0.03020934
v 0.00902544 0.01563251 -0.02769780
v 0.00902544 0.01563251 -0.02518361
v 0.00902549 0.01563260 -0.02266222
v 0.00909792 0.01575807 -0.02014803
v 0.00909787 0.01575798 -0.01764103
v 0.00909787 0.01575798 -0.01512684
v 0.00909788 0.01575799 -0.01260995
v 0.00912616 0.01580697 -0.01013240
v 0.00875720 0.01516792 -0.00769476
v 0.00785528 0.01360575 -0.00517490
v 0.00753238 0.01304647 -0.00259269
v 0.00746586 0.01293125 -0.00004333
v 0.00751582 0.01301778 0.00251108
v 0.00788006 0.01364866 0.00510977
v 0.00906308 0.01569772 0.00759342
v 0.00905426 0.01568244 0.01002213
v 0.00912505 0.01580505 0.01253632
v 0.00912789 0.01580997 0.01499005
v 0.00855021 0.01480940 0.01750425
v 0.00854733 0.01480440 0.02007187
v 0.00856259 0.01483084 0.02246634
v 0.00758634 0.01313992 0.02372344
v 0.00661008 0.01144900 0.02498054
v 0.00659482 0.01142256 0.02761445
v 0.00659949 0.01143065 0.03006093
v 0.00583746 0.01011077 0.03254078
v 0.00546234 0.00946105 0.03504084
v 0.00447077 0.00774359 0.03751515
v 0.00137471 0.00331884 -0.03750722
v 0.00274941 0.00663767 -0.03750986
v 0.00412412 0.00995651 -0.03751251
v 0.00549883 0.01327534 -0.03751515
v 0.00619877 0.01496516 -0.03631855
v 0.00689872 0.01665497 -0.03512195
v 0.00688730 0.01662742 -0.03272353
v 0.00690777 0.01667684 -0.03020934
v 0.00690777 0.01667683 -0.02769780
v 0.00690777 0.01667683 -0.02518361
v 0.00690781 0.01667693 -0.02266222
v 0.00696325 0.01681077 -0.02014803
v 0.00696321 0.01681067 -0.01764103
v 0.00696321 0.01681067 -0.01512684
v 0.00696322 0.01681069 -0.01260995
v 0.00698486 0.01686294 -0.01013240
v 0.00670247 0.01618120 -0.00769476
v 0.00601217 0.01451467 -0.00517490
v 0.00576503 0.01391802 -0.00259269
v 0.00571412 0.01379511 -0.00004333
v 0.00575236 0.01388742 0.00251108
v 0.00603114 0.01456045 0.00510977
v 0.00693658 0.01674640 0.00759342
v 0.00692983 0.01673009 0.01002213
v 0.00698401 0.01686090 0.01253632
v 0.00698618 0.01686614 0.01499005
v 0.00654405 0.01579873 0.01750425
v 0.00654184 0.01579340 0.02007187
v 0.00655352 0.01582160 0.02246634
v 0.00580633 0.01401772 0.02372344
v 0.00505914 0.01221384 0.02498054
v 0.00504745 0.01218563 0.02761445
v 0.00505103 0.01219427 0.03006093
v 0.00446779 0.01078621 0.03254078
v 0.00418069 0.01009308 0.03504084
v 0.00342178 0.00826090 0.03751515
v 0.00092975 0.00346988 -0.03750722
v 0.00185950 0.00693976 -0.03750986
v 0.00278925 0.01040964 -0.03751251
v 0.00371900 0.01387951 -0.03751515
v 0.00419240 0.01564623 -0.03631855
v 0.00466579 0.01741295 -0.03512195
v 0.00465807 0.01738415 -0.03272353
v 0.00467191 0.01743581 -0.03020934
v 0.00467191 0.01743580 -0.02769780
v 0.00467191 0.01743580 -0.02518361
v 0.00467194 0.01743590 -0.02266222
v 0.00470943 0.01757584 -0.02014803
v 0.00470940 0.01757574 -0.01764103
v 0.00470940 0.01757574 -0.01512684
v 0.00470941 0.01757576 -0.01260995
v 0.00472405 0.01763038 -0.01013240
v 0.00453306 0.01691762 -0.00769476
v 0.00406619 0.01517524 -0.00517490
v 0.00389905 0.01455144 -0.00259269
v 0.00386461 0.01442293 -0.00004333
v 0.00389047 0.01451945 0.00251108
v 0.00407902 0.01522311 0.00510977
v 0.00469140 0.01750853 0.00759342
v 0.00468683 0.01749149 0.01002213
v 0.00472347 0.01762825 0.01253632
v 0.00472494 0.01763373 0.01499005
v 0.00442592 0.01651774 0.01750425
v 0.00442442 0.01651217 0.02007187
v 0.00443232 0.01654166 0.02246634
v 0.00392698 0.01465568 0.02372344
v 0.00342163 0.01276970 0.02498054
v 0.00341373 0.01274021 0.02761445
v 0.00341615 0.01274924 0.03006093
v 0.00302169 0.01127710 0.03254078
v 0.00282751 0.01055243 0.03504084
v 0.00231424 0.00863686 0.03751515
v 0.00046889 0.00356155 -0.03750722
v 0.00093777 0.00712310 -0.03750986
v 0.00140666 0.01068465 -0.03751251
v 0.00187555 0.01424620 -0.03751515
v 0.00211429 0.01605959 -0.03631855
v 0.00235302 0.01787299 -0.03512195
v 0.00234913 0.01784342 -0.03272353
v 0.00235611 0.01789645 -0.03020934
v 0.00235611 0.01789645 -0.02769780
v 0.00235611 0.01789645 -0.02518361
v 0.00235613 0.01789655 -0.02266222
v 0.00237503 0.01804018 -0.02014803
v 0.00237502 0.01804008 -0.01764103
v 0.00237502 0.01804008 -0.01512684
v 0.00237502 0.01804009 -0.01260995
v 0.00238241 0.01809617 -0.01013240
v 0.00228609 0.01736457 -0.00769476
v 0.00205064 0.01557616 -0.00517490
v 0.00196635 0.01493588 -0.00259269
v 0.00194898 0.01480397 -0.00004333
v 0.00196202 0.01490304 0.00251108
v 0.00205711 0.01562529 0.00510977
v 0.00236594 0.01797110 0.00759342
v 0.00236364 0.01795360 0.01002213
v 0.00238212 0.01809397 0.01253632
v 0.00238286 0.01809960 0.01499005
v 0.00223205 0.01695413 0.01750425
v 0.00223130 0.01694840 0.02007187
v 0.00223528 0.01697867 0.02246634
v 0.00198043 0.01504287 0.02372344
v 0.00172558 0.01310707 0.02498054
v 0.00172159 0.01307680 0.02761445
v 0.00172281 0.01308606 0.03006093
v 0.00152388 0.01157503 0.03254078
v 0.00142596 0.01083121 0.03504084
v 0.00116710 0.00886504 0.03751515
v 0.00000000 0.00359228 -0.03750722
v 0.00000000 0.00718456 -0.03750986
v 0.00000000 0.01077685 -0.03751251
v 0.00000000 0.01436913 -0.03751515
v 0.00000000 0.01619817 -0.03631855
v 0.00000000 0.01802721 -0.03512195
v 0.00000000 0.01799739 -0.03272353
v 0.00000000 0.01805088 -0.03020934
v 0.00000000 0.01805087 -0.02769780
v 0.00000000 0.01805087 -0.02518361
v 0.00000000 0.01805098 -0.02266222
v 0.00000000 0.01819585 -0.02014803
v 0.00000000 0.01819574 -0.01764103
v 0.00000000 0.01819574 -0.01512684
v 0.00000000 0.01819576 -0.01260995
v 0.00000000 0.01825232 -0.01013240
v 0.00000000 0.01751441 -0.00769476
v 0.00000000 0.01571057 -0.00517490
v 0.00000000 0.01506476 -0.00259269
v 0.00000000 0.01493172 -0.00004333
v 0.00000000 0.01503164 0.00251108
v 0.00000000 0.01576012 0.00510977
v 0.00000000 0.01812617 0.00759342
v 0.00000000 0.01810852 0.01002213
v 0.00000000 0.01825010 0.01253632
v 0.00000000 0.01825578 0.01499005
v 0.00000000 0.01710043 0.01750425
v 0.00000000 0.01709465 0.02007187
v 0.00000000 0.01712518 0.02246634
v 0.00000000 0.01517267 0.02372344
v 0.00000000 0.01322017 0.02498054
v 0.00000000 0.01318963 0.02761445
v 0.00000000 0.01319898 0.03006093
v 0.00000000 0.01167491 0.03254078
v 0.00000000 0.01092467 0.03504084
v 0.00000000 0.00894153 0.03751515
v -0.00046889 0.00356155 -0.03750722
v -0.00093777 0.00712310 -0.03750986
v -0.00140666 0.01068465 -0.03751251
v -0.00187555 0.01424620 -0.03751515
v -0.00211429 0.01605959 -0.03631855
v -0.00235302 0.01787299 -0.03512195
v -0.00234913 0.01784342 -0.03272353
v -0.00235611 0.01789645 -0.03020934
v -0.00235611 0.01789645 -0.02769780
v -0.00235611 0.01789645 -0.02518361
v -0.00235613 0.01789655 -0.02266222
v -0.00237503 0.01804018 -0.02014803
v -0.00237502 0.01804008 -0.01764103
v -0.00237502 0.01804008 -0.01512684
v -0.00237502 0.01804009 -0.01260995
v -0.00238241 0.01809617 -0.01013240
v -0.00228609 0.01736457 -0.00769476
v -0.00205064 0.01557616 -0.00517490
v -0.00196635 0.01493588 -0.00259269
v -0.00194898 0.01480397 -0.00004333
v -0.00196202 0.01490304 0.00251108
v -0.00205711 0.01562529 0.00510977
v -0.00236594 0.01797110 0.00759342
v -0.00236364 0.01795360 0.01002213
v -0.00238212 0.01809397 0.01253632
v -0.00238286 0.01809960 0.01499005
v -0.00223205 0.01695413 0.01750425
v -0.00223130 0.01694840 0.02007187
v -0.00223528 0.01697867 0.02246634
v -0.00198043 0.01504287 0.02372344
v -0.00172558 0.01310707 0.02498054
v -0.00172159 0.01307680 0.02761445
v -0.00172281 0.01308606 0.03006093
v -0.00152388 0.01157503 0.03254078
v -0.00142596 0.01083121 0.03504084
v -0.00116710 0.00886504 0.03751515
v -0.00092975 0.00346988 -0.03750722
v -0.00185950 0.00693976 -0.03750986
v -0.00278925 0.01040964 -0.03751251
v -0.00371900 0.01387951 -0.03751515
v -0.00419240 0.01564623 -0.03631855
v -0.00466579 0.01741295 -0.03512195
v -0.00465807 0.01738415 -0.03272353
v -0.00467191 0.01743581 -0.03020934
v -0.00467191 0.01743580 -0.02769780
v -0.00467191 0.01743580 -0.02518361
v -0.00467194 0.01743590 -0.02266222
v -0.00470943 0.01757584 -0.02014803
v -0.00470940 0.01757574 -0.01764103
v -0.00470940 0.01757574 -0.01512684
v -0.00470941 0.01757576 -0.01260995
v -0.00472405 0.01763038 -0.01013240
v -0.00453306 0.01691762 -0.00769476
v -0.00406619 0.01517524 -0.00517490
v -0.00389905 0.01455144 -0.00259269
v -0.00386461 0.01442293 -0.00004333
v -0.00389047 0.01451945 0.00251108
v -0.00407902 0.01522311 0.00510977
v -0.00469140 0.01750853 0.00759342
v -0.00468683 0.01749149 0.01002213
v -0.00472347 0.01762825 0.01253632
v -0.00472494 0.01763373 0.01499005
v -0.00442592 0.01651774 0.01750425
v -0.00442442 0.01651217 0.02007187
v -0.00443232 0.01654166 0.02246634
v -0.00392698 0.01465568 0.02372344
v -0.00342163 0.01276970 0.02498054
v -0.00341373 0.01274021 0.02761445
v -0.00341615 0.01274924 0.03006093
v -0.00302169 0.01127710 0.03254078
v -0.00282751 0.01055243 0.03504084
v -0.00231424 0.00863686 0.03751515
v -0.00137471 0.00331884 -0.03750722
v -0.00274941 0.00663767 -0.03750986
v -0.00412412 0.00995651 -0.03751251
v -0.00549883 0.01327534 -0.03751515
v -0.00619877 0.01496516 -0.03631855
v -0.00689872 0.01665497 -0.03512195
v -0.00688730 0.01662742 -0.03272353
v -0.00690777 0.01667684 -0.03020934
v -0.00690777 0.01667683 -0.02769780
v -0.00690777 0.01667683 -0.02518361
v -0.00690781 0.01667693 -0.02266222
v -0.00696325 0.01681077 -0.02014803
v -0.00696321 0.01681067 -0.01764103
v -0.00696321 0.01681067 -0.01512684
v -0.00696322 0.01681069 -0.01260995
v -0.00698486 0.01686294 -0.01013240
v -0.00670247 0.01618120 -0.00769476
v -0.00601217 0.01451467 -0.00517490
v -0.00576503 0.01391802 -0.00259269
v -0.00571412 0.01379511 -0.00004333
v -0.00575236 0.01388742 0.00251108
v -0.00603114 0.01456045 0.00510977
v -0.00693658 0.01674640 0.00759342
v -0.00692983 0.01673009 0.01002213
v -0.00698401 0.01686090 0.01253632
v -0.00698618 0.01686614 0.01499005
v -0.00654405 0.01579873 0.01750425
v -0.00654184 0.01579340 0.02007187
v -0.00655352 0.01582160 0.02246634
v -0.00580633 0.01401772 0.02372344
v -0.00505914 0.01221384 0.02498054
v -0.00504745 0.01218563 0.02761445
v -0.00505103 0.01219427 0.03006093
v -0.00446779 0.01078621 0.03254078
v -0.00418069 0.01009308 0.03504084
v -0.00342178 0.00826090 0.03751515
v -0.00179614 0.00311101 -0.03750722
v -0.00359228 0.00622202 -0.03750986
v -0.00538842 0.00933302 -0.03751251
v -0.00718456 0.01244403 -0.03751515
v -0.00809909 0.01402803 -0.03631855
v -0.00901361 0.01561202 -0.03512195
v -0.00899870 0.01558620 -0.03272353
v -0.00902544 0.01563252 -0.03020934
v -0.00902544 0.01563251 -0.02769780
v -0.00902544 0.01563251 -0.02518361
v -0.00902549 0.01563260 -0.02266222
v -0.00909792 0.01575807 -0.02014803
v -0.00909787 0.01575798 -0.01764103
v -0.00909787 0.01575798 -0.01512684
v -0.00909788 0.01575799 -0.01260995
v -0.00912616 0.01580697 -0.01013240
v -0.00875720 0.01516792 -0.00769476
v -0.00785528 0.01360575 -0.00517490
v -0.00753238 0.01304647 -0.00259269
v -0.00746586 0.01293125 -0.00004333
v -0.00751582 0.01301778 0.00251108
v -0.00788006 0.01364866 0.00510977
v -0.00906308 0.01569772 0.00759342
v -0.00905426 0.01568244 0.01002213
v -0.00912505 0.01580505 0.01253632
v -0.00912789 0.01580997 0.01499005
v -0.00855021 0.01480940 0.01750425
v -0.00854733 0.01480440 0.02007187
v -0.00856259 0.01483084 0.02246634
v -0.00758634 0.01313992 0.02372344
v -0.00661008 0.01144900 0.02498054
v -0.00659482 0.01142256 0.02761445
v -0.00659949 0.01143065 0.03006093
v -0.00583746 0.01011077 0.03254078
v -0.00546234 0.00946105 0.03504084
v -0.00447077 0.00774359 0.03751515
v -0.00218684 0.00284995 -0.03750722
v -0.00437369 0.00569990 -0.03750986
v -0.00656053 0.00854985 -0.03751251
v -0.00874737 0.01139980 -0.03751515
v -0.00986082 0.01285087 -0.03631855
v -0.01097427 0.01430195 -0.03512195
v -0.01095612 0.01427829 -0.03272353
v -0.01098868 0.01432073 -0.03020934
v -0.01098868 0.01432072 -0.02769780
v -0.01098868 0.01432072 -0.02518361
v -0.01098874 0.01432080 -0.02266222
v -0.01107693 0.01443574 -0.02014803
v -0.01107687 0.01443565 -0.01764103
v -0.01107687 0.01443565 -0.01512684
v -0.01107688 0.01443567 -0.01260995
v -0.01111131 0.01448054 -0.01013240
v -0.01066209 0.01389511 -0.00769476
v -0.00956399 0.01246403 -0.00517490
v -0.00917085 0.01195168 -0.00259269
v -0.00908985 0.01184613 -0.00004333
v -0.00915068 0.01192540 0.00251108
v -0.00959415 0.01250334 0.00510977
v -0.01103451 0.01438046 0.00759342
v -0.01102377 0.01436645 0.01002213
v -0.01110996 0.01447878 0.01253632
v -0.01111341 0.01448328 0.01499005
v -0.01041008 0.01356668 0.01750425
v -0.01040656 0.01356210 0.02007187
v -0.01042515 0.01358632 0.02246634
v -0.00923654 0.01203729 0.02372344
v -0.00804793 0.01048826 0.02498054
v -0.00802934 0.01046404 0.02761445
v -0.00803503 0.01047145 0.03006093
v -0.00710724 0.00926233 0.03254078
v -0.00665052 0.00866713 0.03504084
v -0.00544326 0.00709379 0.03751515
v -0.00254013 0.00254013 -0.03750722
v -0.00508025 0.00508025 -0.03750986
v -0.00762038 0.00762038 -0.03751251
v -0.01016051 0.01016051 -0.03751515
v -0.01145384 0.01145384 -0.03631855
v -0.01274716 0.01274716 -0.03512195
v -0.01272608 0.01272608 -0.03272353
v -0.01276390 0.01276390 -0.03020934
v -0.01276390 0.01276390 -0.02769780
v -0.01276390 0.01276390 -0.02518361
v -0.01276397 0.01276397 -0.02266222
v -0.01286641 0.01286641 -0.02014803
v -0.01286633 0.01286633 -0.01764103
v -0.01286633 0.01286633 -0.01512684
v -0.01286635 0.01286635 -0.01260995
v -0.01290634 0.01290634 -0.01013240
v -0.01238456 0.01238456 -0.00769476
v -0.01110905 0.01110905 -0.00517490
v -0.01065239 0.01065239 -0.00259269
v -0.01055832 0.01055832 -0.00004333
v -0.01062897 0.01062897 0.00251108
v -0.01114409 0.01114409 0.00510977
v -0.01281714 0.01281714 0.00759342
v -0.01280466 0.01280466 0.01002213
v -0.01290477 0.01290477 0.01253632
v -0.01290879 0.01290879 0.01499005
v -0.01209183 0.01209183 0.01750425
v -0.01208774 0.01208774 0.02007187
v -0.01210933 0.01210933 0.02246634
v -0.01072870 0.01072870 0.02372344
v -0.00934807 0.00934807 0.02498054
v -0.00932648 0.00932648 0.02761445
v -0.00933309 0.00933309 0.03006093
v -0.00825541 0.00825541 0.03254078
v -0.00772491 0.00772491 0.03504084
v -0.00632262 0.00632262 0.03751515
v -0.00284995 0.00218684 -0.03750722
v -0.00569990 0.00437369 -0.03750986
v -0.00854985 0.00656053 -0.03751251
v -0.01139980 0.00874737 -0.03751515
v -0.01285087 0.00986082 -0.03631855
v -0.01430195 0.01097427 -0.03512195
v -0.01427829 0.01095612 -0.03272353
v -0.01432073 0.01098868 -0.03020934
v -0.01432072 0.01098868 -0.02769780
v -0.01432072 0.01098868 -0.02518361
v -0.01432080 0.01098874 -0.02266222
v -0.01443574 0.01107693 -0.02014803
v -0.01443565 0.01107687 -0.01764103
v -0.01443565 0.01107687 -0.01512684
v -0.01443567 0.01107688 -0.01260995
v -0.01448054 0.01111131 -0.01013240
v -0.01389511 0.01066209 -0.00769476
v -0.01246403 0.00956399 -0.00517490
v -0.01195168 0.00917085 -0.00259269
v -0.01184613 0.00908985 -0.00004333
v -0.01192540 0.00915068 0.00251108
v -0.01250334 0.00959415 0.00510977
v -0.01438046 0.01103451 0.00759342
v -0.01436645 0.01102377 0.01002213
v -0.01447878 0.01110996 0.01253632
v -0.01448328 0.01111341 0.01499005
v -0.01356668 0.01041008 0.01750425
v -0.01356210 0.01040656 0.02007187
v -0.01358632 0.01042515 0.02246634
v -0.01203729 0.00923654 0.02372344
v -0.01048826 0.00804793 0.02498054
v -0.01046404 0.00802934 0.02761445
v -0.01047145 0.00803503 0.03006093
v -0.00926233 0.00710724 0.03254078
v -0.00866713 0.00665052 0.03504084
v -0.00709379 0.00544326 0.03751515
v -0.00311101 0.00179614 -0.03750722
v -0.00622202 0.00359228 -0.03750986
v -0.00933302 0.00538842 -0.03751251
v -0.01244403 0.00718456 -0.03751515
v -0.01402803 0.00809909 -0.03631855
v -0.01561202 0.00901361 -0.03512195
v -0.01558620 0.00899870 -0.03272353
v -0.01563252 0.00902544 -0.03020934
v -0.01563251 0.00902544 -0.02769780
v -0.01563251 0.00902544 -0.02518361
v -0.01563260 0.00902549 -0.02266222
v -0.01575807 0.00909792 -0.02014803
v -0.01575798 0.00909787 -0.01764103
v -0.01575798 0.00909787 -0.01512684
v -0.01575799 0.00909788 -0.01260995
v -0.01580697 0.00912616 -0.01013240
v -0.01516792 0.00875720 -0.00769476
v -0.01360575 0.00785528 -0.00517490
v -0.01304647 0.00753238 -0.00259269
v -0.01293125 0.00746586 -0.00004333
v -0.01301778 0.00751582 0.00251108
v -0.01364866 0.00788006 0.00510977
v -0.01569772 0.00906308 0.00759342
v -0.01568244 0.00905426 0.01002213
v -0.01580505 0.00912505 0.01253632
v -0.01580997 0.00912789 0.01499005
v -0.01480940 0.00855021 0.01750425
v -0.01480440 0.00854733 0.02007187
v -0.01483084 0.00856259 0.02246634
v -0.01313992 0.00758634 0.02372344
v -0.01144900 0.00661008 0.02498054
v -0.01142256 0.00659482 0.02761445
v -0.01143065 0.00659949 0.03006093
v -0.01011077 0.00583746 0.03254078
v -0.00946105 0.00546234 0.03504084
v -0.00774359 0.00447077 0.03751515
v -0.00331884 0.00137471 -0.03750722
v -0.00663767 0.00274941 -0.03750986
v -0.00995651 0.00412412 -0.03751251
v -0.01327534 0.00549883 -0.03751515
v -0.01496516 0.00619877 -0.03631855
v -0.01665497 0.00689872 -0.03512195
v -0.01662742 0.00688730 -0.03272353
v -0.01667684 0.00690777 -0.03020934
v -0.01667683 0.00690777 -0.02769780
v -0.01667683 0.00690777 -0.02518361
v -0.01667693 0.00690781 -0.02266222
v -0.01681077 0.00696325 -0.02014803
v -0.01681067 0.00696321 -0.01764103
v -0.01681067 0.00696321 -0.01512684
v -0.01681069 0.00696322 -0.01260995
v -0.01686294 0.00698486 -0.01013240
v -0.01618120 0.00670247 -0.00769476
v -0.01451467 0.00601217 -0.00517490
v -0.01391802 0.00576503 -0.00259269
v -0.01379511 0.00571412 -0.00004333
v -0.01388742 0.00575236 0.00251108
v -0.01456045 0.00603114 0.00510977
v -0.01674640 0.00693658 0.00759342
v -0.01673009 0.00692983 0.01002213
v -0.01686090 0.00698401 0.01253632
v -0.01686614 0.00698618 0.01499005
v -0.01579873 0.00654405 0.01750425
v -0.01579340 0.00654184 0.02007187
v -0.01582160 0.00655352 0.02246634
v -0.01401772 0.00580633 0.02372344
v -0.01221384 0.00505914 0.02498054
v -0.01218563 0.00504745 0.02761445
v -0.01219427 0.00505103 0.03006093
v -0.01078621 0.00446779 0.03254078
v -0.01009308 0.00418069 0.03504084
v -0.00826090 0.00342178 0.03751515
v -0.00346988 0.00092975 -0.03750722
v -0.00693976 0.00185950 -0.03750986
v -0.01040964 0.00278925 -0.03751251
v -0.01387951 0.00371900 -0.03751515
v -0.01564623 0.00419240 -0.03631855
v -0.01741295 0.00466579 -0.03512195
v -0.01738415 0.00465807 -0.03272353
v -0.01743581 0.00467191 -0.03020934
v -0.01743580 0.00467191 -0.02769780
v -0.01743580 0.00467191 -0.02518361
v -0.01743590 0.00467194 -0.02266222
v -0.01757584 0.00470943 -0.02014803
v -0.01757574 0.00470940 -0.01764103
v -0.01757574 0.00470940 -0.01512684
v -0.01757576 0.00470941 -0.01260995
v -0.01763038 0.00472405 -0.01013240
v -0.01691762 0.00453306 -0.00769476
v -0.01517524 0.00406619 -0.00517490
v -0.01455144 0.00389905 -0.00259269
v -0.01442293 0.00386461 -0.00004333
v -0.01451945 0.00389047 0.00251108
v -0.01522311 0.00407902 0.00510977
v -0.01750853 0.00469140 0.00759342
v -0.01749149 0.00468683 0.01002213
v -0.01762825 0.00472347 0.01253632
v -0.01763373 0.00472494 0.01499005
v -0.01651774 0.00442592 0.01750425
v -0.01651217 0.00442442 0.02007187
v -0.01654166 0.00443232 0.02246634
v -0.01465568 0.00392698 0.02372344
v -0.01276970 0.00342163 0.02498054
v -0.01274021 0.00341373 0.02761445
v -0.01274924 0.00341615 0.03006093
v -0.01127710 0.00302169 0.03254078
v -0.01055243 0.00282751 0.03504084
v -0.00863686 0.00231424 0.03751515
v -0.00356155 0.00046889 -0.03750722
v -0.00712310 0.00093777 -0.03750986
v -0.01068465 0.00140666 -0.03751251
v -0.01424620 0.00187555 -0.03751515
v -0.01605959 0.00211429 -0.03631855
v -0.01787299 0.00235302 -0.03512195
v -0.01784342 0.00234913 -0.03272353
v -0.01789645 0.00235611 -0.03020934
v -0.01789645 0.00235611 -0.02769780
v -0.01789645 0.00235611 -0.02518361
v -0.01789655 0.00235613 -0.02266222
v -0.01804018 0.00237503 -0.02014803
v -0.01804008 0.00237502 -0.01764103
v -0.01804008 0.00237502 -0.01512684
v -0.01804009 0.00237502 -0.01260995
v -0.01809617 0.00238241 -0.01013240
v -0.01736457 0.00228609 -0.00769476
v -0.01557616 0.00205064 -0.00517490
v -0.01493588 0.00196635 -0.00259269
v -0.01480397 0.00194898 -0.00004333
v -0.01490304 0.00196202 0.00251108
v -0.01562529 0.00205711 0.00510977
v -0.01797110 0.00236594 0.00759342
v -0.01795360 0.00236364 0.01002213
v -0.01809397 0.00238212 0.01253632
v -0.01809960 0.00238286 0.01499005
v -0.01695413 0.00223205 0.01750425
v -0.01694840 0.00223130 0.02007187
v -0.01697867 0.00223528 0.02246634
v -0.01504287 0.00198043 0.02372344
v -0.01310707 0.00172558 0.02498054
v -0.01307680 0.00172159 0.02761445
v -0.01308606 0.00172281 0.03006093
v -0.01157503 0.00152388 0.03254078
v -0.01083121 0.00142596 0.03504084
v -0.00886504 0.00116710 0.03751515
v -0.00359228 0.00000000 -0.03750722
v -0.00718456 0.00000000 -0.03750986
v -0.01077685 0.00000000 -0.03751251
v -0.01436913 0.00000000 -0.03751515
v -0.01619817 0.00000000 -0.03631855
v -0.01802721 0.00000000 -0.03512195
v -0.01799739 0.00000000 -0.03272353
v -0.01805088 0.00000000 -0.03020934
v -0.01805087 0.00000000 -0.02769780
v -0.01805087 0.00000000 -0.02518361
v -0.01805098 0.00000000 -0.02266222
v -0.01819585 0.00000000 -0.02014803
v -0.01819574 0.00000000 -0.01764103
v -0.01819574 0.00000000 -0.01512684
v -0.01819576 0.00000000 -0.01260995
v -0.01825232 0.00000000 -0.01013240
v -0.01751441 0.00000000 -0.00769476
v -0.01571057 0.00000000 -0.00517490
v -0.01506476 0.00000000 -0.00259269
v -0.01493172 0.00000000 -0.00004333
v -0.01503164 0.00000000 0.00251108
v -0.01576012 0.00000000 0.00510977
v -0.01812617 0.00000000 0.00759342
v -0.01810852 0.00000000 0.01002213
v -0.01825010 0.00000000 0.01253632
v -0.01825578 0.00000000 0.01499005
v -0.01710043 0.00000000 0.01750425
v -0.01709465 0.00000000 0.02007187
v -0.01712518 0.00000000 0.02246634
v -0.01517267 0.00000000 0.02372344
v -0.01322017 0.00000000 0.02498054
v -0.01318963 0.00000000 0.02761445
v -0.01319898 0.00000000 0.03006093
v -0.01167491 0.00000000 0.03254078
v -0.01092467 0.00000000 0.03504084
v -0.00894153 0.00000000 0.03751515
v -0.00356155 -0.00046889 -0.03750722
v -0.00712310 -0.00093777 -0.03750986
v -0.01068465 -0.00140666 -0.03751251
v -0.01424620 -0.00187555 -0.03751515
v -0.01605959 -0.00211429 -0.03631855
v -0.01787299 -0.00235302 -0.03512195
v -0.01784342 -0.00234913 -0.03272353
v -0.01789645 -0.00235611 -0.03020934
v -0.01789645 -0.00235611 -0.02769780
v -0.01789645 -0.00235611 -0.02518361
v -0.01789655 -0.00235613 -0.02266222
v -0.01804018 -0.00237503 -0.02014803
v -0.01804008 -0.00237502 -0.01764103
v -0.01804008 -0.00237502 -0.01512684
v -0.01804009 -0.00237502 -0.01260995
v -0.01809617 -0.00238241 -0.01013240
v -0.01736457 -0.00228609 -0.00769476
v -0.01557616 -0.00205064 -0.00517490
v -0.01493588 -0.00196635 -0.00259269
v -0.01480397 -0.00194898 -0.00004333
v -0.01490304 -0.00196202 0.00251108
v -0.01562529 -0.00205711 0.00510977
v -0.01797110 -0.00236594 0.00759342
v -0.01795360 -0.00236364 0.01002213
v -0.01809397 -0.00238212 0.01253632
v -0.01809960 -0.00238286 0.01499005
v -0.01695413 -0.00223205 0.01750425
v -0.01694840 -0.00223130 0.02007187
v -0.01697867 -0.00223528 0.02246634
v -0.01504287 -0.00198043 0.02372344
v -0.01310707 -0.00172558 0.02498054
v -0.01307680 -0.00172159 0.02761445
v -0.01308606 -0.00172281 0.03006093
v -0.01157503 -0.00152388 0.03254078
v -0.01083121 -0.00142596 0.03504084
v -0.00886504 -0.00116710 0.03751515
v -0.00346988 -0.00092975 -0.03750722
v -0.00693976 -0.00185950 -0.03750986
v -0.01040964 -0.00278925 -0.03751251
v -0.01387951 -0.00371900 -0.03751515
v -0.01564623 -0.00419240 -0.03631855
v -0.01741295 -0.00466579 -0.03512195
v -0.01738415 -0.00465807 -0.03272353
v -0.01743581 -0.00467191 -0.03020934
v -0.01743580 -0.00467191 -0.02769780
v -0.01743580 -0.00467191 -0.02518361
v -0.01743590 -0.00467194 -0.02266222
v -0.01757584 -0.00470943 -0.02014803
v -0.01757574 -0.00470940 -0.01764103
v -0.01757574 -0.00470940 -0.01512684
v -0.01757576 -0.00470941 -0.01260995
v -0.01763038 -0.00472405 -0.01013240
v -0.01691762 -0.00453306 -0.00769476
v -0.01517524 -0.00406619 -0.00517490
v -0.01455144 -0.00389905 -0.00259269
v -0.01442293 -0.00386461 -0.00004333
v -0.01451945 -0.00389047 0.00251108
v -0.01522311 -0.00407902 0.00510977
v -0.01750853 -0.00469140 0.00759342
v -0.01749149 -0.00468683 0.01002213
v -0.01762825 -0.00472347 0.01253632
v -0.01763373 -0.00472494 0.01499005
v -0.01651774 -0.00442592 0.01750425
v -0.01651217 -0.00442442 0.02007187
v -0.01654166 -0.00443232 0.02246634
v -0.01465568 -0.00392698 0.02372344
v -0.01276970 -0.00342163 0.02498054
v -0.01274021 -0.00341373 0.02761445
v -0.01274924 -0.00341615 0.03006093
v -0.01127710 -0.00302169 0.03254078
v -0.01055243 -0.00282751 0.03504084
v -0.00863686 -0.00231424 0.03751515
v -0.00331884 -0.00137471 -0.03750722
v -0.00663767 -0.00274941 -0.03750986
v -0.00995651 -0.00412412 -0.03751251
v -0.01327534 -0.00549883 -0.03751515
v -0.01496516 -0.00619877 -0.03631855
v -0.01665497 -0.00689872 -0.03512195
v -0.01662742 -0.00688730 -0.03272353
v -0.01667684 -0.00690777 -0.03020934
v -0.01667683 -0.00690777 -0.02769780
v -0.01667683 -0.00690777 -0.02518361
v -0.01667693 -0.00690781 -0.02266222
v -0.01681077 -0.00696325 -0.02014803
v -0.01681067 -0.00696321 -0.01764103
v -0.01681067 -0.00696321 -0.01512684
v -0.01681069 -0.00696322 -0.01260995
v -0.01686294 -0.00698486 -0.01013240
v -0.01618120 -0.00670247 -0.00769476
v -0.01451467 -0.00601217 -0.00517490
v -0.01391802 -0.00576503 -0.00259269
v -0.01379511 -0.00571412 -0.00004333
v -0.01388742 -0.00575236 0.00251108
v -0.01456045 -0.00603114 0.00510977
v -0.01674640 -0.00693658 0.00759342
v -0.01673009 -0.00692983 0.01002213
v -0.01686090 -0.00698401 0.01253632
v -0.01686614 -0.00698618 0.01499005
v -0.01579873 -0.00654405 0.01750425
v -0.01579340 -0.00654184 0.02007187
v -0.01582160 -0.00655352 0.02246634
v -0.01401772 -0.00580633 0.02372344
v -0.01221384 -0.00505914 0.02498054
v -0.01218563 -0.00504745 0.02761445
v -0.01219427 -0.00505103 0.03006093
v -0.01078621 -0.00446779 0.03254078
v -0.01009308 -0.00418069 0.03504084
v -0.00826090 -0.00342178 0.03751515
v -0.00311101 -0.00179614 -0.03750722
v -0.00622202 -0.00359228 -0.03750986
v -0.00933302 -0.00538842 -0.03751251
v -0.01244403 -0.00718456 -0.03751515
v -0.01402803 -0.00809909 -0.03631855
v -0.01561202 -0.00901361 -0.03512195
v -0.01558620 -0.00899870 -0.03272353
v -0.01563252 -0.00902544 -0.03020934
v -0.01563251 -0.00902544 -0.02769780
v -0.01563251 -0.00902544 -0.02518361
v -0.01563260 -0.00902549 -0.02266222
v -0.01575807 -0.00909792 -0.02014803
v -0.01575798 -0.00909787 -0.01764103
v -0.01575798 -0.00909787 -0.01512684
v -0.01575799 -0.00909788 -0.01260995
v -0.01580697 -0.00912616 -0.01013240
v -0.01516792 -0.00875720 -0.00769476
v -0.01360575 -0.00785528 -0.00517490
v -0.01304647 -0.00753238 -0.00259269
v -0.01293125 -0.00746586 -0.00004333
v -0.01301778 -0.00751582 0.00251108
v -0.01364866 -0.00788006 0.00510977
v -0.01569772 -0.00906308 0.00759342
v -0.01568244 -0.00905426 0.01002213
v -0.01580505 -0.00912505 0.01253632
v -0.01580997 -0.00912789 0.01499005
v -0.01480940 -0.00855021 0.01750425
v -0.01480440 -0.00854733 0.02007187
v -0.01483084 -0.00856259 0.02246634
v -0.01313992 -0.00758634 0.02372344
v -0.01144900 -0.00661008 0.02498054
v -0.01142256 -0.00659482 0.02761445
v -0.01143065 -0.00659949 0.03006093
v -0.01011077 -0.00583746 0.03254078
v -0.00946105 -0.00546234 0.03504084
v -0.00774359 -0.00447077 0.03751515
v -0.00284995 -0.00218684 -0.03750722
v -0.00569990 -0.00437369 -0.03750986
v -0.00854985 -0.00656053 -0.03751251
v -0.01139980 -0.00874737 -0.03751515
v -0.01285087 -0.00986082 -0.03631855
v -0.01430195 -0.01097427 -0.03512195
v -0.01427829 -0.01095612 -0.03272353
v -0.01432073 -0.01098868 -0.03020934
v -0.01432072 -0.01098868 -0.02769780
v -0.01432072 -0.01098868 -0.02518361
v -0.01432080 -0.01098874 -0.02266222
v -0.01443574 -0.01107693 -0.02014803
v -0.01443565 -0.01107687 -0.01764103
v -0.01443565 -0.01107687 -0.01512684
v -0.01443567 -0.01107688 -0.01260995
v -0.01448054 -0.01111131 -0.01013240
v -0.01389511 -0.01066209 -0.00769476
v -0.01246403 -0.00956399 -0.00517490
v -0.01195168 -0.00917085 -0.00259269
v -0.01184613 -0.00908985 -0.00004333
v -0.01192540 -0.00915068 0.00251108
v -0.01250334 -0.00959415 0.00510977
v -0.01438046 -0.01103451 0.00759342
v -0.01436645 -0.01102377 0.01002213
v -0.01447878 -0.01110996 0.01253632
v -0.01448328 -0.01111341 0.01499005
v -0.01356668 -0.01041008 0.01750425
v -0.01356210 -0.01040656 0.02007187
v -0.01358632 -0.01042515 0.02246634
v -0.01203729 -0.00923654 0.02372344
v -0.01048826 -0.00804793 0.02498054
v -0.01046404 -0.00802934 0.02761445
v -0.01047145 -0.00803503 0.03006093
v -0.00926233 -0.00710724 0.03254078
v -0.00866713 -0.00665052 0.03504084
v -0.00709379 -0.00544326 0.03751515
v -0.00254013 -0.00254013 -0.03750722
v -0.00508025 -0.00508025 -0.03750986
v -0.00762038 -0.00762038 -0.03751251
v -0.01016051 -0.01016051 -0.03751515
v -0.01145384 -0.01145384 -0.03631855
v -0.01274716 -0.01274716 -0.03512195
v -0.01272608 -0.01272608 -0.03272353
v -0.01276390 -0.01276390 -0.03020934
v -0.01276390 -0.01276390 -0.02769780
v -0.01276390 -0.01276390 -0.02518361
v -0.01276397 -0.01276397 -0.02266222
v -0.01286641 -0.01286641 -0.02014803
v -0.01286633 -0.01286633 -0.01764103
v -0.01286633 -0.01286633 -0.01512684
v -0.01286635 -0.01286635 -0.01260995
v -0.01290634 -0.01290634 -0.01013240
v -0.01238456 -0.01238456 -0.00769476
v -0.01110905 -0.01110905 -0.00517490
v -0.01065239 -0.01065239 -0.00259269
v -0.01055832 -0.01055832 -0.00004333
v -0.01062897 -0.01062897 0.00251108
v -0.01114409 -0.01114409 0.00510977
v -0.01281714 -0.01281714 0.00759342
v -0.01280466 -0.01280466 0.01002213
v -0.01290477 -0.01290477 0.01253632
v -0.01290879 -0.01290879 0.01499005
v -0.01209183 -0.01209183 0.01750425
v -0.01208774 -0.01208774 0.02007187
v -0.01210933 -0.01210933 0.02246634
v -0.01072870 -0.01072870 0.02372344
v -0.00934807 -0.00934807 0.02498054
v -0.00932648 -0.00932648 0.02761445
v -0.00933309 -0.00933309 0.03006093
v -0.00825541 -0.00825541 0.03254078
v -0.00772491 -0.00772491 0.03504084
v -0.00632262 -0.00632262 0.03751515
v -0.00218684 -0.00284995 -0.03750722
v -0.00437369 -0.00569990 -0.03750986
v -0.00656053 -0.00854985 -0.03751251
v -0.00874737 -0.01139980 -0.03751515
v -0.00986082 -0.01285087 -0.03631855
v -0.01097427 -0.01430195 -0.03512195
v -0.01095612 -0.01427829 -0.03272353
v -0.01098868 -0.01432073 -0.03020934
v -0.01098868 -0.01432072 -0.02769780
v -0.01098868 -0.01432072 -0.02518361
v -0.01098874 -0.01432080 -0.02266222
v -0.01107693 -0.01443574 -0.02014803
v -0.01107687 -0.01443565 -0.01764103
v -0.01107687 -0.01443565 -0.01512684
v -0.01107688 -0.01443567 -0.01260995
v -0.01111131 -0.01448054 -0.01013240
v -0.01066209 -0.01389511 -0.00769476
v -0.00956399 -0.01246403 -0.00517490
v -0.00917085 -0.01195168 -0.00259269
v -0.00908985 -0.01184613 -0.00004333
v -0.00915068 -0.01192540 0.00251108
v -0.00959415 -0.01250334 0.00510977
v -0.01103451 -0.01438046 0.00759342
v -0.01102377 -0.01436645 0.01002213
v -0.01110996 -0.01447878 0.01253632
v -0.01111341 -0.01448328 0.01499005
v -0.01041008 -0.01356668 0.01750425
v -0.01040656 -0.01356210 0.02007187
v -0.01042515 -0.01358632 0.02246634
v -0.00923654 -0.01203729 0.02372344
v -0.00804793 -0.01048826 0.02498054
v -0.00802934 -0.01046404 0.02761445
v -0.00803503 -0.01047145 0.03006093
v -0.00710724 -0.00926233 0.03254078
v -0.00665052 -0.00866713 0.03504084
v -0.00544326 -0.00709379 0.03751515
v -0.00179614 -0.00311101 -0.03750722
v -0.00359228 -0.00622202 -0.03750986
v -0.00538842 -0.00933302 -0.03751251
v -0.00718456 -0.01244403 -0.03751515
v -0.00809909 -0.01402803 -0.03631855
v -0.00901361 -0.01561202 -0.03512195
v -0.00899870 -0.01558620 -0.03272353
v -0.00902544 -0.01563252 -0.03020934
v -0.00902544 -0.01563251 -0.02769780
v -0.00902544 -0.01563251 -0.02518361
v -0.00902549 -0.01563260 -0.02266222
v -0.00909792 -0.01575807 -0.02014803
v -0.00909787 -0.01575798 -0.01764103
v -0.00909787 -0.01575798 -0.01512684
v -0.00909788 -0.01575799 -0.01260995
v -0.00912616 -0.01580697 -0.01013240
v -0.00875720 -0.01516792 -0.00769476
v -0.00785528 -0.01360575 -0.00517490
v -0.00753238 -0.01304647 -0.00259269
v -0.00746586 -0.01293125 -0.00004333
v -0.00751582 -0.01301778 0.00251108
v -0.00788006 -0.01364866 0.00510977
v -0.00906308 -0.01569772 0.00759342
v -0.00905426 -0.01568244 0.01002213
v -0.00912505 -0.01580505 0.01253632
v -0.00912789 -0.01580997 0.01499005
v -0.00855021 -0.01480940 0.01750425
v -0.00854733 -0.01480440 0.02007187
v -0.00856259 -0.01483084 0.02246634
v -0.00758634 -0.01313992 0.02372344
v -0.00661008 -0.01144900 0.02498054
v -0.00659482 -0.01142256 0.02761445
v -0.00659949 -0.01143065 0.03006093
v -0.00583746 -0.01011077 0.03254078
v -0.00546234 -0.00946105 0.03504084
v -0.00447077 -0.00774359 0.03751515
v -0.00137471 -0.00331884 -0.03750722
v -0.00274941 -0.00663767 -0.03750986
v -0.00412412 -0.00995651 -0.03751251
v -0.00549883 -0.01327534 -0.03751515
v -0.00619877 -0.01496516 -0.03631855
v -0.00689872 -0.01665497 -0.03512195
v -0.00688730 -0.01662742 -0.03272353
v -0.00690777 -0.01667684 -0.03020934
v -0.00690777 -0.01667683 -0.02769780
v -0.00690777 -0.01667683 -0.02518361
v -0.00690781 -0.01667693 -0.02266222
v -0.00696325 -0.01681077 -0.02014803
v -0.00696321 -0.01681067 -0.01764103
v -0.00696321 -0.01681067 -0.01512684
v -0.00696322 -0.01681069 -0.01260995
v -0.00698486 -0.01686294 -0.01013240
v -0.00670247 -0.01618120 -0.00769476
v -0.00601217 -0.01451467 -0.00517490
v -0.00576503 -0.01391802 -0.00259269
v -0.00571412 -0.01379511 -0.00004333
v -0.00575236 -0.01388742 0.00251108
v -0.00603114 -0.01456045 0.00510977
v -0.00693658 -0.01674640 0.00759342
v -0.00692983 -0.01673009 0.01002213
v -0.00698401 -0.01686090 0.01253632
v -0.00698618 -0.01686614 0.01499005
v -0.00654405 -0.01579873 0.01750425
v -0.00654184 -0.01579340 0.02007187
v -0.00655352 -0.01582160 0.02246634
v -0.00580633 -0.01401772 0.02372344
v -0.00505914 -0.01221384 0.02498054
v -0.00504745 -0.01218563 0.02761445
v -0.00505103 -0.01219427 0.03006093
v -0.00446779 -0.01078621 0.03254078
v -0.00418069 -0.01009308 0.03504084
v -0.00342178 -0.00826090 0.03751515
v -0.00092975 -0.00346988 -0.03750722
v -0.00185950 -0.00693976 -0.03750986
v -0.00278925 -0.01040964 -0.03751251
v -0.00371900 -0.01387951 -0.03751515
v -0.00419240 -0.01564623 -0.03631855
v -0.00466579 -0.01741295 -0.03512195
v -0.00465807 -0.01738415 -0.03272353
v -0.00467191 -0.01743581 -0.03020934
v -0.00467191 -0.01743580 -0.02769780
v -0.00467191 -0.01743580 -0.02518361
v -0.00467194 -0.01743590 -0.02266222
v -0.00470943 -0.01757584 -0.02014803
v -0.00470940 -0.01757574 -0.01764103
v -0.00470940 -0.01757574 -0.01512684
v -0.00470941 -0.01757576 -0.01260995
v -0.00472405 -0.01763038 -0.01013240
v -0.00453306 -0.01691762 -0.00769476
v -0.00406619 -0.01517524 -0.00517490
v -0.00389905 -0.01455144 -0.00259269
v -0.00386461 -0.01442293 -0.00004333
v -0.00389047 -0.01451945 0.00251108
v -0.00407902 -0.01522311 0.00510977
v -0.00469140 -0.01750853 0.00759342
v -0.00468683 -0.01749149 0.01002213
v -0.00472347 -0.01762825 0.01253632
v -0.00472494 -0.01763373 0.01499005
v -0.00442592 -0.01651774 0.01750425
v -0.00442442 -0.01651217 0.02007187
v -0.00443232 -0.01654166 0.02246634
v -0.00392698 -0.01465568 0.02372344
v -0.00342163 -0.01276970 0.02498054
v -0.00341373 -0.01274021 0.02761445
v -0.00341615 -0.01274924 0.03006093
v -0.00302169 -0.01127710 0.03254078
v -0.00282751 -0.01055243 0.03504084
v -0.00231424 -0.00863686 0.03751515
v -0.00046889 -0.00356155 -0.03750722
v -0.00093777 -0.00712310 -0.03750986
v -0.00140666 -0.01068465 -0.03751251
v -0.00187555 -0.01424620 -0.03751515
v -0.00211429 -0.01605959 -0.03631855
v -0.00235302 -0.01787299 -0.03512195
v -0.00234913 -0.01784342 -0.03272353
v -0.00235611 -0.01789645 -0.03020934
v -0.00235611 -0.01789645 -0.02769780
v -0.00235611 -0.01789645 -0.02518361
v -0.00235613 -0.01789655 -0.02266222
v -0.00237503 -0.01804018 -0.02014803
v -0.00237502 -0.01804008 -0.01764103
v -0.00237502 -0.01804008 -0.01512684
v -0.00237502 -0.01804009 -0.01260995
v -0.00238241 -0.01809617 -0.01013240
v -0.00228609 -0.01736457 -0.00769476
v -0.00205064 -0.01557616 -0.00517490
v -0.00196635 -0.01493588 -0.00259269
v -0.00194898 -0.01480397 -0.00004333
v -0.00196202 -0.01490304 0.00251108
v -0.00205711 -0.01562529 0.00510977
v -0.00236594 -0.01797110 0.00759342
v -0.00236364 -0.01795360 0.01002213
v -0.00238212 -0.01809397 0.01253632
v -0.00238286 -0.01809960 0.01499005
v -0.00223205 -0.01695413 0.01750425
v -0.00223130 -0.01694840 0.02007187
v -0.00223528 -0.01697867 0.02246634
v -0.00198043 -0.01504287 0.02372344
v -0.00172558 -0.01310707 0.02498054
v -0.00172159 -0.01307680 0.02761445
v -0.00172281 -0.01308606 0.03006093
v -0.00152388 -0.01157503 0.03254078
v -0.00142596 -0.01083121 0.03504084
v -0.00116710 -0.00886504 0.03751515
v -0.00000000 -0.00359228 -0.03750722
v -0.00000000 -0.00718456 -0.03750986
v -0.00000000 -0.01077685 -0.03751251
v -0.00000000 -0.01436913 -0.03751515
v -0.00000000 -0.01619817 -0.03631855
v -0.00000000 -0.01802721 -0.03512195
v -0.00000000 -0.01799739 -0.03272353
v -0.00000000 -0.01805088 -0.03020934
v -0.00000000 -0.01805087 -0.02769780
v -0.00000000 -0.01805087 -0.02518361
v -0.00000000 -0.01805098 -0.02266222
v -0.00000000 -0.01819585 -0.02014803
v -0.00000000 -0.01819574 -0.01764103
v -0.00000000 -0.01819574 -0.01512684
v -0.00000000 -0.01819576 -0.01260995
v -0.00000000 -0.01825232 -0.01013240
v -0.00000000 -0.01751441 -0.00769476
v -0.00000000 -0.01571057 -0.00517490
v -0.00000000 -0.01506476 -0.00259269
v -0.00000000 -0.01493172 -0.00004333
v -0.00000000 -0.01503164 0.00251108
v -0.00000000 -0.01576012 0.00510977
v -0.00000000 -0.01812617 0.00759342
v -0.00000000 -0.01810852 0.01002213
v -0.00000000 -0.01825010 0.01253632
v -0.00000000 -0.01825578 0.01499005
v -0.00000000 -0.01710043 0.01750425
v -0.00000000 -0.01709465 0.02007187
v -0.00000000 -0.01712518 0.02246634
v -0.00000000 -0.01517267 0.02372344
v -0.00000000 -0.01322017 0.02498054
v -0.00000000 -0.01318963 0.02761445
v -0.00000000 -0.01319898 0.03006093
v -0.00000000 -0.01167491 0.03254078
v -0.00000000 -0.01092467 0.03504084
v -0.00000000 -0.00894153 0.03751515
v 0.00046889 -0.00356155 -0.03750722
v 0.00093777 -0.00712310 -0.03750986
v 0.00140666 -0.01068465 -0.03751251
v 0.00187555 -0.01424620 -0.03751515
v 0.00211429 -0.01605959 -0.03631855
v 0.00235302 -0.01787299 -0.03512195
v 0.00234913 -0.01784342 -0.03272353
v 0.00235611 -0.01789645 -0.03020934
v 0.00235611 -0.01789645 -0.02769780
v 0.00235611 -0.01789645 -0.02518361
v 0.00235613 -0.01789655 -0.02266222
v 0.00237503 -0.01804018 -0.02014803
v 0.00237502 -0.01804008 -0.01764103
v 0.00237502 -0.01804008 -0.01512684
v 0.00237502 -0.01804009 -0.01260995
v 0.00238241 -0.01809617 -0.01013240
v 0.00228609 -0.01736457 -0.00769476
v 0.00205064 -0.01557616 -0.00517490
v 0.00196635 -0.01493588 -0.00259269
v 0.00194898 -0.01480397 -0.00004333
v 0.00196202 -0.01490304 0.00251108
v 0.00205711 -0.01562529 0.00510977
v 0.00236594 -0.01797110 0.00759342
v 0.00236364 -0.01795360 0.01002213
v 0.00238212 -0.01809397 0.01253632
v 0.00238286 -0.01809960 0.01499005
v 0.00223205 -0.01695413 0.01750425
v 0.00223130 -0.01694840 0.02007187
v 0.00223528 -0.01697867 0.02246634
v 0.00198043 -0.01504287 0.02372344
v 0.00172558 -0.01310707 0.02498054
v 0.00172159 -0.01307680 0.02761445
v 0.00172281 -0.01308606 0.03006093
v 0.00152388 -0.01157503 0.03254078
v 0.00142596 -0.01083121 0.03504084
v 0.00116710 -0.00886504 0.03751515
v 0.00092975 -0.00346988 -0.03750722
v 0.00185950 -0.00693976 -0.03750986
v 0.00278925 -0.01040964 -0.03751251
v 0.00371900 -0.01387951 -0.03751515
v 0.00419240 -0.01564623 -0.03631855
v 0.00466579 -0.01741295 -0.03512195
v 0.00465807 -0.01738415 -0.03272353
v 0.00467191 -0.01743581 -0.03020934
v 0.00467191 -0.01743580 -0.02769780
v 0.00467191 -0.01743580 -0.02518361
v 0.00467194 -0.01743590 -0.02266222
v 0.00470943 -0.01757584 -0.02014803
v 0.00470940 -0.01757574 -0.01764103
v 0.00470940 -0.01757574 -0.01512684
v 0.00470941 -0.01757576 -0.01260995
v 0.00472405 -0.01763038 -0.01013240
v 0.00453306 -0.01691762 -0.00769476
v 0.00406619 -0.01517524 -0.00517490
v 0.00389905 -0.01455144 -0.00259269
v 0.00386461 -0.01442293 -0.00004333
v 0.00389047 -0.01451945 0.00251108
v 0.00407902 -0.01522311 0.00510977
v 0.00469140 -0.01750853 0.00759342
v 0.00468683 -0.01749149 0.01002213
v 0.00472347 -0.01762825 0.01253632
v 0.00472494 -0.01763373 0.01499005
v 0.00442592 -0.01651774 0.01750425
v 0.00442442 -0.01651217 0.02007187
v 0.00443232 -0.01654166 0.02246634
v 0.00392698 -0.01465568 0.02372344
v 0.00342163 -0.01276970 0.02498054
v 0.00341373 -0.01274021 0.02761445
v 0.00341615 -0.01274924 0.03006093
v 0.00302169 -0.01127710 0.03254078
v 0.00282751 -0.01055243 0.03504084
v 0.00231424 -0.00863686 0.03751515
v 0.00137471 -0.00331884 -0.03750722
v 0.00274941 -0.00663767 -0.03750986
v 0.00412412 -0.00995651 -0.03751251
v 0.00549883 -0.01327534 -0.03751515
v 0.00619877 -0.01496516 -0.03631855
v 0.00689872 -0.01665497 -0.03512195
v 0.00688730 -0.01662742 -0.03272353
v 0.00690777 -0.01667684 -0.03020934
v 0.00690777 -0.01667683 -0.02769780
v 0.00690777 -0.01667683 -0.02518361
v 0.00690781 -0.01667693 -0.02266222
v 0.00696325 -0.01681077 -0.02014803
v 0.00696321 -0.01681067 -0.01764103
v 0.00696321 -0.01681067 -0.01512684
v 0.00696322 -0.01681069 -0.01260995
v 0.00698486 -0.01686294 -0.01013240
v 0.00670247 -0.01618120 -0.00769476
v 0.00601217 -0.01451467 -0.00517490
v 0.00576503 -0.01391802 -0.00259269
v 0.00571412 -0.01379511 -0.00004333
v 0.00575236 -0.01388742 0.00251108
v 0.00603114 -0.01456045 0.00510977
v 0.00693658 -0.01674640 0.00759342
v 0.00692983 -0.01673009 0.01002213
v 0.00698401 -0.01686090 0.01253632
v 0.00698618 -0.01686614 0.01499005
v 0.00654405 -0.01579873 0.01750425
v 0.00654184 -0.01579340 0.02007187
v 0.00655352 -0.01582160 0.02246634
v 0.00580633 -0.01401772 0.02372344
v 0.00505914 -0.01221384 0.02498054
v 0.00504745 -0.01218563 0.02761445
v 0.00505103 -0.01219427 0.03006093
v 0.00446779 -0.01078621 0.03254078
v 0.00418069 -0.01009308 0.03504084
v 0.00342178 -0.00826090 0.03751515
v 0.00179614 -0.00311101 -0.03750722
v 0.00359228 -0.00622202 -0.03750986
v 0.00538842 -0.00933302 -0.03751251
v 0.00718456 -0.01244403 -0.03751515
v 0.00809909 -0.01402803 -0.03631855
v 0.00901361 -0.01561202 -0.03512195
v 0.00899870 -0.01558620 -0.03272353
v 0.00902544 -0.01563252 -0.03020934
v 0.00902544 -0.01563251 -0.02769780
v 0.00902544 -0.01563251 -0.02518361
v 0.00902549 -0.01563260 -0.02266222
v 0.00909792 -0.01575807 -0.02014803
v 0.00909787 -0.01575798 -0.01764103
v 0.00909787 -0.01575798 -0.01512684
v 0.00909788 -0.01575799 -0.01260995
v 0.00912616 -0.01580697 -0.01013240
v 0.00875720 -0.01516792 -0.00769476
v 0.00785528 -0.01360575 -0.00517490
v 0.00753238 -0.01304647 -0.00259269
v 0.00746586 -0.01293125 -0.00004333
v 0.00751582 -0.01301778 0.00251108
v 0.00788006 -0.01364866 0.00510977
v 0.00906308 -0.01569772 0.00759342
v 0.00905426 -0.01568244 0.01002213
v 0.00912505 -0.01580505 0.01253632
v 0.00912789 -0.01580997 0.01499005
v 0.00855021 -0.01480940 0.01750425
v 0.00854733 -0.01480440 0.02007187
v 0.00856259 -0.01483084 0.02246634
v 0.00758634 -0.01313992 0.02372344
v 0.00661008 -0.01144900 0.02498054
v 0.00659482 -0.01142256 0.02761445
v 0.00659949 -0.01143065 0.03006093
v 0.00583746 -0.01011077 0.03254078
v 0.00546234 -0.00946105 0.03504084
v 0.00447077 -0.00774359 0.03751515
v 0.00218684 -0.00284995 -0.03750722
v 0.00437369 -0.00569990 -0.03750986
v 0.00656053 -0.00854985 -0.03751251
v 0.00874737 -0.01139980 -0.03751515
v 0.00986082 -0.01285087 -0.03631855
v 0.01097427 -0.01430195 -0.03512195
v 0.01095612 -0.01427829 -0.03272353
v 0.01098868 -0.01432073 -0.03020934
v 0.01098868 -0.01432072 -0.02769780
v 0.01098868 -0.01432072 -0.02518361
v 0.01098874 -0.01432080 -0.02266222
v 0.01107693 -0.01443574 -0.02014803
v 0.01107687 -0.01443565 -0.01764103
v 0.01107687 -0.01443565 -0.01512684
v 0.01107688 -0.01443567 -0.01260995
v 0.01111131 -0.01448054 -0.01013240
v 0.01066209 -0.01389511 -0.00769476
v 0.00956399 -0.01246403 -0.00517490
v 0.00917085 -0.01195168 -0.00259269
v 0.00908985 -0.01184613 -0.00004333
v 0.00915068 -0.01192540 0.00251108
v 0.00959415 -0.01250334 0.00510977
v 0.01103451 -0.01438046 0.00759342
v 0.01102377 -0.01436645 0.01002213
v 0.01110996 -0.01447878 0.01253632
v 0.01111341 -0.01448328 0.01499005
v 0.01041008 -0.01356668 0.01750425
v 0.01040656 -0.01356210 0.02007187
v 0.01042515 -0.01358632 0.02246634
v 0.00923654 -0.01203729 0.02372344
v 0.00804793 -0.01048826 0.02498054
v 0.00802934 -0.01046404 0.02761445
v 0.00803503 -0.01047145 0.03006093
v 0.00710724 -0.00926233 0.03254078
v 0.00665052 -0.00866713 0.03504084
v 0.00544326 -0.00709379 0.03751515
v 0.00254013 -0.00254013 -0.03750722
v 0.00508025 -0.00508025 -0.03750986
v 0.00762038 -0.00762038 -0.03751251
v 0.01016051 -0.01016051 -0.03751515
v 0.01145384 -0.01145384 -0.03631855
v 0.01274716 -0.01274716 -0.03512195
v 0.01272608 -0.01272608 -0.03272353
v 0.01276390 -0.01276390 -0.03020934
v 0.01276390 -0.01276390 -0.02769780
v 0.01276390 -0.01276390 -0.02518361
v 0.01276397 -0.01276397 -0.02266222
v 0.01286641 -0.01286641 -0.02014803
v 0.01286633 -0.01286633 -0.01764103
v 0.01286633 -0.01286633 -0.01512684
v 0.01286635 -0.01286635 -0.01260995
v 0.01290634 -0.01290634 -0.01013240
v 0.01238456 -0.01238456 -0.00769476
v 0.01110905 -0.01110905 -0.00517490
v 0.01065239 -0.01065239 -0.00259269
v 0.01055832 -0.01055832 -0.00004333
v 0.01062897 -0.01062897 0.00251108
v 0.01114409 -0.01114409 0.00510977
v 0.01281714 -0.01281714 0.00759342
v 0.01280466 -0.01280466 0.01002213
v 0.01290477 -0.01290477 0.01253632
v 0.01290879 -0.01290879 0.01499005
v 0.01209183 -0.01209183 0.01750425
v 0.01208774 -0.01208774 0.02007187
v 0.01210933 -0.01210933 0.02246634
v 0.01072870 -0.01072870 0.02372344
v 0.00934807 -0.00934807 0.02498054
v 0.00932648 -0.00932648 0.02761445
v 0.00933309 -0.00933309 0.03006093
v 0.00825541 -0.00825541 0.03254078
v 0.00772491 -0.00772491 0.03504084
v 0.00632262 -0.00632262 0.03751515
v 0.00284995 -0.00218684 -0.03750722
v 0.00569990 -0.00437369 -0.03750986
v 0.00854985 -0.00656053 -0.03751251
v 0.01139980 -0.00874737 -0.03751515
v 0.01285087 -0.00986082 -0.03631855
v 0.01430195 -0.01097427 -0.03512195
v 0.01427829 -0.01095612 -0.03272353
v 0.01432073 -0.01098868 -0.03020934
v 0.01432072 -0.01098868 -0.02769780
v 0.01432072 -0.01098868 -0.02518361
v 0.01432080 -0.01098874 -0.02266222
v 0.01443574 -0.01107693 -0.02014803
v 0.01443565 -0.01107687 -0.01764103
v 0.01443565 -0.01107687 -0.01512684
v 0.01443567 -0.01107688 -0.01260995
v 0.01448054 -0.01111131 -0.01013240
v 0.01389511 -0.01066209 -0.00769476
v 0.01246403 -0.00956399 -0.00517490
v 0.01195168 -0.00917085 -0.00259269
v 0.01184613 -0.00908985 -0.00004333
v 0.01192540 -0.00915068 0.00251108
v 0.01250334 -0.00959415 0.00510977
v 0.01438046 -0.01103451 0.00759342
v 0.01436645 -0.01102377 0.01002213
v 0.01447878 -0.01110996 0.01253632
v 0.01448328 -0.01111341 0.01499005
v 0.01356668 -0.01041008 0.01750425
v 0.01356210 -0.01040656 0.02007187
v 0.01358632 -0.01042515 0.02246634
v 0.01203729 -0.00923654 0.02372344
v 0.01048826 -0.00804793 0.02498054
v 0.01046404 -0.00802934 0.02761445
v 0.01047145 -0.00803503 0.03006093
v 0.00926233 -0.00710724 0.03254078
v 0.00866713 -0.00665052 0.03504084
v 0.00709379 -0.00544326 0.03751515
v 0.00311101 -0.00179614 -0.03750722
v 0.00622202 -0.00359228 -0.03750986
v 0.00933302 -0.00538842 -0.03751251
v 0.01244403 -0.00718456 -0.03751515
v 0.01402803 -0.00809909 -0.03631855
v 0.01561202 -0.00901361 -0.03512195
v 0.01558620 -0.00899870 -0.03272353
v 0.01563252 -0.00902544 -0.03020934
v 0.01563251 -0.00902544 -0.02769780
v 0.01563251 -0.00902544 -0.02518361
v 0.01563260 -0.00902549 -0.02266222
v 0.01575807 -0.00909792 -0.02014803
v 0.01575798 -0.00909787 -0.01764103
v 0.01575798 -0.00909787 -0.01512684
v 0.01575799 -0.00909788 -0.01260995
v 0.01580697 -0.00912616 -0.01013240
v 0.01516792 -0.00875720 -0.00769476
v 0.01360575 -0.00785528 -0.00517490
v 0.01304647 -0.00753238 -0.00259269
v 0.01293125 -0.00746586 -0.00004333
v 0.01301778 -0.00751582 0.00251108
v 0.01364866 -0.00788006 0.00510977
v 0.01569772 -0.00906308 0.00759342
v 0.01568244 -0.00905426 0.01002213
v 0.01580505 -0.00912505 0.01253632
v 0.01580997 -0.00912789 0.01499005
v 0.01480940 -0.00855021 0.01750425
v 0.01480440 -0.00854733 0.02007187
v 0.01483084 -0.00856259 0.02246634
v 0.01313992 -0.00758634 0.02372344
v 0.01144900 -0.00661008 0.02498054
v 0.01142256 -0.00659482 0.02761445
v 0.01143065 -0.00659949 0.03006093
v 0.01011077 -0.00583746 0.03254078
v 0.00946105 -0.00546234 0.03504084
v 0.00774359 -0.00447077 0.03751515
v 0.00331884 -0.00137471 -0.03750722
v 0.00663767 -0.00274941 -0.03750986
v 0.00995651 -0.00412412 -0.03751251
v 0.01327534 -0.00549883 -0.03751515
v 0.01496516 -0.00619877 -0.03631855
v 0.01665497 -0.00689872 -0.03512195
v 0.01662742 -0.00688730 -0.03272353
v 0.01667684 -0.00690777 -0.03020934
v 0.01667683 -0.00690777 -0.02769780
v 0.01667683 -0.00690777 -0.02518361
v 0.01667693 -0.00690781 -0.02266222
v 0.01681077 -0.00696325 -0.02014803
v 0.01681067 -0.00696321 -0.01764103
v 0.01681067 -0.00696321 -0.01512684
v 0.01681069 -0.00696322 -0.01260995
v 0.01686294 -0.00698486 -0.01013240
v 0.01618120 -0.00670247 -0.00769476
v 0.01451467 -0.00601217 -0.00517490
v 0.01391802 -0.00576503 -0.00259269
v 0.01379511 -0.00571412 -0.00004333
v 0.01388742 -0.00575236 0.00251108
v 0.01456045 -0.00603114 0.00510977
v 0.01674640 -0.00693658 0.00759342
v 0.01673009 -0.00692983 0.01002213
v 0.01686090 -0.00698401 0.01253632
v 0.01686614 -0.00698618 0.01499005
v 0.01579873 -0.00654405 0.01750425
v 0.01579340 -0.00654184 0.02007187
v 0.01582160 -0.00655352 0.02246634
v 0.01401772 -0.00580633 0.02372344
v 0.01221384 -0.00505914 0.02498054
v 0.01218563 -0.00504745 0.02761445
v 0.01219427 -0.00505103 0.03006093
v 0.01078621 -0.00446779 0.03254078
v 0.01009308 -0.00418069 0.03504084
v 0.00826090 -0.00342178 0.03751515
v 0.00346988 -0.00092975 -0.03750722
v 0.00693976 -0.00185950 -0.03750986
v 0.01040964 -0.00278925 -0.03751251
v 0.01387951 -0.00371900 -0.03751515
v 0.01564623 -0.00419240 -0.03631855
v 0.01741295 -0.00466579 -0.03512195
v 0.01738415 -0.00465807 -0.03272353
v 0.01743581 -0.00467191 -0.03020934
v 0.01743580 -0.00467191 -0.02769780
v 0.01743580 -0.00467191 -0.02518361
v 0.01743590 -0.00467194 -0.02266222
v 0.01757584 -0.00470943 -0.02014803
v 0.01757574 -0.00470940 -0.01764103
v 0.01757574 -0.00470940 -0.01512684
v 0.01757576 -0.00470941 -0.01260995
v 0.01763038 -0.00472405 -0.01013240
v 0.01691762 -0.00453306 -0.00769476
v 0.01517524 -0.00406619 -0.00517490
v 0.01455144 -0.00389905 -0.00259269
v 0.01442293 -0.00386461 -0.00004333
v 0.01451945 -0.00389047 0.00251108
v 0.01522311 -0.00407902 0.00510977
v 0.01750853 -0.00469140 0.00759342
v 0.01749149 -0.00468683 0.01002213
v 0.01762825 -0.00472347 0.01253632
v 0.01763373 -0.00472494 0.01499005
v 0.01651774 -0.00442592 0.01750425
v 0.01651217 -0.00442442 0.02007187
v 0.01654166 -0.00443232 0.02246634
v 0.01465568 -0.00392698 0.02372344
v 0.01276970 -0.00342163 0.02498054
v 0.01274021 -0.00341373 0.02761445
v 0.01274924 -0.00341615 0.03006093
v 0.01127710 -0.00302169 0.03254078
v 0.01055243 -0.00282751 0.03504084
v 0.00863686 -0.00231424 0.03751515
v 0.00356155 -0.00046889 -0.03750722
v 0.00712310 -0.00093777 -0.03750986
v 0.01068465 -0.00140666 -0.03751251
v 0.01424620 -0.00187555 -0.03751515
v 0.01605959 -0.00211429 -0.03631855
v 0.01787299 -0.00235302 -0.03512195
v 0.01784342 -0.00234913 -0.03272353
v 0.01789645 -0.00235611 -0.03020934
v 0.01789645 -0.00235611 -0.02769780
v 0.01789645 -0.00235611 -0.02518361
v 0.01789655 -0.00235613 -0.02266222
v 0.01804018 -0.00237503 -0.02014803
v 0.01804008 -0.00237502 -0.01764103
v 0.01804008 -0.00237502 -0.01512684
v 0.01804009 -0.00237502 -0.01260995
v 0.01809617 -0.00238241 -0.01013240
v 0.01736457 -0.00228609 -0.00769476
v 0.01557616 -0.00205064 -0.00517490
v 0.01493588 -0.00196635 -0.00259269
v 0.01480397 -0.00194898 -0.00004333
v 0.01490304 -0.00196202 0.00251108
v 0.01562529 -0.00205711 0.00510977
v 0.01797110 -0.00236594 0.00759342
v 0.01795360 -0.00236364 0.01002213
v 0.01809397 -0.00238212 0.01253632
v 0.01809960 -0.00238286 0.01499005
v 0.01695413 -0.00223205 0.01750425
v 0.01694840 -0.00223130 0.02007187
v 0.01697867 -0.00223528 0.02246634
v 0.01504287 -0.00198043 0.02372344
v 0.01310707 -0.00172558 0.02498054
v 0.01307680 -0.00172159 0.02761445
v 0.01308606 -0.00172281 0.03006093
v 0.01157503 -0.00152388 0.03254078
v 0.01083121 -0.00142596 0.03504084
v 0.00886504 -0.00116710 0.03751515
f 2 1 38
f 2 38 3
f 3 38 39
f 3 39 4
f 4 39 40
f 4 40 5
f 5 40 41
f 5 41 6
f 6 41 42
f 6 42 7
f 7 42 43
f 7 43 8
f 8 43 44
f 8 44 9
f 9 44 45
f 9 45 10
f 10 45 46
f 10 46 11
f 11 46 47
f 11 47 12
f 12 47 48
f 12 48 13
f 13 48 49
f 13 49 14
f 14 49 50
f 14 50 15
f 15 50 51
f 15 51 16
f 16 51 52
f 16 52 17
f 17 52 53
f 17 53 18
f 18 53 54
f 18 54 19
f 19 54 55
f 19 55 20
f 20 55 56
f 20 56 21
f 21 56 57
f 21 57 22
f 22 57 58
f 22 58 23
f 23 58 59
f 23 59 24
f 24 59 60
f 24 60 25
f 25 60 61
f 25 61 26
f 26 61 62
f 26 62 27
f 27 62 63
f 27 63 28
f 28 63 64
f 28 64 29
f 29 64 65
f 29 65 30
f 30 65 66
f 30 66 31
f 31 66 67
f 31 67 32
f 32 67 68
f 32 68 33
f 33 68 69
f 33 69 34
f 34 69 70
f 34 70 35
f 35 70 71
f 35 71 36
f 36 71 72
f 36 72 37
f 37 72 73
f 38 1 74
f 38 74 39
f 39 74 75
f 39 75 40
f 40 75 76
f 40 76 41
f 41 76 77
f 41 77 42
f 42 77 78
f 42 78 43
f 43 78 79
f 43 79 44
f 44 79 80
f 44 80 45
f 45 80 81
f 45 81 46
f 46 81 82
f 46 82 47
f 47 82 83
f 47 83 48
f 48 83 84
f 48 84 49
f 49 84 85
f 49 85 50
f 50 85 86
f 50 86 51
f 51 86 87
f 51 87 52
f 52 87 88
f 52 88 53
f 53 88 89
f 53 89 54
f 54 89 90
f 54 90 55
f 55 90 91
f 55 91 56
f 56 91 92
f 56 92 57
f 57 92 93
f 57 93 58
f 58 93 94
f 58 94 59
f 59 94 95
f 59 95 60
f 60 95 96
f 60 96 61
f 61 96 97
f 61 97 62
f 62 97 98
f 62 98 63
f 63 98 99
f 63 99 64
f 64 99 100
f 64 100 65
f 65 100 101
f 65 101 66
f 66 101 102
f 66 102 67
f 67 102 103
f 67 103 68
f 68 103 104
f 68 104 69
f 69 104 105
f 69 105 70
f 70 105 106
f 70 106 71
f 71 106 107
f 71 107 72
f 72 107 108
f 72 108 73
f 73 108 109
f 74 1 110
f 74 110 75
f 75 110 111
f 75 111 76
f 76 111 112
f 76 112 77
f 77 112 113
f 77 113 78
f 78 113 114
f 78 114 79
f 79 114 115
f 79 115 80
f 80 115 116
f 80 116 81
f 81 116 117
f 81 117 82
f 82 117 118
f 82 118 83
f 83 118 119
f 83 119 84
f 84 119 120
f 84 120 85
f 85 120 121
f 85 121 86
f 86 121 122
f 86 122 87
f 87 122 123
f 87 123 88
f 88 123 124
f 88 124 89
f 89 124 125
f 89 125 90
f 90 125 126
f 90 126 91
f 91 126 127
f 91 127 92
f 92 127 128
f 92 128 93
f 93 128 129
f 93 129 94
f 94 129 130
f 94 130 95
f 95 130 131
f 95 131 96
f 96 131 132
f 96 132 97
f 97 132 133
f 97 133 98
f 98 133 134
f 98 134 99
f 99 134 135
f 99 135 100
f 100 135 136
f 100 136 101
f 101 136 137
f 101 137 102
f 102 137 138
f 102 138 103
f 103 138 139
f 103 139 104
f 104 139 140
f 104 140 105
f 105 140 141
f 105 141 106
f 106 141 142
f 106 142 107
f 107 142 143
f 107 143 108
f 108 143 144
f 108 144 109
f 109 144 145
f 110 1 146
f 110 146 111
f 111 146 147
f 111 147 112
f 112 147 148
f 112 148 113
f 113 148 149
f 113 149 114
f 114 149 150
f 114 150 115
f 115 150 151
f 115 151 116
f 116 151 152
f 116 152 117
f 117 152 153
f 117 153 118
f 118 153 154
f 118 154 119
f 119 154 155
f 119 155 120
f 120 155 156
f 120 156 121
f 121 156 157
f 121 157 122
f 122 157 158
f 122 158 123
f 123 158 159
f 123 159 124
f 124 159 160
f 124 160 125
f 125 160 161
f 125 161 126
f 126 161 162
f 126 162 127
f 127 162 163
f 127 163 128
f 128 163 164
f 128 164 129
f 129 164 165
f 129 165 130
f 130 165 166
f 130 166 131
f 131 166 167
f 131 167 132
f 132 167 168
f 132 168 133
f 133 168 169
f 133 169 134
f 134 169 170
f 134 170 135
f 135 170 171
f 135 171 136
f 136 171 172
f 136 172 137
f 137 172 173
f 137 173 138
f 138 173 174
f 138 174 139
f 139 174 175
f 139 175 140
f 140 175 176
f 140 176 141
f 141 176 177
f 141 177 142
f 142 177 178
f 142 178 143
f 143 178 179
f 143 179 144
f 144 179 180
f 144 180 145
f 145 180 181
f 146 1 182
f 146 182 147
f 147 182 183
f 147 183 148
f 148 183 184
f 148 184 149
f 149 184 185
f 149 185 150
f 150 185 186
f 150 186 151
f 151 186 187
f 151 187 152
f 152 187 188
f 152 188 153
f 153 188 189
f 153 189 154
f 154 189 190
f 154 190 155
f 155 190 191
f 155 191 156
f 156 191 192
f 156 192 157
f 157 192 193
f 157 193 158
f 158 193 194
f 158 194 159
f 159 194 195
f 159 195 160
f 160 195 196
f 160 196 161
f 161 196 197
f 161 197 162
f 162 197 198
f 162 198 163
f 163 198 199
f 163 199 164
f 164 199 200
f 164 200 165
f 165 200 201
f 165 201 166
f 166 201 202
f 166 202 167
f 167 202 203
f 167 203 168
f 168 203 204
f 168 204 169
f 169 204 205
f 169 205 170
f 170 205 206
f 170 206 171
f 171 206 207
f 171 207 172
f 172 207 208
f 172 208 173
f 173 208 209
f 173 209 174
f 174 209 210
f 174 210 175
f 175 210 211
f 175 211 176
f 176 211 212
f 176 212 177
f 177 212 213
f 177 213 178
f 178 213 214
f 178 214 179
f 179 214 215
f 179 215 180
f 180 215 216
f 180 216 181
f 181 216 217
f 182 1 218
f 182 218 183
f 183 218 219
f 183 219 184
f 184 219 220
f 184 220 185
f 185 220 221
f 185 221 186
f 186 221 222
f 186 222 187
f 187 222 223
f 187 223 188
f 188 223 224
f 188 224 189
f 189 224 225
f 189 225 190
f 190 225 226
f 190 226 191
f 191 226 227
f 191 227 192
f 192 227 228
f 192 228 193
f 193 228 229
f 193 229 194
f 194 229 230
f 194 230 195
f 195 230 231
f 195 231 196
f 196 231 232
f 196 232 197
f 197 232 233
f 197 233 198
f 198 233 234
f 198 234 199
f 199 234 235
f 199 235 200
f 200 235 236
f 200 236 201
f 201 236 237
f 201 237 202
f 202 237 238
f 202 238 203
f 203 238 239
f 203 239 204
f 204 239 240
f 204 240 205
f 205 240 241
f 205 241 206
f 206 241 242
f 206 242 207
f 207 242 243
f 207 243 208
f 208 243 244
f 208 244 209
f 209 244 245
f 209 245 210
f 210 245 246
f 210 246 211
f 211 246 247
f 211 247 212
f 212 247 248
f 212 248 213
f 213 248 249
f 213 249 214
f 214 249 250
f 214 250 215
f 215 250 251
f 215 251 216
f 216 251 252
f 216 252 217
f 217 252 253
f 218 1 254
f 218 254 219
f 219 254 255
f 219 255 220
f 220 255 256
f 220 256 221
f 221 256 257
f 221 257 222
f 222 257 258
f 222 258 223
f 223 258 259
f 223 259 224
f 224 259 260
f 224 260 225
f 225 260 261
f 225 261 226
f 226 261 262
f 226 262 227
f 227 262 263
f 227 263 228
f 228 263 264
f 228 264 229
f 229 264 265
f 229 265 230
f 230 265 266
f 230 266 231
f 231 266 267
f 231 267 232
f 232 267 268
f 232 268 233
f 233 268 269
f 233 269 234
f 234 269 270
f 234 270 235
f 235 270 271
f 235 271 236
f 236 271 272
f 236 272 237
f 237 272 273
f 237 273 238
f 238 273 274
f 238 274 239
f 239 274 275
f 239 275 240
f 240 275 276
f 240 276 241
f 241 276 277
f 241 277 242
f 242 277 278
f 242 278 243
f 243 278 279
f 243 279 244
f 244 279 280
f 244 280 245
f 245 280 281
f 245 281 246
f 246 281 282
f 246 282 247
f 247 282 283
f 247 283 248
f 248 283 284
f 248 284 249
f 249 284 285
f 249 285 250
f 250 285 286
f 250 286 251
f 251 286 287
f 251 287 252
f 252 287 288
f 252 288 253
f 253 288 289
f 254 1 290
f 254 290 255
f 255 290 291
f 255 291 256
f 256 291 292
f 256 292 257
f 257 292 293
f 257 293 258
f 258 293 294
f 258 294 259
f 259 294 295
f 259 295 260
f 260 295 296
f 260 296 261
f 261 296 297
f 261 297 262
f 262 297 298
f 262 298 263
f 263 298 299
f 263 299 264
f 264 299 300
f 264 300 265
f 265 300 301
f 265 301 266
f 266 301 302
f 266 302 267
f 267 302 303
f 267 303 268
f 268 303 304
f 268 304 269
f 269 304 305
f 269 305 270
f 270 305 306
f 270 306 271
f 271 306 307
f 271 307 272
f 272 307 308
f 272 308 273
f 273 308 309
f 273 309 274
f 274 309 310
f 274 310 275
f 275 310 311
f 275 311 276
f 276 311 312
f 276 312 277
f 277 312 313
f 277 313 278
f 278 313 314
f 278 314 279
f 279 314 315
f 279 315 280
f 280 315 316
f 280 316 281
f 281 316 317
f 281 317 282
f 282 317 318
f 282 318 283
f 283 318 319
f 283 319 284
f 284 319 320
f 284 320 285
f 285 320 321
f 285 321 286
f 286 321 322
f 286 322 287
f 287 322 323
f 287 323 288
f 288 323 324
f 288 324 289
f 289 324 325
f 290 1 326
f 290 326 291
f 291 326 327
f 291 327 292
f 292 327 328
f 292 328 293
f 293 328 329
f 293 329 294
f 294 329 330
f 294 330 295
f 295 330 331
f 295 331 296
f 296 331 332
f 296 332 297
f 297 332 333
f 297 333 298
f 298 333 334
f 298 334 299
f 299 334 335
f 299 335 300
f 300 335 336
f 300 336 301
f 301 336 337
f 301 337 302
f 302 337 338
f 302 338 303
f 303 338 339
f 303 339 304
f 304 339 340
f 304 340 305
f 305 340 341
f 305 341 306
f 306 341 342
f 306 342 307
f 307 342 343
f 307 343 308
f 308 343 344
f 308 344 309
f 309 344 345
f 309 345 310
f 310 345 346
f 310 346 311
f 311 346 347
f 311 347 312
f 312 347 348
f 312 348 313
f 313 348 349
f 313 349 314
f 314 349 350
f 314 350 315
f 315 350 351
f 315 351 316
f 316 351 352
f 316 352 317
f 317 352 353
f 317 353 318
f 318 353 354
f 318 354 319
f 319 354 355
f 319 355 320
f 320 355 356
f 320 356 321
f 321 356 357
f 321 357 322
f 322 357 358
f 322 358 323
f 323 358 359
f 323 359 324
f 324 359 360
f 324 360 325
f 325 360 361
f 326 1 362
f 326 362 327
f 327 362 363
f 327 363 328
f 328 363 364
f 328 364 329
f 329 364 365
f 329 365 330
f 330 365 366
f 330 366 331
f 331 366 367
f 331 367 332
f 332 367 368
f 332 368 333
f 333 368 369
f 333 369 334
f 334 369 370
f 334 370 335
f 335 370 371
f 335 371 336
f 336 371 372
f 336 372 337
f 337 372 373
f 337 373 338
f 338 373 374
f 338 374 339
f 339 374 375
f 339 375 340
f 340 375 376
f 340 376 341
f 341 376 377
f 341 377 342
f 342 377 378
f 342 378 343
f 343 378 379
f 343 379 344
f 344 379 380
f 344 380 345
f 345 380 381
f 345 381 346
f 346 381 382
f 346 382 347
f 347 382 383
f 347 383 348
f 348 383 384
f 348 384 349
f 349 384 385
f 349 385 350
f 350 385 386
f 350 386 351
f 351 386 387
f 351 387 352
f 352 387 388
f 352 388 353
f 353 388 389
f 353 389 354
f 354 389 390
f 354 390 355
f 355 390 391
f 355 391 356
f 356 391 392
f 356 392 357
f 357 392 393
f 357 393 358
f 358 393 394
f 358 394 359
f 359 394 395
f 359 395 360
f 360 395 396
f 360 396 361
f 361 396 397
f 362 1 398
f 362 398 363
f 363 398 399
f 363 399 364
f 364 399 400
f 364 400 365
f 365 400 401
f 365 401 366
f 366 401 402
f 366 402 367
f 367 402 403
f 367 403 368
f 368 403 404
f 368 404 369
f 369 404 405
f 369 405 370
f 370 405 406
f 370 406 371
f 371 406 407
f 371 407 372
f 372 407 408
f 372 408 373
f 373 408 409
f 373 409 374
f 374 409 410
f 374 410 375
f 375 410 411
f 375 411 376
f 376 411 412
f 376 412 377
f 377 412 413
f 377 413 378
f 378 413 414
f 378 414 379
f 379 414 415
f 379 415 380
f 380 415 416
f 380 416 381
f 381 416 417
f 381 417 382
f 382 417 418
f 382 418 383
f 383 418 419
f 383 419 384
f 384 419 420
f 384 420 385
f 385 420 421
f 385 421 386
f 386 421 422
f 386 422 387
f 387 422 423
f 387 423 388
f 388 423 424
f 388 424 389
f 389 424 425
f 389 425 390
f 390 425 426
f 390 426 391
f 391 426 427
f 391 427 392
f 392 427 428
f 392 428 393
f 393 428 429
f 393 429 394
f 394 429 430
f 394 430 395
f 395 430 431
f 395 431 396
f 396 431 432
f 396 432 397
f 397 432 433
f 398 1 434
f 398 434 399
f 399 434 435
f 399 435 400
f 400 435 436
f 400 436 401
f 401 436 437
f 401 437 402
f 402 437 438
f 402 438 403
f 403 438 439
f 403 439 404
f 404 439 440
f 404 440 405
f 405 440 441
f 405 441 406
f 406 441 442
f 406 442 407
f 407 442 443
f 407 443 408
f 408 443 444
f 408 444 409
f 409 444 445
f 409 445 410
f 410 445 446
f 410 446 411
f 411 446 447
f 411 447 412
f 412 447 448
f 412 448 413
f 413 448 449
f 413 449 414
f 414 449 450
f 414 450 415
f 415 450 451
f 415 451 416
f 416 451 452
f 416 452 417
f 417 452 453
f 417 453 418
f 418 453 454
f 418 454 419
f 419 454 455
f 419 455 420
f 420 455 456
f 420 456 421
f 421 456 457
f 421 457 422
f 422 457 458
f 422 458 423
f 423 458 459
f 423 459 424
f 424 459 460
f 424 460 425
f 425 460 461
f 425 461 426
f 426 461 462
f 426 462 427
f 427 462 463
f 427 463 428
f 428 463 464
f 428 464 429
f 429 464 465
f 429 465 430
f 430 465 466
f 430 466 431
f 431 466 467
f 431 467 432
f 432 467 468
f 432 468 433
f 433 468 469
f 434 1 470
f 434 470 435
f 435 470 471
f 435 471 436
f 436 471 472
f 436 472 437
f 437 472 473
f 437 473 438
f 438 473 474
f 438 474 439
f 439 474 475
f 439 475 440
f 440 475 476
f 440 476 441
f 441 476 477
f 441 477 442
f 442 477 478
f 442 478 443
f 443 478 479
f 443 479 444
f 444 479 480
f 444 480 445
f 445 480 481
f 445 481 446
f 446 481 482
f 446 482 447
f 447 482 483
f 447 483 448
f 448 483 484
f 448 484 449
f 449 484 485
f 449 485 450
f 450 485 486
f 450 486 451
f 451 486 487
f 451 487 452
f 452 487 488
f 452 488 453
f 453 488 489
f 453 489 454
f 454 489 490
f 454 490 455
f 455 490 491
f 455 491 456
f 456 491 492
f 456 492 457
f 457 492 493
f 457 493 458
f 458 493 494
f 458 494 459
f 459 494 495
f 459 495 460
f 460 495 496
f 460 496 461
f 461 496 497
f 461 497 462
f 462 497 498
f 462 498 463
f 463 498 499
f 463 499 464
f 464 499 500
f 464 500 465
f 465 500 501
f 465 501 466
f 466 501 502
f 466 502 467
f 467 502 503
f 467 503 468
f 468 503 504
f 468 504 469
f 469 504 505
f 470 1 506
f 470 506 471
f 471 506 507
f 471 507 472
f 472 507 508
f 472 508 473
f 473 508 509
f 473 509 474
f 474 509 510
f 474 510 475
f 475 510 511
f 475 511 476
f 476 511 512
f 476 512 477
f 477 512 513
f 477 513 478
f 478 513 514
f 478 514 479
f 479 514 515
f 479 515 480
f 480 515 516
f 480 516 481
f 481 516 517
f 481 517 482
f 482 517 518
f 482 518 483
f 483 518 519
f 483 519 484
f 484 519 520
f 484 520 485
f 485 520 521
f 485 521 486
f 486 521 522
f 486 522 487
f 487 522 523
f 487 523 488
f 488 523 524
f 488 524 489
f 489 524 525
f 489 525 490
f 490 525 526
f 490 526 491
f 491 526 527
f 491 527 492
f 492 527 528
f 492 528 493
f 493 528 529
f 493 529 494
f 494 529 530
f 494 530 495
f 495 530 531
f 495 531 496
f 496 531 532
f 496 532 497
f 497 532 533
f 497 533 498
f 498 533 534
f 498 534 499
f 499 534 535
f 499 535 500
f 500 535 536
f 500 536 501
f 501 536 537
f 501 537 502
f 502 537 538
f 502 538 503
f 503 538 539
f 503 539 504
f 504 539 540
f 504 540 505
f 505 540 541
f 506 1 542
f 506 542 507
f 507 542 543
f 507 543 508
f 508 543 544
f 508 544 509
f 509 544 545
f 509 545 510
f 510 545 546
f 510 546 511
f 511 546 547
f 511 547 512
f 512 547 548
f 512 548 513
f 513 548 549
f 513 549 514
f 514 549 550
f 514 550 515
f 515 550 551
f 515 551 516
f 516 551 552
f 516 552 517
f 517 552 553
f 517 553 518
f 518 553 554
f 518 554 519
f 519 554 555
f 519 555 520
f 520 555 556
f 520 556 521
f 521 556 557
f 521 557 522
f 522 557 558
f 522 558 523
f 523 558 559
f 523 559 524
f 524 559 560
f 524 560 525
f 525 560 561
f 525 561 526
f 526 561 562
f 526 562 527
f 527 562 563
f 527 563 528
f 528 563 564
f 528 564 529
f 529 564 565
f 529 565 530
f 530 565 566
f 530 566 531
f 531 566 567
f 531 567 532
f 532 567 568
f 532 568 533
f 533 568 569
f 533 569 534
f 534 569 570
f 534 570 535
f 535 570 571
f 535 571 536
f 536 571 572
f 536 572 537
f 537 572 573
f 537 573 538
f 538 573 574
f 538 574 539
f 539 574 575
f 539 575 540
f 540 575 576
f 540 576 541
f 541 576 577
f 542 1 578
f 542 578 543
f 543 578 579
f 543 579 544
f 544 579 580
f 544 580 545
f 545 580 581
f 545 581 546
f 546 581 582
f 546 582 547
f 547 582 583
f 547 583 548
f 548 583 584
f 548 584 549
f 549 584 585
f 549 585 550
f 550 585 586
f 550 586 551
f 551 586 587
f 551 587 552
f 552 587 588
f 552 588 553
f 553 588 589
f 553 589 554
f 554 589 590
f 554 590 555
f 555 590 591
f 555 591 556
f 556 591 592
f 556 592 557
f 557 592 593
f 557 593 558
f 558 593 594
f 558 594 559
f 559 594 595
f 559 595 560
f 560 595 596
f 560 596 561
f 561 596 597
f 561 597 562
f 562 597 598
f 562 598 563
f 563 598 599
f 563 599 564
f 564 599 600
f 564 600 565
f 565 600 601
f 565 601 566
f 566 601 602
f 566 602 567
f 567 602 603
f 567 603 568
f 568 603 604
f 568 604 569
f 569 604 605
f 569 605 570
f 570 605 606
f 570 606 571
f 571 606 607
f 571 607 572
f 572 607 608
f 572 608 573
f 573 608 609
f 573 609 574
f 574 609 610
f 574 610 575
f 575 610 611
f 575 611 576
f 576 611 612
f 576 612 577
f 577 612 613
f 578 1 614
f 578 614 579
f 579 614 615
f 579 615 580
f 580 615 616
f 580 616 581
f 581 616 617
f 581 617 582
f 582 617 618
f 582 618 583
f 583 618 619
f 583 619 584
f 584 619 620
f 584 620 585
f 585 620 621
f 585 621 586
f 586 621 622
f 586 622 587
f 587 622 623
f 587 623 588
f 588 623 624
f 588 624 589
f 589 624 625
f 589 625 590
f 590 625 626
f 590 626 591
f 591 626 627
f 591 627 592
f 592 627 628
f 592 628 593
f 593 628 629
f 593 629 594
f 594 629 630
f 594 630 595
f 595 630 631
f 595 631 596
f 596 631 632
f 596 632 597
f 597 632 633
f 597 633 598
f 598 633 634
f 598 634 599
f 599 634 635
f 599 635 600
f 600 635 636
f 600 636 601
f 601 636 637
f 601 637 602
f 602 637 638
f 602 638 603
f 603 638 639
f 603 639 604
f 604 639 640
f 604 640 605
f 605 640 641
f 605 641 606
f 606 641 642
f 606 642 607
f 607 642 643
f 607 643 608
f 608 643 644
f 608 644 609
f 609 644 645
f 609 645 610
f 610 645 646
f 610 646 611
f 611 646 647
f 611 647 612
f 612 647 648
f 612 648 613
f 613 648 649
f 614 1 650
f 614 650 615
f 615 650 651
f 615 651 616
f 616 651 652
f 616 652 617
f 617 652 653
f 617 653 618
f 618 653 654
f 618 654 619
f 619 654 655
f 619 655 620
f 620 655 656
f 620 656 621
f 621 656 657
f 621 657 622
f 622 657 658
f 622 658 623
f 623 658 659
f 623 659 624
f 624 659 660
f 624 660 625
f 625 660 661
f 625 661 626
f 626 661 662
f 626 662 627
f 627 662 663
f 627 663 628
f 628 663 664
f 628 664 629
f 629 664 665
f 629 665 630
f 630 665 666
f 630 666 631
f 631 666 667
f 631 667 632
f 632 667 668
f 632 668 633
f 633 668 669
f 633 669 634
f 634 669 670
f 634 670 635
f 635 670 671
f 635 671 636
f 636 671 672
f 636 672 637
f 637 672 673
f 637 673 638
f 638 673 674
f 638 674 639
f 639 674 675
f 639 675 640
f 640 675 676
f 640 676 641
f 641 676 677
f 641 677 642
f 642 677 678
f 642 678 643
f 643 678 679
f 643 679 644
f 644 679 680
f 644 680 645
f 645 680 681
f 645 681 646
f 646 681 682
f 646 682 647
f 647 682 683
f 647 683 648
f 648 683 684
f 648 684 649
f 649 684 685
f 650 1 686
f 650 686 651
f 651 686 687
f 651 687 652
f 652 687 688
f 652 688 653
f 653 688 689
f 653 689 654
f 654 689 690
f 654 690 655
f 655 690 691
f 655 691 656
f 656 691 692
f 656 692 657
f 657 692 693
f 657 693 658
f 658 693 694
f 658 694 659
f 659 694 695
f 659 695 660
f 660 695 696
f 660 696 661
f 661 696 697
f 661 697 662
f 662 697 698
f 662 698 663
f 663 698 699
f 663 699 664
f 664 699 700
f 664 700 665
f 665 700 701
f 665 701 666
f 666 701 702
f 666 702 667
f 667 702 703
f 667 703 668
f 668 703 704
f 668 704 669
f 669 704 705
f 669 705 670
f 670 705 706
f 670 706 671
f 671 706 707
f 671 707 672
f 672 707 708
f 672 708 673
f 673 708 709
f 673 709 674
f 674 709 710
f 674 710 675
f 675 710 711
f 675 711 676
f 676 711 712
f 676 712 677
f 677 712 713
f 677 713 678
f 678 713 714
f 678 714 679
f 679 714 715
f 679 715 680
f 680 715 716
f 680 716 681
f 681 716 717
f 681 717 682
f 682 717 718
f 682 718 683
f 683 718 719
f 683 719 684
f 684 719 720
f 684 720 685
f 685 720 721
f 686 1 722
f 686 722 687
f 687 722 723
f 687 723 688
f 688 723 724
f 688 724 689
f 689 724 725
f 689 725 690
f 690 725 726
f 690 726 691
f 691 726 727
f 691 727 692
f 692 727 728
f 692 728 693
f 693 728 729
f 693 729 694
f 694 729 730
f 694 730 695
f 695 730 731
f 695 731 696
f 696 731 732
f 696 732 697
f 697 732 733
f 697 733 698
f 698 733 734
f 698 734 699
f 699 734 735
f 699 735 700
f 700 735 736
f 700 736 701
f 701 736 737
f 701 737 702
f 702 737 738
f 702 738 703
f 703 738 739
f 703 739 704
f 704 739 740
f 704 740 705
f 705 740 741
f 705 741 706
f 706 741 742
f 706 742 707
f 707 742 743
f 707 743 708
f 708 743 744
f 708 744 709
f 709 744 745
f 709 745 710
f 710 745 746
f 710 746 711
f 711 746 747
f 711 747 712
f 712 747 748
f 712 748 713
f 713 748 749
f 713 749 714
f 714 749 750
f 714 750 715
f 715 750 751
f 715 751 716
f 716 751 752
f 716 752 717
f 717 752 753
f 717 753 718
f 718 753 754
f 718 754 719
f 719 754 755
f 719 755 720
f 720 755 756
f 720 756 721
f 721 756 757
f 722 1 758
f 722 758 723
f 723 758 759
f 723 759 724
f 724 759 760
f 724 760 725
f 725 760 761
f 725 761 726
f 726 761 762
f 726 762 727
f 727 762 763
f 727 763 728
f 728 763 764
f 728 764 729
f 729 764 765
f 729 765 730
f 730 765 766
f 730 766 731
f 731 766 767
f 731 767 732
f 732 767 768
f 732 768 733
f 733 768 769
f 733 769 734
f 734 769 770
f 734 770 735
f 735 770 771
f 735 771 736
f 736 771 772
f 736 772 737
f 737 772 773
f 737 773 738
f 738 773 774
f 738 774 739
f 739 774 775
f 739 775 740
f 740 775 776
f 740 776 741
f 741 776 777
f 741 777 742
f 742 777 778
f 742 778 743
f 743 778 779
f 743 779 744
f 744 779 780
f 744 780 745
f 745 780 781
f 745 781 746
f 746 781 782
f 746 782 747
f 747 782 783
f 747 783 748
f 748 783 784
f 748 784 749
f 749 784 785
f 749 785 750
f 750 785 786
f 750 786 751
f 751 786 787
f 751 787 752
f 752 787 788
f 752 788 753
f 753 788 789
f 753 789 754
f 754 789 790
f 754 790 755
f 755 790 791
f 755 791 756
f 756 791 792
f 756 792 757
f 757 792 793
f 758 1 794
f 758 794 759
f 759 794 795
f 759 795 760
f 760 795 796
f 760 796 761
f 761 796 797
f 761 797 762
f 762 797 798
f 762 798 763
f 763 798 799
f 763 799 764
f 764 799 800
f 764 800 765
f 765 800 801
f 765 801 766
f 766 801 802
f 766 802 767
f 767 802 803
f 767 803 768
f 768 803 804
f 768 804 769
f 769 804 805
f 769 805 770
f 770 805 806
f 770 806 771
f 771 806 807
f 771 807 772
f 772 807 808
f 772 808 773
f 773 808 809
f 773 809 774
f 774 809 810
f 774 810 775
f 775 810 811
f 775 811 776
f 776 811 812
f 776 812 777
f 777 812 813
f 777 813 778
f 778 813 814
f 778 814 779
f 779 814 815
f 779 815 780
f 780 815 816
f 780 816 781
f 781 816 817
f 781 817 782
f 782 817 818
f 782 818 783
f 783 818 819
f 783 819 784
f 784 819 820
f 784 820 785
f 785 820 821
f 785 821 786
f 786 821 822
f 786 822 787
f 787 822 823
f 787 823 788
f 788 823 824
f 788 824 789
f 789 824 825
f 789 825 790
f 790 825 826
f 790 826 791
f 791 826 827
f 791 827 792
f 792 827 828
f 792 828 793
f 793 828 829
f 794 1 830
f 794 830 795
f 795 830 831
f 795 831 796
f 796 831 832
f 796 832 797
f 797 832 833
f 797 833 798
f 798 833 834
f 798 834 799
f 799 834 835
f 799 835 800
f 800 835 836
f 800 836 801
f 801 836 837
f 801 837 802
f 802 837 838
f 802 838 803
f 803 838 839
f 803 839 804
f 804 839 840
f 804 840 805
f 805 840 841
f 805 841 806
f 806 841 842
f 806 842 807
f 807 842 843
f 807 843 808
f 808 843 844
f 808 844 809
f 809 844 845
f 809 845 810
f 810 845 846
f 810 846 811
f 811 846 847
f 811 847 812
f 812 847 848
f 812 848 813
f 813 848 849
f 813 849 814
f 814 849 850
f 814 850 815
f 815 850 851
f 815 851 816
f 816 851 852
f 816 852 817
f 817 852 853
f 817 853 818
f 818 853 854
f 818 854 819
f 819 854 855
f 819 855 820
f 820 855 856
f 820 856 821
f 821 856 857
f 821 857 822
f 822 857 858
f 822 858 823
f 823 858 859
f 823 859 824
f 824 859 860
f 824 860 825
f 825 860 861
f 825 861 826
f 826 861 862
f 826 862 827
f 827 862 863
f 827 863 828
f 828 863 864
f 828 864 829
f 829 864 865
f 830 1 866
f 830 866 831
f 831 866 867
f 831 867 832
f 832 867 868
f 832 868 833
f 833 868 869
f 833 869 834
f 834 869 870
f 834 870 835
f 835 870 871
f 835 871 836
f 836 871 872
f 836 872 837
f 837 872 873
f 837 873 838
f 838 873 874
f 838 874 839
f 839 874 875
f 839 875 840
f 840 875 876
f 840 876 841
f 841 876 877
f 841 877 842
f 842 877 878
f 842 878 843
f 843 878 879
f 843 879 844
f 844 879 880
f 844 880 845
f 845 880 881
f 845 881 846
f 846 881 882
f 846 882 847
f 847 882 883
f 847 883 848
f 848 883 884
f 848 884 849
f 849 884 885
f 849 885 850
f 850 885 886
f 850 886 851
f 851 886 887
f 851 887 852
f 852 887 888
f 852 888 853
f 853 888 889
f 853 889 854
f 854 889 890
f 854 890 855
f 855 890 891
f 855 891 856
f 856 891 892
f 856 892 857
f 857 892 893
f 857 893 858
f 858 893 894
f 858 894 859
f 859 894 895
f 859 895 860
f 860 895 896
f 860 896 861
f 861 896 897
f 861 897 862
f 862 897 898
f 862 898 863
f 863 898 899
f 863 899 864
f 864 899 900
f 864 900 865
f 865 900 901
f 866 1 902
f 866 902 867
f 867 902 903
f 867 903 868
f 868 903 904
f 868 904 869
f 869 904 905
f 869 905 870
f 870 905 906
f 870 906 871
f 871 906 907
f 871 907 872
f 872 907 908
f 872 908 873
f 873 908 909
f 873 909 874
f 874 909 910
f 874 910 875
f 875 910 911
f 875 911 876
f 876 911 912
f 876 912 877
f 877 912 913
f 877 913 878
f 878 913 914
f 878 914 879
f 879 914 915
f 879 915 880
f 880 915 916
f 880 916 881
f 881 916 917
f 881 917 882
f 882 917 918
f 882 918 883
f 883 918 919
f 883 919 884
f 884 919 920
f 884 920 885
f 885 920 921
f 885 921 886
f 886 921 922
f 886 922 887
f 887 922 923
f 887 923 888
f 888 923 924
f 888 924 889
f 889 924 925
f 889 925 890
f 890 925 926
f 890 926 891
f 891 926 927
f 891 927 892
f 892 927 928
f 892 928 893
f 893 928 929
f 893 929 894
f 894 929 930
f 894 930 895
f 895 930 931
f 895 931 896
f 896 931 932
f 896 932 897
f 897 932 933
f 897 933 898
f 898 933 934
f 898 934 899
f 899 934 935
f 899 935 900
f 900 935 936
f 900 936 901
f 901 936 937
f 902 1 938
f 902 938 903
f 903 938 939
f 903 939 904
f 904 939 940
f 904 940 905
f 905 940 941
f 905 941 906
f 906 941 942
f 906 942 907
f 907 942 943
f 907 943 908
f 908 943 944
f 908 944 909
f 909 944 945
f 909 945 910
f 910 945 946
f 910 946 911
f 911 946 947
f 911 947 912
f 912 947 948
f 912 948 913
f 913 948 949
f 913 949 914
f 914 949 950
f 914 950 915
f 915 950 951
f 915 951 916
f 916 951 952
f 916 952 917
f 917 952 953
f 917 953 918
f 918 953 954
f 918 954 919
f 919 954 955
f 919 955 920
f 920 955 956
f 920 956 921
f 921 956 957
f 921 957 922
f 922 957 958
f 922 958 923
f 923 958 959
f 923 959 924
f 924 959 960
f 924 960 925
f 925 960 961
f 925 961 926
f 926 961 962
f 926 962 927
f 927 962 963
f 927 963 928
f 928 963 964
f 928 964 929
f 929 964 965
f 929 965 930
f 930 965 966
f 930 966 931
f 931 966 967
f 931 967 932
f 932 967 968
f 932 968 933
f 933 968 969
f 933 969 934
f 934 969 970
f 934 970 935
f 935 970 971
f 935 971 936
f 936 971 972
f 936 972 937
f 937 972 973
f 938 1 974
f 938 974 939
f 939 974 975
f 939 975 940
f 940 975 976
f 940 976 941
f 941 976 977
f 941 977 942
f 942 977 978
f 942 978 943
f 943 978 979
f 943 979 944
f 944 979 980
f 944 980 945
f 945 980 981
f 945 981 946
f 946 981 982
f 946 982 947
f 947 982 983
f 947 983 948
f 948 983 984
f 948 984 949
f 949 984 985
f 949 985 950
f 950 985 986
f 950 986 951
f 951 986 987
f 951 987 952
f 952 987 988
f 952 988 953
f 953 988 989
f 953 989 954
f 954 989 990
f 954 990 955
f 955 990 991
f 955 991 956
f 956 991 992
f 956 992 957
f 957 992 993
f 957 993 958
f 958 993 994
f 958 994 959
f 959 994 995
f 959 995 960
f 960 995 996
f 960 996 961
f 961 996 997
f 961 997 962
f 962 997 998
f 962 998 963
f 963 998 999
f 963 999 964
f 964 999 1000
f 964 1000 965
f 965 1000 1001
f 965 1001 966
f 966 1001 1002
f 966 1002 967
f 967 1002 1003
f 967 1003 968
f 968 1003 1004
f 968 1004 969
f 969 1004 1005
f 969 1005 970
f 970 1005 1006
f 970 1006 971
f 971 1006 1007
f 971 1007 972
f 972 1007 1008
f 972 1008 973
f 973 1008 1009
f 974 1 1010
f 974 1010 975
f 975 1010 1011
f 975 1011 976
f 976 1011 1012
f 976 1012 977
f 977 1012 1013
f 977 1013 978
f 978 1013 1014
f 978 1014 979
f 979 1014 1015
f 979 1015 980
f 980 1015 1016
f 980 1016 981
f 981 1016 1017
f 981 1017 982
f 982 1017 1018
f 982 1018 983
f 983 1018 1019
f 983 1019 984
f 984 1019 1020
f 984 1020 985
f 985 1020 1021
f 985 1021 986
f 986 1021 1022
f 986 1022 987
f 987 1022 1023
f 987 1023 988
f 988 1023 1024
f 988 1024 989
f 989 1024 1025
f 989 1025 990
f 990 1025 1026
f 990 1026 991
f 991 1026 1027
f 991 1027 992
f 992 1027 1028
f 992 1028 993
f 993 1028 1029
f 993 1029 994
f 994 1029 1030
f 994 1030 995
f 995 1030 1031
f 995 1031 996
f 996 1031 1032
f 996 1032 997
f 997 1032 1033
f 997 1033 998
f 998 1033 1034
f 998 1034 999
f 999 1034 1035
f 999 1035 1000
f 1000 1035 1036
f 1000 1036 1001
f 1001 1036 1037
f 1001 1037 1002
f 1002 1037 1038
f 1002 1038 1003
f 1003 1038 1039
f 1003 1039 1004
f 1004 1039 1040
f 1004 1040 1005
f 1005 1040 1041
f 1005 1041 1006
f 1006 1041 1042
f 1006 1042 1007
f 1007 1042 1043
f 1007 1043 1008
f 1008 1043 1044
f 1008 1044 1009
f 1009 1044 1045
f 1010 1 1046
f 1010 1046 1011
f 1011 1046 1047
f 1011 1047 1012
f 1012 1047 1048
f 1012 1048 1013
f 1013 1048 1049
f 1013 1049 1014
f 1014 1049 1050
f 1014 1050 1015
f 1015 1050 1051
f 1015 1051 1016
f 1016 1051 1052
f 1016 1052 1017
f 1017 1052 1053
f 1017 1053 1018
f 1018 1053 1054
f 1018 1054 1019
f 1019 1054 1055
f 1019 1055 1020
f 1020 1055 1056
f 1020 1056 1021
f 1021 1056 1057
f 1021 1057 1022
f 1022 1057 1058
f 1022 1058 1023
f 1023 1058 1059
f 1023 1059 1024
f 1024 1059 1060
f 1024 1060 1025
f 1025 1060 1061
f 1025 1061 1026
f 1026 1061 1062
f 1026 1062 1027
f 1027 1062 1063
f 1027 1063 1028
f 1028 1063 1064
f 1028 1064 1029
f 1029 1064 1065
f 1029 1065 1030
f 1030 1065 1066
f 1030 1066 1031
f 1031 1066 1067
f 1031 1067 1032
f 1032 1067 1068
f 1032 1068 1033
f 1033 1068 1069
f 1033 1069 1034
f 1034 1069 1070
f 1034 1070 1035
f 1035 1070 1071
f 1035 1071 1036
f 1036 1071 1072
f 1036 1072 1037
f 1037 1072 1073
f 1037 1073 1038
f 1038 1073 1074
f 1038 1074 1039
f 1039 1074 1075
f 1039 1075 1040
f 1040 1075 1076
f 1040 1076 1041
f 1041 1076 1077
f 1041 1077 1042
f 1042 1077 1078
f 1042 1078 1043
f 1043 1078 1079
f 1043 1079 1044
f 1044 1079 1080
f 1044 1080 1045
f 1045 1080 1081
f 1046 1 1082
f 1046 1082 1047
f 1047 1082 1083
f 1047 1083 1048
f 1048 1083 1084
f 1048 1084 1049
f 1049 1084 1085
f 1049 1085 1050
f 1050 1085 1086
f 1050 1086 1051
f 1051 1086 1087
f 1051 1087 1052
f 1052 1087 1088
f 1052 1088 1053
f 1053 1088 1089
f 1053 1089 1054
f 1054 1089 1090
f 1054 1090 1055
f 1055 1090 1091
f 1055 1091 1056
f 1056 1091 1092
f 1056 1092 1057
f 1057 1092 1093
f 1057 1093 1058
f 1058 1093 1094
f 1058 1094 1059
f 1059 1094 1095
f 1059 1095 1060
f 1060 1095 1096
f 1060 1096 1061
f 1061 1096 1097
f 1061 1097 1062
f 1062 1097 1098
f 1062 1098 1063
f 1063 1098 1099
f 1063 1099 1064
f 1064 1099 1100
f 1064 1100 1065
f 1065 1100 1101
f 1065 1101 1066
f 1066 1101 1102
f 1066 1102 1067
f 1067 1102 1103
f 1067 1103 1068
f 1068 1103 1104
f 1068 1104 1069
f 1069 1104 1105
f 1069 1105 1070
f 1070 1105 1106
f 1070 1106 1071
f 1071 1106 1107
f 1071 1107 1072
f 1072 1107 1108
f 1072 1108 1073
f 1073 1108 1109
f 1073 1109 1074
f 1074 1109 1110
f 1074 1110 1075
f 1075 1110 1111
f 1075 1111 1076
f 1076 1111 1112
f 1076 1112 1077
f 1077 1112 1113
f 1077 1113 1078
f 1078 1113 1114
f 1078 1114 1079
f 1079 1114 1115
f 1079 1115 1080
f 1080 1115 1116
f 1080 1116 1081
f 1081 1116 1117
f 1082 1 1118
f 1082 1118 1083
f 1083 1118 1119
f 1083 1119 1084
f 1084 1119 1120
f 1084 1120 1085
f 1085 1120 1121
f 1085 1121 1086
f 1086 1121 1122
f 1086 1122 1087
f 1087 1122 1123
f 1087 1123 1088
f 1088 1123 1124
f 1088 1124 1089
f 1089 1124 1125
f 1089 1125 1090
f 1090 1125 1126
f 1090 1126 1091
f 1091 1126 1127
f 1091 1127 1092
f 1092 1127 1128
f 1092 1128 1093
f 1093 1128 1129
f 1093 1129 1094
f 1094 1129 1130
f 1094 1130 1095
f 1095 1130 1131
f 1095 1131 1096
f 1096 1131 1132
f 1096 1132 1097
f 1097 1132 1133
f 1097 1133 1098
f 1098 1133 1134
f 1098 1134 1099
f 1099 1134 1135
f 1099 1135 1100
f 1100 1135 1136
f 1100 1136 1101
f 1101 1136 1137
f 1101 1137 1102
f 1102 1137 1138
f 1102 1138 1103
f 1103 1138 1139
f 1103 1139 1104
f 1104 1139 1140
f 1104 1140 1105
f 1105 1140 1141
f 1105 1141 1106
f 1106 1141 1142
f 1106 1142 1107
f 1107 1142 1143
f 1107 1143 1108
f 1108 1143 1144
f 1108 1144 1109
f 1109 1144 1145
f 1109 1145 1110
f 1110 1145 1146
f 1110 1146 1111
f 1111 1146 1147
f 1111 1147 1112
f 1112 1147 1148
f 1112 1148 1113
f 1113 1148 1149
f 1113 1149 1114
f 1114 1149 1150
f 1114 1150 1115
f 1115 1150 1151
f 1115 1151 1116
f 1116 1151 1152
f 1116 1152 1117
f 1117 1152 1153
f 1118 1 1154
f 1118 1154 1119
f 1119 1154 1155
f 1119 1155 1120
f 1120 1155 1156
f 1120 1156 1121
f 1121 1156 1157
f 1121 1157 1122
f 1122 1157 1158
f 1122 1158 1123
f 1123 1158 1159
f 1123 1159 1124
f 1124 1159 1160
f 1124 1160 1125
f 1125 1160 1161
f 1125 1161 1126
f 1126 1161 1162
f 1126 1162 1127
f 1127 1162 1163
f 1127 1163 1128
f 1128 1163 1164
f 1128 1164 1129
f 1129 1164 1165
f 1129 1165 1130
f 1130 1165 1166
f 1130 1166 1131
f 1131 1166 1167
f 1131 1167 1132
f 1132 1167 1168
f 1132 1168 1133
f 1133 1168 1169
f 1133 1169 1134
f 1134 1169 1170
f 1134 1170 1135
f 1135 1170 1171
f 1135 1171 1136
f 1136 1171 1172
f 1136 1172 1137
f 1137 1172 1173
f 1137 1173 1138
f 1138 1173 1174
f 1138 1174 1139
f 1139 1174 1175
f 1139 1175 1140
f 1140 1175 1176
f 1140 1176 1141
f 1141 1176 1177
f 1141 1177 1142
f 1142 1177 1178
f 1142 1178 1143
f 1143 1178 1179
f 1143 1179 1144
f 1144 1179 1180
f 1144 1180 1145
f 1145 1180 1181
f 1145 1181 1146
f 1146 1181 1182
f 1146 1182 1147
f 1147 1182 1183
f 1147 1183 1148
f 1148 1183 1184
f 1148 1184 1149
f 1149 1184 1185
f 1149 1185 1150
f 1150 1185 1186
f 1150 1186 1151
f 1151 1186 1187
f 1151 1187 1152
f 1152 1187 1188
f 1152 1188 1153
f 1153 1188 1189
f 1154 1 1190
f 1154 1190 1155
f 1155 1190 1191
f 1155 1191 1156
f 1156 1191 1192
f 1156 1192 1157
f 1157 1192 1193
f 1157 1193 1158
f 1158 1193 1194
f 1158 1194 1159
f 1159 1194 1195
f 1159 1195 1160
f 1160 1195 1196
f 1160 1196 1161
f 1161 1196 1197
f 1161 1197 1162
f 1162 1197 1198
f 1162 1198 1163
f 1163 1198 1199
f 1163 1199 1164
f 1164 1199 1200
f 1164 1200 1165
f 1165 1200 1201
f 1165 1201 1166
f 1166 1201 1202
f 1166 1202 1167
f 1167 1202 1203
f 1167 1203 1168
f 1168 1203 1204
f 1168 1204 1169
f 1169 1204 1205
f 1169 1205 1170
f 1170 1205 1206
f 1170 1206 1171
f 1171 1206 1207
f 1171 1207 1172
f 1172 1207 1208
f 1172 1208 1173
f 1173 1208 1209
f 1173 1209 1174
f 1174 1209 1210
f 1174 1210 1175
f 1175 1210 1211
f 1175 1211 1176
f 1176 1211 1212
f 1176 1212 1177
f 1177 1212 1213
f 1177 1213 1178
f 1178 1213 1214
f 1178 1214 1179
f 1179 1214 1215
f 1179 1215 1180
f 1180 1215 1216
f 1180 1216 1181
f 1181 1216 1217
f 1181 1217 1182
f 1182 1217 1218
f 1182 1218 1183
f 1183 1218 1219
f 1183 1219 1184
f 1184 1219 1220
f 1184 1220 1185
f 1185 1220 1221
f 1185 1221 1186
f 1186 1221 1222
f 1186 1222 1187
f 1187 1222 1223
f 1187 1223 1188
f 1188 1223 1224
f 1188 1224 1189
f 1189 1224 1225
f 1190 1 1226
f 1190 1226 1191
f 1191 1226 1227
f 1191 1227 1192
f 1192 1227 1228
f 1192 1228 1193
f 1193 1228 1229
f 1193 1229 1194
f 1194 1229 1230
f 1194 1230 1195
f 1195 1230 1231
f 1195 1231 1196
f 1196 1231 1232
f 1196 1232 1197
f 1197 1232 1233
f 1197 1233 1198
f 1198 1233 1234
f 1198 1234 1199
f 1199 1234 1235
f 1199 1235 1200
f 1200 1235 1236
f 1200 1236 1201
f 1201 1236 1237
f 1201 1237 1202
f 1202 1237 1238
f 1202 1238 1203
f 1203 1238 1239
f 1203 1239 1204
f 1204 1239 1240
f 1204 1240 1205
f 1205 1240 1241
f 1205 1241 1206
f 1206 1241 1242
f 1206 1242 1207
f 1207 1242 1243
f 1207 1243 1208
f 1208 1243 1244
f 1208 1244 1209
f 1209 1244 1245
f 1209 1245 1210
f 1210 1245 1246
f 1210 1246 1211
f 1211 1246 1247
f 1211 1247 1212
f 1212 1247 1248
f 1212 1248 1213
f 1213 1248 1249
f 1213 1249 1214
f 1214 1249 1250
f 1214 1250 1215
f 1215 1250 1251
f 1215 1251 1216
f 1216 1251 1252
f 1216 1252 1217
f 1217 1252 1253
f 1217 1253 1218
f 1218 1253 1254
f 1218 1254 1219
f 1219 1254 1255
f 1219 1255 1220
f 1220 1255 1256
f 1220 1256 1221
f 1221 1256 1257
f 1221 1257 1222
f 1222 1257 1258
f 1222 1258 1223
f 1223 1258 1259
f 1223 1259 1224
f 1224 1259 1260
f 1224 1260 1225
f 1225 1260 1261
f 1226 1 1262
f 1226 1262 1227
f 1227 1262 1263
f 1227 1263 1228
f 1228 1263 1264
f 1228 1264 1229
f 1229 1264 1265
f 1229 1265 1230
f 1230 1265 1266
f 1230 1266 1231
f 1231 1266 1267
f 1231 1267 1232
f 1232 1267 1268
f 1232 1268 1233
f 1233 1268 1269
f 1233 1269 1234
f 1234 1269 1270
f 1234 1270 1235
f 1235 1270 1271
f 1235 1271 1236
f 1236 1271 1272
f 1236 1272 1237
f 1237 1272 1273
f 1237 1273 1238
f 1238 1273 1274
f 1238 1274 1239
f 1239 1274 1275
f 1239 1275 1240
f 1240 1275 1276
f 1240 1276 1241
f 1241 1276 1277
f 1241 1277 1242
f 1242 1277 1278
f 1242 1278 1243
f 1243 1278 1279
f 1243 1279 1244
f 1244 1279 1280
f 1244 1280 1245
f 1245 1280 1281
f 1245 1281 1246
f 1246 1281 1282
f 1246 1282 1247
f 1247 1282 1283
f 1247 1283 1248
f 1248 1283 1284
f 1248 1284 1249
f 1249 1284 1285
f 1249 1285 1250
f 1250 1285 1286
f 1250 1286 1251
f 1251 1286 1287
f 1251 1287 1252
f 1252 1287 1288
f 1252 1288 1253
f 1253 1288 1289
f 1253 1289 1254
f 1254 1289 1290
f 1254 1290 1255
f 1255 1290 1291
f 1255 1291 1256
f 1256 1291 1292
f 1256 1292 1257
f 1257 1292 1293
f 1257 1293 1258
f 1258 1293 1294
f 1258 1294 1259
f 1259 1294 1295
f 1259 1295 1260
f 1260 1295 1296
f 1260 1296 1261
f 1261 1296 1297
f 1262 1 1298
f 1262 1298 1263
f 1263 1298 1299
f 1263 1299 1264
f 1264 1299 1300
f 1264 1300 1265
f 1265 1300 1301
f 1265 1301 1266
f 1266 1301 1302
f 1266 1302 1267
f 1267 1302 1303
f 1267 1303 1268
f 1268 1303 1304
f 1268 1304 1269
f 1269 1304 1305
f 1269 1305 1270
f 1270 1305 1306
f 1270 1306 1271
f 1271 1306 1307
f 1271 1307 1272
f 1272 1307 1308
f 1272 1308 1273
f 1273 1308 1309
f 1273 1309 1274
f 1274 1309 1310
f 1274 1310 1275
f 1275 1310 1311
f 1275 1311 1276
f 1276 1311 1312
f 1276 1312 1277
f 1277 1312 1313
f 1277 1313 1278
f 1278 1313 1314
f 1278 1314 1279
f 1279 1314 1315
f 1279 1315 1280
f 1280 1315 1316
f 1280 1316 1281
f 1281 1316 1317
f 1281 1317 1282
f 1282 1317 1318
f 1282 1318 1283
f 1283 1318 1319
f 1283 1319 1284
f 1284 1319 1320
f 1284 1320 1285
f 1285 1320 1321
f 1285 1321 1286
f 1286 1321 1322
f 1286 1322 1287
f 1287 1322 1323
f 1287 1323 1288
f 1288 1323 1324
f 1288 1324 1289
f 1289 1324 1325
f 1289 1325 1290
f 1290 1325 1326
f 1290 1326 1291
f 1291 1326 1327
f 1291 1327 1292
f 1292 1327 1328
f 1292 1328 1293
f 1293 1328 1329
f 1293 1329 1294
f 1294 1329 1330
f 1294 1330 1295
f 1295 1330 1331
f 1295 1331 1296
f 1296 1331 1332
f 1296 1332 1297
f 1297 1332 1333
f 1298 1 1334
f 1298 1334 1299
f 1299 1334 1335
f 1299 1335 1300
f 1300 1335 1336
f 1300 1336 1301
f 1301 1336 1337
f 1301 1337 1302
f 1302 1337 1338
f 1302 1338 1303
f 1303 1338 1339
f 1303 1339 1304
f 1304 1339 1340
f 1304 1340 1305
f 1305 1340 1341
f 1305 1341 1306
f 1306 1341 1342
f 1306 1342 1307
f 1307 1342 1343
f 1307 1343 1308
f 1308 1343 1344
f 1308 1344 1309
f 1309 1344 1345
f 1309 1345 1310
f 1310 1345 1346
f 1310 1346 1311
f 1311 1346 1347
f 1311 1347 1312
f 1312 1347 1348
f 1312 1348 1313
f 1313 1348 1349
f 1313 1349 1314
f 1314 1349 1350
f 1314 1350 1315
f 1315 1350 1351
f 1315 1351 1316
f 1316 1351 1352
f 1316 1352 1317
f 1317 1352 1353
f 1317 1353 1318
f 1318 1353 1354
f 1318 1354 1319
f 1319 1354 1355
f 1319 1355 1320
f 1320 1355 1356
f 1320 1356 1321
f 1321 1356 1357
f 1321 1357 1322
f 1322 1357 1358
f 1322 1358 1323
f 1323 1358 1359
f 1323 1359 1324
f 1324 1359 1360
f 1324 1360 1325
f 1325 1360 1361
f 1325 1361 1326
f 1326 1361 1362
f 1326 1362 1327
f 1327 1362 1363
f 1327 1363 1328
f 1328 1363 1364
f 1328 1364 1329
f 1329 1364 1365
f 1329 1365 1330
f 1330 1365 1366
f 1330 1366 1331
f 1331 1366 1367
f 1331 1367 1332
f 1332 1367 1368
f 1332 1368 1333
f 1333 1368 1369
f 1334 1 1370
f 1334 1370 1335
f 1335 1370 1371
f 1335 1371 1336
f 1336 1371 1372
f 1336 1372 1337
f 1337 1372 1373
f 1337 1373 1338
f 1338 1373 1374
f 1338 1374 1339
f 1339 1374 1375
f 1339 1375 1340
f 1340 1375 1376
f 1340 1376 1341
f 1341 1376 1377
f 1341 1377 1342
f 1342 1377 1378
f 1342 1378 1343
f 1343 1378 1379
f 1343 1379 1344
f 1344 1379 1380
f 1344 1380 1345
f 1345 1380 1381
f 1345 1381 1346
f 1346 1381 1382
f 1346 1382 1347
f 1347 1382 1383
f 1347 1383 1348
f 1348 1383 1384
f 1348 1384 1349
f 1349 1384 1385
f 1349 1385 1350
f 1350 1385 1386
f 1350 1386 1351
f 1351 1386 1387
f 1351 1387 1352
f 1352 1387 1388
f 1352 1388 1353
f 1353 1388 1389
f 1353 1389 1354
f 1354 1389 1390
f 1354 1390 1355
f 1355 1390 1391
f 1355 1391 1356
f 1356 1391 1392
f 1356 1392 1357
f 1357 1392 1393
f 1357 1393 1358
f 1358 1393 1394
f 1358 1394 1359
f 1359 1394 1395
f 1359 1395 1360
f 1360 1395 1396
f 1360 1396 1361
f 1361 1396 1397
f 1361 1397 1362
f 1362 1397 1398
f 1362 1398 1363
f 1363 1398 1399
f 1363 1399 1364
f 1364 1399 1400
f 1364 1400 1365
f 1365 1400 1401
f 1365 1401 1366
f 1366 1401 1402
f 1366 1402 1367
f 1367 1402 1403
f 1367 1403 1368
f 1368 1403 1404
f 1368 1404 1369
f 1369 1404 1405
f 1370 1 1406
f 1370 1406 1371
f 1371 1406 1407
f 1371 1407 1372
f 1372 1407 1408
f 1372 1408 1373
f 1373 1408 1409
f 1373 1409 1374
f 1374 1409 1410
f 1374 1410 1375
f 1375 1410 1411
f 1375 1411 1376
f 1376 1411 1412
f 1376 1412 1377
f 1377 1412 1413
f 1377 1413 1378
f 1378 1413 1414
f 1378 1414 1379
f 1379 1414 1415
f 1379 1415 1380
f 1380 1415 1416
f 1380 1416 1381
f 1381 1416 1417
f 1381 1417 1382
f 1382 1417 1418
f 1382 1418 1383
f 1383 1418 1419
f 1383 1419 1384
f 1384 1419 1420
f 1384 1420 1385
f 1385 1420 1421
f 1385 1421 1386
f 1386 1421 1422
f 1386 1422 1387
f 1387 1422 1423
f 1387 1423 1388
f 1388 1423 1424
f 1388 1424 1389
f 1389 1424 1425
f 1389 1425 1390
f 1390 1425 1426
f 1390 1426 1391
f 1391 1426 1427
f 1391 1427 1392
f 1392 1427 1428
f 1392 1428 1393
f 1393 1428 1429
f 1393 1429 1394
f 1394 1429 1430
f 1394 1430 1395
f 1395 1430 1431
f 1395 1431 1396
f 1396 1431 1432
f 1396 1432 1397
f 1397 1432 1433
f 1397 1433 1398
f 1398 1433 1434
f 1398 1434 1399
f 1399 1434 1435
f 1399 1435 1400
f 1400 1435 1436
f 1400 1436 1401
f 1401 1436 1437
f 1401 1437 1402
f 1402 1437 1438
f 1402 1438 1403
f 1403 1438 1439
f 1403 1439 1404
f 1404 1439 1440
f 1404 1440 1405
f 1405 1440 1441
f 1406 1 1442
f 1406 1442 1407
f 1407 1442 1443
f 1407 1443 1408
f 1408 1443 1444
f 1408 1444 1409
f 1409 1444 1445
f 1409 1445 1410
f 1410 1445 1446
f 1410 1446 1411
f 1411 1446 1447
f 1411 1447 1412
f 1412 1447 1448
f 1412 1448 1413
f 1413 1448 1449
f 1413 1449 1414
f 1414 1449 1450
f 1414 1450 1415
f 1415 1450 1451
f 1415 1451 1416
f 1416 1451 1452
f 1416 1452 1417
f 1417 1452 1453
f 1417 1453 1418
f 1418 1453 1454
f 1418 1454 1419
f 1419 1454 1455
f 1419 1455 1420
f 1420 1455 1456
f 1420 1456 1421
f 1421 1456 1457
f 1421 1457 1422
f 1422 1457 1458
f 1422 1458 1423
f 1423 1458 1459
f 1423 1459 1424
f 1424 1459 1460
f 1424 1460 1425
f 1425 1460 1461
f 1425 1461 1426
f 1426 1461 1462
f 1426 1462 1427
f 1427 1462 1463
f 1427 1463 1428
f 1428 1463 1464
f 1428 1464 1429
f 1429 1464 1465
f 1429 1465 1430
f 1430 1465 1466
f 1430 1466 1431
f 1431 1466 1467
f 1431 1467 1432
f 1432 1467 1468
f 1432 1468 1433
f 1433 1468 1469
f 1433 1469 1434
f 1434 1469 1470
f 1434 1470 1435
f 1435 1470 1471
f 1435 1471 1436
f 1436 1471 1472
f 1436 1472 1437
f 1437 1472 1473
f 1437 1473 1438
f 1438 1473 1474
f 1438 1474 1439
f 1439 1474 1475
f 1439 1475 1440
f 1440 1475 1476
f 1440 1476 1441
f 1441 1476 1477
f 1442 1 1478
f 1442 1478 1443
f 1443 1478 1479
f 1443 1479 1444
f 1444 1479 1480
f 1444 1480 1445
f 1445 1480 1481
f 1445 1481 1446
f 1446 1481 1482
f 1446 1482 1447
f 1447 1482 1483
f 1447 1483 1448
f 1448 1483 1484
f 1448 1484 1449
f 1449 1484 1485
f 1449 1485 1450
f 1450 1485 1486
f 1450 1486 1451
f 1451 1486 1487
f 1451 1487 1452
f 1452 1487 1488
f 1452 1488 1453
f 1453 1488 1489
f 1453 1489 1454
f 1454 1489 1490
f 1454 1490 1455
f 1455 1490 1491
f 1455 1491 1456
f 1456 1491 1492
f 1456 1492 1457
f 1457 1492 1493
f 1457 1493 1458
f 1458 1493 1494
f 1458 1494 1459
f 1459 1494 1495
f 1459 1495 1460
f 1460 1495 1496
f 1460 1496 1461
f 1461 1496 1497
f 1461 1497 1462
f 1462 1497 1498
f 1462 1498 1463
f 1463 1498 1499
f 1463 1499 1464
f 1464 1499 1500
f 1464 1500 1465
f 1465 1500 1501
f 1465 1501 1466
f 1466 1501 1502
f 1466 1502 1467
f 1467 1502 1503
f 1467 1503 1468
f 1468 1503 1504
f 1468 1504 1469
f 1469 1504 1505
f 1469 1505 1470
f 1470 1505 1506
f 1470 1506 1471
f 1471 1506 1507
f 1471 1507 1472
f 1472 1507 1508
f 1472 1508 1473
f 1473 1508 1509
f 1473 1509 1474
f 1474 1509 1510
f 1474 1510 1475
f 1475 1510 1511
f 1475 1511 1476
f 1476 1511 1512
f 1476 1512 1477
f 1477 1512 1513
f 1478 1 1514
f 1478 1514 1479
f 1479 1514 1515
f 1479 1515 1480
f 1480 1515 1516
f 1480 1516 1481
f 1481 1516 1517
f 1481 1517 1482
f 1482 1517 1518
f 1482 1518 1483
f 1483 1518 1519
f 1483 1519 1484
f 1484 1519 1520
f 1484 1520 1485
f 1485 1520 1521
f 1485 1521 1486
f 1486 1521 1522
f 1486 1522 1487
f 1487 1522 1523
f 1487 1523 1488
f 1488 1523 1524
f 1488 1524 1489
f 1489 1524 1525
f 1489 1525 1490
f 1490 1525 1526
f 1490 1526 1491
f 1491 1526 1527
f 1491 1527 1492
f 1492 1527 1528
f 1492 1528 1493
f 1493 1528 1529
f 1493 1529 1494
f 1494 1529 1530
f 1494 1530 1495
f 1495 1530 1531
f 1495 1531 1496
f 1496 1531 1532
f 1496 1532 1497
f 1497 1532 1533
f 1497 1533 1498
f 1498 1533 1534
f 1498 1534 1499
f 1499 1534 1535
f 1499 1535 1500
f 1500 1535 1536
f 1500 1536 1501
f 1501 1536 1537
f 1501 1537 1502
f 1502 1537 1538
f 1502 1538 1503
f 1503 1538 1539
f 1503 1539 1504
f 1504 1539 1540
f 1504 1540 1505
f 1505 1540 1541
f 1505 1541 1506
f 1506 1541 1542
f 1506 1542 1507
f 1507 1542 1543
f 1507 1543 1508
f 1508 1543 1544
f 1508 1544 1509
f 1509 1544 1545
f 1509 1545 1510
f 1510 1545 1546
f 1510 1546 1511
f 1511 1546 1547
f 1511 1547 1512
f 1512 1547 1548
f 1512 1548 1513
f 1513 1548 1549
f 1514 1 1550
f 1514 1550 1515
f 1515 1550 1551
f 1515 1551 1516
f 1516 1551 1552
f 1516 1552 1517
f 1517 1552 1553
f 1517 1553 1518
f 1518 1553 1554
f 1518 1554 1519
f 1519 1554 1555
f 1519 1555 1520
f 1520 1555 1556
f 1520 1556 1521
f 1521 1556 1557
f 1521 1557 1522
f 1522 1557 1558
f 1522 1558 1523
f 1523 1558 1559
f 1523 1559 1524
f 1524 1559 1560
f 1524 1560 1525
f 1525 1560 1561
f 1525 1561 1526
f 1526 1561 1562
f 1526 1562 1527
f 1527 1562 1563
f 1527 1563 1528
f 1528 1563 1564
f 1528 1564 1529
f 1529 1564 1565
f 1529 1565 1530
f 1530 1565 1566
f 1530 1566 1531
f 1531 1566 1567
f 1531 1567 1532
f 1532 1567 1568
f 1532 1568 1533
f 1533 1568 1569
f 1533 1569 1534
f 1534 1569 1570
f 1534 1570 1535
f 1535 1570 1571
f 1535 1571 1536
f 1536 1571 1572
f 1536 1572 1537
f 1537 1572 1573
f 1537 1573 1538
f 1538 1573 1574
f 1538 1574 1539
f 1539 1574 1575
f 1539 1575 1540
f 1540 1575 1576
f 1540 1576 1541
f 1541 1576 1577
f 1541 1577 1542
f 1542 1577 1578
f 1542 1578 1543
f 1543 1578 1579
f 1543 1579 1544
f 1544 1579 1580
f 1544 1580 1545
f 1545 1580 1581
f 1545 1581 1546
f 1546 1581 1582
f 1546 1582 1547
f 1547 1582 1583
f 1547 1583 1548
f 1548 1583 1584
f 1548 1584 1549
f 1549 1584 1585
f 1550 1 1586
f 1550 1586 1551
f 1551 1586 1587
f 1551 1587 1552
f 1552 1587 1588
f 1552 1588 1553
f 1553 1588 1589
f 1553 1589 1554
f 1554 1589 1590
f 1554 1590 1555
f 1555 1590 1591
f 1555 1591 1556
f 1556 1591 1592
f 1556 1592 1557
f 1557 1592 1593
f 1557 1593 1558
f 1558 1593 1594
f 1558 1594 1559
f 1559 1594 1595
f 1559 1595 1560
f 1560 1595 1596
f 1560 1596 1561
f 1561 1596 1597
f 1561 1597 1562
f 1562 1597 1598
f 1562 1598 1563
f 1563 1598 1599
f 1563 1599 1564
f 1564 1599 1600
f 1564 1600 1565
f 1565 1600 1601
f 1565 1601 1566
f 1566 1601 1602
f 1566 1602 1567
f 1567 1602 1603
f 1567 1603 1568
f 1568 1603 1604
f 1568 1604 1569
f 1569 1604 1605
f 1569 1605 1570
f 1570 1605 1606
f 1570 1606 1571
f 1571 1606 1607
f 1571 1607 1572
f 1572 1607 1608
f 1572 1608 1573
f 1573 1608 1609
f 1573 1609 1574
f 1574 1609 1610
f 1574 1610 1575
f 1575 1610 1611
f 1575 1611 1576
f 1576 1611 1612
f 1576 1612 1577
f 1577 1612 1613
f 1577 1613 1578
f 1578 1613 1614
f 1578 1614 1579
f 1579 1614 1615
f 1579 1615 1580
f 1580 1615 1616
f 1580 1616 1581
f 1581 1616 1617
f 1581 1617 1582
f 1582 1617 1618
f 1582 1618 1583
f 1583 1618 1619
f 1583 1619 1584
f 1584 1619 1620
f 1584 1620 1585
f 1585 1620 1621
f 1586 1 1622
f 1586 1622 1587
f 1587 1622 1623
f 1587 1623 1588
f 1588 1623 1624
f 1588 1624 1589
f 1589 1624 1625
f 1589 1625 1590
f 1590 1625 1626
f 1590 1626 1591
f 1591 1626 1627
f 1591 1627 1592
f 1592 1627 1628
f 1592 1628 1593
f 1593 1628 1629
f 1593 1629 1594
f 1594 1629 1630
f 1594 1630 1595
f 1595 1630 1631
f 1595 1631 1596
f 1596 1631 1632
f 1596 1632 1597
f 1597 1632 1633
f 1597 1633 1598
f 1598 1633 1634
f 1598 1634 1599
f 1599 1634 1635
f 1599 1635 1600
f 1600 1635 1636
f 1600 1636 1601
f 1601 1636 1637
f 1601 1637 1602
f 1602 1637 1638
f 1602 1638 1603
f 1603 1638 1639
f 1603 1639 1604
f 1604 1639 1640
f 1604 1640 1605
f 1605 1640 1641
f 1605 1641 1606
f 1606 1641 1642
f 1606 1642 1607
f 1607 1642 1643
f 1607 1643 1608
f 1608 1643 1644
f 1608 1644 1609
f 1609 1644 1645
f 1609 1645 1610
f 1610 1645 1646
f 1610 1646 1611
f 1611 1646 1647
f 1611 1647 1612
f 1612 1647 1648
f 1612 1648 1613
f 1613 1648 1649
f 1613 1649 1614
f 1614 1649 1650
f 1614 1650 1615
f 1615 1650 1651
f 1615 1651 1616
f 1616 1651 1652
f 1616 1652 1617
f 1617 1652 1653
f 1617 1653 1618
f 1618 1653 1654
f 1618 1654 1619
f 1619 1654 1655
f 1619 1655 1620
f 1620 1655 1656
f 1620 1656 1621
f 1621 1656 1657
f 1622 1 1658
f 1622 1658 1623
f 1623 1658 1659
f 1623 1659 1624
f 1624 1659 1660
f 1624 1660 1625
f 1625 1660 1661
f 1625 1661 1626
f 1626 1661 1662
f 1626 1662 1627
f 1627 1662 1663
f 1627 1663 1628
f 1628 1663 1664
f 1628 1664 1629
f 1629 1664 1665
f 1629 1665 1630
f 1630 1665 1666
f 1630 1666 1631
f 1631 1666 1667
f 1631 1667 1632
f 1632 1667 1668
f 1632 1668 1633
f 1633 1668 1669
f 1633 1669 1634
f 1634 1669 1670
f 1634 1670 1635
f 1635 1670 1671
f 1635 1671 1636
f 1636 1671 1672
f 1636 1672 1637
f 1637 1672 1673
f 1637 1673 1638
f 1638 1673 1674
f 1638 1674 1639
f 1639 1674 1675
f 1639 1675 1640
f 1640 1675 1676
f 1640 1676 1641
f 1641 1676 1677
f 1641 1677 1642
f 1642 1677 1678
f 1642 1678 1643
f 1643 1678 1679
f 1643 1679 1644
f 1644 1679 1680
f 1644 1680 1645
f 1645 1680 1681
f 1645 1681 1646
f 1646 1681 1682
f 1646 1682 1647
f 1647 1682 1683
f 1647 1683 1648
f 1648 1683 1684
f 1648 1684 1649
f 1649 1684 1685
f 1649 1685 1650
f 1650 1685 1686
f 1650 1686 1651
f 1651 1686 1687
f 1651 1687 1652
f 1652 1687 1688
f 1652 1688 1653
f 1653 1688 1689
f 1653 1689 1654
f 1654 1689 1690
f 1654 1690 1655
f 1655 1690 1691
f 1655 1691 1656
f 1656 1691 1692
f 1656 1692 1657
f 1657 1692 1693
f 1658 1 1694
f 1658 1694 1659
f 1659 1694 1695
f 1659 1695 1660
f 1660 1695 1696
f 1660 1696 1661
f 1661 1696 1697
f 1661 1697 1662
f 1662 1697 1698
f 1662 1698 1663
f 1663 1698 1699
f 1663 1699 1664
f 1664 1699 1700
f 1664 1700 1665
f 1665 1700 1701
f 1665 1701 1666
f 1666 1701 1702
f 1666 1702 1667
f 1667 1702 1703
f 1667 1703 1668
f 1668 1703 1704
f 1668 1704 1669
f 1669 1704 1705
f 1669 1705 1670
f 1670 1705 1706
f 1670 1706 1671
f 1671 1706 1707
f 1671 1707 1672
f 1672 1707 1708
f 1672 1708 1673
f 1673 1708 1709
f 1673 1709 1674
f 1674 1709 1710
f 1674 1710 1675
f 1675 1710 1711
f 1675 1711 1676
f 1676 1711 1712
f 1676 1712 1677
f 1677 1712 1713
f 1677 1713 1678
f 1678 1713 1714
f 1678 1714 1679
f 1679 1714 1715
f 1679 1715 1680
f 1680 1715 1716
f 1680 1716 1681
f 1681 1716 1717
f 1681 1717 1682
f 1682 1717 1718
f 1682 1718 1683
f 1683 1718 1719
f 1683 1719 1684
f 1684 1719 1720
f 1684 1720 1685
f 1685 1720 1721
f 1685 1721 1686
f 1686 1721 1722
f 1686 1722 1687
f 1687 1722 1723
f 1687 1723 1688
f 1688 1723 1724
f 1688 1724 1689
f 1689 1724 1725
f 1689 1725 1690
f 1690 1725 1726
f 1690 1726 1691
f 1691 1726 1727
f 1691 1727 1692
f 1692 1727 1728
f 1692 1728 1693
f 1693 1728 1729
f 1694 1 2
f 1694 2 1695
f 1695 2 3
f 1695 3 1696
f 1696 3 4
f 1696 4 1697
f 1697 4 5
f 1697 5 1698
f 1698 5 6
f 1698 6 1699
f 1699 6 7
f 1699 7 1700
f 1700 7 8
f 1700 8 1701
f 1701 8 9
f 1701 9 1702
f 1702 9 10
f 1702 10 1703
f 1703 10 11
f 1703 11 1704
f 1704 11 12
f 1704 12 1705
f 1705 12 13
f 1705 13 1706
f 1706 13 14
f 1706 14 1707
f 1707 14 15
f 1707 15 1708
f 1708 15 16
f 1708 16 1709
f 1709 16 17
f 1709 17 1710
f 1710 17 18
f 1710 18 1711
f 1711 18 19
f 1711 19 1712
f 1712 19 20
f 1712 20 1713
f 1713 20 21
f 1713 21 1714
f 1714 21 22
f 1714 22 1715
f 1715 22 23
f 1715 23 1716
f 1716 23 24
f 1716 24 1717
f 1717 24 25
f 1717 25 1718
f 1718 25 26
f 1718 26 1719
f 1719 26 27
f 1719 27 1720
f 1720 27 28
f 1720 28 1721
f 1721 28 29
f 1721 29 1722
f 1722 29 30
f 1722 30 1723
f 1723 30 31
f 1723 31 1724
f 1724 31 32
f 1724 32 1725
f 1725 32 33
f 1725 33 1726
f 1726 33 34
f 1726 34 1727
f 1727 34 35
f 1727 35 1728
f 1728 35 36
f 1728 36 1729
f 1729 36 37

